canonical_item_id,deck,citizen_level,hebrew,italian,quality_flags,streetwise_match_count,consolidation_score,consolidation_tier,evidence_sources,review_reasons,source_map_ref
cclex_a029103eaf428c2b,Red,1,אני,io,,0,100,solid_base_candidate,citizen_cafe_review_zip|citizen_cafe_source_lineage,clean_structural_candidate,src_61c9078ec3989d3a
cclex_6992c108af529363,Red,1,אתה,tu (masch. sing.),,0,100,solid_base_candidate,citizen_cafe_review_zip|citizen_cafe_source_lineage,clean_structural_candidate,src_62678d387e09011a
cclex_37b5076074f3039f,Red,1,את,tu (femm. sing.),,0,100,solid_base_candidate,citizen_cafe_review_zip|citizen_cafe_source_lineage,clean_structural_candidate,src_692e806230d895d3
cclex_f220948d740830f9,Red,1,הוא,lui,,0,100,solid_base_candidate,citizen_cafe_review_zip|citizen_cafe_source_lineage,clean_structural_candidate,src_2968f5538e5892b9
cclex_7865c23c14c65a4d,Red,1,היא,lei,,0,100,solid_base_candidate,citizen_cafe_review_zip|citizen_cafe_source_lineage,clean_structural_candidate,src_f6ce756bb6c218b3
cclex_7135366098684bf4,Red,1,אנחנו,noi,,0,100,solid_base_candidate,citizen_cafe_review_zip|citizen_cafe_source_lineage,clean_structural_candidate,src_d82d52c6f53d1fdd
cclex_c5a2d0e7b2f0682b,Red,1,אתם,voi (masch. plur.),,0,100,solid_base_candidate,citizen_cafe_review_zip|citizen_cafe_source_lineage,clean_structural_candidate,src_d3339d5c88144fef
cclex_9fe665c1dd5c96ab,Red,1,אתן,voi (femm. plur.),,0,100,solid_base_candidate,citizen_cafe_review_zip|citizen_cafe_source_lineage,clean_structural_candidate,src_4768c73850d15ca9
cclex_724a1b93c2586dfd,Red,1,הם,loro (masch. plur.),,0,100,solid_base_candidate,citizen_cafe_review_zip|citizen_cafe_source_lineage,clean_structural_candidate,src_d7553fe3bafb0741
cclex_e27f8d5ebc9c67d3,Red,1,הן,loro (femm. plur.),,0,100,solid_base_candidate,citizen_cafe_review_zip|citizen_cafe_source_lineage,clean_structural_candidate,src_6650f67562983d9f
cclex_bf6fcb8ea7acd704,Red,1,מה,che cosa / cosa,,1,100,solid_base_candidate,citizen_cafe_review_zip|citizen_cafe_source_lineage|streetwise_context_match,clean_structural_candidate,src_41392ca0f32419f4
cclex_830acea0f4812c4f,Red,1,מי,chi,,0,100,solid_base_candidate,citizen_cafe_review_zip|citizen_cafe_source_lineage,clean_structural_candidate,src_110425cc7cd739fe
cclex_565cf98698eb09f1,Red,1,למה,perché,,0,100,solid_base_candidate,citizen_cafe_review_zip|citizen_cafe_source_lineage,clean_structural_candidate,src_1f5f4469c04bbba0
cclex_607cb32ff73c08c1,Red,1,למה לא,perché no,,2,100,solid_base_candidate,citizen_cafe_review_zip|citizen_cafe_source_lineage|streetwise_context_match,clean_structural_candidate,src_64f7538b4033d4d7
cclex_eab6f65446484bc8,Red,1,כמה,quanto / quanti,,0,100,solid_base_candidate,citizen_cafe_review_zip|citizen_cafe_source_lineage,clean_structural_candidate,src_282f76fec9a7312a
cclex_c9237d5db8fe1a73,Red,1,מתי,quando,,0,100,solid_base_candidate,citizen_cafe_review_zip|citizen_cafe_source_lineage,clean_structural_candidate,src_90d1818fe5017e6e
cclex_49b9dbe634a42af6,Red,1,איפה,dove?,,1,100,solid_base_candidate,citizen_cafe_review_zip|citizen_cafe_source_lineage|streetwise_context_match,clean_structural_candidate,src_d5473d9289ee9e24
cclex_55dda65492ebe029,Red,1,מאיפה,da dove,,0,100,solid_base_candidate,citizen_cafe_review_zip|citizen_cafe_source_lineage,clean_structural_candidate,src_c0d8bbf905304f0a
cclex_7b6292a3d8d71f91,Red,1,לאן,verso dove,,0,100,solid_base_candidate,citizen_cafe_review_zip|citizen_cafe_source_lineage,clean_structural_candidate,src_0018851f841f84f3
cclex_86bba6cc40c70d6f,Red,1,איזה,quale? / che?,,0,100,solid_base_candidate,citizen_cafe_review_zip|citizen_cafe_source_lineage,clean_structural_candidate,src_536027c56d807642
cclex_5343980c3aa708b8,Red,1,כל יום,ogni giorno,,1,100,solid_base_candidate,citizen_cafe_review_zip|citizen_cafe_source_lineage|streetwise_context_match,clean_structural_candidate,src_ec10871410b1a199
cclex_5efc204394a4b388,Red,1,יום ראשון,domenica,,0,100,solid_base_candidate,citizen_cafe_review_zip|citizen_cafe_source_lineage,clean_structural_candidate,src_1ff79df045147391
cclex_98933d89fe3e3736,Red,1,יום שני,lunedì,,1,100,solid_base_candidate,citizen_cafe_review_zip|citizen_cafe_source_lineage|streetwise_context_match,clean_structural_candidate,src_11c65dc969c7d50c
cclex_ae6d39b7ba9de4c6,Red,1,יום שלישי,martedì,,1,100,solid_base_candidate,citizen_cafe_review_zip|citizen_cafe_source_lineage|streetwise_context_match,clean_structural_candidate,src_e0861078ae6fd244
cclex_a5cc9baff7b9e0a7,Red,1,יום רביעי,mercoledì,,0,100,solid_base_candidate,citizen_cafe_review_zip|citizen_cafe_source_lineage,clean_structural_candidate,src_f72a456a9a9e431c
cclex_a3bab816e8cb615e,Red,1,יום חמישי,giovedì,,0,100,solid_base_candidate,citizen_cafe_review_zip|citizen_cafe_source_lineage,clean_structural_candidate,src_2f4dd5d2ec24a33b
cclex_61e9f8bfae113de4,Red,1,יום שישי,venerdì,,1,100,solid_base_candidate,citizen_cafe_review_zip|citizen_cafe_source_lineage|streetwise_context_match,clean_structural_candidate,src_212121d333d24a91
cclex_79460033f64cd28f,Red,1,יום שבת,sabato,,0,100,solid_base_candidate,citizen_cafe_review_zip|citizen_cafe_source_lineage,clean_structural_candidate,src_f9923145bc61c305
cclex_6c5b4453d4e6494e,Red,1,איזה יום היום,che giorno è oggi?,,0,100,solid_base_candidate,citizen_cafe_review_zip|citizen_cafe_source_lineage,clean_structural_candidate,src_378820e583a38a42
cclex_e0ca7fcad4157b50,Red,1,שנה,anno,,1,100,solid_base_candidate,citizen_cafe_review_zip|citizen_cafe_source_lineage|streetwise_context_match,clean_structural_candidate,src_2d3f89dbc490e84b
cclex_4496f8fa934a370d,Red,1,שנים,anni,,1,100,solid_base_candidate,citizen_cafe_review_zip|citizen_cafe_source_lineage|streetwise_context_match,clean_structural_candidate,src_c409deea9612a1a3
cclex_e2d5b4632180fc52,Red,1,"סוף שבוע סופ""ש",fine settimana / weekend,,0,100,solid_base_candidate,citizen_cafe_review_zip|citizen_cafe_source_lineage,clean_structural_candidate,src_9e4ff60f14b9b719
cclex_e21f7922dc89c809,Red,1,מישהו,qualcuno,,0,100,solid_base_candidate,citizen_cafe_review_zip|citizen_cafe_source_lineage,clean_structural_candidate,src_4c9a432d48c534b6
cclex_2cb55ec0ced11033,Red,1,משהו,qualcosa,,0,100,solid_base_candidate,citizen_cafe_review_zip|citizen_cafe_source_lineage,clean_structural_candidate,src_fae73321ddf35061
cclex_13d2a3b26c7f0823,Red,1,לשתות,bere,,1,100,solid_base_candidate,citizen_cafe_review_zip|citizen_cafe_source_lineage|streetwise_context_match,clean_structural_candidate,src_775881b90f5c2245
cclex_9547d879e222bcf3,Red,1,אתה רוצה לשתות משהו,vuoi bere qualcosa?,,0,100,solid_base_candidate,citizen_cafe_review_zip|citizen_cafe_source_lineage,clean_structural_candidate,src_588c9b36077bc60d
cclex_ccba82005f74d08c,Red,1,עוד משהו,qualcos'altro?,,1,100,solid_base_candidate,citizen_cafe_review_zip|citizen_cafe_source_lineage|streetwise_context_match,clean_structural_candidate,src_7891b07e0544897e
cclex_2f390d183ee7e356,Red,1,מים קרים,acqua fredda,,0,100,solid_base_candidate,citizen_cafe_review_zip|citizen_cafe_source_lineage,clean_structural_candidate,src_a3c26f80c317fe65
cclex_d9c17b8cf334a839,Red,1,מים חמים,acqua calda,,0,100,solid_base_candidate,citizen_cafe_review_zip|citizen_cafe_source_lineage,clean_structural_candidate,src_be0fb6fa7b773c7b
cclex_329153cd455d64ab,Red,1,רק כוס מים בבקשה,"solo un bicchiere d'acqua, per favore",,0,100,solid_base_candidate,citizen_cafe_review_zip|citizen_cafe_source_lineage,clean_structural_candidate,src_b1dd5a86bb10962a
cclex_34e4398f799de88b,Red,1,כלום,niente,,1,100,solid_base_candidate,citizen_cafe_review_zip|citizen_cafe_source_lineage|streetwise_context_match,clean_structural_candidate,src_80c071b4234fb769
cclex_587a379c62e38cbe,Red,1,כוללם,tutti,,0,100,solid_base_candidate,citizen_cafe_review_zip|citizen_cafe_source_lineage,clean_structural_candidate,src_ce7cfa5459f8f9f1
cclex_7afff671901b0c1c,Red,1,אף אחד לא,nessuno,,3,100,solid_base_candidate,citizen_cafe_review_zip|citizen_cafe_source_lineage|streetwise_context_match,clean_structural_candidate,src_d85d3bc02c896125
cclex_e92143a355f20b32,Red,1,חצי שעה,mezz'ora,,0,100,solid_base_candidate,citizen_cafe_review_zip|citizen_cafe_source_lineage,clean_structural_candidate,src_c405eb38e24fedf7
cclex_46d75e2abe52cb94,Red,1,שעה וחצי,un'ora e mezza,,0,100,solid_base_candidate,citizen_cafe_review_zip|citizen_cafe_source_lineage,clean_structural_candidate,src_3eea2520c222c497
cclex_ddb629de0adb2710,Red,1,מה השעה,che ore sono?,,0,100,solid_base_candidate,citizen_cafe_review_zip|citizen_cafe_source_lineage,clean_structural_candidate,src_d8af358b5b578742
cclex_6b83275126ad38a4,Red,1,אחת וחצי,l'una e mezza,,1,100,solid_base_candidate,citizen_cafe_review_zip|citizen_cafe_source_lineage|streetwise_context_match,clean_structural_candidate,src_6ce3b69062574f4a
cclex_c3799106fb3cd903,Red,1,שש וחצי,le sei e mezza,,1,100,solid_base_candidate,citizen_cafe_review_zip|citizen_cafe_source_lineage|streetwise_context_match,clean_structural_candidate,src_5488a0135c8e666d
cclex_1c4805ba18ab73a7,Red,1,פה,qui,,0,100,solid_base_candidate,citizen_cafe_review_zip|citizen_cafe_source_lineage,clean_structural_candidate,src_a31a5b629179b454
cclex_6977f4589ee61f0b,Red,1,שם,là / lì,,0,100,solid_base_candidate,citizen_cafe_review_zip|citizen_cafe_source_lineage,clean_structural_candidate,src_725b2539ea1477ed
cclex_ac5f91118c9a95f2,Red,1,איפה השירותים,dove sono i bagni?,,0,100,solid_base_candidate,citizen_cafe_review_zip|citizen_cafe_source_lineage,clean_structural_candidate,src_600928bb34e9aa77
cclex_6b2dc9560ade213f,Red,1,או,o / oppure,,0,100,solid_base_candidate,citizen_cafe_review_zip|citizen_cafe_source_lineage,clean_structural_candidate,src_0b9979951be6d4ae
cclex_8ed5f7262dd480c4,Red,1,אני בדרך,sto arrivando / sono per strada,,0,100,solid_base_candidate,citizen_cafe_review_zip|citizen_cafe_source_lineage,clean_structural_candidate,src_cf6e7c719b0daa6e
cclex_89277f9afe7c0728,Red,1,אני בקניון,sono al centro commerciale,,0,100,solid_base_candidate,citizen_cafe_review_zip|citizen_cafe_source_lineage,clean_structural_candidate,src_bfcbcf00353d1747
cclex_b8c9bcfe237fbb66,Red,1,אני בחנות,sono in negozio,,0,100,solid_base_candidate,citizen_cafe_review_zip|citizen_cafe_source_lineage,clean_structural_candidate,src_c50cfdf00cfd953d
cclex_cce2a30b2db5a564,Red,1,ים,mare / spiaggia,,0,100,solid_base_candidate,citizen_cafe_review_zip|citizen_cafe_source_lineage,clean_structural_candidate,src_5ab65dd3ca6212bc
cclex_f767398743501048,Red,1,יש לי טלפון חדש,ho un telefono nuovo,,0,100,solid_base_candidate,citizen_cafe_review_zip|citizen_cafe_source_lineage,clean_structural_candidate,src_04b77e08dcad294a
cclex_bec855f13f6c1a8b,Red,1,קטן,piccolo,,1,100,solid_base_candidate,citizen_cafe_review_zip|citizen_cafe_source_lineage|streetwise_context_match,clean_structural_candidate,src_7ac7eec54cd2ae1d
cclex_a014e016e00f4a03,Red,1,גדול,grande,,2,100,solid_base_candidate,citizen_cafe_review_zip|citizen_cafe_source_lineage|streetwise_context_match,clean_structural_candidate,src_f9d97402590fe770
cclex_af77622757d03e0a,Red,1,כסף קטן,spiccioli,,0,100,solid_base_candidate,citizen_cafe_review_zip|citizen_cafe_source_lineage,clean_structural_candidate,src_2c3c5772e3d75966
cclex_010b89562e631050,Red,1,כסף,soldi / denaro,,1,100,solid_base_candidate,citizen_cafe_review_zip|citizen_cafe_source_lineage|streetwise_context_match,clean_structural_candidate,src_a971e90288ad8002
cclex_9f03a429b6fa1a30,Red,1,טלפון,telefono,,0,100,solid_base_candidate,citizen_cafe_review_zip|citizen_cafe_source_lineage,clean_structural_candidate,src_7dda5e4861fd5d45
cclex_792f3a76d72202b0,Red,1,זמן,tempo,,0,100,solid_base_candidate,citizen_cafe_review_zip|citizen_cafe_source_lineage,clean_structural_candidate,src_e800321db32d9880
cclex_49efc7e4b4549c3f,Red,1,מספיק,abbastanza / sufficiente,,1,100,solid_base_candidate,citizen_cafe_review_zip|citizen_cafe_source_lineage|streetwise_context_match,clean_structural_candidate,src_9a7f99338c166230
cclex_b60fe3f9ae66dceb,Red,1,סליחה,scusa / mi scusi,,3,100,solid_base_candidate,citizen_cafe_review_zip|citizen_cafe_source_lineage|streetwise_context_match,clean_structural_candidate,src_26b9b33200cc018d
cclex_de20015d1c553d8e,Red,1,רעיון טוב,buona idea,,0,100,solid_base_candidate,citizen_cafe_review_zip|citizen_cafe_source_lineage,clean_structural_candidate,src_be55163f130456e7
cclex_c8b07d35ee2b2de9,Red,1,בעיה,problema,,0,100,solid_base_candidate,citizen_cafe_review_zip|citizen_cafe_source_lineage,clean_structural_candidate,src_0383edc98de9e4fb
cclex_4a20311e7cd19b32,Red,1,אין בעיה,nessun problema / non c'è problema,,3,100,solid_base_candidate,citizen_cafe_review_zip|citizen_cafe_source_lineage|streetwise_context_match,clean_structural_candidate,src_04dd4d6cd2106205
cclex_9471024c8896913d,Red,1,שאלה,domanda / questione,,0,100,solid_base_candidate,citizen_cafe_review_zip|citizen_cafe_source_lineage,clean_structural_candidate,src_b9cfe967c172c64a
cclex_d736b6947344f1e0,Red,1,שאלה טובה,buona domanda,,0,100,solid_base_candidate,citizen_cafe_review_zip|citizen_cafe_source_lineage,clean_structural_candidate,src_9103f55af9609232
cclex_8e07cc5f331f8c5c,Red,1,קפה,caffè,,0,100,solid_base_candidate,citizen_cafe_review_zip|citizen_cafe_source_lineage,clean_structural_candidate,src_f32a50e3e1d5ca6b
cclex_c80404d2bf6d8b64,Red,1,סוכר,zucchero,,0,100,solid_base_candidate,citizen_cafe_review_zip|citizen_cafe_source_lineage,clean_structural_candidate,src_dfb85e5f8f2e323b
cclex_6272402b93e57ac1,Red,1,חלב,latte,,0,100,solid_base_candidate,citizen_cafe_review_zip|citizen_cafe_source_lineage,clean_structural_candidate,src_c99c2554161171a5
cclex_7226e227ec565af9,Red,1,גלידה,gelato,,0,100,solid_base_candidate,citizen_cafe_review_zip|citizen_cafe_source_lineage,clean_structural_candidate,src_f3dc19d48bcf30a3
cclex_d90820a474c8b32c,Red,1,תותים,fragole,,0,100,solid_base_candidate,citizen_cafe_review_zip|citizen_cafe_source_lineage,clean_structural_candidate,src_2be43e6ee2314260
cclex_83b64c2e4915e78d,Red,1,עוגה,torta,,1,100,solid_base_candidate,citizen_cafe_review_zip|citizen_cafe_source_lineage|streetwise_context_match,clean_structural_candidate,src_0a7967de9a525db0
cclex_5c8f77a174b3a115,Red,1,יין אדום,vino rosso,,1,100,solid_base_candidate,citizen_cafe_review_zip|citizen_cafe_source_lineage|streetwise_context_match,clean_structural_candidate,src_22276fb75256fe52
cclex_3a8ea89afd4fcb63,Red,1,יין לבן,vino bianco,,1,100,solid_base_candidate,citizen_cafe_review_zip|citizen_cafe_source_lineage|streetwise_context_match,clean_structural_candidate,src_18b10b02c6ac72c7
cclex_441b488c43f068f2,Red,1,סוף סוף,finalmente,,1,100,solid_base_candidate,citizen_cafe_review_zip|citizen_cafe_source_lineage|streetwise_context_match,clean_structural_candidate,src_cd0c91251e5a0a77
cclex_b20ddbd486c1543d,Red,1,עם,con,,0,100,solid_base_candidate,citizen_cafe_review_zip|citizen_cafe_source_lineage,clean_structural_candidate,src_deaae8ac383fe9c1
cclex_9c4e008129c86dfa,Red,1,איתי,con me,,0,100,solid_base_candidate,citizen_cafe_review_zip|citizen_cafe_source_lineage,clean_structural_candidate,src_90174948ded50051
cclex_cee47e0cb32280c3,Red,1,איתך,con te (m. sing.),,0,100,solid_base_candidate,citizen_cafe_review_zip|citizen_cafe_source_lineage,clean_structural_candidate,src_84a67dade0a390a5
cclex_85bd5dadb2c06b74,Red,1,איתו,con lui,,0,100,solid_base_candidate,citizen_cafe_review_zip|citizen_cafe_source_lineage,clean_structural_candidate,src_59de67c1f53022b9
cclex_ba3b0f91b3e30882,Red,1,איתה,con lei,,0,100,solid_base_candidate,citizen_cafe_review_zip|citizen_cafe_source_lineage,clean_structural_candidate,src_c6c115b56f22f410
cclex_b836826385618cd9,Red,1,איתנו,con noi,,0,100,solid_base_candidate,citizen_cafe_review_zip|citizen_cafe_source_lineage,clean_structural_candidate,src_e04d03a922063baa
cclex_a147d39b972db269,Red,1,מאוד,molto,,0,100,solid_base_candidate,citizen_cafe_review_zip|citizen_cafe_source_lineage,clean_structural_candidate,src_821ac330c8e6dff6
cclex_8f422e61694f9432,Red,1,ממש,davvero,,1,100,solid_base_candidate,citizen_cafe_review_zip|citizen_cafe_source_lineage|streetwise_context_match,clean_structural_candidate,src_7a040129ceda3b26
cclex_2f6c9a7d8c238007,Red,1,לא ממש,non davvero,,3,100,solid_base_candidate,citizen_cafe_review_zip|citizen_cafe_source_lineage|streetwise_context_match,clean_structural_candidate,src_aecc0ed58ada6b79
cclex_22af2bf7efecdcce,Red,1,באמת,davvero,,2,100,solid_base_candidate,citizen_cafe_review_zip|citizen_cafe_source_lineage|streetwise_context_match,clean_structural_candidate,src_05a06fd44b56695f
cclex_0c9aaed1db5f0b56,Red,1,ממש לא,assolutamente no,,9,100,solid_base_candidate,citizen_cafe_review_zip|citizen_cafe_source_lineage|streetwise_context_match,clean_structural_candidate,src_52e725a0de900c66
cclex_fed741e64f819a59,Red,1,היום,oggi,,0,100,solid_base_candidate,citizen_cafe_review_zip|citizen_cafe_source_lineage,clean_structural_candidate,src_0f2aa618a1a0e8b5
cclex_462d327e399adbe8,Red,1,מחר,domani,,0,100,solid_base_candidate,citizen_cafe_review_zip|citizen_cafe_source_lineage,clean_structural_candidate,src_d4e37ef0b77679b9
cclex_d26b03c3aca76630,Red,1,אולי,forse,,0,100,solid_base_candidate,citizen_cafe_review_zip|citizen_cafe_source_lineage,clean_structural_candidate,src_330d8b043bbc937f
cclex_8cc5178b4891a11f,Red,1,אולי מחר בבוקר,forse domani mattina,,0,100,solid_base_candidate,citizen_cafe_review_zip|citizen_cafe_source_lineage,clean_structural_candidate,src_7bfbfc4b50c1c847
cclex_f3a9a3d796e2c203,Red,1,בוקר טוב,buongiorno,,2,100,solid_base_candidate,citizen_cafe_review_zip|citizen_cafe_source_lineage|streetwise_context_match,clean_structural_candidate,src_15866f2a4aeac444
cclex_951b0027482d7221,Red,1,ערב טוב,buonasera,,2,100,solid_base_candidate,citizen_cafe_review_zip|citizen_cafe_source_lineage|streetwise_context_match,clean_structural_candidate,src_670941f4d20b3abc
cclex_9af6bd7986371dca,Red,1,לילה טוב,buonanotte,,2,100,solid_base_candidate,citizen_cafe_review_zip|citizen_cafe_source_lineage|streetwise_context_match,clean_structural_candidate,src_3d55578d256687ff
cclex_de02dad8dcf9e85d,Red,1,גם,anche,,0,100,solid_base_candidate,citizen_cafe_review_zip|citizen_cafe_source_lineage,clean_structural_candidate,src_a7b762d497808da7
cclex_8bc704dc6b94bc7b,Red,1,גם אני,anche io,,4,100,solid_base_candidate,citizen_cafe_review_zip|citizen_cafe_source_lineage|streetwise_context_match,clean_structural_candidate,src_a59cf4176c7014ee
cclex_7b5ea6bca10b426c,Red,1,גם וגם,sia...sia / entrambi,,0,100,solid_base_candidate,citizen_cafe_review_zip|citizen_cafe_source_lineage,clean_structural_candidate,src_e5051a477ae00cc7
cclex_e27988509fa9aa47,Red,1,רק,solo / solamente,,0,100,solid_base_candidate,citizen_cafe_review_zip|citizen_cafe_source_lineage,clean_structural_candidate,src_4607ca4b6e659c89
cclex_f257014e39813f6a,Red,1,בטח,probabilmente / di sicuro / dev’essere,,2,100,solid_base_candidate,citizen_cafe_review_zip|citizen_cafe_source_lineage|streetwise_context_match,clean_structural_candidate,src_821077655bd32668
cclex_0121a8296772d353,Red,1,מעולה,eccellente / ottimo,,1,100,solid_base_candidate,citizen_cafe_review_zip|citizen_cafe_source_lineage|streetwise_context_match,clean_structural_candidate,src_6fd888c2ef3aaf02
cclex_b0e92e7ea9429ef7,Red,1,ברור,chiaro,,3,100,solid_base_candidate,citizen_cafe_review_zip|citizen_cafe_source_lineage|streetwise_context_match,clean_structural_candidate,src_3de10046c118e466
cclex_f7ea09e6cc2f8e30,Red,1,עסוק,impegnato (m. sing.),,1,100,solid_base_candidate,citizen_cafe_review_zip|citizen_cafe_source_lineage|streetwise_context_match,clean_structural_candidate,src_dbad1e6352da58ac
cclex_cb6db40fcc6b991a,Red,1,עסוקה,impegnata (f. sing.),,0,100,solid_base_candidate,citizen_cafe_review_zip|citizen_cafe_source_lineage,clean_structural_candidate,src_0e1cf14e1dd90e0a
cclex_8ba7651ecad3f817,Red,1,עסוקים,impegnati (m. pl.),,0,100,solid_base_candidate,citizen_cafe_review_zip|citizen_cafe_source_lineage,clean_structural_candidate,src_b45950e760416bb4
cclex_b99eecdd77f4ac08,Red,1,עסוקות,impegnate (f. pl.),,0,100,solid_base_candidate,citizen_cafe_review_zip|citizen_cafe_source_lineage,clean_structural_candidate,src_e112a537ad95793b
cclex_e2331235a67c0d81,Red,1,רעב,affamato (m. sing.),,0,100,solid_base_candidate,citizen_cafe_review_zip|citizen_cafe_source_lineage,clean_structural_candidate,src_318e69df8db165f8
cclex_7665b610659d8cf2,Red,1,רעבה,affamata (f. sing.),,0,100,solid_base_candidate,citizen_cafe_review_zip|citizen_cafe_source_lineage,clean_structural_candidate,src_74f2b188ddc4a21a
cclex_117e52ffd9a465b3,Red,1,עייף,stanco (m. sing.),,0,100,solid_base_candidate,citizen_cafe_review_zip|citizen_cafe_source_lineage,clean_structural_candidate,src_f0026e2b2d04a33e
cclex_9ed035678ecbcfb8,Red,1,עייפה,stanca (f. sing.),,0,100,solid_base_candidate,citizen_cafe_review_zip|citizen_cafe_source_lineage,clean_structural_candidate,src_ac18bde92c5b4030
cclex_fd57097fad7690ef,Red,1,מוכן,pronto (m. sing.),,0,100,solid_base_candidate,citizen_cafe_review_zip|citizen_cafe_source_lineage,clean_structural_candidate,src_26a73150320f4ee6
cclex_a93e83937824101e,Red,1,מוכנה,pronta (f. sing.),,0,100,solid_base_candidate,citizen_cafe_review_zip|citizen_cafe_source_lineage,clean_structural_candidate,src_b6adfed64c59343a
cclex_dfde6177df76f460,Red,1,מוכנים,pronti (m. pl.),,0,100,solid_base_candidate,citizen_cafe_review_zip|citizen_cafe_source_lineage,clean_structural_candidate,src_252a4d654d524ecf
cclex_8d02861be5974976,Red,1,מוכנות,pronte (f. pl.),,0,100,solid_base_candidate,citizen_cafe_review_zip|citizen_cafe_source_lineage,clean_structural_candidate,src_cfca19da3dd6ab1e
cclex_8c5b43e0c5976483,Red,1,עוד לא,non ancora,,11,100,solid_base_candidate,citizen_cafe_review_zip|citizen_cafe_source_lineage|streetwise_context_match,clean_structural_candidate,src_2951013d1297b4c2
cclex_c9dfb8026aecadbf,Red,1,מבין,capire masch. sing.,,0,100,solid_base_candidate,citizen_cafe_review_zip|citizen_cafe_source_lineage,clean_structural_candidate,src_192f33d4bf5086be
cclex_622a523bd763f5f4,Red,1,מבינה,capire femm. sing.,,0,100,solid_base_candidate,citizen_cafe_review_zip|citizen_cafe_source_lineage,clean_structural_candidate,src_fc7a3db3a69b89a3
cclex_502006d64d9f5d67,Red,1,מוזר,strano (m. sing.),,0,100,solid_base_candidate,citizen_cafe_review_zip|citizen_cafe_source_lineage,clean_structural_candidate,src_397e9e8c3ca7b196
cclex_e68a9742fd67baa1,Red,1,מוזרה,strana (f. sing.),,0,100,solid_base_candidate,citizen_cafe_review_zip|citizen_cafe_source_lineage,clean_structural_candidate,src_89c5601cf9f66e96
cclex_32e4133f65017acf,Red,1,אם,se,,0,100,solid_base_candidate,citizen_cafe_review_zip|citizen_cafe_source_lineage,clean_structural_candidate,src_4379d694068af817
cclex_e4b935358c19b433,Red,1,רוצה,vuole (m. sing.),,0,100,solid_base_candidate,citizen_cafe_review_zip|citizen_cafe_source_lineage,clean_structural_candidate,src_2ec3013bfba2915a
cclex_e390f67305de676f,Red,1,רוצים,vogliono (m. pl.),,0,100,solid_base_candidate,citizen_cafe_review_zip|citizen_cafe_source_lineage,clean_structural_candidate,src_e38ee4e14e4312ba
cclex_9e657344c32172b6,Red,1,רוצות,vogliono (f. pl.),,0,100,solid_base_candidate,citizen_cafe_review_zip|citizen_cafe_source_lineage,clean_structural_candidate,src_9898f2d4a40565b6
cclex_9c920ec4554f9cc6,Red,1,בתאבון,bon appetit,,0,100,solid_base_candidate,citizen_cafe_review_zip|citizen_cafe_source_lineage,clean_structural_candidate,src_d74a854ed6a66b3c
cclex_d0a7a53761027d45,Red,1,ללכת,andare (infinito),,1,100,solid_base_candidate,citizen_cafe_review_zip|citizen_cafe_source_lineage|streetwise_context_match,clean_structural_candidate,src_9c29e66fa483c805
cclex_18a17694c7707ec8,Red,1,לבוא,venire,,2,100,solid_base_candidate,citizen_cafe_review_zip|citizen_cafe_source_lineage|streetwise_context_match,clean_structural_candidate,src_eae6ac120bbfcbcd
cclex_bfdc0133df98b081,Red,1,בא,viene (m. sing.),,0,100,solid_base_candidate,citizen_cafe_review_zip|citizen_cafe_source_lineage,clean_structural_candidate,src_d4de7fa4d81ab9d7
cclex_3a0c64db4dba442b,Red,1,באה,viene (f. sing.),,0,100,solid_base_candidate,citizen_cafe_review_zip|citizen_cafe_source_lineage,clean_structural_candidate,src_435e8ceba59856c7
cclex_d00e64d0c2c91b18,Red,1,באים,vengono (m. pl.),,0,100,solid_base_candidate,citizen_cafe_review_zip|citizen_cafe_source_lineage,clean_structural_candidate,src_7b645a4546e172a8
cclex_1dcf569119f205cf,Red,1,בוא,venire masch. sing.,,1,100,solid_base_candidate,citizen_cafe_review_zip|citizen_cafe_source_lineage|streetwise_context_match,clean_structural_candidate,src_e8e2ceba3936c6a8
cclex_afb0482f3995553c,Red,1,בואי,venire femm. sing.,,2,100,solid_base_candidate,citizen_cafe_review_zip|citizen_cafe_source_lineage|streetwise_context_match,clean_structural_candidate,src_7d2685702fd6b960
cclex_a3eb83a96e925305,Red,1,בואו,venire pl,,0,100,solid_base_candidate,citizen_cafe_review_zip|citizen_cafe_source_lineage,clean_structural_candidate,src_e9294509fdf178f8
cclex_6af96a9aca552022,Red,1,לעבוד,lavorare (infinito),,0,100,solid_base_candidate,citizen_cafe_review_zip|citizen_cafe_source_lineage,clean_structural_candidate,src_f9c5def8e76eee6a
cclex_0bd548eecf6a473e,Red,1,עובד,lavora (m. sing.),,0,100,solid_base_candidate,citizen_cafe_review_zip|citizen_cafe_source_lineage,clean_structural_candidate,src_970a0284144d29c6
cclex_3ffa1c9f74510eb9,Red,1,עובדת,lavora (f. sing.),,0,100,solid_base_candidate,citizen_cafe_review_zip|citizen_cafe_source_lineage,clean_structural_candidate,src_5fab9628fb70209c
cclex_d4ce723430367cae,Red,1,יודע,sapere / conoscere masch. sing.,,0,100,solid_base_candidate,citizen_cafe_review_zip|citizen_cafe_source_lineage,clean_structural_candidate,src_5f7d7f382bd0d0da
cclex_1b14075c81b94689,Red,1,יודעת,sapere / conoscere femm. sing.,,0,100,solid_base_candidate,citizen_cafe_review_zip|citizen_cafe_source_lineage,clean_structural_candidate,src_1aa4f67013a56e3b
cclex_4d833be8ec8390e2,Red,1,הוא לא יודע,lui non sa / non conosce,,0,100,solid_base_candidate,citizen_cafe_review_zip|citizen_cafe_source_lineage,clean_structural_candidate,src_0b67d01d075b3447
cclex_29f9a8da94622bc3,Red,1,חושב,pensa (m. sing.),,0,100,solid_base_candidate,citizen_cafe_review_zip|citizen_cafe_source_lineage,clean_structural_candidate,src_feb0410bd9a8f5bf
cclex_0ddae720550e0193,Red,1,חושבת,pensa (f. sing.),,0,100,solid_base_candidate,citizen_cafe_review_zip|citizen_cafe_source_lineage,clean_structural_candidate,src_80c40fc2dbc6a599
cclex_3bb30c2adab55340,Red,1,אני חושב שהוא גר בתל אביב,penso che lui viva a Tel Aviv,,0,100,solid_base_candidate,citizen_cafe_review_zip|citizen_cafe_source_lineage,clean_structural_candidate,src_5abf52d00c816975
cclex_20c41e188b1ab8d4,Red,1,נכון,giusto / corretto,,3,100,solid_base_candidate,citizen_cafe_review_zip|citizen_cafe_source_lineage|streetwise_context_match,clean_structural_candidate,src_d3fe17bbd6dba632
cclex_b0c3f1b5dde0ecbd,Red,1,לא נכון,sbagliato / non corretto,,2,100,solid_base_candidate,citizen_cafe_review_zip|citizen_cafe_source_lineage|streetwise_context_match,clean_structural_candidate,src_ced546fa44039768
cclex_afc13fc5b8867a55,Red,1,לומד,studia (m. sing.),,1,100,solid_base_candidate,citizen_cafe_review_zip|citizen_cafe_source_lineage|streetwise_context_match,clean_structural_candidate,src_dce6923ad4e77be5
cclex_11a70d0c4dbc490f,Red,1,לומדת,studia (f. sing.),,0,100,solid_base_candidate,citizen_cafe_review_zip|citizen_cafe_source_lineage,clean_structural_candidate,src_f82cc76085d6a7b6
cclex_805c6507180d24e4,Red,1,זוכר,ricorda (m. sing.),,0,100,solid_base_candidate,citizen_cafe_review_zip|citizen_cafe_source_lineage,clean_structural_candidate,src_277a91a7e342ed5d
cclex_5b37b46f55ba5395,Red,1,זוכרת,ricorda (f. sing.),,0,100,solid_base_candidate,citizen_cafe_review_zip|citizen_cafe_source_lineage,clean_structural_candidate,src_3f1c9f2cc7e003da
cclex_fb29dd1046e69e6a,Red,1,אני לא זוכר,non ricordo,,0,100,solid_base_candidate,citizen_cafe_review_zip|citizen_cafe_source_lineage,clean_structural_candidate,src_24e73e0cba7907c2
cclex_42e07a23ccbe15fb,Red,1,כותב,scrive (m. sing.),,0,100,solid_base_candidate,citizen_cafe_review_zip|citizen_cafe_source_lineage,clean_structural_candidate,src_744c9382f3798a4e
cclex_1cb33fda5d26e669,Red,1,כותבת,scrive (f. sing.),,0,100,solid_base_candidate,citizen_cafe_review_zip|citizen_cafe_source_lineage,clean_structural_candidate,src_fcc56b91cd7d8e20
cclex_b1938ac5d9bcf6cb,Red,1,אומר,dice (m. sing.),,0,100,solid_base_candidate,citizen_cafe_review_zip|citizen_cafe_source_lineage,clean_structural_candidate,src_81d23ce3f3b29f70
cclex_2cf9f0798202ef6a,Red,1,אומרת,dice (f. sing.),,0,100,solid_base_candidate,citizen_cafe_review_zip|citizen_cafe_source_lineage,clean_structural_candidate,src_923a36317b31a3e5
cclex_5242ec4668032103,Red,1,לדבר,parlare (infinito),,1,100,solid_base_candidate,citizen_cafe_review_zip|citizen_cafe_source_lineage|streetwise_context_match,clean_structural_candidate,src_386fa3d4329afa7a
cclex_52853f4a9e71faee,Red,1,מדברת,parla (f. sing.),,0,100,solid_base_candidate,citizen_cafe_review_zip|citizen_cafe_source_lineage,clean_structural_candidate,src_8cb815ba632e000f
cclex_f15785facdb1765d,Red,1,שלו,suo (di lui),,0,100,solid_base_candidate,citizen_cafe_review_zip|citizen_cafe_source_lineage,clean_structural_candidate,src_0008434a7a33354e
cclex_5a53a55e1401772b,Red,1,שלה,suo (di lei),,0,100,solid_base_candidate,citizen_cafe_review_zip|citizen_cafe_source_lineage,clean_structural_candidate,src_f3aa0b681a355b41
cclex_07db3306fa1267f3,Red,1,אחרי,dopo,,0,100,solid_base_candidate,citizen_cafe_review_zip|citizen_cafe_source_lineage,clean_structural_candidate,src_938a9f740a856212
cclex_9e7e00155080aa8b,Red,1,למעלה,su / di sopra,,0,100,solid_base_candidate,citizen_cafe_review_zip|citizen_cafe_source_lineage,clean_structural_candidate,src_d9321959ecf3bfb2
cclex_13f54981f40b4a9d,Red,1,למטה,giù / di sotto,,0,100,solid_base_candidate,citizen_cafe_review_zip|citizen_cafe_source_lineage,clean_structural_candidate,src_6a2b505d8e4a57f6
cclex_2cfe8c180b4cea2a,Red,1,תמיד,sempre,,0,100,solid_base_candidate,citizen_cafe_review_zip|citizen_cafe_source_lineage,clean_structural_candidate,src_2bdfb513a723c244
cclex_b00c5726a221f83a,Red,1,כמעט,quasi,,0,100,solid_base_candidate,citizen_cafe_review_zip|citizen_cafe_source_lineage,clean_structural_candidate,src_acba38f84c607b99
cclex_a5e02111d626d236,Red,1,הוא אוהב את תל אביב,lui ama Tel Aviv,,0,100,solid_base_candidate,citizen_cafe_review_zip|citizen_cafe_source_lineage,clean_structural_candidate,src_45b1069b150f6413
cclex_30ed2f1bf07cd17b,Red,1,הוא אוהב קפה,lui ama il caffè,,0,100,solid_base_candidate,citizen_cafe_review_zip|citizen_cafe_source_lineage,clean_structural_candidate,src_270e443ea054e199
cclex_5fd4a097c70750e1,Red,1,הוא אוהב אותי,lui mi ama / lui ama me,,0,100,solid_base_candidate,citizen_cafe_review_zip|citizen_cafe_source_lineage,clean_structural_candidate,src_852f48ba84f32c7e
cclex_8a4fd799a97e9ed2,Red,1,הוא אוהב אותך,lui ti ama (m. sing.),,0,100,solid_base_candidate,citizen_cafe_review_zip|citizen_cafe_source_lineage,clean_structural_candidate,src_0b12588a33ae44c2
cclex_4e4f81d2f5a8b23e,Red,1,הוא אוהב אותו,lui lo ama,,0,100,solid_base_candidate,citizen_cafe_review_zip|citizen_cafe_source_lineage,clean_structural_candidate,src_e99754ff1955710c
cclex_bf7c3341d49cdef2,Red,1,הוא אוהב אותה,lui la ama,,0,100,solid_base_candidate,citizen_cafe_review_zip|citizen_cafe_source_lineage,clean_structural_candidate,src_7c9bb91818de751c
cclex_70905cf143a02344,Red,1,הוא אוהב אותנו,lui ci ama,,0,100,solid_base_candidate,citizen_cafe_review_zip|citizen_cafe_source_lineage,clean_structural_candidate,src_b2907d64fa880e2f
cclex_0f135bb77e733dc4,Red,1,אוהב,ama / gli piace (m. sing.),,0,100,solid_base_candidate,citizen_cafe_review_zip|citizen_cafe_source_lineage,clean_structural_candidate,src_e16b846a085bef4d
cclex_cbb70f88eba3dcf2,Red,1,אוהבת,ama / le piace (f. sing.),,0,100,solid_base_candidate,citizen_cafe_review_zip|citizen_cafe_source_lineage,clean_structural_candidate,src_a0d0efec28b285fb
cclex_09bdb6f9c55623da,Red,1,אתה אוהב אותי,tu mi ami,,0,100,solid_base_candidate,citizen_cafe_review_zip|citizen_cafe_source_lineage,clean_structural_candidate,src_86c06ce67c3daf47
cclex_a945a2ce232c4e6c,Red,1,הוא מכיר את ביונסה,lui conosce Beyoncé,,0,100,solid_base_candidate,citizen_cafe_review_zip|citizen_cafe_source_lineage,clean_structural_candidate,src_558590be074f3c94
cclex_9569d1790f9cf4bf,Red,1,היא מכירה את תל אביב,lei conosce Tel Aviv,,0,100,solid_base_candidate,citizen_cafe_review_zip|citizen_cafe_source_lineage,clean_structural_candidate,src_b4472ec787ba57e8
cclex_81c999cc7d513c4e,Red,1,אתה מכיר אותה,tu la conosci (m. sing.),,0,100,solid_base_candidate,citizen_cafe_review_zip|citizen_cafe_source_lineage,clean_structural_candidate,src_0c5c7df16105f258
cclex_73050e70d2726b8f,Red,1,שומע,sente (m. sing.),,0,100,solid_base_candidate,citizen_cafe_review_zip|citizen_cafe_source_lineage,clean_structural_candidate,src_60da6b65c5ba1369
cclex_4eba1dbca88832e8,Red,1,שומעת,sente (f. sing.),,0,100,solid_base_candidate,citizen_cafe_review_zip|citizen_cafe_source_lineage,clean_structural_candidate,src_e214eafd0bb3a86d
cclex_97f781703926a2fc,Red,1,אתה שומע אותי,tu mi senti (m. sing.),,0,100,solid_base_candidate,citizen_cafe_review_zip|citizen_cafe_source_lineage,clean_structural_candidate,src_2bc4649e5f9d67d6
cclex_e85836f443a91ea8,Red,1,יותר טוב,meglio,,0,100,solid_base_candidate,citizen_cafe_review_zip|citizen_cafe_source_lineage,clean_structural_candidate,src_c0a02b8bc8056071
cclex_b5210c2bb355d21c,Red,1,יותר קר,più freddo,,0,100,solid_base_candidate,citizen_cafe_review_zip|citizen_cafe_source_lineage,clean_structural_candidate,src_1e0487bf5315cc1d
cclex_9c86ce5699baa413,Red,1,יפה,bello (m. sing.),,1,100,solid_base_candidate,citizen_cafe_review_zip|citizen_cafe_source_lineage|streetwise_context_match,clean_structural_candidate,src_a09aae4591a684ea
cclex_7ed0f838e6979357,Red,1,יותר יפה,più bello / più bella,,1,100,solid_base_candidate,citizen_cafe_review_zip|citizen_cafe_source_lineage|streetwise_context_match,clean_structural_candidate,src_c4e844986ceb6123
cclex_ad7f0823ff817880,Red,1,קר לי,ho freddo,,0,100,solid_base_candidate,citizen_cafe_review_zip|citizen_cafe_source_lineage,clean_structural_candidate,src_30ec6b836b251b93
cclex_b8f17968bb5fe201,Red,1,חם לי,ho caldo,,1,100,solid_base_candidate,citizen_cafe_review_zip|citizen_cafe_source_lineage|streetwise_context_match,clean_structural_candidate,src_acc70f71649ea2ff
cclex_d8c2e71dc2d78dd7,Red,1,חבר,amico (m. sing.),,1,100,solid_base_candidate,citizen_cafe_review_zip|citizen_cafe_source_lineage|streetwise_context_match,clean_structural_candidate,src_fb652271e95a023f
cclex_4e1b10f3b73c9351,Red,1,חברה,amica (f. sing.),,1,100,solid_base_candidate,citizen_cafe_review_zip|citizen_cafe_source_lineage|streetwise_context_match,clean_structural_candidate,src_ed51b92d1fb4d6bf
cclex_a7a40d6e659b4250,Red,1,חברים,amici (m. pl.),,0,100,solid_base_candidate,citizen_cafe_review_zip|citizen_cafe_source_lineage,clean_structural_candidate,src_9b9971aba70833aa
cclex_6bf2f403a7dd3896,Red,1,חברות,amiche (f. pl.),,0,100,solid_base_candidate,citizen_cafe_review_zip|citizen_cafe_source_lineage,clean_structural_candidate,src_9e8f754daf6b5ae5
cclex_056c10211e472513,Red,1,אנשים,persone,,0,100,solid_base_candidate,citizen_cafe_review_zip|citizen_cafe_source_lineage,clean_structural_candidate,src_054d3285028ecca8
cclex_fc806fbf2d85d5d3,Red,1,גר,abitare / vivere living masch. sing.,,0,100,solid_base_candidate,citizen_cafe_review_zip|citizen_cafe_source_lineage,clean_structural_candidate,src_6b50e3810658fe8a
cclex_f56453d8c40ef59b,Red,1,גרה,abitare / vivere living femm. sing.,,0,100,solid_base_candidate,citizen_cafe_review_zip|citizen_cafe_source_lineage,clean_structural_candidate,src_0e84d2a11c8f506b
cclex_2ed701ab6da9527e,Red,1,גרים,abitare / vivere living masch. plur.,,0,100,solid_base_candidate,citizen_cafe_review_zip|citizen_cafe_source_lineage,clean_structural_candidate,src_83fb7588307ff242
cclex_7c6463c5906d26ee,Red,1,גרות,abitare / vivere living femm. plur.,,0,100,solid_base_candidate,citizen_cafe_review_zip|citizen_cafe_source_lineage,clean_structural_candidate,src_188c1dc5fe1e8efc
cclex_6453c662de384cfb,Red,1,מה קרה,cosa è successo?,,9,100,solid_base_candidate,citizen_cafe_review_zip|citizen_cafe_source_lineage|streetwise_context_match,clean_structural_candidate,src_1909536f68e57b0e
cclex_8d0ea44f0fb3dbda,Red,1,מה קורה,cosa succede? / come va?,,11,100,solid_base_candidate,citizen_cafe_review_zip|citizen_cafe_source_lineage|streetwise_context_match,clean_structural_candidate,src_5b2241ba013ad755
cclex_a6b65cbe8e62238c,Red,1,אבל,ma,,0,100,solid_base_candidate,citizen_cafe_review_zip|citizen_cafe_source_lineage,clean_structural_candidate,src_e6a0f789b0ce22e4
cclex_126a4885f0fce5d1,Red,1,נראה לי,secondo me / mi sembra,,8,100,solid_base_candidate,citizen_cafe_review_zip|citizen_cafe_source_lineage|streetwise_context_match,clean_structural_candidate,src_7396580518627ea1
cclex_e5e7b0caae80a27c,Red,1,לא נראה לי,non mi sembra / non credo,,0,100,solid_base_candidate,citizen_cafe_review_zip|citizen_cafe_source_lineage,clean_structural_candidate,src_0f174bd469d0a097
cclex_48c6ecacc5afccf0,Red,1,בא לי שוקולד,mi viene voglia di cioccolato,,1,100,solid_base_candidate,citizen_cafe_review_zip|citizen_cafe_source_lineage|streetwise_context_match,clean_structural_candidate,src_f482b540d60b545e
cclex_b430d050a741c69c,Red,1,בא לך שוקולד,ti viene voglia di cioccolato (m. sing.),,0,100,solid_base_candidate,citizen_cafe_review_zip|citizen_cafe_source_lineage,clean_structural_candidate,src_6241f012710fce89
cclex_d39c18549462c4dd,Red,1,עכשיו,adesso,,1,100,solid_base_candidate,citizen_cafe_review_zip|citizen_cafe_source_lineage|streetwise_context_match,clean_structural_candidate,src_70bacdbb992ed014
cclex_052f65c10ea4c832,Red,1,קוראים לי ביונסה,mi chiamo Beyoncé,,0,100,solid_base_candidate,citizen_cafe_review_zip|citizen_cafe_source_lineage,clean_structural_candidate,src_398932e2f8efd415
cclex_818cd0328135e3ec,Orange,2,נוסע,viaggiare (masch. sing.),,1,100,solid_base_candidate,citizen_cafe_source_lineage|streetwise_context_match|verified_tabular,clean_structural_candidate,src_c074e5efa8408f4a
cclex_c0af79667371f8ec,Orange,2,לא משנה,non importa,,5,100,solid_base_candidate,citizen_cafe_source_lineage|streetwise_context_match|verified_tabular,clean_structural_candidate,src_a19e8440c6f33848
cclex_7ae23d9cba20dc8b,Orange,2,"בדרך כלל, בדרךכלל",di solito,,0,100,solid_base_candidate,citizen_cafe_source_lineage|verified_tabular,clean_structural_candidate,src_62538615f8c2989a
cclex_38c04672a5474398,Orange,2,מים חמים,acqua calda,,0,100,solid_base_candidate,citizen_cafe_source_lineage|verified_tabular,clean_structural_candidate,src_973bb56e7d14c901
cclex_ef72cd662bef0944,Orange,2,מים קרים,acqua fredda,,0,100,solid_base_candidate,citizen_cafe_source_lineage|verified_tabular,clean_structural_candidate,src_b580ce64d30be192
cclex_33422063f60ec4b2,Orange,2,יין,vino,,0,100,solid_base_candidate,citizen_cafe_source_lineage|verified_tabular,clean_structural_candidate,src_6d880b57408fa09a
cclex_c4b39705fe90411c,Orange,2,מסובך,complicato,,2,100,solid_base_candidate,citizen_cafe_source_lineage|streetwise_context_match|verified_tabular,clean_structural_candidate,src_89276c007b6980fb
cclex_23883680ed14f139,Orange,2,מסובך מדי,troppo complicato,,0,100,solid_base_candidate,citizen_cafe_source_lineage|verified_tabular,clean_structural_candidate,src_7bd8da36f44b8521
cclex_f0dd3424ec19863e,Orange,2,פעם אחת,una volta,,0,100,solid_base_candidate,citizen_cafe_source_lineage|verified_tabular,clean_structural_candidate,src_d8ecf87d8c1ea0da
cclex_780f5bc6e9e3431c,Orange,2,"עוד פעם, עודפעם",di nuovo,,0,100,solid_base_candidate,citizen_cafe_source_lineage|verified_tabular,clean_structural_candidate,src_1b7a1b39e42ac168
cclex_90636b264dc522ff,Orange,2,פעמיים,due volte,,1,100,solid_base_candidate,citizen_cafe_source_lineage|streetwise_context_match|verified_tabular,clean_structural_candidate,src_8d1ac8a2fde67a29
cclex_f020b776574b962c,Orange,2,פעמים,volte,,0,100,solid_base_candidate,citizen_cafe_source_lineage|verified_tabular,clean_structural_candidate,src_ae3aedaf00abbfa9
cclex_590d656084defeb2,Orange,2,מדי,troppo / anche,,0,100,solid_base_candidate,citizen_cafe_source_lineage|verified_tabular,clean_structural_candidate,src_a7bc6a3a0ce12362
cclex_a5c8e4845438eb6a,Orange,2,אףפעם לא,mai,,0,100,solid_base_candidate,citizen_cafe_source_lineage|verified_tabular,clean_structural_candidate,src_739f05468e08ae93
cclex_807d3c37e6e90e4c,Orange,2,מתוק,dolce,,1,100,solid_base_candidate,citizen_cafe_source_lineage|streetwise_context_match|verified_tabular,clean_structural_candidate,src_18f1aac1229e5940
cclex_5475bb068e58244a,Orange,2,חריף,piccante,,1,100,solid_base_candidate,citizen_cafe_source_lineage|streetwise_context_match|verified_tabular,clean_structural_candidate,src_a29837f5a7d31e50
cclex_dfb36efc00a0b5f4,Orange,2,קשה,difficile,,1,100,solid_base_candidate,citizen_cafe_source_lineage|streetwise_context_match|verified_tabular,clean_structural_candidate,src_f7c26ce39cde1017
cclex_76c8da11486b03b8,Orange,2,קל,facile,,0,100,solid_base_candidate,citizen_cafe_source_lineage|verified_tabular,clean_structural_candidate,src_7ff593afdad31f8a
cclex_314275160c5cd940,Orange,2,יותר מדי,troppo,,0,100,solid_base_candidate,citizen_cafe_source_lineage|verified_tabular,clean_structural_candidate,src_81e623b22726286a
cclex_4188314d9283db18,Orange,2,כמה זה עולה,quanto costa?,,1,100,solid_base_candidate,citizen_cafe_source_lineage|streetwise_context_match|verified_tabular,clean_structural_candidate,src_beee25e7adb7f14a
cclex_b256a1aaca71dc65,Orange,2,מילה,parola,,0,100,solid_base_candidate,citizen_cafe_source_lineage|verified_tabular,clean_structural_candidate,src_eb825e4252a7dc9d
cclex_85e5bba655e505cd,Orange,2,מילים,parole,,0,100,solid_base_candidate,citizen_cafe_source_lineage|verified_tabular,clean_structural_candidate,src_7e8f8fa80d43979d
cclex_689a39efcaec6544,Orange,2,חודש,mese,,1,100,solid_base_candidate,citizen_cafe_source_lineage|streetwise_context_match|verified_tabular,clean_structural_candidate,src_0e36b6dbf93d29cd
cclex_970b144e0239f4e5,Orange,2,חודשים,mesi,,0,100,solid_base_candidate,citizen_cafe_source_lineage|verified_tabular,clean_structural_candidate,src_e5310af1b1597a07
cclex_f438ab2221b5428e,Orange,2,שנה,anno,,1,100,solid_base_candidate,citizen_cafe_source_lineage|streetwise_context_match|verified_tabular,clean_structural_candidate,src_3fa45872195c6063
cclex_b7ef746512b0e382,Orange,2,שנים,anni,,1,100,solid_base_candidate,citizen_cafe_source_lineage|streetwise_context_match|verified_tabular,clean_structural_candidate,src_e6d72aae056e2fc8
cclex_e2332eee8b3e27c6,Orange,2,לאן,verso dove,,0,100,solid_base_candidate,citizen_cafe_source_lineage|verified_tabular,clean_structural_candidate,src_d250d55ab39af630
cclex_3a25c80dc5c2cde9,Orange,2,לנסוע,viaggiare,,4,100,solid_base_candidate,citizen_cafe_source_lineage|streetwise_context_match|verified_tabular,clean_structural_candidate,src_c36bd7cb257f4cbb
cclex_676b406f1cefaaf1,Orange,2,נוסעת,viaggiare (femm. sing.),,0,100,solid_base_candidate,citizen_cafe_source_lineage|verified_tabular,clean_structural_candidate,src_d1b5fce3ba997e4d
cclex_5b6129203b704e08,Orange,2,נוסעים,viaggiare (masch. pl.),,0,100,solid_base_candidate,citizen_cafe_source_lineage|verified_tabular,clean_structural_candidate,src_5dbcf3c2b56b8ba2
cclex_bb76819555617035,Orange,2,נוסעות,viaggiare (femm. pl.),,0,100,solid_base_candidate,citizen_cafe_source_lineage|verified_tabular,clean_structural_candidate,src_416f6cfba4f04322
cclex_5040099b602e6fee,Orange,2,אתמול,ieri,,0,100,solid_base_candidate,citizen_cafe_source_lineage|verified_tabular,clean_structural_candidate,src_a9c70b177095746c
cclex_b8df1a2ccf34fa66,Orange,2,בעצם,anzi / in realtà (per cambiare idea),,1,100,solid_base_candidate,citizen_cafe_source_lineage|streetwise_context_match|verified_tabular,clean_structural_candidate,src_9c16b0dfd0465751
cclex_f88cb58ed70a7738,Orange,2,פגישה,incontro / riunione,,1,100,solid_base_candidate,citizen_cafe_source_lineage|streetwise_context_match|verified_tabular,clean_structural_candidate,src_9b4efef802e82599
cclex_45f12b5f1be0c8de,Orange,2,פגישות,incontri / riunioni,,0,100,solid_base_candidate,citizen_cafe_source_lineage|verified_tabular,clean_structural_candidate,src_951cd345acb3acb2
cclex_5e93898ec9717339,Orange,2,לסגור,chiudere,,1,100,solid_base_candidate,citizen_cafe_source_lineage|streetwise_context_match|verified_tabular,clean_structural_candidate,src_b353dfc1953151cd
cclex_efa7359ca4dec29a,Orange,2,סוגר,chiudere (sing.m.),,0,100,solid_base_candidate,citizen_cafe_source_lineage|verified_tabular,clean_structural_candidate,src_4597b01688a0fc63
cclex_4f5984268b1d11f2,Orange,2,סוגרת,chiudere (femm. sing.),,0,100,solid_base_candidate,citizen_cafe_source_lineage|verified_tabular,clean_structural_candidate,src_fdcdf6b4a78aeb89
cclex_32db565cd5cfca66,Orange,2,סוגרים,chiudere (masch. pl.),,0,100,solid_base_candidate,citizen_cafe_source_lineage|verified_tabular,clean_structural_candidate,src_05879d2ba349befe
cclex_041d45ec9376d31c,Orange,2,סוגרות,chiudere (femm. pl.),,0,100,solid_base_candidate,citizen_cafe_source_lineage|verified_tabular,clean_structural_candidate,src_141d3d50b9113346
cclex_a4fb549235f1df14,Orange,2,"הוא סגר, הואסגר",lui - passato di chiudere,,0,100,solid_base_candidate,citizen_cafe_source_lineage|verified_tabular,clean_structural_candidate,src_039754af123bcd55
cclex_99f836ad24803c11,Orange,2,"סגרתי, סגרת י",io - passato di chiudere,,0,100,solid_base_candidate,citizen_cafe_source_lineage|verified_tabular,clean_structural_candidate,src_adee29f8a4965022
cclex_35275f10872b1f17,Orange,2,סגרת,hai chiuso (m.),,0,100,solid_base_candidate,citizen_cafe_source_lineage|verified_tabular,clean_structural_candidate,src_ddd973619c8a26d1
cclex_91f4e4f9fe296cad,Orange,2,"סגרנו, סגר נו",noi - passato di chiudere,,0,100,solid_base_candidate,citizen_cafe_source_lineage|verified_tabular,clean_structural_candidate,src_c684bd453ec642af
cclex_0b2bfe9325aaf9bf,Orange,2,"סגרתם, סגרת ם",avete chiuso (m. pl.),,0,100,solid_base_candidate,citizen_cafe_source_lineage|verified_tabular,clean_structural_candidate,src_cdcc41bac9abe146
cclex_2fb258fa3dd4ff53,Orange,2,"סגרתן, סגרת ן",avete chiuso (f. pl.),,0,100,solid_base_candidate,citizen_cafe_source_lineage|verified_tabular,clean_structural_candidate,src_a5829ca6edc3c94d
cclex_a1cbde56535cce97,Orange,2,חלון,finestra,,0,100,solid_base_candidate,citizen_cafe_source_lineage|verified_tabular,clean_structural_candidate,src_10efa071b7e834f6
cclex_2adeb09c7c33a5ee,Orange,2,סגור,chiuso,,3,100,solid_base_candidate,citizen_cafe_source_lineage|streetwise_context_match|verified_tabular,clean_structural_candidate,src_2a42f9eec71687ee
cclex_e9bb90b0a884274f,Orange,2,"אני כתבתי, אניכת בת י",io - passato di scrivere,,0,100,solid_base_candidate,citizen_cafe_source_lineage|verified_tabular,clean_structural_candidate,src_9b421efd0b5dcecf
cclex_ee8204759b7cecef,Orange,2,"את כתבת, את הכת בת",tu (m.) - passato di scrivere,,0,100,solid_base_candidate,citizen_cafe_source_lineage|verified_tabular,clean_structural_candidate,src_a0b5fb3217873529
cclex_cdfad49f87bef7f4,Orange,2,"את כתבת, אתכת בת",tu (f.) - passato di scrivere,,0,100,solid_base_candidate,citizen_cafe_source_lineage|verified_tabular,clean_structural_candidate,src_fb5d8999c7b11485
cclex_4e5c9a82c0206149,Orange,2,"הוא כתב, הואכת ב",lui - passato di scrivere,,0,100,solid_base_candidate,citizen_cafe_source_lineage|verified_tabular,clean_structural_candidate,src_c6c07852b064901f
cclex_47cdb7c89196f61b,Orange,2,"היא כתבה, היאכתבה",lei - passato di scrivere,,0,100,solid_base_candidate,citizen_cafe_source_lineage|verified_tabular,clean_structural_candidate,src_bc9e91d6658161ae
cclex_204fa8c9f6373844,Orange,2,"אנחנו כתבנו, אנחנוכת בנו",noi - passato di scrivere,,0,100,solid_base_candidate,citizen_cafe_source_lineage|verified_tabular,clean_structural_candidate,src_68d9f06259655bd0
cclex_25f6e43209c3a5c9,Orange,2,"אתם כתבתם, את םכת בת ם",voi (m.) - passato di scrivere,,0,100,solid_base_candidate,citizen_cafe_source_lineage|verified_tabular,clean_structural_candidate,src_8ec0e276651937f4
cclex_cc7a42a102709483,Orange,2,"אתן כתבתן, את ןכת בת ן",voi (f.) - passato di scrivere,,0,100,solid_base_candidate,citizen_cafe_source_lineage|verified_tabular,clean_structural_candidate,src_5e44ede38375f52a
cclex_844c62c878c89ac5,Orange,2,"הם כתבו, הםכתבו",loro (m.) - passato di scrivere,,0,100,solid_base_candidate,citizen_cafe_source_lineage|verified_tabular,clean_structural_candidate,src_fa6800f8c999d735
cclex_c4909b1cc4704e9f,Orange,2,הם כתבו,loro (f.) - passato di scrivere,,0,100,solid_base_candidate,citizen_cafe_source_lineage|verified_tabular,clean_structural_candidate,src_5fc89ce17b9dfc84
cclex_2f08c8dcad5ffb6f,Orange,2,"אני בשוק, אניבשוק",sono sotto shock,,0,100,solid_base_candidate,citizen_cafe_source_lineage|verified_tabular,clean_structural_candidate,src_65954f04ebb48b84
cclex_7f1e4a7a1782a9df,Orange,2,לחץ,pressione,,2,100,solid_base_candidate,citizen_cafe_source_lineage|streetwise_context_match|verified_tabular,clean_structural_candidate,src_dac36a479f60f16d
cclex_3d7826f2c2c4990f,Orange,2,בלחץ,sotto pressione,,1,100,solid_base_candidate,citizen_cafe_source_lineage|streetwise_context_match|verified_tabular,clean_structural_candidate,src_4621862240cd78f7
cclex_2a6aabbefa4f85ca,Orange,2,בוס,capo (m.),,0,100,solid_base_candidate,citizen_cafe_source_lineage|verified_tabular,clean_structural_candidate,src_b37c3db6a6325a0a
cclex_f359ad5e6740a30b,Orange,2,בוסית,capo (f.),,0,100,solid_base_candidate,citizen_cafe_source_lineage|verified_tabular,clean_structural_candidate,src_4fc01df1d2b004e3
cclex_be419202458fecc1,Orange,2,"אין לחץ, איןלחץ",nessuna pressione,,0,100,solid_base_candidate,citizen_cafe_source_lineage|verified_tabular,clean_structural_candidate,src_632b5094a3b0222b
cclex_5c6b934d1851d5ac,Orange,2,"בלי לחץ, בלילחץ",senza pressione,,0,100,solid_base_candidate,citizen_cafe_source_lineage|verified_tabular,clean_structural_candidate,src_7b81e4894647b3ba
cclex_c012de869fbfce50,Orange,2,אפילו,anche / persino,,0,100,solid_base_candidate,citizen_cafe_source_lineage|verified_tabular,clean_structural_candidate,src_3d854aa885bae44a
cclex_e1671aee9ff4bb2a,Orange,2,לשבת,sedersi,,1,100,solid_base_candidate,citizen_cafe_source_lineage|streetwise_context_match|verified_tabular,clean_structural_candidate,src_0c5e83d31525ece6
cclex_bd19efbb0d5e8be8,Orange,2,יושב,"sedersi / stare seduto (presente, m. sing.)",,1,100,solid_base_candidate,citizen_cafe_source_lineage|streetwise_context_match|verified_tabular,clean_structural_candidate,src_c3f6725732240b4c
cclex_c669bcd010aae3d8,Orange,2,יושבת,"sedersi / stare seduta (presente, f. sing.)",,0,100,solid_base_candidate,citizen_cafe_source_lineage|verified_tabular,clean_structural_candidate,src_c341f35cf2fa78e6
cclex_832efadf2b4b3c0b,Orange,2,"ישב, הוא ישב",lui - passato di sedersi,,0,100,solid_base_candidate,citizen_cafe_source_lineage|verified_tabular,clean_structural_candidate,src_6e3cdcc26aa77b8a
cclex_7a69fd8cd4d4acbb,Orange,2,"ישבה, ה׳אישבה",lei - passato di sedersi,,0,100,solid_base_candidate,citizen_cafe_source_lineage|verified_tabular,clean_structural_candidate,src_c6e85986e58d68f4
cclex_be4fb12b467866ca,Orange,2,"ישבתי, אנ׳ ישבתי",io - passato di sedersi,,0,100,solid_base_candidate,citizen_cafe_source_lineage|verified_tabular,clean_structural_candidate,src_ff3572e23864dc3b
cclex_8bf5e5a7ecba5d6d,Orange,2,"ישבת, את ישבת",ti sei seduta,,0,100,solid_base_candidate,citizen_cafe_source_lineage|verified_tabular,clean_structural_candidate,src_15d6eb02a7544a20
cclex_6e8db3e6c4fab5c3,Orange,2,"ישבת, אתה ישבת",ti sei seduto,,0,100,solid_base_candidate,citizen_cafe_source_lineage|verified_tabular,clean_structural_candidate,src_1d76b38490246d62
cclex_21752792e5930d0c,Orange,2,"ישבנו, אנחנו ישבנו",noi - passato di sedersi,,0,100,solid_base_candidate,citizen_cafe_source_lineage|verified_tabular,clean_structural_candidate,src_025fbb5f35d433ad
cclex_74f000f2b51930f9,Orange,2,"ישבתם, אתם ישבתם",vi siete seduti,,0,100,solid_base_candidate,citizen_cafe_source_lineage|verified_tabular,clean_structural_candidate,src_a0803c488ef73fed
cclex_efc715eab6779fe6,Orange,2,"ישבתן, אתן ישבתן",vi siete sedute,,0,100,solid_base_candidate,citizen_cafe_source_lineage|verified_tabular,clean_structural_candidate,src_5e74110ed603d03b
cclex_9b720c156ce86a84,Orange,2,ישבו,loro (m./f.) - passato di sedersi,,0,100,solid_base_candidate,citizen_cafe_source_lineage|verified_tabular,clean_structural_candidate,src_1ab83ff4e37034ff
cclex_6b371646613fcb65,Orange,2,מישהו,qualcuno,,0,100,solid_base_candidate,citizen_cafe_source_lineage|verified_tabular,clean_structural_candidate,src_2ab0db414ad0f075
cclex_0496e9dc6f47b7d5,Orange,2,מאה אחוז,cento per cento,,2,100,solid_base_candidate,citizen_cafe_source_lineage|streetwise_context_match|verified_tabular,clean_structural_candidate,src_881cee3271943060
cclex_311efeff4dc9c606,Orange,2,כמעט,quasi,,0,100,solid_base_candidate,citizen_cafe_source_lineage|verified_tabular,clean_structural_candidate,src_c80eca893c718c02
cclex_f93c724441237b18,Orange,2,עם,con,,0,100,solid_base_candidate,citizen_cafe_source_lineage|verified_tabular,clean_structural_candidate,src_20fdebf88e03ced2
cclex_aec6076825c8611c,Orange,2,איתי,con me,,0,100,solid_base_candidate,citizen_cafe_source_lineage|verified_tabular,clean_structural_candidate,src_6445d07b03c59b40
cclex_1272f51519cf4b25,Orange,2,איתך,con te (m. sing.),,0,100,solid_base_candidate,citizen_cafe_source_lineage|verified_tabular,clean_structural_candidate,src_646ae1353683bd25
cclex_2a98e3d9c3d39859,Orange,2,"יתו, איתו",con lui,,0,100,solid_base_candidate,citizen_cafe_source_lineage|verified_tabular,clean_structural_candidate,src_faa65d5b1a94e492
cclex_2c82904e672e7698,Orange,2,איתה,con lei,,0,100,solid_base_candidate,citizen_cafe_source_lineage|verified_tabular,clean_structural_candidate,src_a577523c06b69b2d
cclex_8c1e684e82652e7b,Orange,2,איתנו,con noi,,0,100,solid_base_candidate,citizen_cafe_source_lineage|verified_tabular,clean_structural_candidate,src_0563fdc723537d7a
cclex_c689e9f3c064f4f8,Orange,2,איתכם,con voi (m.),,0,100,solid_base_candidate,citizen_cafe_source_lineage|verified_tabular,clean_structural_candidate,src_6a4d56d9a243dcc4
cclex_ff8dc2b37f167376,Orange,2,איתכן,con voi (f.),,0,100,solid_base_candidate,citizen_cafe_source_lineage|verified_tabular,clean_structural_candidate,src_26c21df956a8eddf
cclex_7e7ce0bad8c55832,Orange,2,איתם,con loro (m.),,0,100,solid_base_candidate,citizen_cafe_source_lineage|verified_tabular,clean_structural_candidate,src_cab878f1d19ae395
cclex_08c19f7c8e570d59,Orange,2,איתן,con loro (f.),,0,100,solid_base_candidate,citizen_cafe_source_lineage|verified_tabular,clean_structural_candidate,src_6438b88a4a58e6a5
cclex_e01afab7f2f99c6a,Orange,2,בטוח,sicuro (agg. masch. sing.),,1,100,solid_base_candidate,citizen_cafe_source_lineage|streetwise_context_match|verified_tabular,clean_structural_candidate,src_72637a82b1eb5bb8
cclex_0e53051aac7be6c3,Orange,2,בטוחה,sicura (agg. femm. sing.),,0,100,solid_base_candidate,citizen_cafe_source_lineage|verified_tabular,clean_structural_candidate,src_793ee45964de4ee5
cclex_9d688e967233fda2,Orange,2,בטוחים,sicuri (agg. masch. pl.),,0,100,solid_base_candidate,citizen_cafe_source_lineage|verified_tabular,clean_structural_candidate,src_0e2dccf18c8c8457
cclex_87e96163e593614d,Orange,2,בטוחות,sicure (agg. femm. pl.),,0,100,solid_base_candidate,citizen_cafe_source_lineage|verified_tabular,clean_structural_candidate,src_cbfce650da69be4b
cclex_3a8cec3699b1ba49,Orange,2,עוד מעט,"tra pochissimo, tra un attimo",,1,100,solid_base_candidate,citizen_cafe_source_lineage|streetwise_context_match|verified_tabular,clean_structural_candidate,src_6132be9fa68f113d
cclex_845aa86fda6e3e88,Orange,2,שואל,"chiedere (presente, m. sing.)",,0,100,solid_base_candidate,citizen_cafe_source_lineage|verified_tabular,clean_structural_candidate,src_b7b100b923d84cf6
cclex_cf8ab0332113c036,Orange,2,שואלת,"chiedere (presente, f. sing.)",,0,100,solid_base_candidate,citizen_cafe_source_lineage|verified_tabular,clean_structural_candidate,src_1373fe210333dea6
cclex_2d5addc3db993e37,Orange,2,שואלים,"chiedere (presente, m. pl.)",,0,100,solid_base_candidate,citizen_cafe_source_lineage|verified_tabular,clean_structural_candidate,src_52089f347079e762
cclex_02bf15f0d5a8d7dd,Orange,2,שואלות,"chiedere (presente, f. pl.)",,0,100,solid_base_candidate,citizen_cafe_source_lineage|verified_tabular,clean_structural_candidate,src_fd00783ec72172dd
cclex_414c1d25704bee42,Orange,2,שאלתי,io - passato di chiedere,,0,100,solid_base_candidate,citizen_cafe_source_lineage|verified_tabular,clean_structural_candidate,src_0afea1f9229df08d
cclex_79f6b61aac1c3895,Orange,2,שאלת,hai chiesto (m.),,0,100,solid_base_candidate,citizen_cafe_source_lineage|verified_tabular,clean_structural_candidate,src_6343054218710725
cclex_9ea55214c0e8c76f,Orange,2,שאלתם,avete chiesto (m. pl.),,0,100,solid_base_candidate,citizen_cafe_source_lineage|verified_tabular,clean_structural_candidate,src_49652fdc72a9254e
cclex_7622c6f5bbc657a8,Orange,2,שאלתן,avete chiesto (f. pl.),,0,100,solid_base_candidate,citizen_cafe_source_lineage|verified_tabular,clean_structural_candidate,src_83c52394a0386756
cclex_951c4ec0b9e075d2,Orange,2,שאל,lui - passato di chiedere,,0,100,solid_base_candidate,citizen_cafe_source_lineage|verified_tabular,clean_structural_candidate,src_233e4ca330ef6fea
cclex_a5b26e2688966c2d,Orange,2,שאלה,lei - passato di chiedere,,0,100,solid_base_candidate,citizen_cafe_source_lineage|verified_tabular,clean_structural_candidate,src_f67c5d3daf3940d2
cclex_f4a9d666953faa24,Orange,2,שאלנו,noi - passato di chiedere,,0,100,solid_base_candidate,citizen_cafe_source_lineage|verified_tabular,clean_structural_candidate,src_fe361faed6e21a61
cclex_6d4d90bb4fe1c386,Orange,2,שאלו,loro - passato di chiedere,,0,100,solid_base_candidate,citizen_cafe_source_lineage|verified_tabular,clean_structural_candidate,src_9cf697b7b79dff48
cclex_f6e980830ecaeccf,Orange,2,בחוץ,fuori,,1,100,solid_base_candidate,citizen_cafe_source_lineage|streetwise_context_match|verified_tabular,clean_structural_candidate,src_40afbe1fb16aad59
cclex_70e4a3bcc37ba7e6,Orange,2,בפנים,dentro,,1,100,solid_base_candidate,citizen_cafe_source_lineage|streetwise_context_match|verified_tabular,clean_structural_candidate,src_52f15f91be976e8b
cclex_6edbff9db0ebb320,Orange,2,קודם,prima,,1,100,solid_base_candidate,citizen_cafe_source_lineage|streetwise_context_match|verified_tabular,clean_structural_candidate,src_f56ffa05de382bc9
cclex_56f686159bb97581,Orange,2,קודם כל,prima di tutto,,1,100,solid_base_candidate,citizen_cafe_source_lineage|streetwise_context_match|verified_tabular,clean_structural_candidate,src_81c0e6a2677c8d6f
cclex_1d15429eaa874a6d,Orange,2,מתנה,regalo,,0,100,solid_base_candidate,citizen_cafe_source_lineage|verified_tabular,clean_structural_candidate,src_d9b70ddb8aada21b
cclex_bc7bd29eb3a5b0a3,Orange,2,אחר כך,dopo / in seguito,,3,100,solid_base_candidate,citizen_cafe_source_lineage|streetwise_context_match|verified_tabular,clean_structural_candidate,src_52de925193ff1cd0
cclex_68e6cc7c3ccfdd55,Orange,2,לגור,vivere / abitare,,0,100,solid_base_candidate,citizen_cafe_source_lineage|verified_tabular,clean_structural_candidate,src_913158ecb3a77c84
cclex_ed046f6d00058877,Orange,2,לשים,mettere,,1,100,solid_base_candidate,citizen_cafe_source_lineage|streetwise_context_match|verified_tabular,clean_structural_candidate,src_d9cc08b0313eedbd
cclex_8ef41ba2821f58ce,Orange,2,לבוא,venire,,2,100,solid_base_candidate,citizen_cafe_source_lineage|streetwise_context_match|verified_tabular,clean_structural_candidate,src_4f18e0e8a8dc6834
cclex_82624e753507cbc8,Orange,2,שולחן,tavolo,,0,100,solid_base_candidate,citizen_cafe_source_lineage|verified_tabular,clean_structural_candidate,src_737ec4247d46ac4a
cclex_4e95d6f4bc8a3860,Orange,2,ארון,armadio / mobile,,0,100,solid_base_candidate,citizen_cafe_source_lineage|verified_tabular,clean_structural_candidate,src_5b360bcce71356cb
cclex_369ed1b8be942c7d,Orange,2,מתנות,regali,,0,100,solid_base_candidate,citizen_cafe_source_lineage|verified_tabular,clean_structural_candidate,src_c89909426e26db17
cclex_9ef800ab225de3fa,Orange,2,לקום,svegliarsi / alzarsi,,0,100,solid_base_candidate,citizen_cafe_source_lineage|verified_tabular,clean_structural_candidate,src_5c096858c238929e
cclex_c3d9d2b7f187301c,Orange,2,מאוחר,tardi / in ritardo,,1,100,solid_base_candidate,citizen_cafe_source_lineage|streetwise_context_match|verified_tabular,clean_structural_candidate,src_f34207c13b613e95
cclex_1e26293a32969d38,Orange,2,לטוס,volare,,1,100,solid_base_candidate,citizen_cafe_source_lineage|streetwise_context_match|verified_tabular,clean_structural_candidate,src_d797e99fb4dcbf75
cclex_e55834b640675b93,Orange,2,טיסה,il volo,,0,100,solid_base_candidate,citizen_cafe_source_lineage|verified_tabular,clean_structural_candidate,src_fc779db723f282f1
cclex_dde9e3b7f3d9c8e8,Orange,2,טיסות,i voli,,0,100,solid_base_candidate,citizen_cafe_source_lineage|verified_tabular,clean_structural_candidate,src_dc44f2a2bffc4b13
cclex_7833cda61593ca92,Orange,2,מושלמ,perfetto (m.),,0,100,solid_base_candidate,citizen_cafe_source_lineage|verified_tabular,clean_structural_candidate,src_d7fddee260215496
cclex_f8994b594fa47665,Orange,2,מושלמת,perfetta (f.),,0,100,solid_base_candidate,citizen_cafe_source_lineage|verified_tabular,clean_structural_candidate,src_bfbcd8bcbec60b52
cclex_36511d3b180a19dd,Orange,2,הלוואי,magari / se solo...,,0,100,solid_base_candidate,citizen_cafe_source_lineage|verified_tabular,clean_structural_candidate,src_95b51b248299ffea
cclex_408ab6cca1d25cb9,Orange,2,לקנות,comprare,,0,100,solid_base_candidate,citizen_cafe_source_lineage|verified_tabular,clean_structural_candidate,src_64367346211a4fcd
cclex_ccc21241113815d8,Orange,2,לשתות,bere,,1,100,solid_base_candidate,citizen_cafe_source_lineage|streetwise_context_match|verified_tabular,clean_structural_candidate,src_5f806df74ab35212
cclex_d1b8ddbf5ffe4afc,Orange,2,לראות,vedere,,0,100,solid_base_candidate,citizen_cafe_source_lineage|verified_tabular,clean_structural_candidate,src_8d66dca79706c1aa
cclex_490b39da0a14a2a5,Orange,2,לעשות,fare,,0,100,solid_base_candidate,citizen_cafe_source_lineage|verified_tabular,clean_structural_candidate,src_61bde7f8d7dc0eca
cclex_2fe782d9b43f0470,Orange,2,להיות,essere,,0,100,solid_base_candidate,citizen_cafe_source_lineage|verified_tabular,clean_structural_candidate,src_48f8c12b9abaf124
cclex_a095994e42a64572,Orange,2,לרצות,volere,,0,100,solid_base_candidate,citizen_cafe_source_lineage|verified_tabular,clean_structural_candidate,src_d4c34f1a29177f8b
cclex_08b0d3e3de129bc5,Orange,2,הבוקר,questa mattina,,0,100,solid_base_candidate,citizen_cafe_source_lineage|verified_tabular,clean_structural_candidate,src_d518155c539024b5
cclex_6132e66c1c98bed1,Orange,2,"כש, ...כש",quando (non interrogativo),,0,100,solid_base_candidate,citizen_cafe_source_lineage|verified_tabular,clean_structural_candidate,src_fa4ab4d95a46f2b0
cclex_521c2f0f120804c4,Orange,2,לעלות ל....,salire,,0,100,solid_base_candidate,citizen_cafe_source_lineage|verified_tabular,clean_structural_candidate,src_7c6fcf27450433ea
cclex_13e7e52e99280758,Orange,2,עולה,"salire (presente, f. sing.)",,0,100,solid_base_candidate,citizen_cafe_source_lineage|verified_tabular,clean_structural_candidate,src_f0434107014d6ba2
cclex_6f36e5f7e9f06897,Orange,2,עולים,"salire (presente, m. pl.)",,0,100,solid_base_candidate,citizen_cafe_source_lineage|verified_tabular,clean_structural_candidate,src_9a7f00f437339360
cclex_ccea8c85107244de,Orange,2,עולות,"salire (presente, f. pl.)",,0,100,solid_base_candidate,citizen_cafe_source_lineage|verified_tabular,clean_structural_candidate,src_a77385ef94cbf02a
cclex_7d1c90f339978efd,Orange,2,קומה,piano (di un edificio),,0,100,solid_base_candidate,citizen_cafe_source_lineage|verified_tabular,clean_structural_candidate,src_13378f8a7c45f549
cclex_6377b65b089b0ab3,Orange,2,סיוט,incubo,,2,100,solid_base_candidate,citizen_cafe_source_lineage|streetwise_context_match|verified_tabular,clean_structural_candidate,src_1ef4a3b773d0f923
cclex_36de222bb3634187,Orange,2,"מקרר, מקר ר",frigorifero,,0,100,solid_base_candidate,citizen_cafe_source_lineage|verified_tabular,clean_structural_candidate,src_a1751101d299c60f
cclex_fea7c3cdde42aa98,Orange,2,מזג אוויר,tempo / meteo,,3,100,solid_base_candidate,citizen_cafe_source_lineage|streetwise_context_match|verified_tabular,clean_structural_candidate,src_e437caedb3954463
cclex_9732220cebd65146,Orange,2,פקק,ingorgo / tappo / collo di bottiglia,,0,100,solid_base_candidate,citizen_cafe_source_lineage|verified_tabular,clean_structural_candidate,src_8651796615661ed4
cclex_0c885fcbf3394c3b,Orange,2,פקקים,ingorghi / tappi / colli di bottiglia,,0,100,solid_base_candidate,citizen_cafe_source_lineage|verified_tabular,clean_structural_candidate,src_83388fa97512ed54
cclex_db7e141412068fa1,Orange,2,בגלל זה,ecco perché / per questo,,1,100,solid_base_candidate,citizen_cafe_source_lineage|streetwise_context_match|verified_tabular,clean_structural_candidate,src_1d7bb57fdaf14198
cclex_93a8655baf181de1,Orange,2,מצחיק,divertente,,0,100,solid_base_candidate,citizen_cafe_source_lineage|verified_tabular,clean_structural_candidate,src_e61a2fcbe9699b3f
cclex_49de537dca2fa171,Orange,2,מעניין,interessante,,1,100,solid_base_candidate,citizen_cafe_source_lineage|streetwise_context_match|verified_tabular,clean_structural_candidate,src_6a15bff1e14682aa
cclex_1e3c4bd4c00be921,Orange,2,"הייתי, היית י",io - passato di essere,,0,100,solid_base_candidate,citizen_cafe_source_lineage|verified_tabular,clean_structural_candidate,src_ef7ca75927c0c1d2
cclex_74bf7617452ac51e,Orange,2,היינו,noi - passato di essere,,0,100,solid_base_candidate,citizen_cafe_source_lineage|verified_tabular,clean_structural_candidate,src_5bfc6f687d41e4ab
cclex_f15930b266bac9a1,Orange,2,"ראיתי, ראית י",io - passato di vedere,,0,100,solid_base_candidate,citizen_cafe_source_lineage|verified_tabular,clean_structural_candidate,src_1b02c3ae4c819bc6
cclex_ad78a2c085e2557f,Orange,2,ראה,lui - passato di vedere,,0,100,solid_base_candidate,citizen_cafe_source_lineage|verified_tabular,clean_structural_candidate,src_190848f60a021c4e
cclex_49441ddb399691ed,Orange,2,ראינו,noi - passato di vedere,,0,100,solid_base_candidate,citizen_cafe_source_lineage|verified_tabular,clean_structural_candidate,src_41b85506ce36b224
cclex_c47a9d90bbf2e832,Orange,2,"קניתי, קנית י",io - passato di comprare,,0,100,solid_base_candidate,citizen_cafe_source_lineage|verified_tabular,clean_structural_candidate,src_fe21b6f5641aeb23
cclex_6ade9a64d67568fe,Orange,2,קנה,lui - passato di comprare,,0,100,solid_base_candidate,citizen_cafe_source_lineage|verified_tabular,clean_structural_candidate,src_0eb43be7adf8bcd8
cclex_02fb7f3dd9b3a0c2,Orange,2,קנינו,noi - passato di comprare,,0,100,solid_base_candidate,citizen_cafe_source_lineage|verified_tabular,clean_structural_candidate,src_ebb54f732146ebf8
cclex_876d4ef1e58bb29e,Orange,2,אני עשיתי,io - passato di fare / io - passato di fare,,0,100,solid_base_candidate,citizen_cafe_source_lineage|verified_tabular,clean_structural_candidate,src_1be0b0141ad9445f
cclex_db7f2c0cb9132bad,Orange,2,אתה עשית,tu/voi - passato di fare / tu/voi - passato di fare (masc sing),,0,92,solid_base_candidate,citizen_cafe_source_lineage|verified_tabular,many_translation_alternatives,src_11199ad05cd54875
cclex_f15f707a36adbebf,Orange,2,את עשית,tu/voi - passato di fare / tu/voi - passato di fare (fem sing),,0,92,solid_base_candidate,citizen_cafe_source_lineage|verified_tabular,many_translation_alternatives,src_9f0fcbff9b7be30a
cclex_3f7cafb7fe565415,Orange,2,הוא עשה,lui - passato di fare / lui - passato di fare,,3,100,solid_base_candidate,citizen_cafe_source_lineage|streetwise_context_match|verified_tabular,clean_structural_candidate,src_46e506d075de8978
cclex_654fdf34ca31c3ab,Orange,2,היא עשתה,lei - passato di fare / lei - passato di fare,,1,100,solid_base_candidate,citizen_cafe_source_lineage|streetwise_context_match|verified_tabular,clean_structural_candidate,src_03bad2f0e5b9dba0
cclex_5ff2fa3513fdd97d,Orange,2,אנחנו עשינו,noi - passato di fare / noi - passato di fare,,0,100,solid_base_candidate,citizen_cafe_source_lineage|verified_tabular,clean_structural_candidate,src_3b52bb34e800b39a
cclex_0420ba9aea913307,Orange,2,הן עשו/הם,loro - passato di fare / loro - passato di fare,,0,100,solid_base_candidate,citizen_cafe_source_lineage|verified_tabular,clean_structural_candidate,src_f4922969a7215bc5
cclex_a75786dea7a060f5,Orange,2,יכול להיות,può essere,,1,100,solid_base_candidate,citizen_cafe_source_lineage|streetwise_context_match|verified_tabular,clean_structural_candidate,src_1b8aa0379a8a91ed
cclex_c288dda9b4c819a4,Orange,2,לא יכול להיות,non può essere,,0,100,solid_base_candidate,citizen_cafe_source_lineage|verified_tabular,clean_structural_candidate,src_836923f2bb592096
cclex_13a7abdd73936859,Orange,2,חולה,malato,,0,100,solid_base_candidate,citizen_cafe_source_lineage|verified_tabular,clean_structural_candidate,src_faf82c6c4ac86d01
cclex_f7256aa64ee687fb,Orange,2,משהו כשה,qualcosa del genere,,0,100,solid_base_candidate,citizen_cafe_source_lineage|verified_tabular,clean_structural_candidate,src_8615e6b7a54058f4
cclex_91be2abf64301113,Orange,2,אני הייתי צריך,avevo bisogno / dovevo (m.),,0,100,solid_base_candidate,citizen_cafe_source_lineage|verified_tabular,clean_structural_candidate,src_424c51043e60958b
cclex_e2856913a6c3948d,Orange,2,אני הייתי צריכה,avevo bisogno / dovevo (f.),,0,100,solid_base_candidate,citizen_cafe_source_lineage|verified_tabular,clean_structural_candidate,src_464a2d6f99ae0ccc
cclex_0e251bd2fafd2c90,Orange,2,אתה היית צריך,avevi bisogno / dovevi (m.),,0,100,solid_base_candidate,citizen_cafe_source_lineage|verified_tabular,clean_structural_candidate,src_ec999d13ebf567b7
cclex_046311bd44ebd5a0,Orange,2,את היית צריכה,avevi bisogno / dovevi (f.),,0,100,solid_base_candidate,citizen_cafe_source_lineage|verified_tabular,clean_structural_candidate,src_ce19e66639068c3b
cclex_6a97dccac30c38ad,Orange,2,הוא היה צריך,aveva bisogno / doveva,,0,100,solid_base_candidate,citizen_cafe_source_lineage|verified_tabular,clean_structural_candidate,src_31160309c0628cde
cclex_bfc4ab5a17cbf0b9,Orange,2,היא היתה צריכה,aveva bisogno / doveva,,0,100,solid_base_candidate,citizen_cafe_source_lineage|verified_tabular,clean_structural_candidate,src_8266efae1c06ebd9
cclex_b9a0afa1800aea75,Orange,2,אנחנו היינו צריכים,avevamo bisogno / dovevamo (m.),,0,100,solid_base_candidate,citizen_cafe_source_lineage|verified_tabular,clean_structural_candidate,src_7cab9ea4d5d9f420
cclex_e0305162747794da,Orange,2,אנחנו היינו צריכות,avevamo bisogno / dovevamo (f.),,0,100,solid_base_candidate,citizen_cafe_source_lineage|verified_tabular,clean_structural_candidate,src_c95b35a2ec271374
cclex_5fb774392eab35a3,Orange,2,אתם הייתם צריכים,avevate bisogno / dovevate (m. pl.),,0,100,solid_base_candidate,citizen_cafe_source_lineage|verified_tabular,clean_structural_candidate,src_6c692350599e688f
cclex_dcfd7a3db4bb7e8e,Orange,2,אתן הייתן צריכות,avevate bisogno / dovevate (f. pl.),,0,100,solid_base_candidate,citizen_cafe_source_lineage|verified_tabular,clean_structural_candidate,src_a63c43c7831b7312
cclex_afbc21308b0413bb,Orange,2,הם היו צריכים,avevano bisogno / dovevano (m.),,0,100,solid_base_candidate,citizen_cafe_source_lineage|verified_tabular,clean_structural_candidate,src_41a8840f2e533aad
cclex_e17a27f88ea97354,Orange,2,הן היו צריכןת,avevano bisogno / dovevano (f.),,0,100,solid_base_candidate,citizen_cafe_source_lineage|verified_tabular,clean_structural_candidate,src_7c31cd3bd84ed44d
cclex_bcac3dd146aad5d6,Orange,2,"ארוכות, ארוכים, ארוכה, ארוך",lungo,,0,100,solid_base_candidate,citizen_cafe_source_lineage|verified_tabular,clean_structural_candidate,src_bcebff4cf230b6d5
cclex_f42d4228786d97c0,Orange,2,"קצרות, קצרים, קצרה, קצר",corto / breve,,0,100,solid_base_candidate,citizen_cafe_source_lineage|verified_tabular,clean_structural_candidate,src_4e11977dfab9caf9
cclex_19c8a355598c39d8,Orange,2,להתקשר,telefonare / chiamare,,1,100,solid_base_candidate,citizen_cafe_source_lineage|streetwise_context_match|verified_tabular,clean_structural_candidate,src_8681f757bfff4169
cclex_84a556e65ba97c87,Orange,2,"מיוחדות, מיוחדים, מיוחדת, מיוחד",speciale,,0,100,solid_base_candidate,citizen_cafe_source_lineage|verified_tabular,clean_structural_candidate,src_e35e3114d0ff1bfe
cclex_7db52a6b0fa30b1c,Orange,2,קיץ,estate,,0,100,solid_base_candidate,citizen_cafe_source_lineage|verified_tabular,clean_structural_candidate,src_6bb9570dfa35e58a
cclex_762a09ae345bc144,Orange,2,חורף,inverno,,0,100,solid_base_candidate,citizen_cafe_source_lineage|verified_tabular,clean_structural_candidate,src_a549e5fc579b79e5
cclex_796c23ad7915a6d2,Orange,2,אביב,primavera,,0,100,solid_base_candidate,citizen_cafe_source_lineage|verified_tabular,clean_structural_candidate,src_66fe65c55734e278
cclex_4cadd7bcc1a11c7f,Orange,2,מתכשר,telefonare / chiamare (masch. sing.),,0,100,solid_base_candidate,citizen_cafe_source_lineage|verified_tabular,clean_structural_candidate,src_548e0dbc66a3a833
cclex_0757467af77b4112,Orange,2,מתקשרת,telefonare / chiamare (femm. sing.),,0,100,solid_base_candidate,citizen_cafe_source_lineage|verified_tabular,clean_structural_candidate,src_507e487051c23c69
cclex_8610689490574e60,Orange,2,מתקשרים,telefonare / chiamare (pl. masc.),,0,100,solid_base_candidate,citizen_cafe_source_lineage|verified_tabular,clean_structural_candidate,src_5226a82d2c3c2e4a
cclex_ac3368b6b4525e94,Orange,2,מתקשרות,telefonare / chiamare (femm. pl.),,0,100,solid_base_candidate,citizen_cafe_source_lineage|verified_tabular,clean_structural_candidate,src_663b3994d15d7404
cclex_59e5a49cd8caaca3,Orange,2,אני התקשרתי,io - passato di telefonare / chiamare,,0,100,solid_base_candidate,citizen_cafe_source_lineage|verified_tabular,clean_structural_candidate,src_47a7b796927fb642
cclex_3e2040c4e8eae046,Orange,2,הוא התקשר,lui - passato di telefonare / chiamare,,0,100,solid_base_candidate,citizen_cafe_source_lineage|verified_tabular,clean_structural_candidate,src_995b8406a6ec1147
cclex_b4d49b446439a148,Orange,2,היא התקשרה,lei - passato di telefonare / chiamare,,0,100,solid_base_candidate,citizen_cafe_source_lineage|verified_tabular,clean_structural_candidate,src_19abd3d121e5f560
cclex_0c381bbf829a2192,Orange,2,אנחנו התקשרנו,noi - passato di telefonare / chiamare,,0,100,solid_base_candidate,citizen_cafe_source_lineage|verified_tabular,clean_structural_candidate,src_ec5c4ba9e9d755a5
cclex_294e19fe65043f04,Orange,2,הם התקשרו,loro (m.) - passato di telefonare / chiamare,,0,100,solid_base_candidate,citizen_cafe_source_lineage|verified_tabular,clean_structural_candidate,src_89443b4f5c35d499
cclex_6b8fde14c4aa3cbb,Orange,2,הן התקשרו,loro (f.) - passato di telefonare / chiamare,,0,100,solid_base_candidate,citizen_cafe_source_lineage|verified_tabular,clean_structural_candidate,src_d8a29db75ff71e63
cclex_cb4463e0f69b797c,Orange,2,להשתמש ב...,usare,,0,100,solid_base_candidate,citizen_cafe_source_lineage|verified_tabular,clean_structural_candidate,src_d0a2ebfa9e4efeb3
cclex_e445f7cdc789e15c,Orange,2,להשתמש,usare,,0,100,solid_base_candidate,citizen_cafe_source_lineage|verified_tabular,clean_structural_candidate,src_ba26f579c8d02efd
cclex_2f88300805c6e02b,Orange,2,שכחתי,io - passato di dimenticare,,0,100,solid_base_candidate,citizen_cafe_source_lineage|verified_tabular,clean_structural_candidate,src_6f4d48b9a1df9547
cclex_41b685091d3bfde2,Orange,2,שיעורים,lezioni,,0,100,solid_base_candidate,citizen_cafe_source_lineage|verified_tabular,clean_structural_candidate,src_1be767ac29835323
cclex_821482667f9705b5,Orange,2,להיות צודק,avere ragione,,0,100,solid_base_candidate,citizen_cafe_source_lineage|verified_tabular,clean_structural_candidate,src_701ab70c8ca3f226
cclex_a9da18cdc9e733ad,Orange,2,אני דיברתי,io - passato di parlare,,0,100,solid_base_candidate,citizen_cafe_source_lineage|verified_tabular,clean_structural_candidate,src_6e5eaca9b0abb6b7
cclex_dc3fed610dd5883b,Orange,2,אתה דיברת,tu/voi - passato di parlare (m.),,0,100,solid_base_candidate,citizen_cafe_source_lineage|verified_tabular,clean_structural_candidate,src_de3d20a2b4e836cd
cclex_a599b0ff2ca321b3,Orange,2,את דיברת,tu/voi - passato di parlare (f.),,0,100,solid_base_candidate,citizen_cafe_source_lineage|verified_tabular,clean_structural_candidate,src_4d1526b8f81eaef9
cclex_86abc8284e0ad31d,Orange,2,הוא דיבר,lui - passato di parlare,,1,100,solid_base_candidate,citizen_cafe_source_lineage|streetwise_context_match|verified_tabular,clean_structural_candidate,src_fb6d582a201f6b0c
cclex_9617fa554e5226c8,Orange,2,היא דיברה,lei - passato di parlare,,0,100,solid_base_candidate,citizen_cafe_source_lineage|verified_tabular,clean_structural_candidate,src_ba6b37ca1faacd5e
cclex_0ddd6630c8abd9d9,Orange,2,אנחנו דיברנו,noi - passato di parlare,,0,100,solid_base_candidate,citizen_cafe_source_lineage|verified_tabular,clean_structural_candidate,src_b5962523e353c56c
cclex_9bf2ea00ee8f4093,Orange,2,אתם דברתם,tu/voi - passato di parlare (m. pl.),,0,100,solid_base_candidate,citizen_cafe_source_lineage|verified_tabular,clean_structural_candidate,src_244cc8083ee8247a
cclex_518d208831a9bbd4,Orange,2,אתן דברתן,tu/voi - passato di parlare (f. pl.),,0,100,solid_base_candidate,citizen_cafe_source_lineage|verified_tabular,clean_structural_candidate,src_38834ea41d59a30e
cclex_22ca0ba490aa45a6,Orange,2,הם דיברו,loro - passato di parlare (m.),,0,100,solid_base_candidate,citizen_cafe_source_lineage|verified_tabular,clean_structural_candidate,src_991728122d54183a
cclex_2280526fe3878088,Orange,2,הן דיברו,loro - passato di parlare (f.),,0,100,solid_base_candidate,citizen_cafe_source_lineage|verified_tabular,clean_structural_candidate,src_a71ecd3276aa755a
cclex_04a0869939e64302,Orange,2,אניקיבלת י,io - passato di ricevere,,0,100,solid_base_candidate,citizen_cafe_source_lineage|verified_tabular,clean_structural_candidate,src_c4da14113a82e26e
cclex_63d87a4478c971ae,Orange,2,את הקיבלת,"tu/voi - passato di ricevere (m., sing.)",,0,100,solid_base_candidate,citizen_cafe_source_lineage|verified_tabular,clean_structural_candidate,src_ab0e36a097c2f1d0
cclex_cfce1ca4fe89fc4a,Orange,2,אתקיבלת,"tu/voi - passato di ricevere (f., sing.)",,0,100,solid_base_candidate,citizen_cafe_source_lineage|verified_tabular,clean_structural_candidate,src_beecf810bbe8d835
cclex_92347679eda11a44,Orange,2,הואקיבל,lui - passato di ricevere,,0,100,solid_base_candidate,citizen_cafe_source_lineage|verified_tabular,clean_structural_candidate,src_6e2d4bdbb13d4965
cclex_caf7b966645566b3,Orange,2,היאקיבלה,lei - passato di ricevere,,0,100,solid_base_candidate,citizen_cafe_source_lineage|verified_tabular,clean_structural_candidate,src_062bbdbded71ff59
cclex_6a4c6fd609a21dc7,Orange,2,אנחנוקיבלנו,noi - passato di ricevere,,0,100,solid_base_candidate,citizen_cafe_source_lineage|verified_tabular,clean_structural_candidate,src_1e5c504934db995f
cclex_074224fab7c32a9f,Orange,2,את םקיבלת ם,"tu/voi - passato di ricevere (m., pl.)",,0,100,solid_base_candidate,citizen_cafe_source_lineage|verified_tabular,clean_structural_candidate,src_ea27d56c1769e21c
cclex_3136bf62a074c078,Orange,2,את ןקיבלת ן,"tu/voi - passato di ricevere (f., pl.)",,0,100,solid_base_candidate,citizen_cafe_source_lineage|verified_tabular,clean_structural_candidate,src_6a45b3f2c1479176
cclex_54d93787bafb822c,Orange,2,הםקיבלו,loro - passato di ricevere,,0,100,solid_base_candidate,citizen_cafe_source_lineage|verified_tabular,clean_structural_candidate,src_66c7f3fbb349cf3c
cclex_cecb86de53f42d43,Orange,2,אניסיימת י,io - passato di finire,,0,100,solid_base_candidate,citizen_cafe_source_lineage|verified_tabular,clean_structural_candidate,src_d9e78abecf962034
cclex_9ee1ff9f701c5334,Orange,2,את הסיימת,"tu/voi - passato di finire (m., sing.)",,0,100,solid_base_candidate,citizen_cafe_source_lineage|verified_tabular,clean_structural_candidate,src_00e71d7c4a65d2d5
cclex_636ab9ec9fe53912,Orange,2,אתסיימת,"tu/voi - passato di finire (f., sing.)",,0,100,solid_base_candidate,citizen_cafe_source_lineage|verified_tabular,clean_structural_candidate,src_6e4fc09039d4d197
cclex_4e126ea05a4dca77,Orange,2,הואסיים,lui - passato di finire,,0,100,solid_base_candidate,citizen_cafe_source_lineage|verified_tabular,clean_structural_candidate,src_ae8a233e633c76db
cclex_db9a1b7a13433d95,Orange,2,היאסיימה,lei - passato di finire,,0,100,solid_base_candidate,citizen_cafe_source_lineage|verified_tabular,clean_structural_candidate,src_d3396d54be5443bf
cclex_a950087f175916fb,Orange,2,אנחנוסיימנו,noi - passato di finire,,0,100,solid_base_candidate,citizen_cafe_source_lineage|verified_tabular,clean_structural_candidate,src_c2621433408f1d0c
cclex_bf9609002ad158be,Orange,2,את םסיימת ם,"tu/voi - passato di finire (m., pl.)",,0,100,solid_base_candidate,citizen_cafe_source_lineage|verified_tabular,clean_structural_candidate,src_ec985ff9c4b4ae8d
cclex_7d24124039e1e928,Orange,2,את ןסיימת ן,"tu/voi - passato di finire (f., pl.)",,0,100,solid_base_candidate,citizen_cafe_source_lineage|verified_tabular,clean_structural_candidate,src_325650a80aa415af
cclex_21f1f31c5b236103,Orange,2,ןסיימו/הם,loro - passato di finire,,0,100,solid_base_candidate,citizen_cafe_source_lineage|verified_tabular,clean_structural_candidate,src_97be78527e55a16d
cclex_2ceed0d7bd968853,Orange,2,לסיים,finire,,2,100,solid_base_candidate,citizen_cafe_source_lineage|streetwise_context_match|verified_tabular,clean_structural_candidate,src_8344c8f81189f2fb
cclex_af53cba0d16a4aa0,Orange,2,לבשל,cucinare,,1,100,solid_base_candidate,citizen_cafe_source_lineage|streetwise_context_match|verified_tabular,clean_structural_candidate,src_009d21ebd87beed7
cclex_fbeee42e0d18a979,Orange,2,אניבישלת י,io - passato di cucinare,,0,100,solid_base_candidate,citizen_cafe_source_lineage|verified_tabular,clean_structural_candidate,src_593de512be5572e8
cclex_efe65fcc91954e47,Orange,2,את הבישלת,"tu/voi - presente di cucinare (m., sing.)",,0,100,solid_base_candidate,citizen_cafe_source_lineage|verified_tabular,clean_structural_candidate,src_4b8d103dda8f1f90
cclex_56dba062ecfb8c95,Orange,2,אתבישלת,"tu/voi - presente di cucinare (f., sing.)",,0,100,solid_base_candidate,citizen_cafe_source_lineage|verified_tabular,clean_structural_candidate,src_428423e623d574fe
cclex_48f2536da0523028,Orange,2,הואבישל,lui - passato di cucinare,,0,100,solid_base_candidate,citizen_cafe_source_lineage|verified_tabular,clean_structural_candidate,src_2f0da83a85071916
cclex_ebfa2c0bf1bd5575,Orange,2,היאבישלה,lei - passato di cucinare,,0,100,solid_base_candidate,citizen_cafe_source_lineage|verified_tabular,clean_structural_candidate,src_e0eecf1bfac7157a
cclex_efc99e10fe6e7a0f,Orange,2,אנחנובישלנו,noi - passato di cucinare,,0,100,solid_base_candidate,citizen_cafe_source_lineage|verified_tabular,clean_structural_candidate,src_34a113063208d6bf
cclex_402c8b0bc49b827d,Orange,2,את םבישלת ם,"tu/voi - presente di cucinare (m., pl.)",,0,100,solid_base_candidate,citizen_cafe_source_lineage|verified_tabular,clean_structural_candidate,src_9c45e016cbda8507
cclex_a3ea46f1cddfa4b0,Orange,2,את ןבישלת ן,"tu/voi - presente di cucinare (f., pl.)",,0,100,solid_base_candidate,citizen_cafe_source_lineage|verified_tabular,clean_structural_candidate,src_1d64f508d3041c6f
cclex_e6f5fe1e4c7f20c5,Orange,2,ןבישלו/הם,loro - passato di cucinare,,0,100,solid_base_candidate,citizen_cafe_source_lineage|verified_tabular,clean_structural_candidate,src_923383765d8ae1b9
cclex_74166568f6cbe77f,Orange,2,ארוחתבוקר,colazione,,0,100,solid_base_candidate,citizen_cafe_source_lineage|verified_tabular,clean_structural_candidate,src_9e37fcfbe67c07c8
cclex_72c6699ac1752cb3,Orange,2,חוד ש,mese,,0,100,solid_base_candidate,citizen_cafe_source_lineage|verified_tabular,clean_structural_candidate,src_1b7d4efaf1750544
cclex_01b581f8bb7dd59e,Orange,2,שעת יים,due ore,,0,100,solid_base_candidate,citizen_cafe_source_lineage|verified_tabular,clean_structural_candidate,src_8510b28af5ddae72
cclex_ce7d7f6224a22278,Orange,2,משעמם,noioso,,0,100,solid_base_candidate,citizen_cafe_source_lineage|verified_tabular,clean_structural_candidate,src_c075b11d2a05f731
cclex_169e5067d0afe9a8,Orange,2,בדרך כל,di solito,,0,100,solid_base_candidate,citizen_cafe_review_zip|citizen_cafe_source_lineage,clean_structural_candidate,src_87820b0d4bcb2939
cclex_34fbc54ad581719b,Orange,2,שותה שותה,bevendo / che beve m f,,0,100,solid_base_candidate,citizen_cafe_review_zip|citizen_cafe_source_lineage,clean_structural_candidate,src_56c3f36647c6e819
cclex_e37a93bf7cebecd4,Orange,2,עדיין,ancora,,0,100,solid_base_candidate,citizen_cafe_review_zip|citizen_cafe_source_lineage,clean_structural_candidate,src_e7c8ef272a32349e
cclex_5b733624c9c56a4f,Orange,2,איפה,dove?,,1,100,solid_base_candidate,citizen_cafe_review_zip|citizen_cafe_source_lineage|streetwise_context_match,clean_structural_candidate,src_5cb179beebfd583b
cclex_83fd41dc8d9f0b0d,Orange,2,אוכל,cibo,,1,100,solid_base_candidate,citizen_cafe_review_zip|citizen_cafe_source_lineage|streetwise_context_match,clean_structural_candidate,src_5ad1c2962cee1ab4
cclex_edcdf086bd204de7,Orange,2,איתו,con lui,,0,100,solid_base_candidate,citizen_cafe_review_zip|citizen_cafe_source_lineage,clean_structural_candidate,src_3e298db35f4d1a91
cclex_827bd6e2b6b84d34,Orange,2,לסגור א ת,chiudere,,0,100,solid_base_candidate,citizen_cafe_review_zip|citizen_cafe_source_lineage,clean_structural_candidate,src_64f9d2a32effe4a1
cclex_8f3a8a129cc4c13a,Orange,2,דלת,porta,,0,100,solid_base_candidate,citizen_cafe_review_zip|citizen_cafe_source_lineage,clean_structural_candidate,src_db6ce8662a459785
cclex_a5ba5cb07fea93e7,Orange,2,חתול,maschile / uomo cat m,,0,100,solid_base_candidate,citizen_cafe_review_zip|citizen_cafe_source_lineage,clean_structural_candidate,src_b8f71f2eba2b3632
cclex_69952437e48871ab,Orange,2,חתולה,femminile / donna cat f,,0,100,solid_base_candidate,citizen_cafe_review_zip|citizen_cafe_source_lineage,clean_structural_candidate,src_b8c37d4d8d9d91b5
cclex_646af77686b6b9fd,Orange,2,צהריים,mezzogiorno / primo pomeriggio / ora di pranzo,,0,100,solid_base_candidate,citizen_cafe_review_zip|citizen_cafe_source_lineage,clean_structural_candidate,src_7b78167add9f1a10
cclex_46b3df1e5a39a418,Orange,2,מאה,cento,,0,100,solid_base_candidate,citizen_cafe_review_zip|citizen_cafe_source_lineage,clean_structural_candidate,src_76aa21ba4bddab0b
cclex_1c6af91f2529a1cd,Orange,2,עוד פעם,ancora / un'altra volta,,1,100,solid_base_candidate,citizen_cafe_review_zip|citizen_cafe_source_lineage|streetwise_context_match,clean_structural_candidate,src_80a58d87fd0cab66
cclex_27d417415de67910,Orange,2,ספה,divano,,0,100,solid_base_candidate,citizen_cafe_review_zip|citizen_cafe_source_lineage,clean_structural_candidate,src_13d4aa9184e26e0b
cclex_1b4fc4cc203b068b,Orange,2,בשבוע,una settimana,,0,100,solid_base_candidate,citizen_cafe_review_zip|citizen_cafe_source_lineage,clean_structural_candidate,src_4eb412b8c427fd24
cclex_aa0b532663a40123,Orange,2,על הספה,sul divano,,3,100,solid_base_candidate,citizen_cafe_review_zip|citizen_cafe_source_lineage|streetwise_context_match,clean_structural_candidate,src_a6a8888dde8699f0
cclex_53f0a8358b1d796b,Orange,2,אין לי מוש ג,non ne ho idea,,0,100,solid_base_candidate,citizen_cafe_review_zip|citizen_cafe_source_lineage,clean_structural_candidate,src_2b2fd0ff68bf2485
cclex_21bf99199c6141cf,Orange,2,לא כל כך,non così tanto,,1,100,solid_base_candidate,citizen_cafe_review_zip|citizen_cafe_source_lineage|streetwise_context_match,clean_structural_candidate,src_1576a71a9851153b
cclex_90d0c13fa973d3e3,Orange,2,פירות,frutta,,0,100,solid_base_candidate,citizen_cafe_review_zip|citizen_cafe_source_lineage,clean_structural_candidate,src_61a429c9d9650a29
cclex_1483d2eca2958a9f,Orange,2,סלון,soggiorno / salotto,,0,100,solid_base_candidate,citizen_cafe_review_zip|citizen_cafe_source_lineage,clean_structural_candidate,src_4cb477a57a4ece12
cclex_75bdf942952052be,Orange,2,פר י,fruit singolare,,0,100,solid_base_candidate,citizen_cafe_review_zip|citizen_cafe_source_lineage,clean_structural_candidate,src_41f69d719bd76f5b
cclex_0a65c45850894b5b,Orange,2,כ י,because,,0,100,solid_base_candidate,citizen_cafe_review_zip|citizen_cafe_source_lineage,clean_structural_candidate,src_a7466c9671655615
cclex_9cc71c0b8259a19f,Orange,2,הוא אוהב קפה,lui likes caffè,,0,100,solid_base_candidate,citizen_cafe_review_zip|citizen_cafe_source_lineage,clean_structural_candidate,src_0b0d0f13596bba2a
cclex_2f80e8530f730278,Orange,2,הוא אוהב א ת ב יונסה,lui likes beyonce,,0,100,solid_base_candidate,citizen_cafe_review_zip|citizen_cafe_source_lineage,clean_structural_candidate,src_391c0c82610aeade
cclex_804c3c154fa899c5,Orange,2,יחד,insieme,,0,100,solid_base_candidate,citizen_cafe_review_zip|citizen_cafe_source_lineage,clean_structural_candidate,src_25e0c9becf95d5e6
cclex_a57538d423628d8c,Orange,2,בשוק,shocked in shock,,0,100,solid_base_candidate,citizen_cafe_review_zip|citizen_cafe_source_lineage,clean_structural_candidate,src_11804b1dfb2033c1
cclex_e93b412765f60ce6,Orange,2,ב ב ית,at casa,,0,100,solid_base_candidate,citizen_cafe_review_zip|citizen_cafe_source_lineage,clean_structural_candidate,src_61f7345a8ff8ebd0
cclex_5b150a0b460be49a,Orange,2,לא יד עת י,io didn t sapere / conoscere,,0,100,solid_base_candidate,citizen_cafe_review_zip|citizen_cafe_source_lineage,clean_structural_candidate,src_e88e00c4881608c0
cclex_9f90e8597423f568,Orange,2,א דם,rosso,,0,100,solid_base_candidate,citizen_cafe_review_zip|citizen_cafe_source_lineage,clean_structural_candidate,src_ece1cecc637cf342
cclex_185f748ce80c64e1,Orange,2,כחל,blue,,0,100,solid_base_candidate,citizen_cafe_review_zip|citizen_cafe_source_lineage,clean_structural_candidate,src_8a2e1d26cf46b32f
cclex_89023ac2b2f85997,Orange,2,ירק,green,,1,100,solid_base_candidate,citizen_cafe_review_zip|citizen_cafe_source_lineage|streetwise_context_match,clean_structural_candidate,src_11ee72356f4520b5
cclex_9711c251c0a6acad,Orange,2,צהב,yellow,,0,100,solid_base_candidate,citizen_cafe_review_zip|citizen_cafe_source_lineage,clean_structural_candidate,src_c4735f102017f0cb
cclex_d85c2aa620fa3b4f,Orange,2,לב ן,bianco,,0,100,solid_base_candidate,citizen_cafe_review_zip|citizen_cafe_source_lineage,clean_structural_candidate,src_09d92225e4c3b557
cclex_fc66c1f9625d9b75,Orange,2,ש חר,black,,0,100,solid_base_candidate,citizen_cafe_review_zip|citizen_cafe_source_lineage,clean_structural_candidate,src_6c67318a0ae13883
cclex_e700a9f0c75ddf43,Orange,2,ס גל,purple,,0,100,solid_base_candidate,citizen_cafe_review_zip|citizen_cafe_source_lineage,clean_structural_candidate,src_f0dc1d5688b51850
cclex_524833331f06f4f5,Orange,2,ורד,pink,,0,100,solid_base_candidate,citizen_cafe_review_zip|citizen_cafe_source_lineage,clean_structural_candidate,src_0d1c1573f31d4d3c
cclex_9bb3d4d96b1b4cf7,Orange,2,חום,brown,,1,100,solid_base_candidate,citizen_cafe_review_zip|citizen_cafe_source_lineage|streetwise_context_match,clean_structural_candidate,src_9beaeae83474fe36
cclex_caaaafa96fa24e4a,Orange,2,א פר,grey,,0,100,solid_base_candidate,citizen_cafe_review_zip|citizen_cafe_source_lineage,clean_structural_candidate,src_03057a41838432a6
cclex_9b689460a2149e7d,Orange,2,ת כלת,luce blue,,0,100,solid_base_candidate,citizen_cafe_review_zip|citizen_cafe_source_lineage,clean_structural_candidate,src_56ec50f9fa1b2fa2
cclex_9d0a1d9a10e9b603,Orange,2,וא ז,and then,,0,100,solid_base_candidate,citizen_cafe_review_zip|citizen_cafe_source_lineage,clean_structural_candidate,src_eebfdbde98ec8b7f
cclex_597f5a610fa49d11,Orange,2,אני ב ב ית,io m casa,,0,100,solid_base_candidate,citizen_cafe_review_zip|citizen_cafe_source_lineage,clean_structural_candidate,src_d2f8eb7b1759edf6
cclex_d89036a42e389664,Orange,2,הוא הולך,lui goes (forme del presente),,0,100,solid_base_candidate,citizen_cafe_review_zip|citizen_cafe_source_lineage,clean_structural_candidate,src_da13e1ae67cf0bed
cclex_43a9813e30b8b27a,Pink,3,מתי שאתה רוצה מתי שאת רוצה,quando vuoi,,0,100,solid_base_candidate,citizen_cafe_review_zip|citizen_cafe_source_lineage,clean_structural_candidate,src_18976cc3fd4f23d3
cclex_5259c3fe6c399177,Pink,3,איפה שאתה רוצה איפה ש א ת רוצה,dove vuoi,,0,100,solid_base_candidate,citizen_cafe_review_zip|citizen_cafe_source_lineage,clean_structural_candidate,src_03f9e03214f9e0bc
cclex_10f6a5352a38ec68,Pink,3,כמה שאתה רוצה כמה ש א ת רוצה,quanto vuoi,,0,100,solid_base_candidate,citizen_cafe_review_zip|citizen_cafe_source_lineage,clean_structural_candidate,src_c7ba56a5446529b2
cclex_802d4058e3b00b8d,Pink,3,את מי שאתה רוצה את מי שאת רוצה,chi vuoi / chiunque tu voglia,,0,100,solid_base_candidate,citizen_cafe_review_zip|citizen_cafe_source_lineage,clean_structural_candidate,src_cbd193a63267a7b9
cclex_394b8ff287484bb9,Pink,3,בפנים,dentro,,1,100,solid_base_candidate,citizen_cafe_review_zip|citizen_cafe_source_lineage|streetwise_context_match,clean_structural_candidate,src_37e65eb9e4eeab37
cclex_ed0714477d8edb46,Pink,3,בחוץ,fuori,,1,100,solid_base_candidate,citizen_cafe_review_zip|citizen_cafe_source_lineage|streetwise_context_match,clean_structural_candidate,src_3f5bd2ed2e2f68f6
cclex_7b78505b6429dca3,Pink,3,לשלם על,pagare,,0,100,solid_base_candidate,citizen_cafe_review_zip|citizen_cafe_source_lineage,clean_structural_candidate,src_2e92551222c528d0
cclex_d6bb78c4a99b3bc6,Pink,3,משלם מ שלםת מ שלם ים מ שלםות,pagare (forme del presente),,0,100,solid_base_candidate,citizen_cafe_review_zip|citizen_cafe_source_lineage,clean_structural_candidate,src_3b8264214ac93ef1
cclex_e4aa1c51f4eb30a4,Pink,3,שלם ת י שלם ת שלם ת ש לם שלםה / שלם נו שלם ת ם שלם ת ן שלםו,paid,,0,100,solid_base_candidate,citizen_cafe_review_zip|citizen_cafe_source_lineage,clean_structural_candidate,src_a710efdfd7a5fc13
cclex_0685f5c0a973e202,Pink,3,לוק,ci vuole / richiede tempo,,0,100,solid_base_candidate,citizen_cafe_review_zip|citizen_cafe_source_lineage,clean_structural_candidate,src_9bc315cbae251c3f
cclex_cb51c2ee0cc26aac,Pink,3,זמן זה לוק כמה,quanto tempo ci vuole?,,0,100,solid_base_candidate,citizen_cafe_review_zip|citizen_cafe_source_lineage,clean_structural_candidate,src_7c61456b96798d18
cclex_51f406e536bfbef5,Pink,3,כמהזמן לוקח ללמוד ע בר ית,quanto tempo ci vuole per studiare?,,0,100,solid_base_candidate,citizen_cafe_review_zip|citizen_cafe_source_lineage,clean_structural_candidate,src_67d7c55b4c61524a
cclex_688d4da2de17cc24,Pink,3,ג גות ז,tetto / massimo,,0,100,solid_base_candidate,citizen_cafe_review_zip|citizen_cafe_source_lineage,clean_structural_candidate,src_1927c9626b8de6d0
cclex_46a2548392cb72ca,Pink,3,לקרוא את קור א קור את קור א ים קור אות,leggere,,0,100,solid_base_candidate,citizen_cafe_review_zip|citizen_cafe_source_lineage,clean_structural_candidate,src_576e0a014b6a2f47
cclex_eb177204805f0e24,Pink,3,יום יומיים ימ ים ז,"giorno, due giorni, giorni",,0,100,solid_base_candidate,citizen_cafe_review_zip|citizen_cafe_source_lineage,clean_structural_candidate,src_e70b6c918cee1f94
cclex_49d319ca5908fa00,Pink,3,שבוע שבועיים ש בועות ז,"settimana, due settimane, settimane",,0,100,solid_base_candidate,citizen_cafe_review_zip|citizen_cafe_source_lineage,clean_structural_candidate,src_5da6fa7fcd87ce4d
cclex_e2ac21f4a5991c95,Pink,3,חודש חודש יים חודש ים ז,"mese, due mesi, mesi",,0,100,solid_base_candidate,citizen_cafe_review_zip|citizen_cafe_source_lineage,clean_structural_candidate,src_47bb7658daafb459
cclex_87e2429e1b6c16ee,Pink,3,אופניים ז,bicyle,,0,100,solid_base_candidate,citizen_cafe_review_zip|citizen_cafe_source_lineage,clean_structural_candidate,src_fd936e1dff03bcb2
cclex_934b2bac83a67449,Pink,3,לדבר,parlare (infinito),,1,100,solid_base_candidate,citizen_cafe_review_zip|citizen_cafe_source_lineage|streetwise_context_match,clean_structural_candidate,src_ff4ad692f7cb7510
cclex_e928961d60a37370,Pink,3,מדבר מדבר ת מדב ר ים מדב רות,parlare (forme del presente),,0,100,solid_base_candidate,citizen_cafe_review_zip|citizen_cafe_source_lineage,clean_structural_candidate,src_9a75523d5a9ccee0
cclex_61e6a83d16a2bf08,Pink,3,ד בר ת י ד בר ת ד בר ת ד בר ד ב ר ה / ד בר נו ד בר ת ם ד בר ת ן ד ב רו,spoke,,0,100,solid_base_candidate,citizen_cafe_review_zip|citizen_cafe_source_lineage,clean_structural_candidate,src_f338a40717b0738a
cclex_0564f988eb24c6be,Pink,3,מקבל מקבלת מ קב לים מ קב לות,ricevere / ottenere (presente),,0,100,solid_base_candidate,citizen_cafe_review_zip|citizen_cafe_source_lineage,clean_structural_candidate,src_50c623d8eb2de313
cclex_b3a40ac7e0b4f4e6,Pink,3,קבלת י קבלת קבלת קבל קב לה / קבלנו קבלת ם קבלת ן קב לו,ricevuto / ottenuto,,0,100,solid_base_candidate,citizen_cafe_review_zip|citizen_cafe_source_lineage,clean_structural_candidate,src_a3068d230470a372
cclex_e0c70cfc39859016,Pink,3,פר ח פר ח ים ז,fiore / fiori,,0,100,solid_base_candidate,citizen_cafe_review_zip|citizen_cafe_source_lineage,clean_structural_candidate,src_5ae0476b3e93baf8
cclex_439d3c0e42a4e580,Pink,3,ברצינות,seriamente,,0,100,solid_base_candidate,citizen_cafe_review_zip|citizen_cafe_source_lineage,clean_structural_candidate,src_ca1339145bce408e
cclex_95f05db824c5bc34,Pink,3,אני דיברתי,io - passato di parlare,,0,100,solid_base_candidate,citizen_cafe_review_zip|citizen_cafe_source_lineage,clean_structural_candidate,src_3a53e364f5cfa670
cclex_1c25a704e1b00ea2,Pink,3,לפחות,almeno,,0,100,solid_base_candidate,citizen_cafe_review_zip|citizen_cafe_source_lineage,clean_structural_candidate,src_2e18d9bdbc497bef
cclex_30c8216cda0c5454,Pink,3,תשובה תשובות נ,risposta,,0,100,solid_base_candidate,citizen_cafe_review_zip|citizen_cafe_source_lineage,clean_structural_candidate,src_e0e7a3c42a67fe32
cclex_7348426b435a09fd,Pink,3,ש פה ש פות,lingua,,0,100,solid_base_candidate,citizen_cafe_review_zip|citizen_cafe_source_lineage,clean_structural_candidate,src_3d4c66151456dbfb
cclex_00905dc8ab5432b5,Pink,3,לסים,finire,,0,100,solid_base_candidate,citizen_cafe_review_zip|citizen_cafe_source_lineage,clean_structural_candidate,src_ea190cb81c70e4df
cclex_4b47c457b4b84c7d,Pink,3,מסיים מסימת מסיימ ים מסיימות,finire (forme del presente),,0,100,solid_base_candidate,citizen_cafe_review_zip|citizen_cafe_source_lineage,clean_structural_candidate,src_81e672288b2d9728
cclex_e0b994b57480a44f,Pink,3,ס ימ ת י ס ימ ת ס ימ ת ס ים ס ימה / ס ימ נו ס ימ ת ם ס ימ ת ן ס ימו,finished,,0,100,solid_base_candidate,citizen_cafe_review_zip|citizen_cafe_source_lineage,clean_structural_candidate,src_bf83aef2ab3a6f63
cclex_8ea781a91fe736c0,Pink,3,לבשל,cucinare,,1,100,solid_base_candidate,citizen_cafe_review_zip|citizen_cafe_source_lineage|streetwise_context_match,clean_structural_candidate,src_6c092684ebb2f525
cclex_3f0ebe27dcd20510,Pink,3,מבש ל מבש לת מבש לים מבש לות,cucinare (forme del presente),,0,100,solid_base_candidate,citizen_cafe_review_zip|citizen_cafe_source_lineage,clean_structural_candidate,src_4412adf56e7722bb
cclex_89942c43be61e2da,Pink,3,ב ש לת י ב ש לת ב ש לת ב ש ל ב ש לה / ב ש לנו ב ש לת ם ב ש לת ן ב ש לו,cooked,,0,100,solid_base_candidate,citizen_cafe_review_zip|citizen_cafe_source_lineage,clean_structural_candidate,src_fb2812943d5b6023
cclex_a0facc51fbfac6f8,Pink,3,פתאום,all'improvviso,,1,100,solid_base_candidate,citizen_cafe_review_zip|citizen_cafe_source_lineage|streetwise_context_match,clean_structural_candidate,src_859cef5447bb5584
cclex_1c2fec23ebc16cb7,Pink,3,מר ק מר קים ז,zuppa / minestra,,0,100,solid_base_candidate,citizen_cafe_review_zip|citizen_cafe_source_lineage,clean_structural_candidate,src_7e4482debd92f075
cclex_8864be10893b5f05,Pink,3,גם אני לא,neanch'io,,1,100,solid_base_candidate,citizen_cafe_review_zip|citizen_cafe_source_lineage|streetwise_context_match,clean_structural_candidate,src_102f0fec86964be5
cclex_5e9a58ec89f0f9f4,Pink,3,בבוקר עד בלילה,dalle 7:00 alle 22:00,,0,100,solid_base_candidate,citizen_cafe_review_zip|citizen_cafe_source_lineage,clean_structural_candidate,src_70e228a05483ca70
cclex_ca536bf99fcc0bd2,Pink,3,ספר ד,Spagna,,0,100,solid_base_candidate,citizen_cafe_review_zip|citizen_cafe_source_lineage,clean_structural_candidate,src_e9e957016f964fec
cclex_9f04fcb1c3d6864c,Pink,3,ספר ד ית,spagnolo,,0,100,solid_base_candidate,citizen_cafe_review_zip|citizen_cafe_source_lineage,clean_structural_candidate,src_0871c755c0e581f0
cclex_cd3f67ab7f332ce1,Pink,3,צרפת,Francia,,0,100,solid_base_candidate,citizen_cafe_review_zip|citizen_cafe_source_lineage,clean_structural_candidate,src_2c57d62193a2962b
cclex_1c3c12d192742143,Pink,3,צרפת ית,francese,,0,100,solid_base_candidate,citizen_cafe_review_zip|citizen_cafe_source_lineage,clean_structural_candidate,src_1c61dc744c2cfcc7
cclex_d027b507e5c4d4e5,Pink,3,קורקינט קורקינט ים ז,monopattino / scooter,,0,100,solid_base_candidate,citizen_cafe_review_zip|citizen_cafe_source_lineage,clean_structural_candidate,src_17712c35a93e9c29
cclex_6260fa5c9029c3be,Pink,3,מת נה מת נות נ,regalo,,0,100,solid_base_candidate,citizen_cafe_review_zip|citizen_cafe_source_lineage,clean_structural_candidate,src_9a2e33d9ec429bf4
cclex_5fb1e74290947d7a,Pink,3,הבנת י,ho capito,,0,100,solid_base_candidate,citizen_cafe_review_zip|citizen_cafe_source_lineage,clean_structural_candidate,src_38e8acebab56e44f
cclex_fa23efb65262cdf1,Pink,3,מוזר מוזר ה מוזר ים מוזרות,strano / bizzarro,,0,100,solid_base_candidate,citizen_cafe_review_zip|citizen_cafe_source_lineage,clean_structural_candidate,src_f12d464b2022bf08
cclex_85bd10916f9f294f,Pink,3,אוזניות,auricolari,,0,100,solid_base_candidate,citizen_cafe_review_zip|citizen_cafe_source_lineage,clean_structural_candidate,src_7e60543f89733a19
cclex_eafbfcff1091c358,Pink,3,שעת יים,due ore,,0,100,solid_base_candidate,citizen_cafe_review_zip|citizen_cafe_source_lineage,clean_structural_candidate,src_ff0d95dbec40ef86
cclex_8d09fcc8167216df,Pink,3,לא פות,cuocere al forno,,0,100,solid_base_candidate,citizen_cafe_review_zip|citizen_cafe_source_lineage,clean_structural_candidate,src_3c3213cd8946f244
cclex_97d59a62d422b42a,Pink,3,אופה אופה אופ ים אופות,cuocere al forno (forme del presente),,0,100,solid_base_candidate,citizen_cafe_review_zip|citizen_cafe_source_lineage,clean_structural_candidate,src_817926312adf23a3
cclex_84b5a4d13e282d5d,Pink,3,א פ ית י א פ ית א פ ית א פה א פ ת ה / א פ ינו אפ ית ם אפ ית ן א פו,baked,,0,100,solid_base_candidate,citizen_cafe_review_zip|citizen_cafe_source_lineage,clean_structural_candidate,src_05685066c45d0673
cclex_405b16c18e0369b4,Pink,3,לקחת,prendere (infinito),,0,100,solid_base_candidate,citizen_cafe_review_zip|citizen_cafe_source_lineage,clean_structural_candidate,src_a05564ffa00791af
cclex_13b36cc721807560,Pink,3,לוקח לוקחת לוקח ים לוקחות,prendere (forme del presente),,0,100,solid_base_candidate,citizen_cafe_review_zip|citizen_cafe_source_lineage,clean_structural_candidate,src_36e72ca428606c68
cclex_67327967a1b17d03,Pink,3,לקח ת י לקח ת לקח ת לקח לקחה / לקח נו לקח ת ם לקח ת ן לקחו,took,,0,100,solid_base_candidate,citizen_cafe_review_zip|citizen_cafe_source_lineage,clean_structural_candidate,src_cae0d07a07a58579
cclex_df8610ef275a3501,Pink,3,לש בת או לקחת,qui o da portare via?,,0,100,solid_base_candidate,citizen_cafe_review_zip|citizen_cafe_source_lineage,clean_structural_candidate,src_c0e6637d3f227cf4
cclex_c0e364243e2d3c5c,Pink,3,הפסקה הפסקות נ,pausa,,0,100,solid_base_candidate,citizen_cafe_review_zip|citizen_cafe_source_lineage,clean_structural_candidate,src_d0b4bd5d064b0b09
cclex_0e46ec4925411901,Pink,3,מיוחד מיוחדת מיוחד ים מיוחדות,speciale / unico,,0,100,solid_base_candidate,citizen_cafe_review_zip|citizen_cafe_source_lineage,clean_structural_candidate,src_285130e27ebf451e
cclex_3dd396dee0cef98f,Pink,3,שום דבר מיוחד,niente di speciale,,0,100,solid_base_candidate,citizen_cafe_review_zip|citizen_cafe_source_lineage,clean_structural_candidate,src_43cae432b0a27f3d
cclex_756f5d18abb75eb0,Pink,3,למצוא א ת מוצא מוצא ת מוצא ים מוצאות,trovare,,0,100,solid_base_candidate,citizen_cafe_review_zip|citizen_cafe_source_lineage,clean_structural_candidate,src_7cd784fc4d808557
cclex_029369b5cce1ba2d,Pink,3,לומר,dire / raccontare,,0,100,solid_base_candidate,citizen_cafe_review_zip|citizen_cafe_source_lineage,clean_structural_candidate,src_890fcc53f0a6158a
cclex_022a82a5fef58a11,Pink,3,אומר אומר ת אומר ים אומרות,dire dire / raccontare (forme del presente),,0,100,solid_base_candidate,citizen_cafe_review_zip|citizen_cafe_source_lineage,clean_structural_candidate,src_a25ff770636d9e85
cclex_0c7d63be5258ff51,Pink,3,א מר ת י א מר ת א מר ת א מר א מ ר ה / א מר נו אמר ת ם אמר ת ן א מ רו,told,,0,100,solid_base_candidate,citizen_cafe_review_zip|citizen_cafe_source_lineage,clean_structural_candidate,src_db19455c31192b00
cclex_0f11e2999d3ca141,Pink,3,מילה מ ילים נ,parola / parole,,0,100,solid_base_candidate,citizen_cafe_review_zip|citizen_cafe_source_lineage,clean_structural_candidate,src_092d0615365d955b
cclex_8be6678222a36e81,Pink,3,ס רטון ס רטונים ז,video / filmato,,0,100,solid_base_candidate,citizen_cafe_review_zip|citizen_cafe_source_lineage,clean_structural_candidate,src_9c0841d737dd9985
cclex_76f740d7eb2f678d,Pink,3,מ שקפיים ז,occhiali,,0,100,solid_base_candidate,citizen_cafe_review_zip|citizen_cafe_source_lineage,clean_structural_candidate,src_cf92321626cc0f7b
cclex_4a550cabda77bf87,Pink,3,מא חור י,dietro,,0,100,solid_base_candidate,citizen_cafe_review_zip|citizen_cafe_source_lineage,clean_structural_candidate,src_0f76f53a5af18480
cclex_fb75424591367113,Pink,3,ספה ספות נ,divano,,0,100,solid_base_candidate,citizen_cafe_review_zip|citizen_cafe_source_lineage,clean_structural_candidate,src_cc4d749bb9d172e4
cclex_0f1b311058c5cc65,Pink,3,א רנק א רנקים ז,portafoglio,,0,100,solid_base_candidate,citizen_cafe_review_zip|citizen_cafe_source_lineage,clean_structural_candidate,src_01ca2b59c2eabbca
cclex_cb4a52d6fc3fdde8,Pink,3,מצב ז,situazione,,0,100,solid_base_candidate,citizen_cafe_review_zip|citizen_cafe_source_lineage,clean_structural_candidate,src_e3087c6886ce9d19
cclex_540298f375effefd,Pink,3,יש מצב,può essere / è possibile / forse,,4,100,solid_base_candidate,citizen_cafe_review_zip|citizen_cafe_source_lineage|streetwise_context_match,clean_structural_candidate,src_37b772c66c8b4556
cclex_b80d4d192cecd357,Pink,3,אין מצב,non può essere / è impossibile / non c'è possibilità,,2,100,solid_base_candidate,citizen_cafe_review_zip|citizen_cafe_source_lineage|streetwise_context_match,clean_structural_candidate,src_ea8a0348b9034230
cclex_04d2d50e1ff8bea3,Pink,3,מונית מוניות נ,taxi,,0,100,solid_base_candidate,citizen_cafe_review_zip|citizen_cafe_source_lineage,clean_structural_candidate,src_b9e70122f5ed2aa1
cclex_a796705c9794757b,Pink,3,ש רות ים,bagni / servizi,,0,100,solid_base_candidate,citizen_cafe_review_zip|citizen_cafe_source_lineage,clean_structural_candidate,src_36cef96b51ce6ea8
cclex_213310a25789d643,Pink,3,מפ ת ח מפת חות נ,chiave / chiavi,,0,100,solid_base_candidate,citizen_cafe_review_zip|citizen_cafe_source_lineage,clean_structural_candidate,src_ee78246a8717dc72
cclex_90110e95e338fbe9,Pink,3,מחבר ת מחברות נ,quaderno/i,,0,100,solid_base_candidate,citizen_cafe_review_zip|citizen_cafe_source_lineage,clean_structural_candidate,src_7a346c7aff11bf99
cclex_195d18b4ff3848f9,Pink,3,לקרוא א ת קור א קור א ת קורא ים קוראות,leggere,,0,100,solid_base_candidate,citizen_cafe_review_zip|citizen_cafe_source_lineage,clean_structural_candidate,src_347ed42573b642b8
cclex_3a466a647195a2c4,Pink,3,אמת,verità,,0,100,solid_base_candidate,citizen_cafe_review_zip|citizen_cafe_source_lineage,clean_structural_candidate,src_aa817d996210cc27
cclex_c2421f92b4246dfd,Pink,3,שקר,bugia / menzogna,,0,100,solid_base_candidate,citizen_cafe_review_zip|citizen_cafe_source_lineage,clean_structural_candidate,src_659b126cfb7f93dd
cclex_b1fa50be9857a0a6,Pink,3,צודק צודקת צודקים צודקות,giusto / corretto,,0,100,solid_base_candidate,citizen_cafe_review_zip|citizen_cafe_source_lineage,clean_structural_candidate,src_816b9e6b75f8a73f
cclex_ad399c422edd4ee2,Pink,3,מאוחר,tardi / in ritardo,,1,100,solid_base_candidate,citizen_cafe_review_zip|citizen_cafe_source_lineage|streetwise_context_match,clean_structural_candidate,src_295cd3762c5e8d3c
cclex_2dea091095ca4eeb,Pink,3,מאוחר מ די,troppo tardi,,0,100,solid_base_candidate,citizen_cafe_review_zip|citizen_cafe_source_lineage,clean_structural_candidate,src_bddaf0360fc7916b
cclex_29a6add74d9a1e7b,Pink,3,זה מאוחר מ די,è troppo tardi,,0,100,solid_base_candidate,citizen_cafe_review_zip|citizen_cafe_source_lineage,clean_structural_candidate,src_816fda6cb5d31a8a
cclex_45bd0e3b5dfa45da,Pink,3,מוקדם,presto,,0,100,solid_base_candidate,citizen_cafe_review_zip|citizen_cafe_source_lineage,clean_structural_candidate,src_0232cae882232bdc
cclex_63c6f5785d9e9561,Pink,3,חתונה חתונות נ,matrimonio,,0,100,solid_base_candidate,citizen_cafe_review_zip|citizen_cafe_source_lineage,clean_structural_candidate,src_83439ef487a5d3e6
cclex_95e753ed47a0911e,Yellow,4,זה הגיוני,ha senso,,1,100,solid_base_candidate,citizen_cafe_review_zip|citizen_cafe_source_lineage|streetwise_context_match,clean_structural_candidate,src_42ea9cc4b9ef6f67
cclex_e5b7fb2486be4751,Yellow,4,כולל,incluso; compreso,,0,100,solid_base_candidate,citizen_cafe_review_zip|citizen_cafe_source_lineage,clean_structural_candidate,src_5b1489486eb04a12
cclex_18e1666ab59ed622,Yellow,4,"סופ""ש",fine settimana / weekend,,1,100,solid_base_candidate,citizen_cafe_review_zip|citizen_cafe_source_lineage|streetwise_context_match,clean_structural_candidate,src_ffdc9d278ab0000e
cclex_c47ba559a32bb563,Yellow,4,"אני עובד כל יום כל היום כוללל סופ""ש","lavoro ogni giorno, tutto il giorno, incluso il weekend",,0,100,solid_base_candidate,citizen_cafe_review_zip|citizen_cafe_source_lineage,clean_structural_candidate,src_ffe854c6ee6f8f5d
cclex_01790f4b7daf1013,Yellow,4,היא מזמ ינה הפוך,ordina un cappuccino,,0,100,solid_base_candidate,citizen_cafe_review_zip|citizen_cafe_source_lineage,clean_structural_candidate,src_5f39658e24f90da6
cclex_68faad8a94bbb8cf,Yellow,4,להדליק,accendere,,1,100,solid_base_candidate,citizen_cafe_review_zip|citizen_cafe_source_lineage|streetwise_context_match,clean_structural_candidate,src_d1da071c23a797df
cclex_82ad9d0543b88cda,Yellow,4,מזגן,aria condizionata,,2,100,solid_base_candidate,citizen_cafe_review_zip|citizen_cafe_source_lineage|streetwise_context_match,clean_structural_candidate,src_4c68123dca5da47a
cclex_22a253be5f7e6051,Yellow,4,קר לי אתה יכולללהדליק את המזגן,"ho freddo, puoi accendere l'aria condizionata?",,0,100,solid_base_candidate,citizen_cafe_review_zip|citizen_cafe_source_lineage,clean_structural_candidate,src_64e780e13bb58853
cclex_8409675d3f9b620c,Yellow,4,אני לא מרגיש טוב,non mi sento bene,,0,100,solid_base_candidate,citizen_cafe_review_zip|citizen_cafe_source_lineage,clean_structural_candidate,src_f4f4b6a7e90b4749
cclex_7d09fd1112fdf24c,Yellow,4,היא מרגישה הרבה יות ר טוב,si sente molto meglio,,0,100,solid_base_candidate,citizen_cafe_review_zip|citizen_cafe_source_lineage,clean_structural_candidate,src_e4323fca2d6b7cd3
cclex_c4813f4e603d188e,Yellow,4,זה לא תלוי בי זה תלוי בו,"non dipende da me, dipende da lui",,0,100,solid_base_candidate,citizen_cafe_review_zip|citizen_cafe_source_lineage,clean_structural_candidate,src_5aee717ffeb7f96d
cclex_fde0a48bb6a37cdb,Yellow,4,אין לי בר יר ה,non ho scelta,,0,100,solid_base_candidate,citizen_cafe_review_zip|citizen_cafe_source_lineage,clean_structural_candidate,src_264b43ada5a2a0ff
cclex_a52b2fd852a3a588,Yellow,4,להתחיל,iniziare (infinito),,0,100,solid_base_candidate,citizen_cafe_review_zip|citizen_cafe_source_lineage,clean_structural_candidate,src_0039383ed255364a
cclex_f7643f5dc752da31,Yellow,4,מתחיל מתחילה מתחילים מתחילות,iniziare,,0,100,solid_base_candidate,citizen_cafe_review_zip|citizen_cafe_source_lineage,clean_structural_candidate,src_6da9e2ea6029f3bc
cclex_73e1f5749b9305c5,Yellow,4,עלהגי,arrivare,,0,100,solid_base_candidate,citizen_cafe_review_zip|citizen_cafe_source_lineage,clean_structural_candidate,src_062c3705918f66e3
cclex_581a04467b8177b1,Yellow,4,מגיע מגיעה מגיע ים מגיעות,arrivare m femm. plur.,,0,100,solid_base_candidate,citizen_cafe_review_zip|citizen_cafe_source_lineage,clean_structural_candidate,src_0eebbb4bf9f32751
cclex_4242680e6bdadb5f,Yellow,4,אמור אמור ה אמור ים אמורות,dovrebbe / si suppone,,0,100,solid_base_candidate,citizen_cafe_review_zip|citizen_cafe_source_lineage,clean_structural_candidate,src_40e3648bed4f0e92
cclex_25a1edfae43984ea,Yellow,4,נקודה,punto,,0,100,solid_base_candidate,citizen_cafe_review_zip|citizen_cafe_source_lineage,clean_structural_candidate,src_f5d44b6a0a1f3bb5
cclex_1b74cc54b44d3552,Yellow,4,ש פה ש פות,lingua,,0,100,solid_base_candidate,citizen_cafe_review_zip|citizen_cafe_source_lineage,clean_structural_candidate,src_ca6884fb65eefef6
cclex_1b93f9425fe080f4,Yellow,4,צמח צמח ים,pianta,,0,100,solid_base_candidate,citizen_cafe_review_zip|citizen_cafe_source_lineage,clean_structural_candidate,src_3093049638597eb6
cclex_d08a7095abdb6c74,Yellow,4,קבוצה,gruppo,,0,100,solid_base_candidate,citizen_cafe_review_zip|citizen_cafe_source_lineage,clean_structural_candidate,src_8ebefc6fff6d2d8d
cclex_a139981436816319,Yellow,4,להיות,essere,,0,100,solid_base_candidate,citizen_cafe_review_zip|citizen_cafe_source_lineage,clean_structural_candidate,src_2215641c14aa193b
cclex_0f6868001bee25fa,Yellow,4,להזמין הוא הזמין,lui invited passato tense,,0,100,solid_base_candidate,citizen_cafe_review_zip|citizen_cafe_source_lineage,clean_structural_candidate,src_373c3bb225111fcf
cclex_972b01e376ad0b03,Yellow,4,להדליק הוא הדליק,lui turned on passato tense,,0,100,solid_base_candidate,citizen_cafe_review_zip|citizen_cafe_source_lineage,clean_structural_candidate,src_e0c8e76605a41877
cclex_22b8a9b6c7a465db,Yellow,4,להמשך ממשיך ממשיכה ממשיכים ממשיכות,continuare / proseguire,,0,100,solid_base_candidate,citizen_cafe_review_zip|citizen_cafe_source_lineage,clean_structural_candidate,src_e86f7ed59796c47f
cclex_8bbcd2fa3056ef51,Yellow,4,להזכיר הוא הזכיר,lui reminded,,0,100,solid_base_candidate,citizen_cafe_review_zip|citizen_cafe_source_lineage,clean_structural_candidate,src_40323788db4ce4b1
cclex_09d89f0b418d6715,Yellow,4,זה הזכיר לי ש,mi ha ricordato che,,0,100,solid_base_candidate,citizen_cafe_review_zip|citizen_cafe_source_lineage,clean_structural_candidate,src_fa4ffdb87d6bd64c
cclex_035477d1813aad2a,Yellow,4,להסביר הוא הסביר,lui explained spiegare,,0,100,solid_base_candidate,citizen_cafe_review_zip|citizen_cafe_source_lineage,clean_structural_candidate,src_048f229ed93bf445
cclex_5ff30da3e8768e59,Yellow,4,תייר תיירים,turista / turisti,,0,100,solid_base_candidate,citizen_cafe_review_zip|citizen_cafe_source_lineage,clean_structural_candidate,src_6bb510ff83c3e156
cclex_b3e25ced92a7f175,Yellow,4,מה לעשות,che fare?,,6,100,solid_base_candidate,citizen_cafe_review_zip|citizen_cafe_source_lineage|streetwise_context_match,clean_structural_candidate,src_d9671fa5e1bfa8ab
cclex_1a489926c558c1c4,Yellow,4,יקר,caro / costoso,,0,100,solid_base_candidate,citizen_cafe_review_zip|citizen_cafe_source_lineage,clean_structural_candidate,src_da03a3a54f0ce643
cclex_3399c2dad3ecd137,Yellow,4,בדיוק בזמן,appena in tempo / puntuale,,0,100,solid_base_candidate,citizen_cafe_review_zip|citizen_cafe_source_lineage,clean_structural_candidate,src_09cd05e3aa9677aa
cclex_8f96969504e71765,Yellow,4,שלשום,due giorni fa,,1,100,solid_base_candidate,citizen_cafe_review_zip|citizen_cafe_source_lineage|streetwise_context_match,clean_structural_candidate,src_d83650ccf3e72e6d
cclex_9cb85a81e78ca74f,Yellow,4,ברצינות,seriamente,,0,100,solid_base_candidate,citizen_cafe_review_zip|citizen_cafe_source_lineage,clean_structural_candidate,src_b9e131b335dff283
cclex_a0b8c2ca3c824e33,Yellow,4,מטור ף,pazzo / folle,,0,100,solid_base_candidate,citizen_cafe_review_zip|citizen_cafe_source_lineage,clean_structural_candidate,src_821e489f97eb6033
cclex_267fd02360686340,Yellow,4,פקק,ingorgo / tappo / collo di bottiglia,,0,100,solid_base_candidate,citizen_cafe_review_zip|citizen_cafe_source_lineage,clean_structural_candidate,src_66582b8173315bfb
cclex_82ce9829b68198d0,Yellow,4,תוכנית,piano / programma,,1,100,solid_base_candidate,citizen_cafe_review_zip|citizen_cafe_source_lineage|streetwise_context_match,clean_structural_candidate,src_d6f898323ba5a426
cclex_24bfc1f0994f0ced,Yellow,4,רעיון ר עיונות,idea / idee,,0,100,solid_base_candidate,citizen_cafe_review_zip|citizen_cafe_source_lineage,clean_structural_candidate,src_8d1bcc9cb4678cc7
cclex_9dbcf4bb3df0d2f4,Yellow,4,דיר ה,appartment,,0,100,solid_base_candidate,citizen_cafe_review_zip|citizen_cafe_source_lineage,clean_structural_candidate,src_5278ce0986263513
cclex_045ecd1c91e9f412,Yellow,4,נח לנוח,riposo / riposare,,0,100,solid_base_candidate,citizen_cafe_review_zip|citizen_cafe_source_lineage,clean_structural_candidate,src_a0894541f7141d91
cclex_1e2b2b2c59aed691,Yellow,4,עתיד,futuro,,0,100,solid_base_candidate,citizen_cafe_review_zip|citizen_cafe_source_lineage,clean_structural_candidate,src_5c2e2d2628cfaa10
cclex_44172ec93915a6f9,Yellow,4,עבר,passato,,1,100,solid_base_candidate,citizen_cafe_review_zip|citizen_cafe_source_lineage|streetwise_context_match,clean_structural_candidate,src_bbc1d0506089d62d
cclex_c2a15bf3a5b0e007,Yellow,4,הזמנתי דג,io ordered pesce,,0,100,solid_base_candidate,citizen_cafe_review_zip|citizen_cafe_source_lineage,clean_structural_candidate,src_be039e02750f09bd
cclex_c0f94166bbe7a947,Yellow,4,אתה הזמנת פסטה,tu/voi ordered pasta m,,0,100,solid_base_candidate,citizen_cafe_review_zip|citizen_cafe_source_lineage,clean_structural_candidate,src_576acf71b059af99
cclex_cd0668ce618dcf21,Yellow,4,את הזמנת מרק,tu/voi ordered zuppa / minestra f,,0,100,solid_base_candidate,citizen_cafe_review_zip|citizen_cafe_source_lineage,clean_structural_candidate,src_ead1405245f70206
cclex_7b93a77514860829,Yellow,4,הוא הזמ ין אותי,lui invited me,,0,100,solid_base_candidate,citizen_cafe_review_zip|citizen_cafe_source_lineage,clean_structural_candidate,src_860b945b96701ab8
cclex_e58e9223a74b4f46,Yellow,4,היא הזמ ינה אותנו,lei invited us,,0,100,solid_base_candidate,citizen_cafe_review_zip|citizen_cafe_source_lineage,clean_structural_candidate,src_3eaf7ac61066a54f
cclex_b2187c7e82570b18,Yellow,4,הן הרגישו טוב,loro f felt buono/bene,,0,100,solid_base_candidate,citizen_cafe_review_zip|citizen_cafe_source_lineage,clean_structural_candidate,src_242eef5ebce9acbb
cclex_6fc686762b052aad,Yellow,4,נקבה,femminile / donna,,0,100,solid_base_candidate,citizen_cafe_review_zip|citizen_cafe_source_lineage,clean_structural_candidate,src_780b704e39121010
cclex_7a93d5a91de8e419,Yellow,4,זכר,maschile / uomo,,0,100,solid_base_candidate,citizen_cafe_review_zip|citizen_cafe_source_lineage,clean_structural_candidate,src_25e3f4322ece6c60
cclex_9a813affa143c4c1,Yellow,4,לכבות משהו,spegnere qualcosa,,0,100,solid_base_candidate,citizen_cafe_review_zip|citizen_cafe_source_lineage,clean_structural_candidate,src_55ce18f88a930880
cclex_bb0aed83040d1af5,Yellow,4,אתה תעבוד,tu/voi ll lavorare,,0,100,solid_base_candidate,citizen_cafe_review_zip|citizen_cafe_source_lineage,clean_structural_candidate,src_6f592f30ea211201
cclex_00e11d2451481283,Yellow,4,אתהתקבל,tu (m.) - futuro di ricevere,,0,100,solid_base_candidate,citizen_cafe_review_zip|citizen_cafe_source_lineage,clean_structural_candidate,src_ee84c5725dcbbf96
cclex_ad3517752d264eb8,Yellow,4,אתה תשים,tu/voi ll mettere,,0,100,solid_base_candidate,citizen_cafe_review_zip|citizen_cafe_source_lineage,clean_structural_candidate,src_7df7f80289784457
cclex_29f6a3313230d73f,Yellow,4,אתהת זוז,tu (m.) - futuro di muoversi,,0,100,solid_base_candidate,citizen_cafe_review_zip|citizen_cafe_source_lineage,clean_structural_candidate,src_31753ace1af0e58b
cclex_a81a53f39f9862b5,Yellow,4,אתהתדבר,tu (m.) - futuro di parlare,,0,100,solid_base_candidate,citizen_cafe_review_zip|citizen_cafe_source_lineage,clean_structural_candidate,src_3684725ee72549e7
cclex_ab42664fa4907c2f,Yellow,4,אתה תזמין אותה,tu/voi ll invitare her,,0,100,solid_base_candidate,citizen_cafe_review_zip|citizen_cafe_source_lineage,clean_structural_candidate,src_8cd6130366e52aee
cclex_61f3e8100b133daf,Yellow,4,אתה תמשיך לעבוד,continuerai a lavorare,,0,100,solid_base_candidate,citizen_cafe_review_zip|citizen_cafe_source_lineage,clean_structural_candidate,src_d088b776e2c3d1da
cclex_8cbfd4c208d3712c,Yellow,4,אתה תתקשר לנו,tu/voi ll chiamare us,,0,100,solid_base_candidate,citizen_cafe_review_zip|citizen_cafe_source_lineage,clean_structural_candidate,src_4a2e8208055b76f1
cclex_047a820051ad34fb,Yellow,4,אתה תשתמש בי,tu/voi ll usare me,,0,100,solid_base_candidate,citizen_cafe_review_zip|citizen_cafe_source_lineage,clean_structural_candidate,src_267cc4e020d80dae
cclex_4b792ee398f8d623,Yellow,4,אתה תמיד תחשוב שאני מטור ף,tu/voi ll sempre pensare io m pazzo / folle,,0,100,solid_base_candidate,citizen_cafe_review_zip|citizen_cafe_source_lineage,clean_structural_candidate,src_9536feab237a1f62
cclex_2095790ef3fc0b6e,Yellow,4,מטור ף מטור פ ים,pazzo / folle,,0,100,solid_base_candidate,citizen_cafe_review_zip|citizen_cafe_source_lineage,clean_structural_candidate,src_f9c82b3d22cf8718
cclex_35cdb02218099b61,Yellow,4,פקק פקקים,ingorgo / traffico,,0,100,solid_base_candidate,citizen_cafe_review_zip|citizen_cafe_source_lineage,clean_structural_candidate,src_4d7a7cfa9d8f4002
cclex_a48f9661585c6c52,Yellow,4,תוכנית תוכניות,piano / programma,,0,100,solid_base_candidate,citizen_cafe_review_zip|citizen_cafe_source_lineage,clean_structural_candidate,src_16f8dd3095a02060
cclex_9cdf3bd8dbee8081,Yellow,4,לו ז לוח זמנים,orario / programma,,0,100,solid_base_candidate,citizen_cafe_review_zip|citizen_cafe_source_lineage,clean_structural_candidate,src_f8e53f580b370c39
cclex_f852949c787f7352,Yellow,4,מחיר מחיר ים,prezzo,,0,100,solid_base_candidate,citizen_cafe_review_zip|citizen_cafe_source_lineage,clean_structural_candidate,src_af3422f5bc0d0444
cclex_8e8ece88f4e38fdf,Yellow,4,דיר ה דירות,appartamento,,0,100,solid_base_candidate,citizen_cafe_review_zip|citizen_cafe_source_lineage,clean_structural_candidate,src_ff66ee96aac0d274
cclex_d663f5721c12f871,Yellow,4,לנוח,riposare,,0,100,solid_base_candidate,citizen_cafe_review_zip|citizen_cafe_source_lineage,clean_structural_candidate,src_b4eb82ad693bf256
cclex_05e1ebc0a402e34f,Yellow,4,הזמנתי הוא הזמ ין,io ordered lui ordered,,0,100,solid_base_candidate,citizen_cafe_review_zip|citizen_cafe_source_lineage,clean_structural_candidate,src_8654c24bd185ee19
cclex_3910c61b66138694,Yellow,4,מקווה מקווה,hope,,0,100,solid_base_candidate,citizen_cafe_review_zip|citizen_cafe_source_lineage,clean_structural_candidate,src_b40270513afe2120
cclex_ef18ba354f160fb5,Yellow,4,בכל מקרה,comunque,,0,100,solid_base_candidate,citizen_cafe_review_zip|citizen_cafe_source_lineage,clean_structural_candidate,src_2b93203ab0066598
cclex_c1c7fcf6f5a7d550,Yellow,4,אז בכל מקרה,so anyway,,0,100,solid_base_candidate,citizen_cafe_review_zip|citizen_cafe_source_lineage,clean_structural_candidate,src_bc9a9ff1558c5d02
cclex_03e9c4a2d52f85d8,Yellow,4,במקור,originally,,0,100,solid_base_candidate,citizen_cafe_review_zip|citizen_cafe_source_lineage,clean_structural_candidate,src_1eb0fa5503944fbf
cclex_184d89a34b0c6dbe,Yellow,4,מנה,dish course portion,,1,100,solid_base_candidate,citizen_cafe_review_zip|citizen_cafe_source_lineage|streetwise_context_match,clean_structural_candidate,src_0b12ac1d6e5fd6b6
cclex_c2ed7a6572906c68,Yellow,4,מנות,dishes courses portions,,0,100,solid_base_candidate,citizen_cafe_review_zip|citizen_cafe_source_lineage,clean_structural_candidate,src_24eeebb5dbba7277
cclex_1f14ed46cca815ed,Yellow,4,עוד מנה,another dish another course,,0,100,solid_base_candidate,citizen_cafe_review_zip|citizen_cafe_source_lineage,clean_structural_candidate,src_e50daa7c6202626c
cclex_3deb5dd9f70ebdfd,Yellow,4,אח,fratello,,0,100,solid_base_candidate,citizen_cafe_review_zip|citizen_cafe_source_lineage,clean_structural_candidate,src_cb835dd38af036d1
cclex_acb56a0f0176fbe4,Yellow,4,אחות,sorella,,0,100,solid_base_candidate,citizen_cafe_review_zip|citizen_cafe_source_lineage,clean_structural_candidate,src_d1126029dcafc949
cclex_ba1ac4820f2381e6,Yellow,4,אחיין,nipote (maschio),,0,100,solid_base_candidate,citizen_cafe_review_zip|citizen_cafe_source_lineage,clean_structural_candidate,src_9ace0411ed64bb60
cclex_dd4dd550435a7054,Yellow,4,אחיינית,nipote (femmina),,0,100,solid_base_candidate,citizen_cafe_review_zip|citizen_cafe_source_lineage,clean_structural_candidate,src_a3baffcb71368aa7
cclex_612e61bcd2613667,Yellow,4,בן דוד,cousin maschile / uomo lit son of uncle,,0,100,solid_base_candidate,citizen_cafe_review_zip|citizen_cafe_source_lineage,clean_structural_candidate,src_95ba212d27e39d03
cclex_477534c4f4a0738e,Yellow,4,בת דוד,cousin femminile / donna lit daughter of uncle,,0,100,solid_base_candidate,citizen_cafe_review_zip|citizen_cafe_source_lineage,clean_structural_candidate,src_ad29d987c867dba5
cclex_927ad172b7ad9cdd,Yellow,4,מלון,hotel / albergo,,1,100,solid_base_candidate,citizen_cafe_review_zip|citizen_cafe_source_lineage|streetwise_context_match,clean_structural_candidate,src_ec7c935d43c8b1dc
cclex_4b1383d6d732b97d,Yellow,4,שקט,silenzioso / tranquillo,,1,100,solid_base_candidate,citizen_cafe_review_zip|citizen_cafe_source_lineage|streetwise_context_match,clean_structural_candidate,src_0a05bc4b8d836f6e
cclex_ccf4a73c7e6110a0,Yellow,4,להזמין את,invitare qualcuno,,0,100,solid_base_candidate,citizen_cafe_review_zip|citizen_cafe_source_lineage,clean_structural_candidate,src_1c6811304ccc32d7
cclex_91694ea9fb1d560d,Yellow,4,מזמין את מזמינה את מזמינים את מזמינות את,invitare qualcuno (forme del presente),,0,100,solid_base_candidate,citizen_cafe_review_zip|citizen_cafe_source_lineage,clean_structural_candidate,src_fc15c7ce552f5e26
cclex_293dc48f016da9f9,Yellow,4,הוא הזמין את,ha invitato qualcuno,,0,100,solid_base_candidate,citizen_cafe_review_zip|citizen_cafe_source_lineage,clean_structural_candidate,src_b8183a887b546f0e
cclex_23da085acf7df238,Yellow,4,הוא התחיל,ha iniziato,,0,100,solid_base_candidate,citizen_cafe_review_zip|citizen_cafe_source_lineage,clean_structural_candidate,src_9cce6ab4b9122d99
cclex_7e2c9b90e8834d2d,Yellow,4,לזוז,muoversi,,0,100,solid_base_candidate,citizen_cafe_review_zip|citizen_cafe_source_lineage,clean_structural_candidate,src_07c0e309b9eb69f6
cclex_79f371685245fab0,Yellow,4,זז זזה זזים זזות,muoversi / ballare - forme del presente,,0,100,solid_base_candidate,citizen_cafe_review_zip|citizen_cafe_source_lineage,clean_structural_candidate,src_9ff4bd8a54d6c329
cclex_fb29550ed029b3d0,Light Blue,5,את תבואי למסיבה מחר,verrai alla festa domani?,,0,100,solid_base_candidate,citizen_cafe_review_zip|citizen_cafe_source_lineage,clean_structural_candidate,src_f074d7e987aeb57d
cclex_efb0555b3bc1386f,Light Blue,5,היא הייתה לחוצה,era stressata,,0,100,solid_base_candidate,citizen_cafe_review_zip|citizen_cafe_source_lineage,clean_structural_candidate,src_919ef2426f73fefd
cclex_0705873c251ab42c,Light Blue,5,אתה תעזור לי אחרי הפגישה,mi aiuterai dopo la riunione?,,0,100,solid_base_candidate,citizen_cafe_review_zip|citizen_cafe_source_lineage,clean_structural_candidate,src_968bc4ee27cc7dab
cclex_18d0a28e681805c9,Light Blue,5,עוד שנתיים או בעוד שנתיים,tra due anni,,0,100,solid_base_candidate,citizen_cafe_review_zip|citizen_cafe_source_lineage,clean_structural_candidate,src_1408ec1951310754
cclex_252ebf2e1a3bbd8d,Light Blue,5,בקיצור מתי את תתחילי,"in breve, quando inizi?",,0,100,solid_base_candidate,citizen_cafe_review_zip|citizen_cafe_source_lineage,clean_structural_candidate,src_1772f8314127f779
cclex_afbfbd705e384708,Light Blue,5,את תעזורי לא,lo aiuterai?,,0,100,solid_base_candidate,citizen_cafe_review_zip|citizen_cafe_source_lineage,clean_structural_candidate,src_8b77719a7f369a13
cclex_8972dab6878e9b92,Light Blue,5,תדליקי את האור בבקשה,per favore accendi la luce,,0,100,solid_base_candidate,citizen_cafe_review_zip|citizen_cafe_source_lineage,clean_structural_candidate,src_5d8bd654fd49f237
cclex_5946f3b11341d69f,Light Blue,5,תחזרי אליי,rispondimi / ricontattami,,1,100,solid_base_candidate,citizen_cafe_review_zip|citizen_cafe_source_lineage|streetwise_context_match,clean_structural_candidate,src_098d07820d641643
cclex_4512b16c19d5cb2b,Light Blue,5,אל תדליק את האור,non accendere la luce,,0,100,solid_base_candidate,citizen_cafe_review_zip|citizen_cafe_source_lineage,clean_structural_candidate,src_51a4e79c2b6db338
cclex_7eeee9188feffb64,Light Blue,5,אל תתקשר אליו,non chiamarlo,,0,100,solid_base_candidate,citizen_cafe_review_zip|citizen_cafe_source_lineage,clean_structural_candidate,src_45555aeb53b97a5e
cclex_d12edd34ba749878,Light Blue,5,תגידי לי למה,dimmi perché,,0,100,solid_base_candidate,citizen_cafe_review_zip|citizen_cafe_source_lineage,clean_structural_candidate,src_0e9eacfb16cb4ac7
cclex_e8fd49440325471a,Light Blue,5,תאמינו,crederete,,0,100,solid_base_candidate,citizen_cafe_review_zip|citizen_cafe_source_lineage,clean_structural_candidate,src_1a192976ca450d65
cclex_13be622495703632,Light Blue,5,תסבירו,spiegare pl,,0,100,solid_base_candidate,citizen_cafe_review_zip|citizen_cafe_source_lineage,clean_structural_candidate,src_1353afb21ca3c0af
cclex_51b4863229b9a7f1,Light Blue,5,אל תזוזו,non muovetevi,,0,100,solid_base_candidate,citizen_cafe_review_zip|citizen_cafe_source_lineage,clean_structural_candidate,src_34a5695976780874
cclex_d8326bd9e7c2494a,Light Blue,5,תגיעו,futuro arrivare tu/voi pl,,0,100,solid_base_candidate,citizen_cafe_review_zip|citizen_cafe_source_lineage,clean_structural_candidate,src_06f1943606399080
cclex_800dd01206dc7e70,Light Blue,5,אל תדליקו את האור,non accendere la luce,,0,100,solid_base_candidate,citizen_cafe_review_zip|citizen_cafe_source_lineage,clean_structural_candidate,src_b3882a88eebf80b0
cclex_7b2e63e3763e8698,Light Blue,5,איפה אתה תעבוד,dove? futuro tu/voi m lavorare,,0,100,solid_base_candidate,citizen_cafe_review_zip|citizen_cafe_source_lineage,clean_structural_candidate,src_82553d2b9f324f48
cclex_b92425f0aade2007,Light Blue,5,כאילו,like fake,,1,100,solid_base_candidate,citizen_cafe_review_zip|citizen_cafe_source_lineage|streetwise_context_match,clean_structural_candidate,src_c470faa29ab61145
cclex_97c30eab024c5f23,Light Blue,5,תגיד לי שאתה במשרד,dimmi quando sei in ufficio,,0,100,solid_base_candidate,citizen_cafe_review_zip|citizen_cafe_source_lineage,clean_structural_candidate,src_2373dedf85c2b5f0
cclex_a8d0351757ede7b2,Light Blue,5,להקשיב,ascoltare / fare attenzione (infinito),,1,100,solid_base_candidate,citizen_cafe_review_zip|citizen_cafe_source_lineage|streetwise_context_match,clean_structural_candidate,src_623b4e3dfc6660d4
cclex_aea6bd1b86c122e8,Light Blue,5,להכין,preparare (infinito),,0,100,solid_base_candidate,citizen_cafe_review_zip|citizen_cafe_source_lineage,clean_structural_candidate,src_d6bac97650714311
cclex_7988f20673dd19a4,Light Blue,5,מכן מכנה מכנים מכנות,preparare presente tense,,0,100,solid_base_candidate,citizen_cafe_review_zip|citizen_cafe_source_lineage,clean_structural_candidate,src_2c4e3031a5687607
cclex_c0395e2ff93fdca8,Light Blue,5,הואיכין,lui - futuro di preparare,,0,100,solid_base_candidate,citizen_cafe_review_zip|citizen_cafe_source_lineage,clean_structural_candidate,src_8e824a4a7294e0c7
cclex_f4159cd37ae18a2f,Light Blue,5,את תסתדרי,futuro tu/voi manage ok f,,0,100,solid_base_candidate,citizen_cafe_review_zip|citizen_cafe_source_lineage,clean_structural_candidate,src_9b3856c7930dde1d
cclex_286cbe96cbcadd30,Light Blue,5,הוא יתחיל מחר בבוקר,lui inizierà domani mattina,,0,100,solid_base_candidate,citizen_cafe_review_zip|citizen_cafe_source_lineage,clean_structural_candidate,src_71ddd17a7c6d475f
cclex_5d9f7f2213c79267,Light Blue,5,תגיד לי מי לא יבוא,dire / raccontare me chi wouldn t venire,,0,100,solid_base_candidate,citizen_cafe_review_zip|citizen_cafe_source_lineage,clean_structural_candidate,src_3503a37c3bd5b3cc
cclex_e0cf0f1f8120b220,Light Blue,5,לבטל,annullare (infinito),,0,100,solid_base_candidate,citizen_cafe_review_zip|citizen_cafe_source_lineage,clean_structural_candidate,src_11008d741e6964a4
cclex_5104b7c3eccf5140,Light Blue,5,מי יבוא,chi futuro venire,,0,100,solid_base_candidate,citizen_cafe_review_zip|citizen_cafe_source_lineage,clean_structural_candidate,src_fe4a18a505861e41
cclex_a7fc72b0806343ff,Light Blue,5,הוא ימשיך מחר בבוקר,lui continuerà domani mattina,,0,100,solid_base_candidate,citizen_cafe_review_zip|citizen_cafe_source_lineage,clean_structural_candidate,src_f85b959f7a6f1a9d
cclex_5aec01d7d5d0cc63,Light Blue,5,בקיצור מתי אתה תגיע הביתה,long story breve quando futuro tu/voi arrivare casa,,0,100,solid_base_candidate,citizen_cafe_review_zip|citizen_cafe_source_lineage,clean_structural_candidate,src_64b186e7be07a879
cclex_d3e4942a15609545,Light Blue,5,אל תגזימי,don t exaggerate feminine,,0,100,solid_base_candidate,citizen_cafe_review_zip|citizen_cafe_source_lineage,clean_structural_candidate,src_a9285a4849113ca6
cclex_f5ad2e0df38193c2,Light Blue,5,כמו,like as,,0,100,solid_base_candidate,citizen_cafe_review_zip|citizen_cafe_source_lineage,clean_structural_candidate,src_357667ae833877c3
cclex_103d5d21b220be6a,Light Blue,5,להגיד,dire / raccontare futuro o / oppure imperativo,,0,100,solid_base_candidate,citizen_cafe_review_zip|citizen_cafe_source_lineage,clean_structural_candidate,src_e616e43b65112cc5
cclex_a1671bc15819423c,Light Blue,5,סוד,segreto,,0,100,solid_base_candidate,citizen_cafe_review_zip|citizen_cafe_source_lineage,clean_structural_candidate,src_e7fbde74ff56f763
cclex_5b584cfdb8e74e81,Light Blue,5,לספר,raccontare / dire,,0,100,solid_base_candidate,citizen_cafe_review_zip|citizen_cafe_source_lineage,clean_structural_candidate,src_ae4f201cb3c8c4f4
cclex_3c9ab1f9c1b4cbf8,Light Blue,5,תגיד תגידי,dire / raccontare me maschile / uomo femminile / donna,,3,100,solid_base_candidate,citizen_cafe_review_zip|citizen_cafe_source_lineage|streetwise_context_match,many_translation_alternatives,src_9a430ea9023b00e9
cclex_2c77b95b6ac2a28e,Light Blue,5,אני מקווה שכן,io hope so,,0,100,solid_base_candidate,citizen_cafe_review_zip|citizen_cafe_source_lineage,clean_structural_candidate,src_34b9b6faf92f8ff8
cclex_2ef36b53fbd4d796,Light Blue,5,אנימקווה,io (m.) - presente di sperare,,0,100,solid_base_candidate,citizen_cafe_review_zip|citizen_cafe_source_lineage,clean_structural_candidate,src_1d2580b313c03692
cclex_2d25111a1afe0eab,Light Blue,5,נדבר,noi futuro parlare,,1,100,solid_base_candidate,citizen_cafe_review_zip|citizen_cafe_source_lineage|streetwise_context_match,clean_structural_candidate,src_74b02d7fb3fe3948
cclex_336484890772914b,Light Blue,5,אתה חושב שאנחנו נסיים בזמן,pensi che finiremo in tempo?,,0,100,solid_base_candidate,citizen_cafe_review_zip|citizen_cafe_source_lineage,clean_structural_candidate,src_d15f1a05f9516cfe
cclex_93df2720c274c9e9,Light Blue,5,אם אתה תתחיל גם היא תתחיל,"se tu inizi, anche lei inizierà",,0,100,solid_base_candidate,citizen_cafe_review_zip|citizen_cafe_source_lineage,clean_structural_candidate,src_f6ffdcf9366bf110
cclex_6e6aac7f2c5cc4c9,Light Blue,5,אם הוא ישלם גם היא תשלם,"se lui pagherà, anche lei pagherà",,0,100,solid_base_candidate,citizen_cafe_review_zip|citizen_cafe_source_lineage,clean_structural_candidate,src_8f4132b6fb150433
cclex_88816d110de5f896,Light Blue,5,הלוואי,magari / se solo...,,0,100,solid_base_candidate,citizen_cafe_review_zip|citizen_cafe_source_lineage,clean_structural_candidate,src_6093ba1746e7b047
cclex_9b7992904aabb640,Light Blue,5,מביא מביאה מביאות מביאים,bring present tense,,0,100,solid_base_candidate,citizen_cafe_review_zip|citizen_cafe_source_lineage,clean_structural_candidate,src_15fe1846636f959a
cclex_0448feb154d48b37,Light Blue,5,נקניקיה,caldo dog,,0,100,solid_base_candidate,citizen_cafe_review_zip|citizen_cafe_source_lineage,clean_structural_candidate,src_6e080b07c3ecda47
cclex_2be3b4452b52bb4a,Light Blue,5,בוא בואי בואו,venire o / oppure let s imperativo,,3,100,solid_base_candidate,citizen_cafe_review_zip|citizen_cafe_source_lineage|streetwise_context_match,clean_structural_candidate,src_797fce8866bcc39d
cclex_7abd9b2513224eb5,Light Blue,5,בואו נדבר,parliamo,,1,100,solid_base_candidate,citizen_cafe_review_zip|citizen_cafe_source_lineage|streetwise_context_match,clean_structural_candidate,src_74f53ef89600b594
cclex_a24fa4ae51c63244,Light Blue,5,בוא נתחיל,iniziamo,,0,100,solid_base_candidate,citizen_cafe_review_zip|citizen_cafe_source_lineage,clean_structural_candidate,src_df48a62d9b106eac
cclex_82eebfd5b9374615,Light Blue,5,בואי נזמין פיצה,ordiniamo una pizza,,0,100,solid_base_candidate,citizen_cafe_review_zip|citizen_cafe_source_lineage,clean_structural_candidate,src_810e16929458b15d
cclex_a60f3dacb01888d5,Blue,6,להניח,mettere; posare,,0,100,solid_base_candidate,citizen_cafe_source_lineage|citizen_cafe_text_export_import,clean_structural_candidate,src_1dec48fda5b6d6b1
cclex_38c485a1f04f6d74,Blue,6,מבצע,operazione (f.); azione (f.),,2,100,solid_base_candidate,citizen_cafe_source_lineage|citizen_cafe_text_export_import|streetwise_context_match,clean_structural_candidate,src_5b9a629a5a254768
cclex_87199b211bdeca9c,Blue,6,מבוכה,imbarazzo (m.); confusione (f.),,0,100,solid_base_candidate,citizen_cafe_source_lineage|citizen_cafe_text_export_import,clean_structural_candidate,src_a43d5242c553b7cd
cclex_49dd33f33b6fe425,Blue,6,פינוק,indulgenza (f.); gratificazione (f.),,1,100,solid_base_candidate,citizen_cafe_source_lineage|citizen_cafe_text_export_import|streetwise_context_match,clean_structural_candidate,src_62e8d7f9a993fb5d
cclex_7207733718882e98,Blue,6,לפנק,viziare / coccolare,,0,100,solid_base_candidate,citizen_cafe_source_lineage|citizen_cafe_text_export_import,clean_structural_candidate,src_e5e41b34d8ba9534
cclex_c515802683beff80,Blue,6,עומק,profondità (f.),,0,100,solid_base_candidate,citizen_cafe_source_lineage|citizen_cafe_text_export_import,clean_structural_candidate,src_00fef100cd5f5a8c
cclex_579dab68782aaaf1,Blue,6,לנחש,indovinare; supporre,,0,100,solid_base_candidate,citizen_cafe_source_lineage|citizen_cafe_text_export_import,clean_structural_candidate,src_2d2c0a42aafd3276
cclex_966f6def9a017cc2,Blue,6,לשקוע,affondare; sprofondare,,0,100,solid_base_candidate,citizen_cafe_source_lineage|citizen_cafe_text_export_import,clean_structural_candidate,src_9606ac7cacd00332
cclex_fbbece9a13b33885,Blue,6,לשלוט,controllare; dominare,,1,100,solid_base_candidate,citizen_cafe_source_lineage|citizen_cafe_text_export_import|streetwise_context_match,clean_structural_candidate,src_dd10df9ddadce358
cclex_b8445efdaf4cc587,Blue,6,להסיע,guidare qualcuno; condurre qualcuno,,0,100,solid_base_candidate,citizen_cafe_source_lineage|citizen_cafe_text_export_import,clean_structural_candidate,src_9a6f7cd09da38772
cclex_4f71d9d37774331d,Blue,6,לשאוב אבק,aspirare; pulire con l'aspirapolvere,,0,100,solid_base_candidate,citizen_cafe_source_lineage|citizen_cafe_text_export_import,clean_structural_candidate,src_548d7e9439c1a0fb
cclex_7ac4aff638cbcfd0,Blue,6,עומס,carico (m.); peso (m.),,0,100,solid_base_candidate,citizen_cafe_source_lineage|citizen_cafe_text_export_import,clean_structural_candidate,src_921254a5e550ba1a
cclex_26a1fc5d470207be,Blue,6,לארח,ospitare; alloggiare,,1,100,solid_base_candidate,citizen_cafe_source_lineage|citizen_cafe_text_export_import|streetwise_context_match,clean_structural_candidate,src_967e05ccd716e293
cclex_e4ff23581a3ec2d1,Blue,6,להתארח,essere ospitato; alloggiare,,1,100,solid_base_candidate,citizen_cafe_source_lineage|citizen_cafe_text_export_import|streetwise_context_match,clean_structural_candidate,src_a3e0497fc5305edb
cclex_d4032ae6bcc03cc1,Blue,6,לשכנע,convincere; persuadere,,0,100,solid_base_candidate,citizen_cafe_source_lineage|citizen_cafe_text_export_import,clean_structural_candidate,src_742bb72a4bf7bf62
cclex_3477b1c64e873c0c,Blue,6,בועה,bolla (f.); bollicina (f.),,0,100,solid_base_candidate,citizen_cafe_source_lineage|citizen_cafe_text_export_import,clean_structural_candidate,src_33e743e640374983
cclex_f73d4b5cff8c4899,Blue,6,להאשים,accusare; imputare,,1,100,solid_base_candidate,citizen_cafe_source_lineage|citizen_cafe_text_export_import|streetwise_context_match,clean_structural_candidate,src_438ac694b06f2df0
cclex_0bc3d296dc1a9d55,Blue,6,תמיכה,supporto (m.); sostegno (m.); appoggio (m.),,2,100,solid_base_candidate,citizen_cafe_source_lineage|citizen_cafe_text_export_import|streetwise_context_match,clean_structural_candidate,src_7f4d98e5701c99f1
cclex_9611d035316201f7,Blue,6,להחזיר,restituire; ritornare,,0,100,solid_base_candidate,citizen_cafe_source_lineage|citizen_cafe_text_export_import,clean_structural_candidate,src_e34d9b5c2abfc679
cclex_e8ea4422e81efb12,Blue,6,להסתיר,nascondere; occultare,,1,100,solid_base_candidate,citizen_cafe_source_lineage|citizen_cafe_text_export_import|streetwise_context_match,clean_structural_candidate,src_bb539f2f71c97e37
cclex_ed79858184ddcac2,Blue,6,לחשוף,rivelare; scoprire; mostrare,,1,100,solid_base_candidate,citizen_cafe_source_lineage|citizen_cafe_text_export_import|streetwise_context_match,clean_structural_candidate,src_4f500f0bb68528b1
cclex_7e3a5ada98139ad8,Blue,6,לגלות,scoprire; venire a sapere,,0,100,solid_base_candidate,citizen_cafe_source_lineage|citizen_cafe_text_export_import,clean_structural_candidate,src_16830c3922e9f182
cclex_8c42a114ed6b15eb,Blue,6,מתוח,teso; rigido; tensione (f.),,0,100,solid_base_candidate,citizen_cafe_source_lineage|citizen_cafe_text_export_import,clean_structural_candidate,src_ac9c97dd85326e4e
cclex_630ebf700d34f799,Blue,6,להעיף,sbarazzarsi di qualcosa; liberarsi,,0,100,solid_base_candidate,citizen_cafe_source_lineage|citizen_cafe_text_export_import,clean_structural_candidate,src_fc90608a7ae3b6d6
cclex_8e2aef0168e19be8,Blue,6,מהפיכה,rivoluzione (f.); sovvertimento (m.),,0,100,solid_base_candidate,citizen_cafe_source_lineage|citizen_cafe_text_export_import,clean_structural_candidate,src_388b826e3ce95ca6
cclex_b68c319184eb363c,Blue,6,ארנק,portafoglio (m.); borsellino (m.),,0,100,solid_base_candidate,citizen_cafe_source_lineage|citizen_cafe_text_export_import,clean_structural_candidate,src_22e2dc17fc5d16b7
cclex_fafa46c07f9526c6,Blue,6,להתעלם,ignorare; non prestare attenzione,,0,100,solid_base_candidate,citizen_cafe_source_lineage|citizen_cafe_text_export_import,clean_structural_candidate,src_166fa64b25462690
cclex_1df9542be12be45c,Blue,6,נעלם,scomparso; sparito,,2,100,solid_base_candidate,citizen_cafe_source_lineage|citizen_cafe_text_export_import|streetwise_context_match,clean_structural_candidate,src_920a6137e84c43ea
cclex_8e01602471c7b6ac,Blue,6,לוודא,assicurarsi; controllare; verificare,,0,100,solid_base_candidate,citizen_cafe_source_lineage|citizen_cafe_text_export_import,clean_structural_candidate,src_08788203dd7ea9e1
cclex_876c8f8b2228f1fd,Blue,6,להמציא,inventare; creare,,1,100,solid_base_candidate,citizen_cafe_source_lineage|citizen_cafe_text_export_import|streetwise_context_match,clean_structural_candidate,src_4093847f0f420bb9
cclex_2798b34b8920bbbe,Blue,6,תקציב,bilancio (m.); budget (m.),,0,100,solid_base_candidate,citizen_cafe_source_lineage|citizen_cafe_text_export_import,clean_structural_candidate,src_5ffcdd7fe056afef
cclex_9b2e3221ea53bfa8,Blue,6,לבכות,gridare; piangere,,1,100,solid_base_candidate,citizen_cafe_source_lineage|citizen_cafe_text_export_import|streetwise_context_match,clean_structural_candidate,src_487a15455d5cc028
cclex_36c91d7c5035fb4f,Blue,6,בוגד,imbroglione (m.); truffatore (m.),,0,100,solid_base_candidate,citizen_cafe_source_lineage|citizen_cafe_text_export_import,clean_structural_candidate,src_f731592e73e5740b
cclex_f2fdab3f7e868c39,Blue,6,לבהות,fissare; guardare intensamente,,0,100,solid_base_candidate,citizen_cafe_source_lineage|citizen_cafe_text_export_import,clean_structural_candidate,src_1154842ba8958d98
cclex_962b172f4df785d9,Blue,6,להזיע,sudare; trasudare,,0,100,solid_base_candidate,citizen_cafe_source_lineage|citizen_cafe_text_export_import,clean_structural_candidate,src_b1d9a2c149dac0bc
cclex_02ffb324d58095dc,Blue,6,ליתר בטחון,stare al sicuro; non correre rischi,,0,100,solid_base_candidate,citizen_cafe_source_lineage|citizen_cafe_text_export_import,clean_structural_candidate,src_f65a5ded7c508154
cclex_f81be636c2930d1b,Blue,6,להרים,sollevare; alzare; innalzare,,0,100,solid_base_candidate,citizen_cafe_source_lineage|citizen_cafe_text_export_import,clean_structural_candidate,src_c501459188a20878
cclex_fb9804d48e4d7b1b,Blue,6,להתחלק,condividere; dividere,,0,100,solid_base_candidate,citizen_cafe_source_lineage|citizen_cafe_text_export_import,clean_structural_candidate,src_831e6aea438dd54d
cclex_50113d28b1fe257b,Blue,6,פנים מול פנים,faccia a faccia; vis-à-vis,,0,100,solid_base_candidate,citizen_cafe_source_lineage|citizen_cafe_text_export_import,clean_structural_candidate,src_5b8b67cfea379ebd
cclex_ea4840e2e2c07a17,Blue,6,בניגוד ל,in contrasto a; a differenza di,,1,100,solid_base_candidate,citizen_cafe_source_lineage|citizen_cafe_text_export_import|streetwise_context_match,clean_structural_candidate,src_55d795336796205b
cclex_d9f2675f4911a129,Blue,6,לשרת,servire; offrire,,1,100,solid_base_candidate,citizen_cafe_source_lineage|citizen_cafe_text_export_import|streetwise_context_match,clean_structural_candidate,src_5c1dbf398361f2c1
cclex_0562199ba3d801c2,Blue,6,ערום,nudo; completamente nudo,,0,100,solid_base_candidate,citizen_cafe_source_lineage|citizen_cafe_text_export_import,clean_structural_candidate,src_615157ec311b7efb
cclex_96775e5b0b2df790,Blue,6,צלקת,cicatrice (f.); ferita (f.),,0,100,solid_base_candidate,citizen_cafe_source_lineage|citizen_cafe_text_export_import,clean_structural_candidate,src_9d056f1201a547d5
cclex_e9de1ea4d443a6e8,Blue,6,להודות ב,ammettere; confessare,,0,100,solid_base_candidate,citizen_cafe_source_lineage|citizen_cafe_text_export_import,clean_structural_candidate,src_bba9a4573d71babe
cclex_67a7febc25b9bc7c,Blue,6,להודות ל,ringraziare; dire grazie,,0,100,solid_base_candidate,citizen_cafe_source_lineage|citizen_cafe_text_export_import,clean_structural_candidate,src_35464b80cca4d2b2
cclex_3b164834226bd3a9,Blue,6,וודאות,certezza (f.); sicurezza (f.),,0,100,solid_base_candidate,citizen_cafe_source_lineage|citizen_cafe_text_export_import,clean_structural_candidate,src_17aa5fd4b1fe0b74
cclex_ef50b4fbd4df1efe,Blue,6,חשוד,sospetto; dubbioso; malizioso,,0,100,solid_base_candidate,citizen_cafe_source_lineage|citizen_cafe_text_export_import,clean_structural_candidate,src_7add79eef3a2c774
cclex_44aca97eca628b4c,Blue,6,בעד או נגד,a favore o contro; pro e contro,,2,100,solid_base_candidate,citizen_cafe_source_lineage|citizen_cafe_text_export_import|streetwise_context_match,clean_structural_candidate,src_1390acbcac894fce
cclex_4f074ede9a5f5004,Blue,6,שטחי,superficiale; apparente,,0,100,solid_base_candidate,citizen_cafe_source_lineage|citizen_cafe_text_export_import,clean_structural_candidate,src_cf1bb32834e1125e
cclex_2a0ffccf28e9cbe6,Blue,6,התפתחות,sviluppo (m.); evoluzione (f.),,0,100,solid_base_candidate,citizen_cafe_source_lineage|citizen_cafe_text_export_import,clean_structural_candidate,src_bb088e627f950fe6
cclex_edca914a78df9a27,Blue,6,זבוב,una mosca,,0,100,solid_base_candidate,citizen_cafe_source_lineage|citizen_cafe_text_export_import,clean_structural_candidate,src_4eb8d20f43f209bc
cclex_ae0ecfac08feba01,Blue,6,לבעוט,calciare; dare un calcio,,0,100,solid_base_candidate,citizen_cafe_source_lineage|citizen_cafe_text_export_import,clean_structural_candidate,src_4b1084107e8f4177
cclex_af3d0d216c11214f,Blue,6,בעיטה,un calcio,,0,100,solid_base_candidate,citizen_cafe_source_lineage|citizen_cafe_text_export_import,clean_structural_candidate,src_add1241193405728
cclex_5265003f82e69188,Blue,6,הקלטה,una registrazione,,0,100,solid_base_candidate,citizen_cafe_source_lineage|citizen_cafe_text_export_import,clean_structural_candidate,src_fa051eba4d720f10
cclex_59bbca5489b835fb,Blue,6,להקליט,registrare; annotare,,0,100,solid_base_candidate,citizen_cafe_source_lineage|citizen_cafe_text_export_import,clean_structural_candidate,src_184fa4f53ef23da2
cclex_2f2011de271df6a9,Blue,6,רכילות,pettegolezzo (m.); diceria (f.),,0,100,solid_base_candidate,citizen_cafe_source_lineage|citizen_cafe_text_export_import,clean_structural_candidate,src_d31c1aa73fa62697
cclex_01cde129df3e30a0,Blue,6,לנחות,atterrare; scendere,,0,100,solid_base_candidate,citizen_cafe_source_lineage|citizen_cafe_text_export_import,clean_structural_candidate,src_fca4ba8f656adf4f
cclex_ae82364fe29eb785,Blue,6,נחיתה,atterraggio (m.); pianerottolo (m.),,0,100,solid_base_candidate,citizen_cafe_source_lineage|citizen_cafe_text_export_import,clean_structural_candidate,src_2fbbb7e28e3c0b70
cclex_1674f3e1abef640f,Blue,6,סערה,tempesta (f.); temporale (m.),,0,100,solid_base_candidate,citizen_cafe_source_lineage|citizen_cafe_text_export_import,clean_structural_candidate,src_1aea11b174ef764b
cclex_a1c8eaa6e222e66c,Blue,6,תחזית,previsione (f.); pronostico (m.),,0,100,solid_base_candidate,citizen_cafe_source_lineage|citizen_cafe_text_export_import,clean_structural_candidate,src_8c8d1297f9d7df13
cclex_95d058c118985488,Blue,6,לקלוט,percepire; sentire; accorgersi,,0,100,solid_base_candidate,citizen_cafe_source_lineage|citizen_cafe_text_export_import,clean_structural_candidate,src_24f0b9ec3da78b5f
cclex_768f4805f980b2af,Blue,6,קליטה,percezione (f.); sensazione (f.),,0,100,solid_base_candidate,citizen_cafe_source_lineage|citizen_cafe_text_export_import,clean_structural_candidate,src_2ecdab36d30944e5
cclex_e0f1d47cd9d74f74,Blue,6,בו זמנית,simultaneamente; allo stesso tempo,,0,100,solid_base_candidate,citizen_cafe_source_lineage|citizen_cafe_text_export_import,clean_structural_candidate,src_7f40462606139374
cclex_229ed3a28b675744,Blue,6,שמועה,voce (f.); diceria (f.); pettegolezzo (m.),,0,100,solid_base_candidate,citizen_cafe_source_lineage|citizen_cafe_text_export_import,clean_structural_candidate,src_c099b9d7b7d12030
cclex_96a13462c958240a,Blue,6,מראה,specchio (m.),,0,100,solid_base_candidate,citizen_cafe_source_lineage|citizen_cafe_text_export_import,clean_structural_candidate,src_85d6d4c772cfdd12
cclex_5e9d7fb6235de1f3,Blue,6,לרסס,spruzzare; nebulizzare,,0,100,solid_base_candidate,citizen_cafe_source_lineage|citizen_cafe_text_export_import,clean_structural_candidate,src_9cddbe49bbb14e23
cclex_157e5bcb1154c059,Blue,6,אבטלה,disoccupazione (f.); inoccupazione (f.),,1,100,solid_base_candidate,citizen_cafe_source_lineage|citizen_cafe_text_export_import|streetwise_context_match,clean_structural_candidate,src_54a846d22c0e1cfa
cclex_daab9e28d159550e,Blue,6,מתנשא,condiscendente; altezzoso,,0,100,solid_base_candidate,citizen_cafe_source_lineage|citizen_cafe_text_export_import,clean_structural_candidate,src_d30d221be83514c9
cclex_50148981ad3493b1,Blue,6,תופעה,fenomeno (m.); avvenimento (m.),,0,100,solid_base_candidate,citizen_cafe_source_lineage|citizen_cafe_text_export_import,clean_structural_candidate,src_b5b6c8973a071083
cclex_87819f263f9e9756,Blue,6,עבריין,criminale (m./f.); delinquente (m./f.),,0,100,solid_base_candidate,citizen_cafe_source_lineage|citizen_cafe_text_export_import,clean_structural_candidate,src_429ab007c5a47bbc
cclex_7b8ee26afac84eea,Blue,6,מגוחך,ridicolo; assurdo,,0,100,solid_base_candidate,citizen_cafe_source_lineage|citizen_cafe_text_export_import,clean_structural_candidate,src_a71cb1fddbbb6975
cclex_77847357e29dc27d,Blue,6,שיפוטי,giudicante; critico; moralistico,,0,100,solid_base_candidate,citizen_cafe_source_lineage|citizen_cafe_text_export_import,clean_structural_candidate,src_468f99b18bd0148f
cclex_5cccd0eac0c3f92c,Blue,6,דוגמנית,modello (m.); mannequin (m.),,0,100,solid_base_candidate,citizen_cafe_source_lineage|citizen_cafe_text_export_import,clean_structural_candidate,src_58d565f817251278
cclex_15014822417b0b4d,Blue,6,חתיך,uomo bello; bell'uomo,,1,100,solid_base_candidate,citizen_cafe_source_lineage|citizen_cafe_text_export_import|streetwise_context_match,clean_structural_candidate,src_8b1f4d6e6741386d
cclex_a0574416f7112f8b,Blue,6,חטיף,spuntino (m.); merenda (f.),,1,100,solid_base_candidate,citizen_cafe_source_lineage|citizen_cafe_text_export_import|streetwise_context_match,clean_structural_candidate,src_63cc1b89f75b0d99
cclex_da2c757523639788,Blue,6,להביך,imbarazzare; mettere in imbarazzo,,0,100,solid_base_candidate,citizen_cafe_source_lineage|citizen_cafe_text_export_import,clean_structural_candidate,src_0888f16972f4fab2
cclex_4a52f0db30c2c13e,Blue,6,אשמה,colpa (f.); senso di colpa,,1,100,solid_base_candidate,citizen_cafe_source_lineage|citizen_cafe_text_export_import|streetwise_context_match,clean_structural_candidate,src_97637fc27cb935d0
cclex_1c12d05338f98af2,Blue,6,להתמודד,affrontare; trattare,,0,100,solid_base_candidate,citizen_cafe_source_lineage|citizen_cafe_text_export_import,clean_structural_candidate,src_c08dc70600d533cd
cclex_0560b32dfc08297c,Blue,6,להתאהב,innamorarsi; cadere in amore,,1,100,solid_base_candidate,citizen_cafe_source_lineage|citizen_cafe_text_export_import|streetwise_context_match,clean_structural_candidate,src_5414773d83b5d144
cclex_b62b53ab0da15cb6,Blue,6,מעורב,coinvolto; implicato,,0,100,solid_base_candidate,citizen_cafe_source_lineage|citizen_cafe_text_export_import,clean_structural_candidate,src_020cef0c76558b00
cclex_9946778bb3e8f777,Blue,6,יועץ,consulente (m./f.); consiglio (m.),,0,100,solid_base_candidate,citizen_cafe_source_lineage|citizen_cafe_text_export_import,clean_structural_candidate,src_70eeaa36f265cf97
cclex_3b704a9eb2bd64a6,Blue,6,לטעות,fare un errore; sbagliare,,0,100,solid_base_candidate,citizen_cafe_source_lineage|citizen_cafe_text_export_import,clean_structural_candidate,src_8070dfe1b5502393
cclex_308450be7e31eb5a,Blue,6,זיעה,sudore (m.); trasudare,,0,100,solid_base_candidate,citizen_cafe_source_lineage|citizen_cafe_text_export_import,clean_structural_candidate,src_f67a7d443571f982
cclex_36aa99b0f0131c95,Blue,6,לקפוץ,saltare; balzare,,1,100,solid_base_candidate,citizen_cafe_source_lineage|citizen_cafe_text_export_import|streetwise_context_match,clean_structural_candidate,src_6e305b4c52fb864d
cclex_de34236689013d20,Blue,6,להקפיץ,saltare; rimbalzare; oscillare,,1,100,solid_base_candidate,citizen_cafe_source_lineage|citizen_cafe_text_export_import|streetwise_context_match,clean_structural_candidate,src_f21115d09a2af765
cclex_e612737aae167ffa,Blue,6,למלמל,borbottare; mormorare,,0,100,solid_base_candidate,citizen_cafe_source_lineage|citizen_cafe_text_export_import,clean_structural_candidate,src_b9b48c7bda30c25c
cclex_5827d0ecba7cb670,Blue,6,אזרח,cittadino (m.); abitante (m.),,0,100,solid_base_candidate,citizen_cafe_source_lineage|citizen_cafe_text_export_import,clean_structural_candidate,src_8fd15f65cc52f2c2
cclex_267004db8a6fe810,Blue,6,תחפושת,costume (m.); abito (m.),,0,100,solid_base_candidate,citizen_cafe_source_lineage|citizen_cafe_text_export_import,clean_structural_candidate,src_0df4fabef7a7ab60
cclex_f46b78f7d81307b3,Blue,6,הלוויה,funerale (m.); esequie (f.),,0,100,solid_base_candidate,citizen_cafe_source_lineage|citizen_cafe_text_export_import,clean_structural_candidate,src_42a7eba644ab42c7
cclex_3816cedd501dd836,Blue,6,הלוואה,prestito (m.); mutuo (m.),,0,100,solid_base_candidate,citizen_cafe_source_lineage|citizen_cafe_text_export_import,clean_structural_candidate,src_0fd346d6aaf6441d
cclex_b3ca6509d495fcf6,Blue,6,ללחוץ ידיים,stringere la mano; dare la mano,,1,100,solid_base_candidate,citizen_cafe_source_lineage|citizen_cafe_text_export_import|streetwise_context_match,clean_structural_candidate,src_5c9fadafda343e72
cclex_01964417eefd02ff,Blue,6,לעזוב,partire; andarsene; lasciare,,1,100,solid_base_candidate,citizen_cafe_source_lineage|citizen_cafe_text_export_import|streetwise_context_match,clean_structural_candidate,src_551987dad640f862
cclex_e6ff1c93d6675c9d,Blue,6,לסבול,soffrire; patire,,1,100,solid_base_candidate,citizen_cafe_source_lineage|citizen_cafe_text_export_import|streetwise_context_match,clean_structural_candidate,src_d408659d793f8368
cclex_87e1d15a466a7aa6,Blue,6,להכריח,forzare; costringere,,0,100,solid_base_candidate,citizen_cafe_source_lineage|citizen_cafe_text_export_import,clean_structural_candidate,src_f0b5954cc8fa23fe
cclex_fea0e3fbe373215f,Blue,6,לבלוע,ingoiare; deglutire,,0,100,solid_base_candidate,citizen_cafe_source_lineage|citizen_cafe_text_export_import,clean_structural_candidate,src_f7eb3bce931547d4
cclex_b2c67c7cd9cae2c0,Blue,6,לקשור,legare; annodata; legare un nodo,,1,100,solid_base_candidate,citizen_cafe_source_lineage|citizen_cafe_text_export_import|streetwise_context_match,clean_structural_candidate,src_a343095c0899dd6f
cclex_2bc45e310345f6b5,Blue,6,להתחרט,pentirsi; rimpiangere,,0,100,solid_base_candidate,citizen_cafe_source_lineage|citizen_cafe_text_export_import,clean_structural_candidate,src_6d61633a24d7e242
cclex_2651dead925fb0c4,Blue,6,לירות,sparare; tirare; riprendere,,0,100,solid_base_candidate,citizen_cafe_source_lineage|citizen_cafe_text_export_import,clean_structural_candidate,src_f90ae933a681695e
cclex_c036038024bbb80b,Blue,6,כישלון,fallimento (m.); insuccesso (m.),,0,100,solid_base_candidate,citizen_cafe_source_lineage|citizen_cafe_text_export_import,clean_structural_candidate,src_5171b59ec8d1bf40
cclex_2702f1160f337192,Blue,6,מעניין למה,mi chiedo perché; domandarsi,,0,100,solid_base_candidate,citizen_cafe_source_lineage|citizen_cafe_text_export_import,clean_structural_candidate,src_7ab989e58f867fcf
cclex_fbd65598ea870332,Blue,6,...לחכות ל,aspettare; attendere,,0,100,solid_base_candidate,citizen_cafe_source_lineage|citizen_cafe_text_export_import,clean_structural_candidate,src_a21f8b18cb904233
cclex_35003358cc67e16a,Blue,6,"מחכה, מחכה, מחכים, מחכות",aspetto; attendo,,0,100,solid_base_candidate,citizen_cafe_source_lineage|citizen_cafe_text_export_import,clean_structural_candidate,src_56d5e1a7d386a046
cclex_17d60bfab5242113,Blue,6,לקוות,sperare; auspicare,,1,100,solid_base_candidate,citizen_cafe_source_lineage|citizen_cafe_text_export_import|streetwise_context_match,clean_structural_candidate,src_0cb9b819ee14775c
cclex_5555a67957f3fcab,Blue,6,"מקווה, מקווה, מקווים, מקוות",spero; auspichiamo,,0,100,solid_base_candidate,citizen_cafe_source_lineage|citizen_cafe_text_export_import,clean_structural_candidate,src_417cc06ea93eb26c
cclex_d3f364e44b2aa3cd,Blue,6,לשנות,cambiare (infinito),,1,100,solid_base_candidate,citizen_cafe_source_lineage|citizen_cafe_text_export_import|streetwise_context_match,clean_structural_candidate,src_c1948d9f8016231a
cclex_61d7f1e9bc5ce733,Blue,6,"משנה, משנה, משנים, משנות",cambiare; trasformarsi,,0,100,solid_base_candidate,citizen_cafe_source_lineage|citizen_cafe_text_export_import,clean_structural_candidate,src_1b7f548b5054bd54
cclex_6289c78f4334e26f,Blue,6,נושא,soggetto (m.); argomento (m.); materia (f.),,0,100,solid_base_candidate,citizen_cafe_source_lineage|citizen_cafe_text_export_import,clean_structural_candidate,src_c3dbb5c499d3df3d
cclex_520ad7fa3c317d4b,Blue,6,מישהי,qualcuna; una persona (f.),,0,100,solid_base_candidate,citizen_cafe_source_lineage|citizen_cafe_text_export_import,clean_structural_candidate,src_90bd0c3f9212e5fc
cclex_5a0f6fae66f30337,Blue,6,סיסמה,password (f.); parola d'ordine,,1,100,solid_base_candidate,citizen_cafe_source_lineage|citizen_cafe_text_export_import|streetwise_context_match,clean_structural_candidate,src_15827ae154757786
cclex_e313a12ba7442343,Blue,6,לאו דווקא,non necessariamente; non specificamente,,1,100,solid_base_candidate,citizen_cafe_source_lineage|citizen_cafe_text_export_import|streetwise_context_match,clean_structural_candidate,src_ec8b30f0808c29ff
cclex_d3ff8544c0cfabae,Blue,6,כתובת,indirizzo (m.); discorso (m.),,0,100,solid_base_candidate,citizen_cafe_source_lineage|citizen_cafe_text_export_import,clean_structural_candidate,src_e66d08217645c062
cclex_0f7159e4c1157175,Blue,6,את תחכי,tu (f.s.) aspetterai,,0,100,solid_base_candidate,citizen_cafe_source_lineage|citizen_cafe_text_export_import,clean_structural_candidate,src_7be0bf65fb2b4c7c
cclex_c8c8a2a72e365098,Blue,6,לנקות,pulire (infinito),,0,100,solid_base_candidate,citizen_cafe_source_lineage|citizen_cafe_text_export_import,clean_structural_candidate,src_f99869e33f1c4cd8
cclex_1b76d3a355d68408,Blue,6,"מנקה, מנקה, מנקים, מנקות",pulire; mondare,,0,100,solid_base_candidate,citizen_cafe_source_lineage|citizen_cafe_text_export_import,clean_structural_candidate,src_8a112f02c057940d
cclex_9b1861023d78a031,Blue,6,אני אנקה,pulirò; farò pulizia,,0,100,solid_base_candidate,citizen_cafe_source_lineage|citizen_cafe_text_export_import,clean_structural_candidate,src_0e456e1cf68796bb
cclex_b1fedf311751212c,Blue,6,אין לי ברירה,non avere scelta; essere costretti,,0,100,solid_base_candidate,citizen_cafe_source_lineage|citizen_cafe_text_export_import,clean_structural_candidate,src_c9170e2e44f7ba82
cclex_420d64ede8b010de,Blue,6,"מלוכלך, מלוכלכת, מלוכלכים, מלוכלכות",sporco; sudicio,,0,100,solid_base_candidate,citizen_cafe_source_lineage|citizen_cafe_text_export_import,clean_structural_candidate,src_1a12da1cbe09a32e
cclex_98e860aaf6bd687f,Blue,6,מטבח,cucina (f.),,0,100,solid_base_candidate,citizen_cafe_source_lineage|citizen_cafe_text_export_import,clean_structural_candidate,src_f7b7470ac0dd0c9e
cclex_527273d485f59dba,Blue,6,מקרר,frigorifero (m.); frigo (m.),,1,100,solid_base_candidate,citizen_cafe_source_lineage|citizen_cafe_text_export_import|streetwise_context_match,clean_structural_candidate,src_c82cdc8787b35861
cclex_80401ad28fd11ed5,Blue,6,לכבות,spegnere (infinito),,0,100,solid_base_candidate,citizen_cafe_source_lineage|citizen_cafe_text_export_import,clean_structural_candidate,src_ea85f283af962270
cclex_d246672db6eaaade,Blue,6,"מכבה, מכבה, מכבים, מכבות",spengo; disattivo,,0,100,solid_base_candidate,citizen_cafe_source_lineage|citizen_cafe_text_export_import,clean_structural_candidate,src_7cdd42548e8e12de
cclex_77eae184d56574b8,Blue,6,"כיביתי, כיבית, כיבית, כבה, כבתה, כיבנו, כיביתם, כיביתן, כבו",ho spento; disattivai,,0,100,solid_base_candidate,citizen_cafe_source_lineage|citizen_cafe_text_export_import,clean_structural_candidate,src_79d8e0ccdac1a8ef
cclex_6c32e86c054b2e17,Blue,6,"אכבה, תכבה, תכבי, יכבה, תכבה, נכבה, תכבו, יכבו",spegnerò; disattiverò,,0,100,solid_base_candidate,citizen_cafe_source_lineage|citizen_cafe_text_export_import,clean_structural_candidate,src_568eed02c0008260
cclex_1b31d11d6b21ba61,Blue,6,"נר, נרות",candela (f.); cero (m.),,0,100,solid_base_candidate,citizen_cafe_source_lineage|citizen_cafe_text_export_import,clean_structural_candidate,src_56a0d22e9df61bae
cclex_20e3191d2d3331eb,Blue,6,מצלמה,macchina fotografica; telecamera,,0,100,solid_base_candidate,citizen_cafe_source_lineage|citizen_cafe_text_export_import,clean_structural_candidate,src_61bf750b1c1f67ba
cclex_9f003fb491273a60,Blue,6,"חכה, חכי, חכו",aspetta; attendi,,1,100,solid_base_candidate,citizen_cafe_source_lineage|citizen_cafe_text_export_import|streetwise_context_match,clean_structural_candidate,src_ae6d068aa5c1bb4e
cclex_c7ad386ebb99f06f,Blue,6,מבטא,accento (m.); inflessione (f.),,0,100,solid_base_candidate,citizen_cafe_source_lineage|citizen_cafe_text_export_import,clean_structural_candidate,src_622fc83121d34f4b
cclex_9b5b1e6bbdc1a006,Blue,6,לנסות,provare; cercare; tentare,,1,100,solid_base_candidate,citizen_cafe_source_lineage|citizen_cafe_text_export_import|streetwise_context_match,clean_structural_candidate,src_7c8f89889e8b6bb8
cclex_8cebf1f6fe5bd9ee,Blue,6,"מנסה, מנסה, מנסים, מנסות",provo; cerco,,0,100,solid_base_candidate,citizen_cafe_source_lineage|citizen_cafe_text_export_import,clean_structural_candidate,src_8cb3152806ee771e
cclex_4c0b55bcfe743dd9,Blue,6,"ניסיתי, ניסית, ניסית, ניסה, ניסתה, ניסינו, ניסיתם, ניסיתן, ניסו",ho provato; cercai,,0,100,solid_base_candidate,citizen_cafe_source_lineage|citizen_cafe_text_export_import,clean_structural_candidate,src_2154394e3108579f
cclex_a5ea67ddd68738d1,Blue,6,"אנסה, תנסה, תנסי, ינסה, תנסה, ננסה, תנסו, ינסו",proverò; cercherò,,0,100,solid_base_candidate,citizen_cafe_source_lineage|citizen_cafe_text_export_import,clean_structural_candidate,src_adf242c88eb69fa4
cclex_91f2fe56df538cdd,Blue,6,אותו דבר,la stessa cosa; identico,,0,100,solid_base_candidate,citizen_cafe_source_lineage|citizen_cafe_text_export_import,clean_structural_candidate,src_23721ea7c1b5dbae
cclex_a339590440b542ff,Blue,6,"הוא שינה, היא שינתה",lui/lei ha cambiato,,0,100,solid_base_candidate,citizen_cafe_source_lineage|citizen_cafe_text_export_import,clean_structural_candidate,src_ee9504816d0341b2
cclex_d925496324e85170,Blue,6,שינוי / שינויים,cambiamento (m.); resto (m.),,1,100,solid_base_candidate,citizen_cafe_source_lineage|citizen_cafe_text_export_import|streetwise_context_match,clean_structural_candidate,src_b1c071f56baddc72
cclex_fdc95f8898e2e092,Blue,6,"הוא חיכה, היא חיכתה",lui/lei ha aspettato,,0,100,solid_base_candidate,citizen_cafe_source_lineage|citizen_cafe_text_export_import,clean_structural_candidate,src_66764cd4ee19b3d6
cclex_e5d750abcc376a7c,Blue,6,4 יתרון / יתרונות,vantaggio (m.); privilegio (m.),,1,100,solid_base_candidate,citizen_cafe_source_lineage|citizen_cafe_text_export_import|streetwise_context_match,clean_structural_candidate,src_d44f6145833e4fb2
cclex_1b7321a59b0ab7ac,Blue,6,₪ חיסרון / חסרונות,svantaggio (m.); difetto (m.),mojibake_or_extraction_symbol,0,20,quarantine,citizen_cafe_source_lineage|citizen_cafe_text_export_import,blocking_quality_flag,src_005510ce828549e2
cclex_bee48e637e60f400,Blue,6,לפקן,riparare; aggiustare; fissare,,0,100,solid_base_candidate,citizen_cafe_source_lineage|citizen_cafe_text_export_import,clean_structural_candidate,src_989ad75fea68611a
cclex_3f63a5db72f11c3d,Blue,6,"מתקן, מתקנת, מתקנים, מתקנות",riparare; aggiustare,,0,100,solid_base_candidate,citizen_cafe_source_lineage|citizen_cafe_text_export_import,clean_structural_candidate,src_7abe1aa25ebe21c1
cclex_f3861c8a5302dae5,Blue,6,סחם,solo per scherzare; tanto per dire; niente di importante,,0,100,solid_base_candidate,citizen_cafe_source_lineage|citizen_cafe_text_export_import,clean_structural_candidate,src_b9bc259a7fc51d2d
cclex_6b3533d96ff010da,Blue,6,"הוא ניקה, היא ניקתה",lui/lei ha pulito,,0,100,solid_base_candidate,citizen_cafe_source_lineage|citizen_cafe_text_export_import,clean_structural_candidate,src_2883d6c8fa40afd3
cclex_90b53a5d5d0bab2d,Blue,6,"תיקנתי, הוא תיקן, היא תיקנה, הם תיקנו",loro hanno riparato / aggiustato,,0,100,solid_base_candidate,citizen_cafe_source_lineage|citizen_cafe_text_export_import,clean_structural_candidate,src_0082e10ae6110094
cclex_7557ff5ac75a2a7d,Blue,6,"ניסיתי, ניסית, ניסית",ho provato; hai provato (m./f.),,0,100,solid_base_candidate,citizen_cafe_source_lineage|citizen_cafe_text_export_import,clean_structural_candidate,src_f6f53f2cb864a392
cclex_bd9dbd4e10b96847,Blue,6,"ניסה, ניסתה",lui/lei ha provato,,0,100,solid_base_candidate,citizen_cafe_source_lineage|citizen_cafe_text_export_import,clean_structural_candidate,src_a259c7c3c776b650
cclex_1a426a283846e3e3,Blue,6,"ניסינו, ניסיתם, ניסיתן, ניסו",abbiamo provato; avete provato; hanno provato,,0,100,solid_base_candidate,citizen_cafe_source_lineage|citizen_cafe_text_export_import,clean_structural_candidate,src_bc888d840f4d56af
cclex_7250c6e5783935dc,Blue,6,מבאס / מבאסת,fa schifo; è pessimo,,0,100,solid_base_candidate,citizen_cafe_source_lineage|citizen_cafe_text_export_import,clean_structural_candidate,src_08cfaaf69e58704f
cclex_e9dbe91ce217628f,Blue,6,אירוע,evento (m.); avvenimento (m.),,1,100,solid_base_candidate,citizen_cafe_source_lineage|citizen_cafe_text_export_import|streetwise_context_match,clean_structural_candidate,src_87575bc8dd27eaee
cclex_ed31c8153935b96f,Blue,6,להפריע ל,disturbare; infastidire,,0,100,solid_base_candidate,citizen_cafe_source_lineage|citizen_cafe_text_export_import,clean_structural_candidate,src_7f0522c2399e5248
cclex_867de4b8c1480ded,Blue,6,"מפריע, מפריעה, מפריעות, מפריעים",inquietante; fastidioso; turbante,,0,100,solid_base_candidate,citizen_cafe_source_lineage|citizen_cafe_text_export_import,clean_structural_candidate,src_1023e89192a25631
cclex_f7e36fe7812f80c7,Blue,6,אני הפרעתי,disturbato; turbato; infastidito,,0,100,solid_base_candidate,citizen_cafe_source_lineage|citizen_cafe_text_export_import,clean_structural_candidate,src_b002179d729a1913
cclex_c1c0019b1b1f02a5,Blue,6,אתה הפרעת,tu hai disturbato (m.),,0,100,solid_base_candidate,citizen_cafe_source_lineage|citizen_cafe_text_export_import,clean_structural_candidate,src_adfa3f39cb489d3e
cclex_b51036fe3d6ac128,Blue,6,את הפרעת,tu hai disturbato (f.),,0,100,solid_base_candidate,citizen_cafe_source_lineage|citizen_cafe_text_export_import,clean_structural_candidate,src_ee7a5e7827bea463
cclex_940218ec92cbe417,Blue,6,הוא הפריע,lui ha disturbato,,0,100,solid_base_candidate,citizen_cafe_source_lineage|citizen_cafe_text_export_import,clean_structural_candidate,src_fe3747faa0df62dc
cclex_534bd3f248f95665,Blue,6,היא הפריעה,lei ha disturbato,,0,100,solid_base_candidate,citizen_cafe_source_lineage|citizen_cafe_text_export_import,clean_structural_candidate,src_47504d6728011548
cclex_5af189937096085b,Blue,6,לטוס ל,volare a; volare verso,,0,100,solid_base_candidate,citizen_cafe_source_lineage|citizen_cafe_text_export_import,clean_structural_candidate,src_f5456e4d197362ba
cclex_53736d322350ad33,Blue,6,סוג של,specie di; tipo di; piuttosto,,0,100,solid_base_candidate,citizen_cafe_source_lineage|citizen_cafe_text_export_import,clean_structural_candidate,src_1037499117f16bf3
cclex_b13f8cfdb70308fc,Blue,6,לפנות את,liberare il tavolo; togliere il coperto,,0,100,solid_base_candidate,citizen_cafe_source_lineage|citizen_cafe_text_export_import,clean_structural_candidate,src_f29595e3f1c64abf
cclex_9f619b735522ce62,Blue,6,תירוץ / תירוצים,scusa (f.); pretesto (m.),,0,100,solid_base_candidate,citizen_cafe_source_lineage|citizen_cafe_text_export_import,clean_structural_candidate,src_ff1688bcc2bad8f6
cclex_79feee4d4cb35522,Blue,6,להתרנל ל,abituarsi; avvezzarsi,,0,100,solid_base_candidate,citizen_cafe_source_lineage|citizen_cafe_text_export_import,clean_structural_candidate,src_169b34ab8022bb43
cclex_bc5eaff8eccd0b3d,Blue,6,"מרנל, מתרגלת, מתרגלים, מתרגלות",sono abituato; ho l'abitudine,,0,100,solid_base_candidate,citizen_cafe_source_lineage|citizen_cafe_text_export_import,clean_structural_candidate,src_5c8d29d0c367b668
cclex_0f3b2babee1e0c05,Blue,6,להתרנש,emozionarsi; entusiasmarsi,,0,100,solid_base_candidate,citizen_cafe_source_lineage|citizen_cafe_text_export_import,clean_structural_candidate,src_6b550069c7282c2a
cclex_23de9109d2e480a2,Blue,6,"מתרגש, מתרגשת, מתרגשים, מתרגשות",eccitato; entusiasta; emozionato,,0,100,solid_base_candidate,citizen_cafe_source_lineage|citizen_cafe_text_export_import,clean_structural_candidate,src_46062e7ce304b869
cclex_4bfd5fe191a2f3eb,Blue,6,להסתפר,farsi tagliare i capelli; farsi un taglio,,0,100,solid_base_candidate,citizen_cafe_source_lineage|citizen_cafe_text_export_import,clean_structural_candidate,src_ff19c50e8ab3ef95
cclex_6e7feb51dd57ba22,Blue,6,להצטךף ל,unirsi; aderire; partecipare,,0,100,solid_base_candidate,citizen_cafe_source_lineage|citizen_cafe_text_export_import,clean_structural_candidate,src_b948cb90d26bb933
cclex_134b5b2d22873752,Blue,6,אתה בטח עייף/רעב,tu devi essere stanco/affamato (m.),,0,100,solid_base_candidate,citizen_cafe_source_lineage|citizen_cafe_text_export_import,clean_structural_candidate,src_cc0a32904920f783
cclex_9b5f4a9ffa27e19c,Blue,6,חוזה,contratto,,0,100,solid_base_candidate,citizen_cafe_source_lineage|citizen_cafe_text_export_import,clean_structural_candidate,src_bb6950d36211045a
cclex_19418bbc3b7e12a3,Blue,6,משטרה,polizia (f.); agenti (m.),,0,100,solid_base_candidate,citizen_cafe_source_lineage|citizen_cafe_text_export_import,clean_structural_candidate,src_bbb969cc40c8de67
cclex_7354fc7091678132,Blue,6,אתגר,sfida,,0,100,solid_base_candidate,citizen_cafe_source_lineage|citizen_cafe_text_export_import,clean_structural_candidate,src_e5875d6264b1aac5
cclex_db6bff27c6f9b01f,Blue,6,להסתיים,finire; completare,,0,100,solid_base_candidate,citizen_cafe_source_lineage|citizen_cafe_text_export_import,clean_structural_candidate,src_398f7a5957df7716
cclex_23c38f80ae9294ef,Blue,6,"...מסמיים, מסחיימת",lui/lei sta finendo,,0,100,solid_base_candidate,citizen_cafe_source_lineage|citizen_cafe_text_export_import,clean_structural_candidate,src_ff0ec337e8c5fcd0
cclex_f4b33ab190c50ca0,Blue,6,השיעור הסתיים,la lezione è finita,,0,100,solid_base_candidate,citizen_cafe_source_lineage|citizen_cafe_text_export_import,clean_structural_candidate,src_6a998e966fcef0fc
cclex_ad58584044122158,Blue,6,הפגישה הסתיימה,la riunione è finita,,0,100,solid_base_candidate,citizen_cafe_source_lineage|citizen_cafe_text_export_import,clean_structural_candidate,src_7c81dd90bb8d4123
cclex_9f938cca900ff346,Blue,6,להתגעגע ל... (אל...),sentire la mancanza; rimpiangere,,0,100,solid_base_candidate,citizen_cafe_source_lineage|citizen_cafe_text_export_import,clean_structural_candidate,src_42ac1dbd55a7e7cd
cclex_21a35b0a8b1f0fa9,Blue,6,אני מתגעגע אליך,mi manchi (m.s.),,1,100,solid_base_candidate,citizen_cafe_source_lineage|citizen_cafe_text_export_import|streetwise_context_match,clean_structural_candidate,src_27b9ac2b4a3b21c3
cclex_1ba65d09629315e4,Blue,6,"מתגעגע, מתגעגעת, מתגעגעים, מתגעגעות",sentire la mancanza di; rimpiangere,,0,100,solid_base_candidate,citizen_cafe_source_lineage|citizen_cafe_text_export_import,clean_structural_candidate,src_5510da54f3a52871
cclex_53158dde4dae41a5,Blue,6,אשכרה,sul serio?!; davvero?!,,2,100,solid_base_candidate,citizen_cafe_source_lineage|citizen_cafe_text_export_import|streetwise_context_match,clean_structural_candidate,src_f37fec640f4ada13
cclex_2cd5e7b40c2d9d40,Blue,6,טבעת,anello (m.); anella (f.); squillo (m.),,0,100,solid_base_candidate,citizen_cafe_source_lineage|citizen_cafe_text_export_import,clean_structural_candidate,src_7d96e147ed23f73d
cclex_318cd47d7a1f69b1,Blue,6,מבחן,test (m.); esame (m.),,0,100,solid_base_candidate,citizen_cafe_source_lineage|citizen_cafe_text_export_import,clean_structural_candidate,src_71ab2c0524728388
cclex_3d15f20eb23fee88,Blue,6,לבטל,annullare (infinito),,0,100,solid_base_candidate,citizen_cafe_source_lineage|citizen_cafe_text_export_import,clean_structural_candidate,src_8a2c17e1c76f091d
cclex_584359a69c85545d,Blue,6,לצלם,fare una foto; scattare una fotografia,,0,100,solid_base_candidate,citizen_cafe_source_lineage|citizen_cafe_text_export_import,clean_structural_candidate,src_95c9452bdf2e0bad
cclex_a87f63d093781cb2,Blue,6,לקבל,ricevere; accogliere,,1,100,solid_base_candidate,citizen_cafe_source_lineage|citizen_cafe_text_export_import|streetwise_context_match,clean_structural_candidate,src_c2d48b65130ff801
cclex_af0cf4a6a540b321,Blue,6,"יכולתי, יכולת, יכולת, יכול, יכולה, יכולנו, יכולתם, יכולתן, יכלו",potevo; potei; avrei potuto,,0,100,solid_base_candidate,citizen_cafe_source_lineage|citizen_cafe_text_export_import,clean_structural_candidate,src_b8c12487fae6069a
cclex_55133a28dcdcfcc5,Blue,6,נוף,vista (f.); veduta (f.); opinione (f.),,0,100,solid_base_candidate,citizen_cafe_source_lineage|citizen_cafe_text_export_import,clean_structural_candidate,src_6c1036274ecbf06f
cclex_9d79a9b4e90b0a2f,Blue,6,...להסתכל על,guardare; osservare,,0,100,solid_base_candidate,citizen_cafe_source_lineage|citizen_cafe_text_export_import,clean_structural_candidate,src_b430a0cda8de4073
cclex_8bf60950e8b6585f,Blue,6,"מסתכל, מסתכלת, מסתכלים, מסתכלות",guardo; osservo,,0,100,solid_base_candidate,citizen_cafe_source_lineage|citizen_cafe_text_export_import,clean_structural_candidate,src_200f8a793bd41bce
cclex_3161d6cace9795a2,Blue,6,ירח,luna (f.),,1,100,solid_base_candidate,citizen_cafe_source_lineage|citizen_cafe_text_export_import|streetwise_context_match,clean_structural_candidate,src_e59c6494921d19ff
cclex_1add7ee448770961,Blue,6,שמיים,cielo (m.); firmamento (m.),,0,100,solid_base_candidate,citizen_cafe_source_lineage|citizen_cafe_text_export_import,clean_structural_candidate,src_353a86c2ba807cc5
cclex_6a389d936ae8ac85,Blue,6,עליי,su di me; di me; riguardo a me,,0,100,solid_base_candidate,citizen_cafe_source_lineage|citizen_cafe_text_export_import,clean_structural_candidate,src_1747a43d18d9bcb6
cclex_b1ed5a1dd430f841,Blue,6,עליך,su di te; di te; riguardo a te (m.),,0,100,solid_base_candidate,citizen_cafe_source_lineage|citizen_cafe_text_export_import,clean_structural_candidate,src_72e1a9abdbb39cba
cclex_f5d8ed7005764961,Blue,6,עלייך,su di te; di te; riguardo a te (f.),,0,100,solid_base_candidate,citizen_cafe_source_lineage|citizen_cafe_text_export_import,clean_structural_candidate,src_b21cf9495cd6fe38
cclex_b0539bd59977a862,Blue,6,עליו,su di lui; di lui; riguardo a lui,,0,100,solid_base_candidate,citizen_cafe_source_lineage|citizen_cafe_text_export_import,clean_structural_candidate,src_7fb6f941d334b180
cclex_8e5dd90629c92cbe,Blue,6,עליה,su di lei; di lei; riguardo a lei,,0,100,solid_base_candidate,citizen_cafe_source_lineage|citizen_cafe_text_export_import,clean_structural_candidate,src_0f58c0ac9d344c8d
cclex_7b6acf492b3ec1b1,Blue,6,עלינו,su di noi; di noi; riguardo a noi,,0,100,solid_base_candidate,citizen_cafe_source_lineage|citizen_cafe_text_export_import,clean_structural_candidate,src_02be3e48f01f8b67
cclex_501afb66077eed15,Blue,6,עליכם/ן,su di voi; di voi; riguardo a voi,,0,100,solid_base_candidate,citizen_cafe_source_lineage|citizen_cafe_text_export_import,clean_structural_candidate,src_a525be618e269b3d
cclex_7615339c30c72359,Blue,6,עליהם/ן,su di loro; di loro; riguardo a loro,,0,100,solid_base_candidate,citizen_cafe_source_lineage|citizen_cafe_text_export_import,clean_structural_candidate,src_d5c15168a3d1455f
cclex_f6115c2f450e97cc,Blue,6,מיוחד / מיוחדת,speciale; particolare,,0,100,solid_base_candidate,citizen_cafe_source_lineage|citizen_cafe_text_export_import,clean_structural_candidate,src_4b50035730b6e316
cclex_411961ff73fd31d1,Blue,6,..להיבנס ל,entrare; accedere,,0,100,solid_base_candidate,citizen_cafe_source_lineage|citizen_cafe_text_export_import,clean_structural_candidate,src_d6831d1a0680b02a
cclex_d69ff6d629533d2e,Blue,6,"אכנס, תיכנס, תיכנסי, ייכנס",entrare; accedere,,0,100,solid_base_candidate,citizen_cafe_source_lineage|citizen_cafe_text_export_import,clean_structural_candidate,src_6db1671beb2e8b46
cclex_6d8c35a994aea874,Lime,7,לחכות ל,aspettare,,0,100,solid_base_candidate,citizen_cafe_source_lineage|verified_tabular,clean_structural_candidate,src_a1b0b9fd7a1f89c9
cclex_748c8962a5273677,Lime,7,זמן מסך,tempo davanti allo schermo,,0,100,solid_base_candidate,citizen_cafe_source_lineage|verified_tabular,clean_structural_candidate,src_60fa919f7abba1ae
cclex_db114f07a97554c3,Lime,7,קולגה,collega,,0,100,solid_base_candidate,citizen_cafe_source_lineage|verified_tabular,clean_structural_candidate,src_58b63e7ea93d7ccb
cclex_6d73ac066c81352d,Lime,7,מישהי,qualcuna,,0,100,solid_base_candidate,citizen_cafe_source_lineage|verified_tabular,clean_structural_candidate,src_0c147dd8785f25dd
cclex_42e078075baeb886,Lime,7,לשנות את,cambiare,,1,100,solid_base_candidate,citizen_cafe_source_lineage|streetwise_context_match|verified_tabular,clean_structural_candidate,src_0cbf097cdee145a1
cclex_ac67235049a6e0be,Lime,7,נושא,argomento,,0,100,solid_base_candidate,citizen_cafe_source_lineage|verified_tabular,clean_structural_candidate,src_1cbd444e6a8aa3b3
cclex_1d05daf919e6ede9,Lime,7,לנסות,provare,,1,100,solid_base_candidate,citizen_cafe_source_lineage|streetwise_context_match|verified_tabular,clean_structural_candidate,src_97c0488470176734
cclex_3aeee8c03311c844,Lime,7,לקוות,sperare,,1,100,solid_base_candidate,citizen_cafe_source_lineage|streetwise_context_match|verified_tabular,clean_structural_candidate,src_1fbda625f3b494ef
cclex_d5b9a4ac58861203,Lime,7,לנקות את,pulire,,0,100,solid_base_candidate,citizen_cafe_source_lineage|verified_tabular,clean_structural_candidate,src_c93b52c402ebd605
cclex_6f2107bacaa67359,Lime,7,לאו דווקא,non necessariamente,,1,100,solid_base_candidate,citizen_cafe_source_lineage|streetwise_context_match|verified_tabular,clean_structural_candidate,src_30d4ab6af8fd16ff
cclex_0dac2c497474e1d7,Lime,7,לפנות,liberare / sgomberare,,3,100,solid_base_candidate,citizen_cafe_source_lineage|streetwise_context_match|verified_tabular,clean_structural_candidate,src_4f348263bf58d62a
cclex_04e660d2a8b0d5c8,Lime,7,סיסמה,password,,1,100,solid_base_candidate,citizen_cafe_source_lineage|streetwise_context_match|verified_tabular,clean_structural_candidate,src_30a6a4bafc91050d
cclex_38170697f7990856,Lime,7,אתה רוצה שאני אחכה לך,vuoi che ti aspetti?,,0,100,solid_base_candidate,citizen_cafe_source_lineage|verified_tabular,clean_structural_candidate,src_5859c004ad58a549
cclex_973c224373f971e2,Lime,7,באופן כללי,in generale,,0,100,solid_base_candidate,citizen_cafe_source_lineage|verified_tabular,clean_structural_candidate,src_a75583c9101557d0
cclex_486f5942c1d18174,Lime,7,לתקן,"sistemare / riparare, riparare",,1,100,solid_base_candidate,citizen_cafe_source_lineage|streetwise_context_match|verified_tabular,clean_structural_candidate,src_18be6f589313d933
cclex_bc1ac32e457f1c29,Lime,7,אהבה,amore,,0,100,solid_base_candidate,citizen_cafe_source_lineage|verified_tabular,clean_structural_candidate,src_fb049a0d87f29786
cclex_2115dfe7f37f2f27,Lime,7,"חכו, חכי, חכה",aspettare (imperative),,0,100,solid_base_candidate,citizen_cafe_source_lineage|verified_tabular,clean_structural_candidate,src_a06d8ab9000abec2
cclex_a2272292d28546b8,Lime,7,יתרון,vantaggio,,0,100,solid_base_candidate,citizen_cafe_source_lineage|verified_tabular,clean_structural_candidate,src_625bd77d004f4230
cclex_15fee9a733709291,Lime,7,חיסרון,svantaggio,,0,100,solid_base_candidate,citizen_cafe_source_lineage|verified_tabular,clean_structural_candidate,src_69e5ebcaef183c7a
cclex_f65f6afba69a6f13,Lime,7,סדרה,serie TV,,1,100,solid_base_candidate,citizen_cafe_source_lineage|streetwise_context_match|verified_tabular,clean_structural_candidate,src_4d861f6d5b9b6fee
cclex_46de513b36010fe6,Lime,7,בטח,probabilmente / di sicuro / dev’essere,,2,100,solid_base_candidate,citizen_cafe_source_lineage|streetwise_context_match|verified_tabular,clean_structural_candidate,src_dcc4b4ef45e2b0c2
cclex_f067e6a54972e796,Lime,7,להצליח,riuscire,,2,100,solid_base_candidate,citizen_cafe_source_lineage|streetwise_context_match|verified_tabular,clean_structural_candidate,src_64d83aa732000adb
cclex_087e5c3ff905418c,Lime,7,להדליק,accendere,,1,100,solid_base_candidate,citizen_cafe_source_lineage|streetwise_context_match|verified_tabular,clean_structural_candidate,src_c43cf7591241d578
cclex_a74fd44289ed848c,Lime,7,בסוף,alla fine,,0,100,solid_base_candidate,citizen_cafe_source_lineage|verified_tabular,clean_structural_candidate,src_3f247cd203a0c098
cclex_a4c6e4f6bc77d614,Lime,7,משעמם,noioso,,0,100,solid_base_candidate,citizen_cafe_source_lineage|verified_tabular,clean_structural_candidate,src_3daa6f61665bec06
cclex_ff68c48f9028c18d,Lime,7,הורים,genitori,,1,100,solid_base_candidate,citizen_cafe_source_lineage|streetwise_context_match|verified_tabular,clean_structural_candidate,src_1cd687109e69eaba
cclex_4f702ecf09c76508,Lime,7,לשחק,giocare / suonare,,1,100,solid_base_candidate,citizen_cafe_source_lineage|streetwise_context_match|verified_tabular,clean_structural_candidate,src_e0ff695946681e98
cclex_b5da48246368f7ee,Lime,7,לבשל,cucinare,,1,100,solid_base_candidate,citizen_cafe_source_lineage|streetwise_context_match|verified_tabular,clean_structural_candidate,src_d10ba82bbc92f682
cclex_bb5935282bdbddce,Lime,7,"מפתחות, מפתח","chiave, chiavi",,0,100,solid_base_candidate,citizen_cafe_source_lineage|verified_tabular,clean_structural_candidate,src_2397b0a345bb7609
cclex_d5b10a146dfe6f4d,Lime,7,"תוכניות, תוכנית","programma / piano, programmi / piani",,0,100,solid_base_candidate,citizen_cafe_source_lineage|verified_tabular,clean_structural_candidate,src_62803a62b1ab6f3d
cclex_b6585c6eb5d7722f,Lime,7,מיליארד,miliardo,,0,100,solid_base_candidate,citizen_cafe_source_lineage|verified_tabular,clean_structural_candidate,src_cbe4b6d50e410fab
cclex_ea360e7b08e69efa,Lime,7,לחפש,cercare,,1,100,solid_base_candidate,citizen_cafe_source_lineage|streetwise_context_match|verified_tabular,clean_structural_candidate,src_e43c2c686a5f78dd
cclex_2bdfd57571dde829,Lime,7,חיפוש,ricerca,,1,100,solid_base_candidate,citizen_cafe_source_lineage|streetwise_context_match|verified_tabular,clean_structural_candidate,src_2dce67d21c7a30dd
cclex_d4fe96f4413cf78d,Lime,7,אישור,approvazione / conferma,,1,100,solid_base_candidate,citizen_cafe_source_lineage|streetwise_context_match|verified_tabular,clean_structural_candidate,src_a7192c79440d1b05
cclex_0d301dd8736fd9c4,Lime,7,ביטול,annullamento,,0,100,solid_base_candidate,citizen_cafe_source_lineage|verified_tabular,clean_structural_candidate,src_7d1b7d861e0b15c2
cclex_29c78beb20e9ab08,Lime,7,לפחות,almeno,,0,100,solid_base_candidate,citizen_cafe_source_lineage|verified_tabular,clean_structural_candidate,src_4aca41c9a742a26d
cclex_268f1b15fd536a7d,Lime,7,שעתיים,due ore,,0,100,solid_base_candidate,citizen_cafe_source_lineage|verified_tabular,clean_structural_candidate,src_3ecf0fb15957e690
cclex_2468f1d1a20c2bac,Lime,7,לעדכן,aggiornare,,0,100,solid_base_candidate,citizen_cafe_source_lineage|verified_tabular,clean_structural_candidate,src_7735ba2a1eb888f4
cclex_fe45dd10cbacc2bd,Lime,7,לחבק את,abbracciare,,0,100,solid_base_candidate,citizen_cafe_source_lineage|verified_tabular,clean_structural_candidate,src_9de3a090c0f04478
cclex_86cce2bb6b4041d8,Lime,7,לאחר,fare tardi,,1,100,solid_base_candidate,citizen_cafe_source_lineage|streetwise_context_match|verified_tabular,clean_structural_candidate,src_23dad4c091e0aa9d
cclex_e1b48215137fdbf2,Lime,7,אתר,sito web,,0,100,solid_base_candidate,citizen_cafe_source_lineage|verified_tabular,clean_structural_candidate,src_7c81e75902238c6d
cclex_c64852f3387f6489,Lime,7,לצלם,fotografare,,0,100,solid_base_candidate,citizen_cafe_source_lineage|verified_tabular,clean_structural_candidate,src_460a651e961f7028
cclex_5421d7904d785ba7,Lime,7,להתגעגע,perdere / mancare,,1,100,solid_base_candidate,citizen_cafe_source_lineage|streetwise_context_match|verified_tabular,clean_structural_candidate,src_2e452d18c847c0e5
cclex_e4c956c8479dd65b,Lime,7,להיזהר,stare attento,,0,100,solid_base_candidate,citizen_cafe_source_lineage|verified_tabular,clean_structural_candidate,src_caa75962864d0070
cclex_1925e535cc4334b8,Lime,7,לשבת,sedersi,,1,100,solid_base_candidate,citizen_cafe_source_lineage|streetwise_context_match|verified_tabular,clean_structural_candidate,src_4cb728967f511ba2
cclex_eafb28071f939bac,Lime,7,לעמוד,stare in piedi,,1,100,solid_base_candidate,citizen_cafe_source_lineage|streetwise_context_match|verified_tabular,clean_structural_candidate,src_d979d064c1458e0f
cclex_52a3110761eb20f3,Lime,7,לרדת,scendere,,1,100,solid_base_candidate,citizen_cafe_source_lineage|streetwise_context_match|verified_tabular,clean_structural_candidate,src_2be1543008245c66
cclex_e7d12d231a855739,Lime,7,חורף,inverno,,0,100,solid_base_candidate,citizen_cafe_source_lineage|verified_tabular,clean_structural_candidate,src_0a468a0da62e1b4b
cclex_a7a000febeb5d703,Lime,7,אביב,primavera,,0,100,solid_base_candidate,citizen_cafe_source_lineage|verified_tabular,clean_structural_candidate,src_b9102413ccda7b02
cclex_532fdd8284273979,Lime,7,קיץ,estate,,0,100,solid_base_candidate,citizen_cafe_source_lineage|verified_tabular,clean_structural_candidate,src_66e2969d567196eb
cclex_30f3229b2df5692b,Lime,7,איכשהו,in qualche modo,,0,100,solid_base_candidate,citizen_cafe_source_lineage|verified_tabular,clean_structural_candidate,src_e525fa2c02fb0a00
cclex_cfb4223ab32a2e90,Lime,7,איפשהו,da qualche parte,,0,100,solid_base_candidate,citizen_cafe_source_lineage|verified_tabular,clean_structural_candidate,src_202209882358b2b5
cclex_127412e9008348b9,Lime,7,מתישהו,prima o poi / qualche volta,,0,100,solid_base_candidate,citizen_cafe_source_lineage|verified_tabular,clean_structural_candidate,src_7f0c136ceeeb6095
cclex_22057dc92059eeb7,Lime,7,ריק\ה,vuoto,,0,100,solid_base_candidate,citizen_cafe_source_lineage|verified_tabular,clean_structural_candidate,src_ba75d6338a620211
cclex_7cdce1bc83aa9bec,Lime,7,לסמוך על,fidarsi,,1,100,solid_base_candidate,citizen_cafe_source_lineage|streetwise_context_match|verified_tabular,clean_structural_candidate,src_1d3a58467f819d19
cclex_769c374029685a20,Lime,7,בכל מקרה,comunque,,0,100,solid_base_candidate,citizen_cafe_source_lineage|verified_tabular,clean_structural_candidate,src_1e45c26e5db30ccf
cclex_cf3aff7d1b33b0aa,Lime,7,זיכרון,memoria / ricordo,,0,100,solid_base_candidate,citizen_cafe_source_lineage|verified_tabular,clean_structural_candidate,src_28aa9e5e462d59a9
cclex_31101b75345ef129,Lime,7,מגבת,asciugamano,,0,100,solid_base_candidate,citizen_cafe_source_lineage|verified_tabular,clean_structural_candidate,src_5b2e1142f68d4635
cclex_0dc6cd40c6488db8,Lime,7,כדי + שם פועל,per / al fine di,,0,100,solid_base_candidate,citizen_cafe_source_lineage|verified_tabular,clean_structural_candidate,src_20f75b559bfaedc7
cclex_92860bac8550b431,Lime,7,להתחיל,iniziare (infinito),,0,100,solid_base_candidate,citizen_cafe_source_lineage|verified_tabular,clean_structural_candidate,src_3513142038bbfc6e
cclex_27b97c93ba42dc1f,Lime,7,אנחנו נוכל,noi - futuro di potere,,0,100,solid_base_candidate,citizen_cafe_source_lineage|verified_tabular,clean_structural_candidate,src_8d8e2a73ea462d4a
cclex_e8f55a4c25a46c66,Lime,7,אניאשלח,io - futuro di mandare,,0,100,solid_base_candidate,citizen_cafe_source_lineage|verified_tabular,clean_structural_candidate,src_f251b6747c6b4821
cclex_65d7774f468eca3f,Lime,7,היאתרצה,lei - futuro di volere,,0,100,solid_base_candidate,citizen_cafe_source_lineage|verified_tabular,clean_structural_candidate,src_93802f7964769fc1
cclex_fc92f99e90cd1b1e,Lime,7,הםמקליטים,loro (m.) - presente di registrare,,0,100,solid_base_candidate,citizen_cafe_source_lineage|verified_tabular,clean_structural_candidate,src_48d6d98a94275d0c
cclex_8d22c623469e7a49,Lime,7,אנחנומדליקים,noi (m.) - presente di accendere,,0,100,solid_base_candidate,citizen_cafe_source_lineage|verified_tabular,clean_structural_candidate,src_a0f42b8b8be28646
cclex_43b5a8568e2048f3,Lime,7,אניחשבת י,io - passato di pensare,,0,100,solid_base_candidate,citizen_cafe_source_lineage|verified_tabular,clean_structural_candidate,src_5d1b9b50af08eecd
cclex_1757bb17a72e5c72,Lime,7,הןילכו/הם,loro - futuro di andare,,0,100,solid_base_candidate,citizen_cafe_source_lineage|verified_tabular,clean_structural_candidate,src_2debff898a4d6f19
cclex_c9ffe43fc41671d8,Lime,7,אנחנומצליחים,noi (m.) - passato di riuscire,,0,100,solid_base_candidate,citizen_cafe_source_lineage|verified_tabular,clean_structural_candidate,src_7473263bf4bc8119
cclex_a91f8861f18e1ebf,Lime,7,אנחנו זוכר ים,noi (m.) - presente di ricordare,,0,100,solid_base_candidate,citizen_cafe_source_lineage|verified_tabular,clean_structural_candidate,src_bf0b64c69d91c978
cclex_615d0d2e05869cc0,Lime,7,אתתרד י,tu (f.) - futuro di scendere,,0,100,solid_base_candidate,citizen_cafe_source_lineage|verified_tabular,clean_structural_candidate,src_8c8e4b0b7a0df68c
cclex_d2fa8e4546194a2e,Lime,7,הןיאמינו/הם,loro - futuro di credere,,0,100,solid_base_candidate,citizen_cafe_source_lineage|verified_tabular,clean_structural_candidate,src_1c99a69bcb16fdde
cclex_72208571fa3dbed9,Lime,7,אנחנונזוז,noi - futuro di muoversi,,0,100,solid_base_candidate,citizen_cafe_source_lineage|verified_tabular,clean_structural_candidate,src_d4a77b2a4b2db4eb
cclex_29c6f322b19353d7,Lime,7,אתםחיכית ם,voi (m.) - passato di aspettare,,0,100,solid_base_candidate,citizen_cafe_source_lineage|verified_tabular,clean_structural_candidate,src_e5629251776709ae
cclex_0d9b5aa8ab19e8fc,Lime,7,אניאשתוק,io - futuro di tacere,,0,100,solid_base_candidate,citizen_cafe_source_lineage|verified_tabular,clean_structural_candidate,src_807b0606ec7fbe7b
cclex_ea369ebe77359684,Lime,7,הן עומדות,loro (f.) - presente di stare in piedi,,0,100,solid_base_candidate,citizen_cafe_source_lineage|verified_tabular,clean_structural_candidate,src_479f41bce4e7edc3
cclex_0cf2936a5463afc3,Lime,7,הוא יודע,lui - presente di sapere / conoscere,,1,100,solid_base_candidate,citizen_cafe_source_lineage|streetwise_context_match|verified_tabular,clean_structural_candidate,src_8ced755c63bd1dd6
cclex_2693278bf1ad6256,Lime,7,הןיד עו/הם,loro - passato di sapere / conoscere,,0,100,solid_base_candidate,citizen_cafe_source_lineage|verified_tabular,clean_structural_candidate,src_1432020544e40468
cclex_7be8569f8607c77d,Lime,7,היא אוהבת,lei - presente di amare,,0,100,solid_base_candidate,citizen_cafe_source_lineage|verified_tabular,clean_structural_candidate,src_f8363134273d464b
cclex_262103c995a3d0b0,Lime,7,הם רואים,loro (m.) - presente di vedere,,0,100,solid_base_candidate,citizen_cafe_source_lineage|verified_tabular,clean_structural_candidate,src_3dac799dad4ac5a7
cclex_c1e2fa2cf2069647,Lime,7,אניאכין,io - futuro di preparare,,0,100,solid_base_candidate,citizen_cafe_source_lineage|verified_tabular,clean_structural_candidate,src_7acca9689302c317
cclex_e031a594ea253140,Lime,7,אניאפסיק,io - futuro di fermarsi / smettere,,0,100,solid_base_candidate,citizen_cafe_source_lineage|verified_tabular,clean_structural_candidate,src_6397d88f0eca33b3
cclex_0743ea83435e0e29,Lime,7,אניאהיה,io - futuro di essere,,0,100,solid_base_candidate,citizen_cafe_source_lineage|verified_tabular,clean_structural_candidate,src_24e25f970598909a
cclex_6ec9bb8e5c8a3b3c,Lime,7,לשים,mettere (infinito),,1,100,solid_base_candidate,citizen_cafe_source_lineage|streetwise_context_match|verified_tabular,clean_structural_candidate,src_5136b26aa37310d2
cclex_f9e1ebfa43d48c1c,Lime,7,היאהזמינה,lei - passato di ordinare / invitare,,0,100,solid_base_candidate,citizen_cafe_source_lineage|verified_tabular,clean_structural_candidate,src_17ef8d02de1ba3ab
cclex_380149f0b7c211d9,Lime,7,אתהתחזור,tu (m.) - futuro di ripetere / tornare,,0,100,solid_base_candidate,citizen_cafe_source_lineage|verified_tabular,clean_structural_candidate,src_36b01a6ffd389fd8
cclex_8aab52d039095493,Lime,7,אתןלמדת ן,voi (f.) - passato di studiare,,0,100,solid_base_candidate,citizen_cafe_source_lineage|verified_tabular,clean_structural_candidate,src_f199a5ba704e1cba
cclex_6ffa3c226cac8332,Lime,7,אתןדאגת ן,voi (f.) - passato di preoccuparsi,,0,100,solid_base_candidate,citizen_cafe_source_lineage|verified_tabular,clean_structural_candidate,src_c8a2188313f26769
cclex_b38b5c5009995d0c,Lime,7,אנחנונשתוק,noi - futuro di tacere,,0,100,solid_base_candidate,citizen_cafe_source_lineage|verified_tabular,clean_structural_candidate,src_0dd530493296ea0b
cclex_65bf33802b90a75b,Lime,7,הןירגישו/הם,loro - futuro di sentirsi,,0,100,solid_base_candidate,citizen_cafe_source_lineage|verified_tabular,clean_structural_candidate,src_2b53e22eb8897d02
cclex_ecbbad5612707c63,Lime,7,אנחנו שולחות,noi (f.) - presente di mandare,,0,100,solid_base_candidate,citizen_cafe_source_lineage|verified_tabular,clean_structural_candidate,src_7d9b38b4a1030515
cclex_b3aa58a2b5b6b840,Lime,7,הןיחכו/הם,loro - futuro di aspettare,,0,100,solid_base_candidate,citizen_cafe_source_lineage|verified_tabular,clean_structural_candidate,src_3b08e3683c5ea28e
cclex_ae92433954d4ebec,Lime,7,אתה עולה,tu (m.) - presente di salire / costare,,0,100,solid_base_candidate,citizen_cafe_source_lineage|verified_tabular,clean_structural_candidate,src_d962a29f34975f7f
cclex_078d35b5548056ce,Lime,7,אנחנולקחנו,noi - passato di prendere,,0,100,solid_base_candidate,citizen_cafe_source_lineage|verified_tabular,clean_structural_candidate,src_179e9c7964306cb6
cclex_621ec97e631d6cf4,Lime,7,אתההעדפת,tu (m.) - passato di preferire,,0,100,solid_base_candidate,citizen_cafe_source_lineage|verified_tabular,clean_structural_candidate,src_0ed993b7a3867d2a
cclex_fb19a6535ebfea4b,Lime,7,אתהתאחר,tu (m.) - futuro di fare tardi,,0,100,solid_base_candidate,citizen_cafe_source_lineage|verified_tabular,clean_structural_candidate,src_a62451159d7265e7
cclex_8468746a9c9856da,Lime,7,אתםמפסיקים,voi (m.) - presente di fermarsi / smettere,,0,100,solid_base_candidate,citizen_cafe_source_lineage|verified_tabular,clean_structural_candidate,src_91178b52479a70c0
cclex_d409dda3afe917fb,Lime,7,הואחשב,lui - passato di pensare,,0,100,solid_base_candidate,citizen_cafe_source_lineage|verified_tabular,clean_structural_candidate,src_05692db259fa0d59
cclex_77216f0f24c695c8,Lime,7,אתם יוצאים,voi (m.) - presente di uscire,,0,100,solid_base_candidate,citizen_cafe_source_lineage|verified_tabular,clean_structural_candidate,src_75c14b7a3a650273
cclex_f6310e114805d380,Lime,7,אתפינית,tu (f.) - passato di liberare / sgomberare,,0,100,solid_base_candidate,citizen_cafe_source_lineage|verified_tabular,clean_structural_candidate,src_69a5a2173b1c7988
cclex_cb85359abab7dd6b,Lime,7,הןעלו/הם,loro - passato di salire / costare,,0,100,solid_base_candidate,citizen_cafe_source_lineage|verified_tabular,clean_structural_candidate,src_dc6f8ffc10ea0e6e
cclex_05573d494b4f4176,Lime,7,אניאלמד,io - futuro di studiare,,0,100,solid_base_candidate,citizen_cafe_source_lineage|verified_tabular,clean_structural_candidate,src_aea547e06ea7022d
cclex_b61e4e6c74cb8849,Lime,7,היאמכבה,lei - presente di spegnere,,0,100,solid_base_candidate,citizen_cafe_source_lineage|verified_tabular,clean_structural_candidate,src_8149b1efe2287c44
cclex_a02d674681fdcc97,Lime,7,אתהצדקת,tu (m.) - passato di avere ragione,,0,100,solid_base_candidate,citizen_cafe_source_lineage|verified_tabular,clean_structural_candidate,src_d876d86b2dbd8c12
cclex_94eb362aab6acd8a,Lime,7,אתןהזמנת ן,voi (f.) - passato di ordinare / invitare,,0,100,solid_base_candidate,citizen_cafe_source_lineage|verified_tabular,clean_structural_candidate,src_94ce460cb6cf8385
cclex_efce368f90e8deed,Lime,7,אניאקווה,io - futuro di sperare,,0,100,solid_base_candidate,citizen_cafe_source_lineage|verified_tabular,clean_structural_candidate,src_553c49f361749f01
cclex_9730be5e34c5a61b,Lime,7,הואהזמין,lui - passato di ordinare / invitare,,0,100,solid_base_candidate,citizen_cafe_source_lineage|verified_tabular,clean_structural_candidate,src_61f050b54c7bc064
cclex_0698dce356849342,Lime,7,אנחנונקליט,noi - futuro di registrare,,0,100,solid_base_candidate,citizen_cafe_source_lineage|verified_tabular,clean_structural_candidate,src_c6073f6408c2861a
cclex_ef357c761a9c3ba1,Lime,7,הןכיבו/הם,loro - passato di spegnere,,0,100,solid_base_candidate,citizen_cafe_source_lineage|verified_tabular,clean_structural_candidate,src_a3c3e10567af0265
cclex_23a0c5b3d5ba38b5,Lime,7,אתןאהבת ן,voi (f.) - passato di amare,,0,100,solid_base_candidate,citizen_cafe_source_lineage|verified_tabular,clean_structural_candidate,src_9b0fd53b45236100
cclex_e3d683f2f455d3a6,Lime,7,אתהתקבל,tu (m.) - futuro di ricevere,,0,100,solid_base_candidate,citizen_cafe_source_lineage|verified_tabular,clean_structural_candidate,src_b038cd7a958e3fd1
cclex_96218093c3e50957,Lime,7,את שולחת,tu (f.) - presente di mandare,,0,100,solid_base_candidate,citizen_cafe_source_lineage|verified_tabular,clean_structural_candidate,src_b0c5b19c1a9e5151
cclex_eb160fc9f93b1007,Lime,7,הואהלך,lui - passato di andare,,0,100,solid_base_candidate,citizen_cafe_source_lineage|verified_tabular,clean_structural_candidate,src_decdd2db28e7d04f
cclex_6c8b34560efe7e84,Lime,7,היאמצלמת,lei - presente di fotografare,,0,100,solid_base_candidate,citizen_cafe_source_lineage|verified_tabular,clean_structural_candidate,src_ccf139e7f33f76ab
cclex_95b788e6bba99c1f,Lime,7,היאתכיר,lei - futuro di conoscere,,0,100,solid_base_candidate,citizen_cafe_source_lineage|verified_tabular,clean_structural_candidate,src_de4348471ffdd7b5
cclex_a2c4198010a6b76f,Lime,7,אנחנונפגשנו,noi - passato di incontrarsi con,,0,100,solid_base_candidate,citizen_cafe_source_lineage|verified_tabular,clean_structural_candidate,src_fd7cf780efc51566
cclex_afef85fcca9c5a77,Lime,7,אתןמצליחות,voi (f.) - passato di riuscire,,0,100,solid_base_candidate,citizen_cafe_source_lineage|verified_tabular,clean_structural_candidate,src_ab78ebb2f0f7f7ff
cclex_314342b596b4397c,Lime,7,אתהתעלה,tu (m.) - futuro di salire / costare,,0,100,solid_base_candidate,citizen_cafe_source_lineage|verified_tabular,clean_structural_candidate,src_27175235ef6b28af
cclex_6321ef8b583917ec,Lime,7,אנחנונשב,noi - futuro di sedersi,,0,100,solid_base_candidate,citizen_cafe_source_lineage|verified_tabular,clean_structural_candidate,src_f0206cfe0141d088
cclex_bfcc9f162b45c559,Lime,7,היאקבלה,lei - passato di ricevere,,0,100,solid_base_candidate,citizen_cafe_source_lineage|verified_tabular,clean_structural_candidate,src_7355fae3bc1ea339
cclex_17ec61b72ee4f4f0,Lime,7,אתמצליחה,tu (f.) - passato di riuscire,,0,100,solid_base_candidate,citizen_cafe_source_lineage|verified_tabular,clean_structural_candidate,src_30c6ba851c3221e9
cclex_0c97713a10b536c7,Lime,7,אתמפסיקה,tu (f.) - presente di fermarsi / smettere,,0,100,solid_base_candidate,citizen_cafe_source_lineage|verified_tabular,clean_structural_candidate,src_a3b929b7fdfb033b
cclex_2a2e6fb0c78f1b61,Lime,7,אניאקר א,io - futuro di leggere,,0,100,solid_base_candidate,citizen_cafe_source_lineage|verified_tabular,clean_structural_candidate,src_14c1805ef89d02f3
cclex_e494e1b25a44d2bb,Lime,7,אנימחכה,io (m.) - presente di aspettare,,0,100,solid_base_candidate,citizen_cafe_source_lineage|verified_tabular,clean_structural_candidate,src_dddc9e28bd3e2224
cclex_2667a12f0d355ed8,Lime,7,אתהאישרת,tu (m.) - passato di confermare,,0,100,solid_base_candidate,citizen_cafe_source_lineage|verified_tabular,clean_structural_candidate,src_a4d97ce965eecfa6
cclex_4e4e01f05433d738,Lime,7,אניחיפשת י,io - passato di cercare,,0,100,solid_base_candidate,citizen_cafe_source_lineage|verified_tabular,clean_structural_candidate,src_cb41311962d9baa9
cclex_af04b1ef1900bf6c,Lime,7,אנחנוננקה,noi - futuro di pulire,,0,100,solid_base_candidate,citizen_cafe_source_lineage|verified_tabular,clean_structural_candidate,src_4f42a9c50d710725
cclex_d44479049569f9d3,Lime,7,הוא עולה,lui - presente di salire / costare,,0,100,solid_base_candidate,citizen_cafe_source_lineage|verified_tabular,clean_structural_candidate,src_3a8e76500bd2ebfc
cclex_8625363f02a30841,Lime,7,אנחנו זורמים,noi (m.) - presente di fluire,,0,100,solid_base_candidate,citizen_cafe_source_lineage|verified_tabular,clean_structural_candidate,src_07ba8607cec9440e
cclex_49fb933bf8f07ce8,Lime,7,לבטל,annullare (infinito),,0,100,solid_base_candidate,citizen_cafe_source_lineage|verified_tabular,clean_structural_candidate,src_d0df42d0a13adb8c
cclex_dfbede81d536cc70,Lime,7,אנחנוננשנש,noi - futuro di fare uno spuntino,,0,100,solid_base_candidate,citizen_cafe_source_lineage|verified_tabular,clean_structural_candidate,src_ceacc4c025d93171
cclex_49c75b471d5a8a8b,Lime,7,אנחנונישאר,noi - futuro di rimanere / restare,,0,100,solid_base_candidate,citizen_cafe_source_lineage|verified_tabular,clean_structural_candidate,src_534b86eceb89f818
cclex_4d4082165407c680,Lime,7,אני הולכת,io (f.) - presente di andare,,4,100,solid_base_candidate,citizen_cafe_source_lineage|streetwise_context_match|verified_tabular,clean_structural_candidate,src_5a3b03cafc68c909
cclex_45fdc9a6918eb88a,Lime,7,הםמסיימם,loro (m.) - presente di finire,,0,100,solid_base_candidate,citizen_cafe_source_lineage|verified_tabular,clean_structural_candidate,src_5c1130f155571a43
cclex_29d3e70e39cbefb8,Lime,7,הןחיכו/הם,loro - passato di aspettare,,0,100,solid_base_candidate,citizen_cafe_source_lineage|verified_tabular,clean_structural_candidate,src_e8047739dc38c541
cclex_85d57a766c3a9fcd,Lime,7,אתןתלכו/אתם,voi - futuro di andare,,0,100,solid_base_candidate,citizen_cafe_source_lineage|verified_tabular,clean_structural_candidate,src_03c19d8346a14c95
cclex_a01a4988b15fccca,Lime,7,אניאחזור,io - futuro di ripetere / tornare,,0,100,solid_base_candidate,citizen_cafe_source_lineage|verified_tabular,clean_structural_candidate,src_a72468ebb9362b7a
cclex_e596242a789a5737,Lime,7,אנחנומבינות,noi (f.) - presente di capire,,0,100,solid_base_candidate,citizen_cafe_source_lineage|verified_tabular,clean_structural_candidate,src_826ae7d226d040a5
cclex_24931989b2b3ed57,Lime,7,ללכת,andare (infinito),,1,100,solid_base_candidate,citizen_cafe_source_lineage|streetwise_context_match|verified_tabular,clean_structural_candidate,src_1de615bf9143f366
cclex_e81f4b55627eefc3,Lime,7,היאנתנה,lei - passato di dare,,0,100,solid_base_candidate,citizen_cafe_source_lineage|verified_tabular,clean_structural_candidate,src_e11cdc53fedb2244
cclex_ae0fc7f002970048,Lime,7,אנחנו אוהבות,noi (f.) - presente di amare,,0,100,solid_base_candidate,citizen_cafe_source_lineage|verified_tabular,clean_structural_candidate,src_84984b27af0d36af
cclex_53884713b15b630d,Lime,7,הןיסיימו/הם,loro - futuro di finire,,0,100,solid_base_candidate,citizen_cafe_source_lineage|verified_tabular,clean_structural_candidate,src_beb843292e33908a
cclex_a437882f489c7a32,Lime,7,אנימזמין,io (m.) - presente di ordinare / invitare,,0,100,solid_base_candidate,citizen_cafe_source_lineage|verified_tabular,clean_structural_candidate,src_3de5ea3739e707a6
cclex_c1383957bbfc8fd5,Lime,7,אתהמרגיש,tu (m.) - presente di sentirsi,,0,100,solid_base_candidate,citizen_cafe_source_lineage|verified_tabular,clean_structural_candidate,src_8280244eaa365690
cclex_7d2099d712271163,Lime,7,אנינתת י,io - passato di dare,,0,100,solid_base_candidate,citizen_cafe_source_lineage|verified_tabular,clean_structural_candidate,src_6484571b81dcdc0d
cclex_f241e6701202dc45,Lime,7,אנחנונקום,noi - futuro di alzarsi,,0,100,solid_base_candidate,citizen_cafe_source_lineage|verified_tabular,clean_structural_candidate,src_c4594a2db6373a2a
cclex_de6192e07d3f5f9d,Lime,7,אתןזזת ן,voi (f.) - passato di muoversi,,0,100,solid_base_candidate,citizen_cafe_source_lineage|verified_tabular,clean_structural_candidate,src_6750bea5a997c1ab
cclex_e6b5459c25a93efa,Lime,7,אניאאמן,io - futuro di allenarsi,,0,100,solid_base_candidate,citizen_cafe_source_lineage|verified_tabular,clean_structural_candidate,src_6faa1d8f0b9053d1
cclex_f0f06750c3360192,Lime,7,אנישמה,io (f.) - presente di mettere,,0,100,solid_base_candidate,citizen_cafe_source_lineage|verified_tabular,clean_structural_candidate,src_4ca0bb06ef0a3b10
cclex_849356ff3402909e,Lime,7,אתןתצד קו/אתם,voi - futuro di avere ragione,,0,100,solid_base_candidate,citizen_cafe_source_lineage|verified_tabular,clean_structural_candidate,src_d23621a50caebac0
cclex_1ba2fb98d1a19ad6,Lime,7,הןיצאו/הם,loro - futuro di uscire,,0,100,solid_base_candidate,citizen_cafe_source_lineage|verified_tabular,clean_structural_candidate,src_7bbb868f45889fde
cclex_bf0cec45233a848d,Lime,7,אתהת יקנת,tu (m.) - passato di riparare / sistemare,,0,100,solid_base_candidate,citizen_cafe_source_lineage|verified_tabular,clean_structural_candidate,src_1e4c09452526c036
cclex_97f441b3b5ba2498,Lime,7,אנימצליח,io (m.) - passato di riuscire,,0,100,solid_base_candidate,citizen_cafe_source_lineage|verified_tabular,clean_structural_candidate,src_b21bbdbc29787f00
cclex_5d605068e0be3f5c,Lime,7,אנחנונתרגש,noi - futuro di essere emozionato,,0,100,solid_base_candidate,citizen_cafe_source_lineage|verified_tabular,clean_structural_candidate,src_ed2ece9b84ac13e5
cclex_2d654a4b7707474c,Lime,7,אנחנומעדכנים,noi (m.) - presente di aggiornare,,0,100,solid_base_candidate,citizen_cafe_source_lineage|verified_tabular,clean_structural_candidate,src_1ad0c809b028ef16
cclex_124cb231acbea114,Lime,7,לשכוח,dimenticare (infinito),,0,100,solid_base_candidate,citizen_cafe_source_lineage|verified_tabular,clean_structural_candidate,src_78374ed118092923
cclex_ee741c8eae38260e,Lime,7,הןהבינו/הם,loro - passato di capire,,0,100,solid_base_candidate,citizen_cafe_source_lineage|verified_tabular,clean_structural_candidate,src_8acbbb60729d2ad7
cclex_648083ff33e94694,Lime,7,הואאישר,lui - passato di confermare,,0,100,solid_base_candidate,citizen_cafe_source_lineage|verified_tabular,clean_structural_candidate,src_a20daffd19d79fef
cclex_e56fbf15d87db4c7,Lime,7,הואקר א,lui - passato di leggere,,0,100,solid_base_candidate,citizen_cafe_source_lineage|verified_tabular,clean_structural_candidate,src_ba86eb4935799736
cclex_72b99250238c2eab,Lime,7,היאהרגישה,lei - passato di sentirsi,,0,100,solid_base_candidate,citizen_cafe_source_lineage|verified_tabular,clean_structural_candidate,src_244fb9bd2aff8c2e
cclex_9b3a1e5ba2c49692,Lime,7,אנחנונטוס,noi - futuro di volare,,0,100,solid_base_candidate,citizen_cafe_source_lineage|verified_tabular,clean_structural_candidate,src_a0f4e37e0b14ab97
cclex_51ace7b1a9a9a83c,Lime,7,היאהקשיבה,lei - passato di ascoltare / fare attenzione,,0,100,solid_base_candidate,citizen_cafe_source_lineage|verified_tabular,clean_structural_candidate,src_aee3578d006573cc
cclex_bedce49586fd9653,Lime,7,אנחנומפסיקים,noi (m.) - presente di fermarsi / smettere,,0,100,solid_base_candidate,citizen_cafe_source_lineage|verified_tabular,clean_structural_candidate,src_1cdcd93a7081cddc
cclex_ba1147697696ade5,Lime,7,אתהד יברת,tu (m.) - passato di parlare,,0,100,solid_base_candidate,citizen_cafe_source_lineage|verified_tabular,clean_structural_candidate,src_1a7d14803e955c5f
cclex_db1cdd2aaa41e7c9,Lime,7,אתםאימנת ם,voi (m.) - passato di allenarsi,,0,100,solid_base_candidate,citizen_cafe_source_lineage|verified_tabular,clean_structural_candidate,src_0996ea95fc0c7548
cclex_13ab9fc8b2108d7e,Lime,7,אניאעבוד,io - futuro di lavorare,,0,100,solid_base_candidate,citizen_cafe_source_lineage|verified_tabular,clean_structural_candidate,src_bf2ccd425a95c10c
cclex_835d0e65fe5e6216,Lime,7,אתה יודע,tu (m.) - presente di sapere / conoscere,,1,100,solid_base_candidate,citizen_cafe_source_lineage|streetwise_context_match|verified_tabular,clean_structural_candidate,src_135a9a2a1c8de3c7
cclex_4fd5a82816fd59eb,Lime,7,היאנפגשה,lei - passato di incontrarsi con,,0,100,solid_base_candidate,citizen_cafe_source_lineage|verified_tabular,clean_structural_candidate,src_83d303da690df81c
cclex_351dc735760cb204,Lime,7,אתמפנה,tu (f.) - presente di liberare / sgomberare,,0,100,solid_base_candidate,citizen_cafe_source_lineage|verified_tabular,clean_structural_candidate,src_040ae740302d0eb1
cclex_bbc56c050684d5f2,Lime,7,אתםקר את ם,voi (m.) - passato di leggere,,0,100,solid_base_candidate,citizen_cafe_source_lineage|verified_tabular,clean_structural_candidate,src_b0236fdab4d25be6
cclex_d95b8bcd1961a2aa,Lime,7,אתם עושים,voi (m.) - presente di fare,,1,100,solid_base_candidate,citizen_cafe_source_lineage|streetwise_context_match|verified_tabular,clean_structural_candidate,src_e104a296c62c4991
cclex_8b098a4fb747ee98,Lime,7,אנחנונדאג,noi - futuro di preoccuparsi,,0,100,solid_base_candidate,citizen_cafe_source_lineage|verified_tabular,clean_structural_candidate,src_e94d4a19ffd258b2
cclex_42b2282db4fea305,Lime,7,אתןמצלמות,voi (f.) - presente di fotografare,,0,100,solid_base_candidate,citizen_cafe_source_lineage|verified_tabular,clean_structural_candidate,src_99ed920d9d8fa391
cclex_ca730536ca5b90b9,Lime,7,להגזים,esagerare (infinito),,0,100,solid_base_candidate,citizen_cafe_source_lineage|verified_tabular,clean_structural_candidate,src_5143594783bf8086
cclex_8a0fe6fe69b04f6d,Lime,7,אניאחשוב,io - futuro di pensare,,0,100,solid_base_candidate,citizen_cafe_source_lineage|verified_tabular,clean_structural_candidate,src_96a04cd79d90e501
cclex_8db5f58ac6eb7d06,Lime,7,אתם יושבים,voi (m.) - presente di sedersi,,1,100,solid_base_candidate,citizen_cafe_source_lineage|streetwise_context_match|verified_tabular,clean_structural_candidate,src_00cc26312d58e38e
cclex_e488392da1809d8f,Lime,7,את חושבת,tu (f.) - presente di pensare,,2,100,solid_base_candidate,citizen_cafe_source_lineage|streetwise_context_match|verified_tabular,clean_structural_candidate,src_878435c7fb374dcc
cclex_31feb94d46f0aa36,Lime,7,אתהידעת,tu (m.) - passato di sapere / conoscere,,0,100,solid_base_candidate,citizen_cafe_source_lineage|verified_tabular,clean_structural_candidate,src_eefec2a7ee46972c
cclex_447dfc3634a4bba7,Lime,7,ללמוד,studiare (infinito),,1,100,solid_base_candidate,citizen_cafe_source_lineage|streetwise_context_match|verified_tabular,clean_structural_candidate,src_bfed5bb7313ccd33
cclex_a0bbced5c36d071d,Lime,7,אתןתחפשו/אתם,voi - futuro di cercare,,0,100,solid_base_candidate,citizen_cafe_source_lineage|verified_tabular,clean_structural_candidate,src_27ded3d93618d26f
cclex_9937d0a4a9d1b83d,Lime,7,אניאעד יף,io - futuro di preferire,,0,100,solid_base_candidate,citizen_cafe_source_lineage|verified_tabular,clean_structural_candidate,src_d6dbf7f188917379
cclex_c021f5331b2c428c,Lime,7,היאשתת ה,lei - passato di bere,,0,100,solid_base_candidate,citizen_cafe_source_lineage|verified_tabular,clean_structural_candidate,src_567dad784933a95e
cclex_8ae0b501591a37fe,Lime,7,אתןהיית ן,voi (f.) - passato di essere,,0,100,solid_base_candidate,citizen_cafe_source_lineage|verified_tabular,clean_structural_candidate,src_ae9a5031ff423fc2
cclex_4461eaf9749b1e7a,Lime,7,הןזכרו/הם,loro - passato di ricordare,,0,100,solid_base_candidate,citizen_cafe_source_lineage|verified_tabular,clean_structural_candidate,src_475ecc686f13abcc
cclex_29ca2fceba1e8528,Lime,7,אנחנומקוות,noi (f.) - presente di sperare,,0,100,solid_base_candidate,citizen_cafe_source_lineage|verified_tabular,clean_structural_candidate,src_99d68ba86966d64e
cclex_c688cb3717bff39c,Lime,7,אתהבאת,tu (m.) - passato di venire,,0,100,solid_base_candidate,citizen_cafe_source_lineage|verified_tabular,clean_structural_candidate,src_75ba6b9ca9181053
cclex_a67b62a197287e50,Lime,7,היאמסתכלת,lei - presente di guardare,,0,100,solid_base_candidate,citizen_cafe_source_lineage|verified_tabular,clean_structural_candidate,src_6479f7c98b3f356b
cclex_5576464999ec921d,Lime,7,את יושבת,tu (f.) - presente di sedersi,,0,100,solid_base_candidate,citizen_cafe_source_lineage|verified_tabular,clean_structural_candidate,src_3d994283edac699e
cclex_093ad9d6c03b53c1,Lime,7,הןיקומו/הם,loro - futuro di alzarsi,,0,100,solid_base_candidate,citizen_cafe_source_lineage|verified_tabular,clean_structural_candidate,src_9927c44e7b950f11
cclex_2a398fc1f483bc55,Lime,7,אניאזוז,io - futuro di muoversi,,0,100,solid_base_candidate,citizen_cafe_source_lineage|verified_tabular,clean_structural_candidate,src_6b4e460cfd248d64
cclex_42401c572dec9fd1,Lime,7,אתתכבי,tu (f.) - futuro di spegnere,,0,100,solid_base_candidate,citizen_cafe_source_lineage|verified_tabular,clean_structural_candidate,src_586fdf1364eee320
cclex_117c8d6dfeedf2d1,Lime,7,אתןשת ית ן,voi (f.) - passato di bere,,0,100,solid_base_candidate,citizen_cafe_source_lineage|verified_tabular,clean_structural_candidate,src_3be06ef19e05a09f
cclex_264fa6a19b59ebdc,Lime,7,אתןמתגעגעות,voi (f.) - presente di perdere / mancare,,0,100,solid_base_candidate,citizen_cafe_source_lineage|verified_tabular,clean_structural_candidate,src_b9878b7e1c81cdf7
cclex_8da24c1cfa669814,Lime,7,היאת יקנה,lei - passato di riparare / sistemare,,0,100,solid_base_candidate,citizen_cafe_source_lineage|verified_tabular,clean_structural_candidate,src_ee53fb6439489300
cclex_1bc4e66bda0b3806,Lime,7,אתתזמיני,tu (f.) - futuro di ordinare / invitare,,0,100,solid_base_candidate,citizen_cafe_source_lineage|verified_tabular,clean_structural_candidate,src_7fabc6a317a86b78
cclex_3ed220357f7db588,Lime,7,אנינפגש,io (m.) - presente di incontrarsi con,,0,100,solid_base_candidate,citizen_cafe_source_lineage|verified_tabular,clean_structural_candidate,src_85733a6d32a53748
cclex_808428e6a5195d4b,Lime,7,היאתחשוב,lei - futuro di pensare,,0,100,solid_base_candidate,citizen_cafe_source_lineage|verified_tabular,clean_structural_candidate,src_d3e929854a188d11
cclex_d30b2fce71c87fe4,Lime,7,אתהלמדת,tu (m.) - passato di studiare,,0,100,solid_base_candidate,citizen_cafe_source_lineage|verified_tabular,clean_structural_candidate,src_a2b0ace1f7055c68
cclex_3eba00dbeee3560c,Lime,7,אני לומד ת,io (f.) - presente di studiare,,1,100,solid_base_candidate,citizen_cafe_source_lineage|streetwise_context_match|verified_tabular,clean_structural_candidate,src_b889b1650b010b45
cclex_ed7e6fc1725ed3fa,Lime,7,אתהקמת,tu (m.) - passato di alzarsi,,0,100,solid_base_candidate,citizen_cafe_source_lineage|verified_tabular,clean_structural_candidate,src_57be34cbdd60209f
cclex_d166b407211d2912,Lime,7,אתםהכרת ם,voi (m.) - passato di conoscere,,0,100,solid_base_candidate,citizen_cafe_source_lineage|verified_tabular,clean_structural_candidate,src_d069141693416ba4
cclex_b3aa3b7d1125c984,Lime,7,אתהנזכר,tu (m.) - presente di ricordarsi finalmente,,0,100,solid_base_candidate,citizen_cafe_source_lineage|verified_tabular,clean_structural_candidate,src_1249fa237b8378ea
cclex_e96636853f6d5262,Lime,7,אתהתעד יף,tu (m.) - futuro di preferire,,0,100,solid_base_candidate,citizen_cafe_source_lineage|verified_tabular,clean_structural_candidate,src_455977a51b3ebbf3
cclex_47b683a60f9802df,Lime,7,אנחנונזמין,noi - futuro di ordinare / invitare,,0,100,solid_base_candidate,citizen_cafe_source_lineage|verified_tabular,clean_structural_candidate,src_1be7bc84dbfee9f5
cclex_185b73121449f82e,Lime,7,אנחנונסיים,noi - futuro di finire,,0,100,solid_base_candidate,citizen_cafe_source_lineage|verified_tabular,clean_structural_candidate,src_af9ca15a61c249db
cclex_2df5fba71269b539,Lime,7,אתיצאת,tu (f.) - passato di uscire,,0,100,solid_base_candidate,citizen_cafe_source_lineage|verified_tabular,clean_structural_candidate,src_4b4637c8722938a7
cclex_c683930061efe4b3,Lime,7,הןנשנשו/הם,loro - passato di fare uno spuntino,,0,100,solid_base_candidate,citizen_cafe_source_lineage|verified_tabular,clean_structural_candidate,src_c81b96930c7cbf0c
cclex_86461c58dbee687b,Lime,7,הםטסים,loro (m.) - presente di volare,,0,100,solid_base_candidate,citizen_cafe_source_lineage|verified_tabular,clean_structural_candidate,src_7776d8efef09c741
cclex_1b46dca9ade785dc,Lime,7,הואשיחק,lui - passato di giocare / suonare,,0,100,solid_base_candidate,citizen_cafe_source_lineage|verified_tabular,clean_structural_candidate,src_e8643ba3bdf5524c
cclex_1ea4e3ae5681039d,Lime,7,אנחנומדברות,noi (f.) - presente di parlare,,0,100,solid_base_candidate,citizen_cafe_source_lineage|verified_tabular,clean_structural_candidate,src_99b5a9aaa578cf69
cclex_c375560196c11690,Lime,7,אתתהיי,tu (f.) - futuro di essere,,0,100,solid_base_candidate,citizen_cafe_source_lineage|verified_tabular,clean_structural_candidate,src_74ce853a58a94d37
cclex_306baac253fed640,Lime,7,אתחשבת,tu (f.) - passato di pensare,,0,100,solid_base_candidate,citizen_cafe_source_lineage|verified_tabular,clean_structural_candidate,src_e14b8518167a4c07
cclex_d69eb4b50abcba8f,Lime,7,אתןנפגשת ן,voi (f.) - passato di incontrarsi con,,0,100,solid_base_candidate,citizen_cafe_source_lineage|verified_tabular,clean_structural_candidate,src_722f9af0c8a13b68
cclex_243ecd6009ec073f,Lime,7,לדבר,parlare (infinito),,1,100,solid_base_candidate,citizen_cafe_source_lineage|streetwise_context_match|verified_tabular,clean_structural_candidate,src_9a453acc7ccdafb2
cclex_852034e3d18d7cd8,Lime,7,אתן סיימת ן,voi (f.) - passato di finire,,0,100,solid_base_candidate,citizen_cafe_source_lineage|verified_tabular,clean_structural_candidate,src_c9ceda26531b7d57
cclex_867d3356da72d19e,Lime,7,היאסיימה,lei - passato di finire,,0,100,solid_base_candidate,citizen_cafe_source_lineage|verified_tabular,clean_structural_candidate,src_80c0ad3737c508a8
cclex_b0093b0b50509648,Lime,7,לשתות,bere (infinito),,1,100,solid_base_candidate,citizen_cafe_source_lineage|streetwise_context_match|verified_tabular,clean_structural_candidate,src_3dd12c77d071a0da
cclex_b278674dc7d74a06,Lime,7,אתןתבשלו/אתם,voi - futuro di cucinare,,0,100,solid_base_candidate,citizen_cafe_source_lineage|verified_tabular,clean_structural_candidate,src_749cdb7496faec98
cclex_b44144dcc5d04587,Lime,7,אניאלך,io - futuro di andare,,0,100,solid_base_candidate,citizen_cafe_source_lineage|verified_tabular,clean_structural_candidate,src_858d6884bf24858c
cclex_fc98a5a36627c16e,Lime,7,אתםשמים,voi (m.) - presente di mettere,,0,100,solid_base_candidate,citizen_cafe_source_lineage|verified_tabular,clean_structural_candidate,src_d0e535cb6dcc51c4
cclex_518ce6a4bcc34609,Lime,7,אתןתדברו/אתם,voi - futuro di parlare,,0,100,solid_base_candidate,citizen_cafe_source_lineage|verified_tabular,clean_structural_candidate,src_74d7b6a7336cd794
cclex_a07d26bb438dc8cc,Lime,7,אתןשוחות,voi (f.) - presente di nuotare,,0,100,solid_base_candidate,citizen_cafe_source_lineage|verified_tabular,clean_structural_candidate,src_50409771adc8e652
cclex_f56c90a67c92be1c,Lime,7,אנחנומעד יפות,noi (f.) - presente di preferire,,0,100,solid_base_candidate,citizen_cafe_source_lineage|verified_tabular,clean_structural_candidate,src_f89c3b72d3cce0cf
cclex_44a18fe00573686b,Lime,7,אתהת בוא,tu (m.) - futuro di venire,,0,100,solid_base_candidate,citizen_cafe_source_lineage|verified_tabular,clean_structural_candidate,src_d9583b59ee2ee52e
cclex_ee0d47c5e8e0ff04,Lime,7,אניקם,io (m.) - presente di alzarsi,,0,100,solid_base_candidate,citizen_cafe_source_lineage|verified_tabular,clean_structural_candidate,src_d69a9c4a2cf1171a
cclex_db2bfcce6fcfc4ab,Lime,7,אנחנונאחר,noi - futuro di fare tardi,,0,100,solid_base_candidate,citizen_cafe_source_lineage|verified_tabular,clean_structural_candidate,src_1b0cec28168314f3
cclex_55b26c35d67c99b0,Lime,7,הןמתגעגעות,loro (f.) - presente di perdere / mancare,,0,100,solid_base_candidate,citizen_cafe_source_lineage|verified_tabular,clean_structural_candidate,src_9555f064be6d9add
cclex_27deacbb34ec5c2a,Lime,7,אתןחיפשת ן,voi (f.) - passato di cercare,,0,100,solid_base_candidate,citizen_cafe_source_lineage|verified_tabular,clean_structural_candidate,src_fa9552684241cf92
cclex_a3fe1113ca3e0f15,Lime,7,אתםזזת ם,voi (m.) - passato di muoversi,,0,100,solid_base_candidate,citizen_cafe_source_lineage|verified_tabular,clean_structural_candidate,src_4d6666ad9f012826
cclex_0da97f611757967c,Lime,7,הואביטל,lui - passato di annullare,,0,100,solid_base_candidate,citizen_cafe_source_lineage|verified_tabular,clean_structural_candidate,src_5aa3911a2454fd46
cclex_294d517202bb58c5,Lime,7,היאהפסיקה,lei - passato di fermarsi / smettere,,0,100,solid_base_candidate,citizen_cafe_source_lineage|verified_tabular,clean_structural_candidate,src_895b44cb79075f53
cclex_5edac519cf20963a,Lime,7,הןיזמינו/הם,loro - futuro di ordinare / invitare,,0,100,solid_base_candidate,citizen_cafe_source_lineage|verified_tabular,clean_structural_candidate,src_247ed7f399059879
cclex_53f3b60037069b08,Lime,7,היאתתחיל,lei - futuro di iniziare,,0,100,solid_base_candidate,citizen_cafe_source_lineage|verified_tabular,clean_structural_candidate,src_0cbc92cf203d6744
cclex_a94ee6af0a31aa83,Lime,7,אני בודקת,io (f.) - presente di controllare,,0,100,solid_base_candidate,citizen_cafe_source_lineage|verified_tabular,clean_structural_candidate,src_3d6dbad93c00ae83
cclex_b131b5daaeba20e4,Lime,7,אניאטייל,io - futuro di viaggiare,,0,100,solid_base_candidate,citizen_cafe_source_lineage|verified_tabular,clean_structural_candidate,src_b259aa8e927bed90
cclex_d35dca9e9bbc11b7,Lime,7,אניהאמנת י,io - passato di credere,,0,100,solid_base_candidate,citizen_cafe_source_lineage|verified_tabular,clean_structural_candidate,src_fe0e98f7b144f3f5
cclex_3ecc7d0a4bfac15b,Lime,7,הואהעד יף,lui - passato di preferire,,0,100,solid_base_candidate,citizen_cafe_source_lineage|verified_tabular,clean_structural_candidate,src_4fe3cb0b7d384943
cclex_e9f85e976d8429cc,Lime,7,היאמזמינה,lei - presente di ordinare / invitare,,0,100,solid_base_candidate,citizen_cafe_source_lineage|verified_tabular,clean_structural_candidate,src_1c444e804745e0fc
cclex_ecd7ea88fdfe851b,Lime,7,הן בוד קות,loro (f.) - presente di controllare,,0,100,solid_base_candidate,citizen_cafe_source_lineage|verified_tabular,clean_structural_candidate,src_a52f63431e292d73
cclex_04b934fe00c1c1fe,Lime,7,אנחנונשכח,noi - futuro di dimenticare,,0,100,solid_base_candidate,citizen_cafe_source_lineage|verified_tabular,clean_structural_candidate,src_24dd721ca871d5a1
cclex_d0b27bbbe8ce1cf1,Lime,7,הןקמו/הם,loro - passato di alzarsi,,0,100,solid_base_candidate,citizen_cafe_source_lineage|verified_tabular,clean_structural_candidate,src_21ca757e7ed0ad83
cclex_a918a944bc774df6,Lime,7,אתןמסתכלות,voi (f.) - presente di guardare,,0,100,solid_base_candidate,citizen_cafe_source_lineage|verified_tabular,clean_structural_candidate,src_2f72e4b3c677dee9
cclex_af68e0f79d88be44,Lime,7,היאמקווה,lei - presente di sperare,,0,100,solid_base_candidate,citizen_cafe_source_lineage|verified_tabular,clean_structural_candidate,src_962b860adacd98e1
cclex_ae810875d32bf44a,Lime,7,אתתפני,tu (f.) - futuro di liberare / sgomberare,,0,100,solid_base_candidate,citizen_cafe_source_lineage|verified_tabular,clean_structural_candidate,src_ccfbd8c8058aef44
cclex_f0b6826eb6318a51,Lime,7,אתםעבדת ם,voi (m.) - passato di lavorare,,0,100,solid_base_candidate,citizen_cafe_source_lineage|verified_tabular,clean_structural_candidate,src_b99213e51fe759a2
cclex_773bf668aebfa391,Lime,7,אתםהיית ם,voi (m.) - passato di essere,,0,100,solid_base_candidate,citizen_cafe_source_lineage|verified_tabular,clean_structural_candidate,src_3799929f5465c24c
cclex_1446f791cb2a5ac8,Lime,7,הןיקוו/הם,loro - futuro di sperare,,0,100,solid_base_candidate,citizen_cafe_source_lineage|verified_tabular,clean_structural_candidate,src_9a7645b399a6f8a9
cclex_bf2bed416d4b3b4c,Lime,7,הואנשאר,lui - passato di rimanere / restare,,0,100,solid_base_candidate,citizen_cafe_source_lineage|verified_tabular,clean_structural_candidate,src_872a7820b71e2ebe
cclex_82c3d2b7eac19f09,Lime,7,אתןתבד קו/אתם,voi - futuro di controllare,,0,100,solid_base_candidate,citizen_cafe_source_lineage|verified_tabular,clean_structural_candidate,src_62f1ae162b794715
cclex_543b106c963ab4aa,Lime,7,אניאסיים,io - futuro di finire,,0,100,solid_base_candidate,citizen_cafe_source_lineage|verified_tabular,clean_structural_candidate,src_084af08ade8afab5
cclex_48fe9d8c02001683,Lime,7,אתביטלת,tu (f.) - passato di annullare,,0,100,solid_base_candidate,citizen_cafe_source_lineage|verified_tabular,clean_structural_candidate,src_0e5c2bd291e436ff
cclex_d4b09dc8d2aad2ce,Lime,7,אתהניקית,tu (m.) - passato di pulire,,0,100,solid_base_candidate,citizen_cafe_source_lineage|verified_tabular,clean_structural_candidate,src_8e31694dd96aaa8d
cclex_33a9ab3a5d4f5d2b,Lime,7,הןצילמו/הם,loro - passato di fotografare,,0,100,solid_base_candidate,citizen_cafe_source_lineage|verified_tabular,clean_structural_candidate,src_2776135ab2b1b028
cclex_dfaa6301179aa0f7,Lime,7,להסתכל,guardare (infinito),,0,100,solid_base_candidate,citizen_cafe_source_lineage|verified_tabular,clean_structural_candidate,src_1dfa54aafb95f3e3
cclex_94b28656edf6d925,Lime,7,היאמבינה,lei - presente di capire,,0,100,solid_base_candidate,citizen_cafe_source_lineage|verified_tabular,clean_structural_candidate,src_c2ac63215c7805ef
cclex_fd094f45ba0442b6,Lime,7,אני יוצאת,io (f.) - presente di uscire,,0,100,solid_base_candidate,citizen_cafe_source_lineage|verified_tabular,clean_structural_candidate,src_b8aa24170832ceaf
cclex_f5b1a00bac0ec9b8,Lime,7,אתהאימנת,tu (m.) - passato di allenarsi,,0,100,solid_base_candidate,citizen_cafe_source_lineage|verified_tabular,clean_structural_candidate,src_05181a98328894d6
cclex_b47e0fb42d1c55b3,Lime,7,אניעמדת י,io - passato di stare in piedi,,0,100,solid_base_candidate,citizen_cafe_source_lineage|verified_tabular,clean_structural_candidate,src_a0eb8bfcef6f03e1
cclex_e320ea583536d9d2,Lime,7,אתתרגישי,tu (f.) - presente di sentirsi,,0,100,solid_base_candidate,citizen_cafe_source_lineage|verified_tabular,clean_structural_candidate,src_4556a22ebd4aa03c
cclex_6dce175fd270b475,Lime,7,הןהכינו/הם,loro - passato di preparare,,0,100,solid_base_candidate,citizen_cafe_source_lineage|verified_tabular,clean_structural_candidate,src_591cc302745ccfe8
cclex_7bf9b7496c5e42d7,Lime,7,אתמדבר ת,tu (f.) - presente di parlare,,0,100,solid_base_candidate,citizen_cafe_source_lineage|verified_tabular,clean_structural_candidate,src_ed29b94bfa84d915
cclex_0648f4c034f3eedc,Lime,7,אתתשלחי,tu (f.) - futuro di mandare,,0,100,solid_base_candidate,citizen_cafe_source_lineage|verified_tabular,clean_structural_candidate,src_507785a700690f09
cclex_be8dcb27418eb45d,Lime,7,אתזדמת,tu (f.) - passato di fluire,,0,100,solid_base_candidate,citizen_cafe_source_lineage|verified_tabular,clean_structural_candidate,src_92490fef9d654555
cclex_2f8974656056f950,Lime,7,אנחנומשתמשים,noi (m.) - presente di usare,,0,100,solid_base_candidate,citizen_cafe_source_lineage|verified_tabular,clean_structural_candidate,src_65815aa3c8e92b35
cclex_64f34088a067b7d3,Lime,7,להפסיק,fermarsi / smettere (infinito),,1,100,solid_base_candidate,citizen_cafe_source_lineage|streetwise_context_match|verified_tabular,clean_structural_candidate,src_f12fd925730d4a4b
cclex_3da93de65f629f27,Lime,7,את יורד ת,tu (f.) - presente di scendere,,0,100,solid_base_candidate,citizen_cafe_source_lineage|verified_tabular,clean_structural_candidate,src_9b158b1f15af32a9
cclex_d5c441700c806fb8,Lime,7,אנחנוניזהר,noi - futuro di stare attento,,0,100,solid_base_candidate,citizen_cafe_source_lineage|verified_tabular,clean_structural_candidate,src_0643983d6102b088
cclex_c18fb424444bb28c,Lime,7,הןיצליחו/הם,loro - futuro di riuscire,,0,100,solid_base_candidate,citizen_cafe_source_lineage|verified_tabular,clean_structural_candidate,src_85ffa342aef04751
cclex_6d5e0b133c65a82d,Lime,7,הואיבטל,lui - futuro di annullare,,0,100,solid_base_candidate,citizen_cafe_source_lineage|verified_tabular,clean_structural_candidate,src_950c464059042c34
cclex_b4bcf81d95364cc7,Lime,7,אתםצדקת ם,voi (m.) - passato di avere ragione,,0,100,solid_base_candidate,citizen_cafe_source_lineage|verified_tabular,clean_structural_candidate,src_7d41e18df5263848
cclex_42746d9fe4f1e0e6,Lime,7,אנחנוהכר נו,noi - passato di conoscere,,0,100,solid_base_candidate,citizen_cafe_source_lineage|verified_tabular,clean_structural_candidate,src_c9fdb72f2d5dc5ff
cclex_21e53d1657588a25,Lime,7,היאתפנה,lei - futuro di liberare / sgomberare,,0,100,solid_base_candidate,citizen_cafe_source_lineage|verified_tabular,clean_structural_candidate,src_14ad319005a9a32f
cclex_4d761648b47fa550,Lime,7,אתןמקליטות,voi (f.) - presente di registrare,,0,100,solid_base_candidate,citizen_cafe_source_lineage|verified_tabular,clean_structural_candidate,src_fa736f999ffaf85e
cclex_431318a9c690f2f6,Lime,7,היאמקבלת,lei - presente di ricevere,,0,100,solid_base_candidate,citizen_cafe_source_lineage|verified_tabular,clean_structural_candidate,src_394bffa8b1325940
cclex_629cc324da82aef8,Lime,7,אנחנומרגישים,noi (m.) - presente di sentirsi,,0,100,solid_base_candidate,citizen_cafe_source_lineage|verified_tabular,clean_structural_candidate,src_4dfd6b27b09b617a
cclex_6d7ccfaa66ee9e6e,Lime,7,לשלוח,mandare (infinito),,0,100,solid_base_candidate,citizen_cafe_source_lineage|verified_tabular,clean_structural_candidate,src_d6f6dda709e6cad5
cclex_d4153a6b12b67ffa,Lime,7,אנימבשלת,io (f.) - presente di cucinare,,0,100,solid_base_candidate,citizen_cafe_source_lineage|verified_tabular,clean_structural_candidate,src_8ca1013b0a525a8f
cclex_37929b7ae5880382,Lime,7,אתםנזכר ים,voi (m.) - presente di ricordarsi finalmente,,0,100,solid_base_candidate,citizen_cafe_source_lineage|verified_tabular,clean_structural_candidate,src_52987da95f1d7151
cclex_d28fb3830d4a17b7,Lime,7,הוא רוצה,lui - presente di volere,,2,100,solid_base_candidate,citizen_cafe_source_lineage|streetwise_context_match|verified_tabular,clean_structural_candidate,src_3b9c222605324571
cclex_715dcb2723b510c1,Lime,7,אתה קונה,tu (m.) - presente di comprare,,0,100,solid_base_candidate,citizen_cafe_source_lineage|verified_tabular,clean_structural_candidate,src_06c6249f88394a30
cclex_511fdf29d585e071,Lime,7,אנחנומגזימים,noi (m.) - presente di esagerare,,0,100,solid_base_candidate,citizen_cafe_source_lineage|verified_tabular,clean_structural_candidate,src_dc6e063c4e8c235c
cclex_6c2a49d873ab7d0e,Lime,7,היא עושה,lei - presente di fare,,0,100,solid_base_candidate,citizen_cafe_source_lineage|verified_tabular,clean_structural_candidate,src_c679641f2e972579
cclex_927197bf3da206c3,Lime,7,אתןמשתמשות,voi (f.) - presente di usare,,0,100,solid_base_candidate,citizen_cafe_source_lineage|verified_tabular,clean_structural_candidate,src_3068fd17a1784ee2
cclex_719d20e01afd3339,Lime,7,אתהמאשר,tu (m.) - presente di confermare,,0,100,solid_base_candidate,citizen_cafe_source_lineage|verified_tabular,clean_structural_candidate,src_effec31b334b21ea
cclex_9444e4fe75132853,Lime,7,אתהחלטת,tu (f.) - passato di decidere,,0,100,solid_base_candidate,citizen_cafe_source_lineage|verified_tabular,clean_structural_candidate,src_7777512c7a33f846
cclex_50cd2d6fce29ec25,Lime,7,אני אוכל,io (m.) - presente di mangiare,,2,100,solid_base_candidate,citizen_cafe_source_lineage|streetwise_context_match|verified_tabular,clean_structural_candidate,src_d9f64c9e0a39bda1
cclex_529588b2257d12f4,Lime,7,הואמתרגש,lui - passato di essere emozionato,,0,100,solid_base_candidate,citizen_cafe_source_lineage|verified_tabular,clean_structural_candidate,src_9614832ee7ff325f
cclex_19be340735471270,Lime,7,אנחנו נותנים,noi (m.) - presente di dare,,0,100,solid_base_candidate,citizen_cafe_source_lineage|verified_tabular,clean_structural_candidate,src_6d78e7c622b5f873
cclex_8bcaeeecba7c7482,Lime,7,אנחנומקבלים,noi (m.) - presente di ricevere,,0,100,solid_base_candidate,citizen_cafe_source_lineage|verified_tabular,clean_structural_candidate,src_8a5aaef13cccc3be
cclex_eae112984df655c3,Lime,7,הןד יברו/הם,loro - passato di parlare,,0,100,solid_base_candidate,citizen_cafe_source_lineage|verified_tabular,clean_structural_candidate,src_fbd2619dd592a6b0
cclex_79f0dda064a85c87,Lime,7,הןחשבו/הם,loro - passato di pensare,,0,100,solid_base_candidate,citizen_cafe_source_lineage|verified_tabular,clean_structural_candidate,src_b1b626b73cd2474b
cclex_6b4473f442f7eb5f,Lime,7,אתהתדליק,tu (m.) - futuro di accendere,,0,100,solid_base_candidate,citizen_cafe_source_lineage|verified_tabular,clean_structural_candidate,src_00c95e0a226723c6
cclex_03939a4934791df8,Lime,7,היאאימנה,lei - passato di allenarsi,,0,100,solid_base_candidate,citizen_cafe_source_lineage|verified_tabular,clean_structural_candidate,src_a02ab796770d3521
cclex_03dfa96d8b5ff9ed,Lime,7,אנימשנה,io (f.) - presente di cambiare,,0,100,solid_base_candidate,citizen_cafe_source_lineage|verified_tabular,clean_structural_candidate,src_fc3c00dc4c9b97d2
cclex_032a46c6f2e65649,Lime,7,הואיכבה,lui - futuro di spegnere,,0,100,solid_base_candidate,citizen_cafe_source_lineage|verified_tabular,clean_structural_candidate,src_e51ceaba1a2d8ccc
cclex_c30eba1cfd90a8dc,Lime,7,היאתבטל,lei - futuro di annullare,,0,100,solid_base_candidate,citizen_cafe_source_lineage|verified_tabular,clean_structural_candidate,src_0d8bb531023fc2a5
cclex_55ab813fb66fdfc7,Lime,7,את לוקחת,tu (f.) - presente di prendere,,1,100,solid_base_candidate,citizen_cafe_source_lineage|streetwise_context_match|verified_tabular,clean_structural_candidate,src_a95c36f9a3fafc96
cclex_537359a4b7cfdadf,Lime,7,אנחנונהיה,noi - futuro di essere,,0,100,solid_base_candidate,citizen_cafe_source_lineage|verified_tabular,clean_structural_candidate,src_532f9346a8571e22
cclex_1f6d9af8b8c372e6,Lime,7,אני יוצא,io (m.) - presente di uscire,,2,100,solid_base_candidate,citizen_cafe_source_lineage|streetwise_context_match|verified_tabular,clean_structural_candidate,src_3f492dac546e7739
cclex_c272c8492671b237,Lime,7,הואקבל,lui - passato di ricevere,,0,100,solid_base_candidate,citizen_cafe_source_lineage|verified_tabular,clean_structural_candidate,src_ce4c2e96ca272eec
cclex_29cd0bb1ff1489a0,Lime,7,אתירדת,tu (f.) - passato di scendere,,0,100,solid_base_candidate,citizen_cafe_source_lineage|verified_tabular,clean_structural_candidate,src_ab8196e28ebfb870
cclex_ea14782691feafbe,Lime,7,הןידליקו/הם,loro - futuro di accendere,,0,100,solid_base_candidate,citizen_cafe_source_lineage|verified_tabular,clean_structural_candidate,src_c6967cf200d9c59b
cclex_96c826bbbd072187,Lime,7,אתתבדקי,tu (f.) - futuro di controllare,,0,100,solid_base_candidate,citizen_cafe_source_lineage|verified_tabular,clean_structural_candidate,src_f3e52fdbdbc1629d
cclex_7945ecdfa467191b,Lime,7,הם רוצים,loro (m.) - presente di volere,,1,100,solid_base_candidate,citizen_cafe_source_lineage|streetwise_context_match|verified_tabular,clean_structural_candidate,src_4f2de27542477d65
cclex_7192cecc9176da4b,Lime,7,אניהלכת י,io - passato di andare,,0,100,solid_base_candidate,citizen_cafe_source_lineage|verified_tabular,clean_structural_candidate,src_7bbcf7f941392e01
cclex_12bfba45bdc26942,Lime,7,אתןמתקנות,voi (f.) - presente di riparare / sistemare,,0,100,solid_base_candidate,citizen_cafe_source_lineage|verified_tabular,clean_structural_candidate,src_03a51f8b9852bb67
cclex_8bf6240c90175984,Lime,7,אתתסיימי,tu (f.) - futuro di finire,,0,100,solid_base_candidate,citizen_cafe_source_lineage|verified_tabular,clean_structural_candidate,src_3eae1d7d67580c72
cclex_48766827d7f85e13,Lime,7,אניעדכנת י,io - passato di aggiornare,,0,100,solid_base_candidate,citizen_cafe_source_lineage|verified_tabular,clean_structural_candidate,src_2487a222015766de
cclex_404a9fa8e3d14622,Lime,7,אתןת ישארו/אתם,voi - futuro di rimanere / restare,,0,100,solid_base_candidate,citizen_cafe_source_lineage|verified_tabular,clean_structural_candidate,src_cc314b1404c33d6d
cclex_11da0fd1413b4e30,Lime,7,אתןתנשנשו/אתם,voi - futuro di fare uno spuntino,,0,100,solid_base_candidate,citizen_cafe_source_lineage|verified_tabular,clean_structural_candidate,src_16ec5112ced086ed
cclex_dd7c88407eecd65a,Lime,7,אתהיצאת,tu (m.) - passato di uscire,,0,100,solid_base_candidate,citizen_cafe_source_lineage|verified_tabular,clean_structural_candidate,src_4efbe8b93fd46354
cclex_b1bc5ab4a02a92c7,Lime,7,אני עומד ת,io (f.) - presente di stare in piedi,,0,100,solid_base_candidate,citizen_cafe_source_lineage|verified_tabular,clean_structural_candidate,src_a800f67a67a2a4bb
cclex_c4130d7d160d24a9,Lime,7,הןשוחות,loro (f.) - presente di nuotare,,0,100,solid_base_candidate,citizen_cafe_source_lineage|verified_tabular,clean_structural_candidate,src_c19bd360a7f5c6f3
cclex_21759474569054d3,Lime,7,היאתכין,lei - futuro di preparare,,0,100,solid_base_candidate,citizen_cafe_source_lineage|verified_tabular,clean_structural_candidate,src_39a188d2fdae746c
cclex_02f8f4a828fb3440,Lime,7,הןמנקות,loro (f.) - presente di pulire,,0,100,solid_base_candidate,citizen_cafe_source_lineage|verified_tabular,clean_structural_candidate,src_f0d109540fc20b52
cclex_4fedfac1f674862c,Lime,7,הןייזהרו/הם,loro - futuro di stare attento,,0,100,solid_base_candidate,citizen_cafe_source_lineage|verified_tabular,clean_structural_candidate,src_b4fa35ad2a49218c
cclex_5313bb2068843ca1,Lime,7,הןיאהבו/הם,loro - futuro di amare,,0,100,solid_base_candidate,citizen_cafe_source_lineage|verified_tabular,clean_structural_candidate,src_e512353c9ef8dedd
cclex_d9ec8a672b196748,Lime,7,אנימגזים,io (m.) - presente di esagerare,,0,100,solid_base_candidate,citizen_cafe_source_lineage|verified_tabular,clean_structural_candidate,src_80f4252786934243
cclex_f70f6f5e898506be,Lime,7,אניטסה,io (f.) - presente di volare,,0,100,solid_base_candidate,citizen_cafe_source_lineage|verified_tabular,clean_structural_candidate,src_ec9c5468d88ad11f
cclex_ece0962dc215187e,Lime,7,אתן זוכרות,voi (f.) - presente di ricordare,,0,100,solid_base_candidate,citizen_cafe_source_lineage|verified_tabular,clean_structural_candidate,src_be44b17e54ed7c4f
cclex_54b19fdb5fac5cc7,Lime,7,הואמזמין,lui - presente di ordinare / invitare,,0,100,solid_base_candidate,citizen_cafe_source_lineage|verified_tabular,clean_structural_candidate,src_8efac284366c212d
cclex_2a973bd09813c18c,Lime,7,אניידעת י,io - passato di sapere / conoscere,,0,100,solid_base_candidate,citizen_cafe_source_lineage|verified_tabular,clean_structural_candidate,src_9dce97812fb2f0bb
cclex_a3c01f3cafa74a27,Lime,7,אנחנונבשל,noi - futuro di cucinare,,0,100,solid_base_candidate,citizen_cafe_source_lineage|verified_tabular,clean_structural_candidate,src_5f895255bf6d0a9e
cclex_f11b37b3cd51d7c7,Lime,7,אתןתעלו/אתם,voi - futuro di salire / costare,,0,100,solid_base_candidate,citizen_cafe_source_lineage|verified_tabular,clean_structural_candidate,src_70593d1fa216d895
cclex_b08e9936ac4d072e,Lime,7,הואשת ה,lui - passato di bere,,0,100,solid_base_candidate,citizen_cafe_source_lineage|verified_tabular,clean_structural_candidate,src_fc44e1c26809b4bf
cclex_24d2204cf74b23ba,Lime,7,אנימחליט,io (m.) - presente di decidere,,0,100,solid_base_candidate,citizen_cafe_source_lineage|verified_tabular,clean_structural_candidate,src_c6db9cc13269f806
cclex_4ac37ff5e1987539,Lime,7,אתה בוד ק,tu (m.) - presente di controllare,,0,100,solid_base_candidate,citizen_cafe_source_lineage|verified_tabular,clean_structural_candidate,src_569490f8ac738d5b
cclex_f738c35b4ce16695,Lime,7,הן עושות,loro (f.) - presente di fare,,0,100,solid_base_candidate,citizen_cafe_source_lineage|verified_tabular,clean_structural_candidate,src_89137d90f3f6a32b
cclex_fb9501dd633fd3b3,Lime,7,היאהיית ה,lei - passato di essere,,0,100,solid_base_candidate,citizen_cafe_source_lineage|verified_tabular,clean_structural_candidate,src_e0739c805471f387
cclex_326ec8df869cda5c,Lime,7,אנימתקן,io (m.) - presente di riparare / sistemare,,0,100,solid_base_candidate,citizen_cafe_source_lineage|verified_tabular,clean_structural_candidate,src_df3438df49b32ab5
cclex_cc779e8f64a2d19b,Lime,7,אנחנומאשרות,noi (f.) - presente di confermare,,0,100,solid_base_candidate,citizen_cafe_source_lineage|verified_tabular,clean_structural_candidate,src_9791856ac5e0d697
cclex_d9f50e5270e7e4ad,Lime,7,אתהתכיר,tu (m.) - futuro di conoscere,,0,100,solid_base_candidate,citizen_cafe_source_lineage|verified_tabular,clean_structural_candidate,src_1862fd15b8d89707
cclex_93d3bb14b2b95752,Lime,7,אנחנונבטל,noi - futuro di annullare,,0,100,solid_base_candidate,citizen_cafe_source_lineage|verified_tabular,clean_structural_candidate,src_0759c17c81638c19
cclex_4025cdbf255b898b,Lime,7,אתםנשאר ים,voi (m.) - presente di rimanere / restare,,0,100,solid_base_candidate,citizen_cafe_source_lineage|verified_tabular,clean_structural_candidate,src_5587028e587f8ec9
cclex_3c810963e1d14c12,Lime,7,אנחנונראה,noi - futuro di vedere,,0,100,solid_base_candidate,citizen_cafe_source_lineage|verified_tabular,clean_structural_candidate,src_2c97d4e554b5b389
cclex_89a4876aea53ec59,Lime,7,אניטיילת י,io - passato di viaggiare,,0,100,solid_base_candidate,citizen_cafe_source_lineage|verified_tabular,clean_structural_candidate,src_143ce48b36dc1e76
cclex_ac8defdc4920c947,Lime,7,הםמעד יפים,loro (m.) - presente di preferire,,0,100,solid_base_candidate,citizen_cafe_source_lineage|verified_tabular,clean_structural_candidate,src_5f42583d94ea8450
cclex_c5c8f58bf79f3039,Lime,7,אתןת קומו/אתם,voi - futuro di alzarsi,,0,100,solid_base_candidate,citizen_cafe_source_lineage|verified_tabular,clean_structural_candidate,src_498f2900fc5766d6
cclex_bf7dd41c507994ed,Lime,7,אתהיית,tu (f.) - passato di essere,,0,100,solid_base_candidate,citizen_cafe_source_lineage|verified_tabular,clean_structural_candidate,src_9450f9cc852ab220
cclex_6a8dfd61fdf62536,Lime,7,אתחזרת,tu (f.) - passato di ripetere / tornare,,0,100,solid_base_candidate,citizen_cafe_source_lineage|verified_tabular,clean_structural_candidate,src_2028c681950fbe23
cclex_0c21281a04af3c02,Lime,7,אנחנוטסים,noi (m.) - presente di volare,,0,100,solid_base_candidate,citizen_cafe_source_lineage|verified_tabular,clean_structural_candidate,src_50fcd6f932474fef
cclex_1bea8608c1672670,Lime,7,הןזזו/הם,loro - passato di muoversi,,0,100,solid_base_candidate,citizen_cafe_source_lineage|verified_tabular,clean_structural_candidate,src_9f0851866269bc33
cclex_a5aa688d75ae87d5,Lime,7,הואיתקן,lui - futuro di riparare / sistemare,,0,100,solid_base_candidate,citizen_cafe_source_lineage|verified_tabular,clean_structural_candidate,src_528e54790d86e109
cclex_0868d70b5e6e66e8,Lime,7,אתםאהבת ם,voi (m.) - passato di amare,,0,100,solid_base_candidate,citizen_cafe_source_lineage|verified_tabular,clean_structural_candidate,src_714f559ee55f106e
cclex_5923fa53ae0b6c86,Lime,7,היאביטלה,lei - passato di annullare,,0,100,solid_base_candidate,citizen_cafe_source_lineage|verified_tabular,clean_structural_candidate,src_7fcd358f9d85e2bd
cclex_c88942e2e63e0bcf,Lime,7,אנימכינה,io (f.) - presente di preparare,,0,100,solid_base_candidate,citizen_cafe_source_lineage|verified_tabular,clean_structural_candidate,src_e78e801f8f999374
cclex_9536c16b58685ffa,Lime,7,אתםזרמת ם,voi (m.) - passato di fluire,,0,100,solid_base_candidate,citizen_cafe_source_lineage|verified_tabular,clean_structural_candidate,src_52014f3ab22916ee
cclex_8a686f9823c636e1,Lime,7,אתןביטלת ן,voi (f.) - passato di annullare,,0,100,solid_base_candidate,citizen_cafe_source_lineage|verified_tabular,clean_structural_candidate,src_b7449a535f8bd1fc
cclex_cdec7e70a71a953c,Lime,7,אתםמכינים,voi (m.) - presente di preparare,,0,100,solid_base_candidate,citizen_cafe_source_lineage|verified_tabular,clean_structural_candidate,src_e2ffafcffcfc3afb
cclex_cda258606cf69a55,Lime,7,היאתלך,lei - futuro di andare,,0,100,solid_base_candidate,citizen_cafe_source_lineage|verified_tabular,clean_structural_candidate,src_12fdcfb4fc1204e9
cclex_42c51e99b5f2c6af,Lime,7,הואישכח,lui - futuro di dimenticare,,0,100,solid_base_candidate,citizen_cafe_source_lineage|verified_tabular,clean_structural_candidate,src_b41299847b5446e6
cclex_fab290b36dd2ce2a,Lime,7,אנחנומנשנשות,noi (f.) - presente di fare uno spuntino,,0,100,solid_base_candidate,citizen_cafe_source_lineage|verified_tabular,clean_structural_candidate,src_adb1fc92a8c1a8ac
cclex_a9e5627ddc8d86b3,Lime,7,אנישוחה,io (m.) - presente di nuotare,,0,100,solid_base_candidate,citizen_cafe_source_lineage|verified_tabular,clean_structural_candidate,src_3b8b84806de86421
cclex_399c392506c0b1cd,Lime,7,הןבד קו/הם,loro - passato di controllare,,0,100,solid_base_candidate,citizen_cafe_source_lineage|verified_tabular,clean_structural_candidate,src_a12547f3990a00f4
cclex_f4b8db213cf7a4bb,Lime,7,אתם רואים,voi (m.) - presente di vedere,,1,100,solid_base_candidate,citizen_cafe_source_lineage|streetwise_context_match|verified_tabular,clean_structural_candidate,src_3e0bf42e2781a63b
cclex_ab5e62e76c0c70ce,Lime,7,אתןתקנו/אתם,voi - futuro di comprare,,0,100,solid_base_candidate,citizen_cafe_source_lineage|verified_tabular,clean_structural_candidate,src_46770e6886f2c89b
cclex_146c7e2690e0ae87,Lime,7,אתןתר צו/אתם,voi - futuro di volere,,0,100,solid_base_candidate,citizen_cafe_source_lineage|verified_tabular,clean_structural_candidate,src_532ba3294e93b533
cclex_1e6d82c26f2d768c,Lime,7,היאניקת ה,lei - passato di pulire,,0,100,solid_base_candidate,citizen_cafe_source_lineage|verified_tabular,clean_structural_candidate,src_cb9fdfa1df0cb88d
cclex_7c068358d1b33369,Lime,7,הואידבר,lui - futuro di parlare,,0,100,solid_base_candidate,citizen_cafe_source_lineage|verified_tabular,clean_structural_candidate,src_b5a220a27819c7f5
cclex_112a1a6ac237573d,Lime,7,אניאבשל,io - futuro di cucinare,,0,100,solid_base_candidate,citizen_cafe_source_lineage|verified_tabular,clean_structural_candidate,src_30ff7dec06651102
cclex_cbff84085cb0b25f,Lime,7,הואיכול,lui - presente di potere,,0,100,solid_base_candidate,citizen_cafe_source_lineage|verified_tabular,clean_structural_candidate,src_4d9f86ed717ea4c8
cclex_fb6fc677fd2e6470,Lime,7,הואחיכה,lui - passato di aspettare,,0,100,solid_base_candidate,citizen_cafe_source_lineage|verified_tabular,clean_structural_candidate,src_2b530885281b6588
cclex_21b0d1c282591406,Lime,7,אתההכנת,tu (m.) - passato di preparare,,0,100,solid_base_candidate,citizen_cafe_source_lineage|verified_tabular,clean_structural_candidate,src_c76d3025acdf887c
cclex_fb9d46d112ce9966,Lime,7,אתהמקליט,tu (m.) - presente di registrare,,0,100,solid_base_candidate,citizen_cafe_source_lineage|verified_tabular,clean_structural_candidate,src_ed379dc64a7c9b68
cclex_406e8b07a4a80a8c,Lime,7,אתהחיכית,tu (m.) - passato di aspettare,,0,100,solid_base_candidate,citizen_cafe_source_lineage|verified_tabular,clean_structural_candidate,src_e8509ab24c2f0ec5
cclex_5bc8a3295f3b91e8,Lime,7,אתםמגזימים,voi (m.) - presente di esagerare,,0,100,solid_base_candidate,citizen_cafe_source_lineage|verified_tabular,clean_structural_candidate,src_eda1767b88e4344a
cclex_739f0977636803a1,Lime,7,אתהשתמשת,tu (f.) - passato di usare,,0,100,solid_base_candidate,citizen_cafe_source_lineage|verified_tabular,clean_structural_candidate,src_430632ab4315be5b
cclex_10cbb8cc9c4b8127,Lime,7,אתהתהיה,tu (m.) - futuro di essere,,0,100,solid_base_candidate,citizen_cafe_source_lineage|verified_tabular,clean_structural_candidate,src_1c1bf014b05c2206
cclex_f8b73172275c07e9,Lime,7,הואאכל,lui - passato di mangiare,,0,100,solid_base_candidate,citizen_cafe_source_lineage|verified_tabular,clean_structural_candidate,src_c0038bf42e6db736
cclex_4bd5d9f1322196fa,Lime,7,אתהמאמין,tu (m.) - presente di credere,,0,100,solid_base_candidate,citizen_cafe_source_lineage|verified_tabular,clean_structural_candidate,src_5abb95243467be69
cclex_e328fbf9355c1f5b,Lime,7,אנחנויכולות,noi (f.) - presente di potere,,0,100,solid_base_candidate,citizen_cafe_source_lineage|verified_tabular,clean_structural_candidate,src_8e65e3e13b76bc7c
cclex_ef7901ae100e09f1,Lime,7,אתםנזכרת ם,voi (m.) - passato di ricordarsi finalmente,,0,100,solid_base_candidate,citizen_cafe_source_lineage|verified_tabular,clean_structural_candidate,src_aaae047f5d43b7bb
cclex_e8c98ff89590c7af,Lime,7,לקרוא,leggere (present) (infinito),,0,100,solid_base_candidate,citizen_cafe_source_lineage|verified_tabular,clean_structural_candidate,src_b5b7ad01566f3d46
cclex_e27295d3108ed2cf,Lime,7,אתהמפסיק,tu (m.) - presente di fermarsi / smettere,,0,100,solid_base_candidate,citizen_cafe_source_lineage|verified_tabular,clean_structural_candidate,src_299671761687570c
cclex_e2df8d985f423b4a,Lime,7,אתםשוחים,voi (m.) - presente di nuotare,,0,100,solid_base_candidate,citizen_cafe_source_lineage|verified_tabular,clean_structural_candidate,src_f07f11a0c43ba592
cclex_e6c904df7f04b9d7,Lime,7,הןיבואו/הם,loro - futuro di venire,,0,100,solid_base_candidate,citizen_cafe_source_lineage|verified_tabular,clean_structural_candidate,src_ffe8d7276c2c0840
cclex_c95f11fa6afbd994,Lime,7,הן עובדות,loro (f.) - presente di lavorare,,0,100,solid_base_candidate,citizen_cafe_source_lineage|verified_tabular,clean_structural_candidate,src_115075174c307f94
cclex_16f21533a727243a,Lime,7,הןילמדו/הם,loro - futuro di studiare,,0,100,solid_base_candidate,citizen_cafe_source_lineage|verified_tabular,clean_structural_candidate,src_55feb8f11c97bf29
cclex_3e8c38cb60a6f4a6,Lime,7,אתהיכולת,tu (m.) - passato di potere,,0,100,solid_base_candidate,citizen_cafe_source_lineage|verified_tabular,clean_structural_candidate,src_a5eef04b0dbf7e76
cclex_05e75cd116fceb01,Lime,7,היאמעדכנת,lei - presente di aggiornare,,0,100,solid_base_candidate,citizen_cafe_source_lineage|verified_tabular,clean_structural_candidate,src_56c86c74bcbc8391
cclex_080d3f555b58f29b,Lime,7,אתתדבר י,tu (f.) - futuro di parlare,,0,100,solid_base_candidate,citizen_cafe_source_lineage|verified_tabular,clean_structural_candidate,src_4ca934439f97d4e9
cclex_4c598c64cd9bf221,Lime,7,הןנזכרות,loro (f.) - presente di ricordarsi finalmente,,0,100,solid_base_candidate,citizen_cafe_source_lineage|verified_tabular,clean_structural_candidate,src_c80c5007750896fc
cclex_2f1fa2ab4faddaa5,Lime,7,אני רוצה,io (m.) - presente di volere,,21,100,solid_base_candidate,citizen_cafe_source_lineage|streetwise_context_match|verified_tabular,clean_structural_candidate,src_621f7b3605b06c31
cclex_04c45ba947b782df,Lime,7,הוא צוד ק,lui - presente di avere ragione,,0,100,solid_base_candidate,citizen_cafe_source_lineage|verified_tabular,clean_structural_candidate,src_4d1db7e23abf692f
cclex_ad5201f4829050b2,Lime,7,היאמבשלת,lei - presente di cucinare,,0,100,solid_base_candidate,citizen_cafe_source_lineage|verified_tabular,clean_structural_candidate,src_05505a184eac730b
cclex_29a97e4036425e42,Lime,7,אנימשחקת,io (f.) - presente di giocare / suonare,,0,100,solid_base_candidate,citizen_cafe_source_lineage|verified_tabular,clean_structural_candidate,src_65709b42a0dd338e
cclex_93382f20a8af2127,Lime,7,אתהרגשת,tu (f.) - passato di sentirsi,,0,100,solid_base_candidate,citizen_cafe_source_lineage|verified_tabular,clean_structural_candidate,src_19eab8bfb7a62ed7
cclex_dcc419ca5c25b34b,Lime,7,אתה דואג,tu (m.) - presente di preoccuparsi,,0,100,solid_base_candidate,citizen_cafe_source_lineage|verified_tabular,clean_structural_candidate,src_e95a4f51a34003b1
cclex_1a8f91aec8633626,Lime,7,הןישתמשו/הם,loro - futuro di usare,,0,100,solid_base_candidate,citizen_cafe_source_lineage|verified_tabular,clean_structural_candidate,src_70b8be61f0abb3c9
cclex_98215acdec86cbdf,Lime,7,אתןמתחילות,voi (f.) - presente di iniziare,,0,100,solid_base_candidate,citizen_cafe_source_lineage|verified_tabular,clean_structural_candidate,src_b6a1697b9e748597
cclex_531d4d1c5816321c,Lime,7,אתהמטייל,tu (m.) - presente di viaggiare,,0,100,solid_base_candidate,citizen_cafe_source_lineage|verified_tabular,clean_structural_candidate,src_685ded3a694ea674
cclex_b798ffaac6ffea8a,Lime,7,אנחנו עובד ים,noi (m.) - presente di lavorare,,0,100,solid_base_candidate,citizen_cafe_source_lineage|verified_tabular,clean_structural_candidate,src_76c11d1fca0bd81b
cclex_64c69487c224cda1,Lime,7,את לומד ת,tu (f.) - presente di studiare,,0,100,solid_base_candidate,citizen_cafe_source_lineage|verified_tabular,clean_structural_candidate,src_7f2564b7620e3977
cclex_46d8be73f09f6fc8,Lime,7,אתתתקני,tu (f.) - futuro di riparare / sistemare,,0,100,solid_base_candidate,citizen_cafe_source_lineage|verified_tabular,clean_structural_candidate,src_6b3a4fcf4017f766
cclex_8a74dfe90209016d,Lime,7,אתןבאות,voi (f.) - presente di venire,,0,100,solid_base_candidate,citizen_cafe_source_lineage|verified_tabular,clean_structural_candidate,src_394dae1c4d460d63
cclex_3ca08054510a91d3,Lime,7,אתשיחקת,tu (f.) - passato di giocare / suonare,,0,100,solid_base_candidate,citizen_cafe_source_lineage|verified_tabular,clean_structural_candidate,src_e67d75faa9b3347d
cclex_62f015b325da8bc4,Lime,7,היאהכינה,lei - passato di preparare,,0,100,solid_base_candidate,citizen_cafe_source_lineage|verified_tabular,clean_structural_candidate,src_7aa0a96ba2f17a51
cclex_c722eb639013c291,Lime,7,אני זוכר,io (m.) - presente di ricordare,,3,100,solid_base_candidate,citizen_cafe_source_lineage|streetwise_context_match|verified_tabular,clean_structural_candidate,src_5fde8b9639ed7176
cclex_1cc5992c6d4e4fb4,Lime,7,היאת קום,lei - futuro di alzarsi,,0,100,solid_base_candidate,citizen_cafe_source_lineage|verified_tabular,clean_structural_candidate,src_4a245bb426c1511f
cclex_15e640e0a4f38cd8,Lime,7,הואבא,lui - presente di venire,,0,100,solid_base_candidate,citizen_cafe_source_lineage|verified_tabular,clean_structural_candidate,src_fae687d2c437f43f
cclex_b03c6c136d2cbb46,Lime,7,הןמבשלות,loro (f.) - presente di cucinare,,0,100,solid_base_candidate,citizen_cafe_source_lineage|verified_tabular,clean_structural_candidate,src_caa5df30bebdf79c
cclex_be680b4f6a648673,Lime,7,אתןתשכחו/אתם,voi - futuro di dimenticare,,0,100,solid_base_candidate,citizen_cafe_source_lineage|verified_tabular,clean_structural_candidate,src_890c1ff702c698d1
cclex_4e7b5c3878e38fe0,Lime,7,אניאת ן,io - futuro di dare,,0,100,solid_base_candidate,citizen_cafe_source_lineage|verified_tabular,clean_structural_candidate,src_ec6d10157679ad01
cclex_f406df23e7dfb8f1,Lime,7,אתתאחר י,tu (f.) - futuro di fare tardi,,0,100,solid_base_candidate,citizen_cafe_source_lineage|verified_tabular,clean_structural_candidate,src_ae442e7439a37773
cclex_e3487ee2ed585b56,Lime,7,היאעבד ה,lei - passato di lavorare,,0,100,solid_base_candidate,citizen_cafe_source_lineage|verified_tabular,clean_structural_candidate,src_70b7a5b1e1f5cd68
cclex_f8b2ad6ceed0bca8,Lime,7,היאעלת ה,lei - passato di salire / costare,,0,100,solid_base_candidate,citizen_cafe_source_lineage|verified_tabular,clean_structural_candidate,src_88cc6d3259d06276
cclex_9859253509ce0285,Lime,7,אניראית י,io - passato di vedere,,0,100,solid_base_candidate,citizen_cafe_source_lineage|verified_tabular,clean_structural_candidate,src_0536737a0cfe49e1
cclex_737931128122eace,Lime,7,הואפינה,lui - passato di liberare / sgomberare,,0,100,solid_base_candidate,citizen_cafe_source_lineage|verified_tabular,clean_structural_candidate,src_ccffc1a0a6334005
cclex_93c80e5f9d22ac4c,Lime,7,אתהתאמן,tu (m.) - futuro di allenarsi,,0,100,solid_base_candidate,citizen_cafe_source_lineage|verified_tabular,clean_structural_candidate,src_1eb1e41ba20575c9
cclex_32b156520a59dabc,Lime,7,הןינקו/הם,loro - futuro di pulire,,0,100,solid_base_candidate,citizen_cafe_source_lineage|verified_tabular,clean_structural_candidate,src_6bf46615658b3eaa
cclex_68638d07ea2731e8,Lime,7,אתן סומכות,voi (f.) - presente di fidarsi,,0,100,solid_base_candidate,citizen_cafe_source_lineage|verified_tabular,clean_structural_candidate,src_13d15da88a3e9abf
cclex_9ad6733ad8c2a5d8,Lime,7,היאתנשנש,lei - futuro di fare uno spuntino,,0,100,solid_base_candidate,citizen_cafe_source_lineage|verified_tabular,clean_structural_candidate,src_96d451c8084b1a13
cclex_fd02883be424b82c,Lime,7,הןהקשיבו/הם,loro - passato di ascoltare / fare attenzione,,0,100,solid_base_candidate,citizen_cafe_source_lineage|verified_tabular,clean_structural_candidate,src_eda6c52940a45521
cclex_24b259643912d6ee,Lime,7,היאתבשל,lei - futuro di cucinare,,0,100,solid_base_candidate,citizen_cafe_source_lineage|verified_tabular,clean_structural_candidate,src_57325c1496bd263a
cclex_741ac4c8c60c2cfc,Lime,7,הואיאחר,lui - futuro di fare tardi,,0,100,solid_base_candidate,citizen_cafe_source_lineage|verified_tabular,clean_structural_candidate,src_1630bf2125533fcf
cclex_752f9aff1e756b00,Lime,7,הןיטיילו/הם,loro - futuro di viaggiare,,0,100,solid_base_candidate,citizen_cafe_source_lineage|verified_tabular,clean_structural_candidate,src_8ae3ffd7a5b9756c
cclex_54a817d750c42f90,Lime,7,הןהלכו/הם,loro - passato di andare,,0,100,solid_base_candidate,citizen_cafe_source_lineage|verified_tabular,clean_structural_candidate,src_ce4ab90638bb5eef
cclex_5c9c8d1fdb753a73,Lime,7,אניעבדת י,io - passato di lavorare,,0,100,solid_base_candidate,citizen_cafe_source_lineage|verified_tabular,clean_structural_candidate,src_5b826cd0426df6e0
cclex_27c80632245f4ffa,Lime,7,אניאסתכל,io - futuro di guardare,,0,100,solid_base_candidate,citizen_cafe_source_lineage|verified_tabular,clean_structural_candidate,src_4500f3773a1a8db5
cclex_662cb5d116045b0e,Lime,7,הואהגזים,lui - passato di esagerare,,0,100,solid_base_candidate,citizen_cafe_source_lineage|verified_tabular,clean_structural_candidate,src_d1d6ebe5f0b78420
cclex_c2e3a18e28bf32de,Lime,7,אנחנוהסתכלנו,noi - passato di guardare,,0,100,solid_base_candidate,citizen_cafe_source_lineage|verified_tabular,clean_structural_candidate,src_b37192c8cdb8e489
cclex_6fbbd3b3dd0f257a,Lime,7,הואמתקן,lui - presente di riparare / sistemare,,0,100,solid_base_candidate,citizen_cafe_source_lineage|verified_tabular,clean_structural_candidate,src_6c7155994b6352f4
cclex_0927a5c7157a1a0c,Lime,7,אתןמפנות,voi (f.) - presente di liberare / sgomberare,,0,100,solid_base_candidate,citizen_cafe_source_lineage|verified_tabular,clean_structural_candidate,src_68c0d706a5dae476
cclex_ffcc95e8e32824ce,Lime,7,אתםביטלת ם,voi (m.) - passato di annullare,,0,100,solid_base_candidate,citizen_cafe_source_lineage|verified_tabular,clean_structural_candidate,src_ab925de3ff2535fa
cclex_d5e00ae61f206be5,Lime,7,אנחנו יוצאים,noi (m.) - presente di uscire,,0,100,solid_base_candidate,citizen_cafe_source_lineage|verified_tabular,clean_structural_candidate,src_41b254a9c9d357a7
cclex_1621956cc58a30cc,Lime,7,אתןמגזימות,voi (f.) - presente di esagerare,,0,100,solid_base_candidate,citizen_cafe_source_lineage|verified_tabular,clean_structural_candidate,src_7976c6037b51817e
cclex_d06c143d2257df28,Lime,7,אניסמכת י,io - passato di fidarsi,,0,100,solid_base_candidate,citizen_cafe_source_lineage|verified_tabular,clean_structural_candidate,src_704cd4a1e52f5db0
cclex_c90907a73f99eb8d,Lime,7,אנחנומשנים,noi (m.) - presente di cambiare,,0,100,solid_base_candidate,citizen_cafe_source_lineage|verified_tabular,clean_structural_candidate,src_b4c36c8fabc982cf
cclex_db63c2fd0a80021b,Lime,7,אניאצא,io - futuro di uscire,,0,100,solid_base_candidate,citizen_cafe_source_lineage|verified_tabular,clean_structural_candidate,src_574a968dca2ea4d8
cclex_9016cb021c6a8670,Lime,7,אתןתשת קו/אתם,voi - futuro di tacere,,0,100,solid_base_candidate,citizen_cafe_source_lineage|verified_tabular,clean_structural_candidate,src_029c92e3d65cba26
cclex_784eeb3dfe176153,Lime,7,הןמזמינות,loro (f.) - presente di ordinare / invitare,,0,100,solid_base_candidate,citizen_cafe_source_lineage|verified_tabular,clean_structural_candidate,src_5dc18cb500d646ba
cclex_f269d27362cdd865,Lime,7,הן לוקחות,loro (f.) - presente di prendere,,0,100,solid_base_candidate,citizen_cafe_source_lineage|verified_tabular,clean_structural_candidate,src_a82db651ca75e510
cclex_7d1fca438f732589,Lime,7,אתהמסיים,tu (m.) - presente di finire,,0,100,solid_base_candidate,citizen_cafe_source_lineage|verified_tabular,clean_structural_candidate,src_03bb3baba8bf7de5
cclex_8e8861a24e2deaed,Lime,7,אניאפגש,io - futuro di incontrarsi con,,0,100,solid_base_candidate,citizen_cafe_source_lineage|verified_tabular,clean_structural_candidate,src_c5662c3485e35b2c
cclex_0e213e2e9700d652,Lime,7,אתתצאי,tu (f.) - futuro di uscire,,0,100,solid_base_candidate,citizen_cafe_source_lineage|verified_tabular,clean_structural_candidate,src_1a6307017af58754
cclex_2bf0eea305d6ef48,Lime,7,אתןתעשו/אתם,voi - futuro di fare,,0,100,solid_base_candidate,citizen_cafe_source_lineage|verified_tabular,clean_structural_candidate,src_4e10f3eca470da86
cclex_741b14ba90a91e0b,Lime,7,אנחנונכין,noi - futuro di preparare,,0,100,solid_base_candidate,citizen_cafe_source_lineage|verified_tabular,clean_structural_candidate,src_c47361ce19b16f45
cclex_a55b6d24dc27cec2,Lime,7,אנחנו עושים,noi (m.) - presente di fare,,0,100,solid_base_candidate,citizen_cafe_source_lineage|verified_tabular,clean_structural_candidate,src_2ca85a9a29fc33a2
cclex_8f56601712d4693d,Lime,7,היאטסה,lei - passato di volare,,0,100,solid_base_candidate,citizen_cafe_source_lineage|verified_tabular,clean_structural_candidate,src_1063ecbe920a00a0
cclex_1e57a3ddbc086dfb,Lime,7,היא בודקת,lei - presente di controllare,,0,100,solid_base_candidate,citizen_cafe_source_lineage|verified_tabular,clean_structural_candidate,src_be40b4697f007fe3
cclex_3358748b39c59a4d,Lime,7,אנחנוהגזמנו,noi - passato di esagerare,,0,100,solid_base_candidate,citizen_cafe_source_lineage|verified_tabular,clean_structural_candidate,src_1403772154b4d59b
cclex_d489cf8de17528b9,Lime,7,אתןהתחלת ן,voi (f.) - passato di iniziare,,0,100,solid_base_candidate,citizen_cafe_source_lineage|verified_tabular,clean_structural_candidate,src_0bb51bff85ab0305
cclex_ad70f97685148994,Lime,7,הןמפנות,loro (f.) - presente di liberare / sgomberare,,0,100,solid_base_candidate,citizen_cafe_source_lineage|verified_tabular,clean_structural_candidate,src_eac68157e8858384
cclex_56128cee6558509b,Lime,7,אנחנוכינינו,noi - passato di spegnere,,0,100,solid_base_candidate,citizen_cafe_source_lineage|verified_tabular,clean_structural_candidate,src_6cfb7cec7ae3103a
cclex_f9f52b04e188fe35,Lime,7,אתהתגעגעת,tu (f.) - passato di perdere / mancare,,0,100,solid_base_candidate,citizen_cafe_source_lineage|verified_tabular,clean_structural_candidate,src_4cfa81c458780b7e
cclex_2f269f2e8a58a49d,Lime,7,אתהתת ן,tu (m.) - futuro di dare,,0,100,solid_base_candidate,citizen_cafe_source_lineage|verified_tabular,clean_structural_candidate,src_b811fe528665778c
cclex_e1a15936ed685b07,Lime,7,אתםטסים,voi (m.) - presente di volare,,0,100,solid_base_candidate,citizen_cafe_source_lineage|verified_tabular,clean_structural_candidate,src_23c0cf5f233e825e
cclex_a41df9a09f348bc8,Lime,7,אנחנומנקות,noi (f.) - presente di pulire,,0,100,solid_base_candidate,citizen_cafe_source_lineage|verified_tabular,clean_structural_candidate,src_987abfb4b44c5495
cclex_9f316b8f8d4eb1ac,Lime,7,אנימצלמת,io (f.) - presente di fotografare,,0,100,solid_base_candidate,citizen_cafe_source_lineage|verified_tabular,clean_structural_candidate,src_f340aefc9ecd9a42
cclex_30bd4070ba1c7ec6,Lime,7,הוא זור ם,lui - presente di fluire,,0,100,solid_base_candidate,citizen_cafe_source_lineage|verified_tabular,clean_structural_candidate,src_742c29169f4d566a
cclex_00f2e32208138e33,Lime,7,אניעלית י,io - passato di salire / costare,,0,100,solid_base_candidate,citizen_cafe_source_lineage|verified_tabular,clean_structural_candidate,src_0b49e730d7322540
cclex_3c7de680223babb2,Lime,7,אנימשחק,io (m.) - presente di giocare / suonare,,0,100,solid_base_candidate,citizen_cafe_source_lineage|verified_tabular,clean_structural_candidate,src_0b143a8f682380cc
cclex_a5bba30bc1a43cbb,Lime,7,אנחנו חושבות,noi (f.) - presente di pensare,,0,100,solid_base_candidate,citizen_cafe_source_lineage|verified_tabular,clean_structural_candidate,src_9e54aa802a02a991
cclex_a6d53da668d8dcb3,Lime,7,אתהתאכל,tu (m.) - futuro di mangiare,,0,100,solid_base_candidate,citizen_cafe_source_lineage|verified_tabular,clean_structural_candidate,src_da768c314df7aec9
cclex_67eb3a6b21bd1b89,Lime,7,אניאישרת י,io - passato di confermare,,0,100,solid_base_candidate,citizen_cafe_source_lineage|verified_tabular,clean_structural_candidate,src_a2b817d9aded522b
cclex_d9ad3ddf8f775ba5,Lime,7,לקנות,comprare (infinito),,0,100,solid_base_candidate,citizen_cafe_source_lineage|verified_tabular,clean_structural_candidate,src_dd3f599f586d70bd
cclex_679949977f015ccd,Lime,7,אנחנושיחקנו,noi - passato di giocare / suonare,,0,100,solid_base_candidate,citizen_cafe_source_lineage|verified_tabular,clean_structural_candidate,src_976e669ae2cdd748
cclex_17c32bc810986445,Lime,7,הןיעשו/הם,loro - futuro di fare,,0,100,solid_base_candidate,citizen_cafe_source_lineage|verified_tabular,clean_structural_candidate,src_c203fb39c51be88f
cclex_0cf28927b8551eef,Lime,7,אניאסמוך,io - futuro di fidarsi,,0,100,solid_base_candidate,citizen_cafe_source_lineage|verified_tabular,clean_structural_candidate,src_57c9d2a0b9505b52
cclex_5ac6f11e1f34afbb,Lime,7,אני חוזר,io (m.) - presente di ripetere / tornare,,0,100,solid_base_candidate,citizen_cafe_source_lineage|verified_tabular,clean_structural_candidate,src_769790f14428e0c8
cclex_7e8ed4b99866bd5d,Lime,7,אתתחשבי,tu (f.) - futuro di pensare,,0,100,solid_base_candidate,citizen_cafe_source_lineage|verified_tabular,clean_structural_candidate,src_5552971a9e7548d2
cclex_7e349146305321ba,Lime,7,את בודקת,tu (f.) - presente di controllare,,0,100,solid_base_candidate,citizen_cafe_source_lineage|verified_tabular,clean_structural_candidate,src_b8ef46965d264aa9
cclex_2392d2d3c8071427,Lime,7,הואלמד,lui - passato di studiare,,0,100,solid_base_candidate,citizen_cafe_source_lineage|verified_tabular,clean_structural_candidate,src_77e86394ddfb0e2d
cclex_7ede1cade767b347,Lime,7,הןינסו/הם,loro - futuro di provare,,0,100,solid_base_candidate,citizen_cafe_source_lineage|verified_tabular,clean_structural_candidate,src_af4a8085b9a12d91
cclex_5f1a2419b9616476,Lime,7,אתןתצלמו/אתם,voi - futuro di fotografare,,0,100,solid_base_candidate,citizen_cafe_source_lineage|verified_tabular,clean_structural_candidate,src_bd66458c2d9e9ae9
cclex_4d1f30bf6463d792,Lime,7,אתאכלת,tu (f.) - passato di mangiare,,0,100,solid_base_candidate,citizen_cafe_source_lineage|verified_tabular,clean_structural_candidate,src_0e71f56dc19fa0b8
cclex_aaa784ea43340b69,Lime,7,אני אוהבת,io (f.) - presente di amare,,2,100,solid_base_candidate,citizen_cafe_source_lineage|streetwise_context_match|verified_tabular,clean_structural_candidate,src_c3d2dedf9bf88e14
cclex_168e4ae05f6a9e18,Lime,7,הואשם,lui - presente di mettere,,0,100,solid_base_candidate,citizen_cafe_source_lineage|verified_tabular,clean_structural_candidate,src_dca7ef65fbe9e426
cclex_f60dc3602a5903fb,Lime,7,אנחנושוחים,noi (m.) - presente di nuotare,,0,100,solid_base_candidate,citizen_cafe_source_lineage|verified_tabular,clean_structural_candidate,src_1072a15ba5ddf259
cclex_5c3849b1163dc9db,Lime,7,היאת ירגע,lei - futuro di rilassarsi,,0,100,solid_base_candidate,citizen_cafe_source_lineage|verified_tabular,clean_structural_candidate,src_a5b87f6f705348f4
cclex_3f31126d5472aac3,Lime,7,אתםעמדת ם,voi (m.) - passato di stare in piedi,,0,100,solid_base_candidate,citizen_cafe_source_lineage|verified_tabular,clean_structural_candidate,src_bd30c8dbc64ef565
cclex_0984310e9637ad42,Lime,7,אתשמת,tu (f.) - passato di mettere,,0,100,solid_base_candidate,citizen_cafe_source_lineage|verified_tabular,clean_structural_candidate,src_d3268f9c68250197
cclex_1504ed87b91b5959,Lime,7,אנחנונטייל,noi - futuro di viaggiare,,0,100,solid_base_candidate,citizen_cafe_source_lineage|verified_tabular,clean_structural_candidate,src_1e9c402ad44bff9f
cclex_16d997f255ac13fe,Lime,7,אנימטייל,io (m.) - presente di viaggiare,,0,100,solid_base_candidate,citizen_cafe_source_lineage|verified_tabular,clean_structural_candidate,src_ac43fd5629f76678
cclex_bd477574b55150d8,Lime,7,אנחנוהכנו,noi - passato di preparare,,0,100,solid_base_candidate,citizen_cafe_source_lineage|verified_tabular,clean_structural_candidate,src_178c49f7089c7b02
cclex_e150516248c02dbf,Lime,7,להקשיב,ascoltare / fare attenzione (infinito),,1,100,solid_base_candidate,citizen_cafe_source_lineage|streetwise_context_match|verified_tabular,clean_structural_candidate,src_e80bdb3b287aa951
cclex_fde9604731e51e38,Lime,7,אתההכרת,tu (m.) - passato di conoscere,,0,100,solid_base_candidate,citizen_cafe_source_lineage|verified_tabular,clean_structural_candidate,src_a4d7363145b4e022
cclex_9123cecbc3a4722c,Lime,7,אתםיכולים,voi (m.) - presente di potere,,0,100,solid_base_candidate,citizen_cafe_source_lineage|verified_tabular,clean_structural_candidate,src_4eca9b48aad8da64
cclex_0abe1d917faf40c0,Lime,7,אנחנו חוזרות,noi (f.) - presente di ripetere / tornare,,0,100,solid_base_candidate,citizen_cafe_source_lineage|verified_tabular,clean_structural_candidate,src_86c610154cd3f43a
cclex_1570b0676b56464f,Lime,7,הן שולחות,loro (f.) - presente di mandare,,0,100,solid_base_candidate,citizen_cafe_source_lineage|verified_tabular,clean_structural_candidate,src_c621ea25b0b50d79
cclex_a9d35c4f2d2310a7,Lime,7,אתןתשחקו/אתם,voi - futuro di giocare / suonare,,0,100,solid_base_candidate,citizen_cafe_source_lineage|verified_tabular,clean_structural_candidate,src_4c9e7a8e3c40800e
cclex_c23c6014a8af4a38,Lime,7,אתם עובד ים,voi (m.) - presente di lavorare,,0,100,solid_base_candidate,citizen_cafe_source_lineage|verified_tabular,clean_structural_candidate,src_06ae539e40200dc8
cclex_d59e561a086d35a6,Lime,7,הןשכחו/הם,loro - passato di dimenticare,,0,100,solid_base_candidate,citizen_cafe_source_lineage|verified_tabular,clean_structural_candidate,src_5e75a7d5face1289
cclex_b5f936e6f0ef1d06,Lime,7,הואילך,lui - futuro di andare,,0,100,solid_base_candidate,citizen_cafe_source_lineage|verified_tabular,clean_structural_candidate,src_b521a67a07b30f28
cclex_21f40772fc25ac85,Lime,7,אנחנומטיילים,noi (m.) - presente di viaggiare,,0,100,solid_base_candidate,citizen_cafe_source_lineage|verified_tabular,clean_structural_candidate,src_4a3143530f26ab1d
cclex_ad37ad5da179d4cb,Lime,7,הןמעדכנות,loro (f.) - presente di aggiornare,,0,100,solid_base_candidate,citizen_cafe_source_lineage|verified_tabular,clean_structural_candidate,src_e4d3cd7184c4ff47
cclex_743e66471e3a02c5,Lime,7,אתיכולת,tu (f.) - passato di potere,,0,100,solid_base_candidate,citizen_cafe_source_lineage|verified_tabular,clean_structural_candidate,src_55b109dc697049a8
cclex_96cb64bf2f4703be,Lime,7,אנחנו רואים,noi (m.) - presente di vedere,,0,100,solid_base_candidate,citizen_cafe_source_lineage|verified_tabular,clean_structural_candidate,src_2f9b7d70f35ab1e4
cclex_b4795498b6316088,Lime,7,הםמתחילים,loro (m.) - presente di iniziare,,0,100,solid_base_candidate,citizen_cafe_source_lineage|verified_tabular,clean_structural_candidate,src_8d0b21325010dfab
cclex_ee4532257422ac1a,Lime,7,אתןחזרת ן,voi (f.) - passato di ripetere / tornare,,0,100,solid_base_candidate,citizen_cafe_source_lineage|verified_tabular,clean_structural_candidate,src_e49c0902e29b73d0
cclex_c27e56db60d62360,Lime,7,אתהתשלח,tu (m.) - futuro di mandare,,0,100,solid_base_candidate,citizen_cafe_source_lineage|verified_tabular,clean_structural_candidate,src_9ba84638f209515c
cclex_f613267c64b95682,Lime,7,אנחנוהתחלנו,noi - passato di iniziare,,0,100,solid_base_candidate,citizen_cafe_source_lineage|verified_tabular,clean_structural_candidate,src_1d8c4f39d2f432d7
cclex_5c8247c56b18c009,Lime,7,הואיעדכן,lui - futuro di aggiornare,,0,100,solid_base_candidate,citizen_cafe_source_lineage|verified_tabular,clean_structural_candidate,src_6679a7c432a605e1
cclex_fe0416d8fbbc8ca4,Lime,7,אתםהגזמת ם,voi (m.) - passato di esagerare,,0,100,solid_base_candidate,citizen_cafe_source_lineage|verified_tabular,clean_structural_candidate,src_508bf8222e443b7a
cclex_2318d18ffeac2286,Lime,7,הן אוכלות,loro (f.) - presente di mangiare,,0,100,solid_base_candidate,citizen_cafe_source_lineage|verified_tabular,clean_structural_candidate,src_678d60804ac47c17
cclex_382032ef7d2a030e,Lime,7,אני קונה,io (m.) - presente di comprare,,0,100,solid_base_candidate,citizen_cafe_source_lineage|verified_tabular,clean_structural_candidate,src_64e4cbab04aa18b8
cclex_dc019ab30226bdea,Lime,7,הם זוכר ים,loro (m.) - presente di ricordare,,0,100,solid_base_candidate,citizen_cafe_source_lineage|verified_tabular,clean_structural_candidate,src_a549178709e3162d
cclex_6cb38cf2541804af,Lime,7,אני יושב,io (m.) - presente di sedersi,,0,100,solid_base_candidate,citizen_cafe_source_lineage|verified_tabular,clean_structural_candidate,src_4b64570a13a9ac8e
cclex_0ac35d5c98e95afa,Lime,7,אנימאמינה,io (f.) - presente di credere,,0,100,solid_base_candidate,citizen_cafe_source_lineage|verified_tabular,clean_structural_candidate,src_3afbab444a132995
cclex_e5a8344a3fb0b16f,Lime,7,את שוכהת,tu (f.) - presente di dimenticare,,0,100,solid_base_candidate,citizen_cafe_source_lineage|verified_tabular,clean_structural_candidate,src_e40dccb4fa0f884b
cclex_4369978b8352d45d,Lime,7,אתןהבנת ן,voi (f.) - passato di capire,,0,100,solid_base_candidate,citizen_cafe_source_lineage|verified_tabular,clean_structural_candidate,src_afe85abcdde8681f
cclex_34da9ddf1fa9e267,Lime,7,הואהכין,lui - passato di preparare,,0,100,solid_base_candidate,citizen_cafe_source_lineage|verified_tabular,clean_structural_candidate,src_d9018dd3002b0b9b
cclex_010625a2fc06aa00,Lime,7,אתן שולחות,voi (f.) - presente di mandare,,0,100,solid_base_candidate,citizen_cafe_source_lineage|verified_tabular,clean_structural_candidate,src_0b7992b81b6f0114
cclex_13648ae5d9529489,Lime,7,אתהזמנת,tu (f.) - passato di ordinare / invitare,,0,100,solid_base_candidate,citizen_cafe_source_lineage|verified_tabular,clean_structural_candidate,src_1838b238fee6f8a6
cclex_970b4800d6c875ed,Lime,7,אנחנו בודקים,noi (m.) - presente di controllare,,0,100,solid_base_candidate,citizen_cafe_source_lineage|verified_tabular,clean_structural_candidate,src_eb2c891a8b0f0297
cclex_d96544aaddde3925,Lime,7,אנחנונעבוד,noi - futuro di lavorare,,0,100,solid_base_candidate,citizen_cafe_source_lineage|verified_tabular,clean_structural_candidate,src_4ec8473a6693b800
cclex_95b4930b714d1dc9,Lime,7,אתםת יקנת ם,voi (m.) - passato di riparare / sistemare,,0,100,solid_base_candidate,citizen_cafe_source_lineage|verified_tabular,clean_structural_candidate,src_9a4dc823732f096f
cclex_24a6c1fca82e6de2,Lime,7,אתןהסתכלת ן,voi (f.) - passato di guardare,,0,100,solid_base_candidate,citizen_cafe_source_lineage|verified_tabular,clean_structural_candidate,src_527c9131a571db01
cclex_94f33f97c78dbebd,Lime,7,הםשמים,loro (m.) - presente di mettere,,0,100,solid_base_candidate,citizen_cafe_source_lineage|verified_tabular,clean_structural_candidate,src_5d24f09cf30f2709
cclex_1979c9cde5a70a1f,Lime,7,אניאשאר,io - futuro di rimanere / restare,,0,100,solid_base_candidate,citizen_cafe_source_lineage|verified_tabular,clean_structural_candidate,src_80b38899644cbd56
cclex_69d41f0dee5f4a17,Lime,7,אתהפסקת,tu (f.) - passato di fermarsi / smettere,,0,100,solid_base_candidate,citizen_cafe_source_lineage|verified_tabular,clean_structural_candidate,src_04811307487c6c01
cclex_fa952cbaa4aef750,Lime,7,אתםשחית ם,voi (m.) - passato di nuotare,,0,100,solid_base_candidate,citizen_cafe_source_lineage|verified_tabular,clean_structural_candidate,src_877b1711160a1037
cclex_cd12af58d64e9b2b,Lime,7,היאתבדוק,lei - futuro di controllare,,0,100,solid_base_candidate,citizen_cafe_source_lineage|verified_tabular,clean_structural_candidate,src_dd9c6b000dd846bd
cclex_837f4394fbc9a863,Lime,7,אתןמעד יפות,voi (f.) - presente di preferire,,0,100,solid_base_candidate,citizen_cafe_source_lineage|verified_tabular,clean_structural_candidate,src_a7d9a55be271be4a
cclex_1dcfb343c16d5443,Lime,7,אתןתרגישו/אתם,voi - presente di sentirsi,,0,100,solid_base_candidate,citizen_cafe_source_lineage|verified_tabular,clean_structural_candidate,src_4fb3b3d73399e1b3
cclex_24a35e2e9b23a53d,Lime,7,הןיכולות,loro (f.) - presente di potere,,0,100,solid_base_candidate,citizen_cafe_source_lineage|verified_tabular,clean_structural_candidate,src_4196937d06d10d70
cclex_b33850e247ffb532,Lime,7,אתםקמת ם,voi (m.) - passato di alzarsi,,0,100,solid_base_candidate,citizen_cafe_source_lineage|verified_tabular,clean_structural_candidate,src_e58f28a274acfb4f
cclex_6dfe587fad6c5013,Lime,7,הןיעדכנו/הם,loro - futuro di aggiornare,,0,100,solid_base_candidate,citizen_cafe_source_lineage|verified_tabular,clean_structural_candidate,src_97dfeda6aab5a92e
cclex_cd86425ed1d20e4e,Lime,7,אנחנוטיילנו,noi - passato di viaggiare,,0,100,solid_base_candidate,citizen_cafe_source_lineage|verified_tabular,clean_structural_candidate,src_428f9e0b44411cd0
cclex_0ba9959fe5d67cbc,Lime,7,אתןמטיילות,voi (f.) - presente di viaggiare,,0,100,solid_base_candidate,citizen_cafe_source_lineage|verified_tabular,clean_structural_candidate,src_8ab77c58cb686793
cclex_264a19c3ec59b222,Lime,7,אתןתשנו/אתם,voi - futuro di cambiare,,0,100,solid_base_candidate,citizen_cafe_source_lineage|verified_tabular,clean_structural_candidate,src_cb71626ed0c8917e
cclex_0e16bab58455592c,Lime,7,היאירד ה,lei - passato di scendere,,0,100,solid_base_candidate,citizen_cafe_source_lineage|verified_tabular,clean_structural_candidate,src_789f86a2a128df82
cclex_ce64aae3e30623cb,Lime,7,אתה עובד,tu (m.) - presente di lavorare,,0,100,solid_base_candidate,citizen_cafe_source_lineage|verified_tabular,clean_structural_candidate,src_4cb67898cd946291
cclex_c25e3ea391fe053b,Lime,7,הםמחלית ים,loro (m.) - presente di decidere,,0,100,solid_base_candidate,citizen_cafe_source_lineage|verified_tabular,clean_structural_candidate,src_a1cca08514062567
cclex_393495a9a81adb21,Lime,7,אנחנומחפשות,noi (f.) - presente di cercare,,0,100,solid_base_candidate,citizen_cafe_source_lineage|verified_tabular,clean_structural_candidate,src_7cad7d41b5874ddd
cclex_90eabf0e692e821b,Lime,7,אתןתעדכנו/אתם,voi - futuro di aggiornare,,0,100,solid_base_candidate,citizen_cafe_source_lineage|verified_tabular,clean_structural_candidate,src_822147c7121bd289
cclex_091e560fec9ddc0b,Lime,7,אתםנפגשת ם,voi (m.) - passato di incontrarsi con,,0,100,solid_base_candidate,citizen_cafe_source_lineage|verified_tabular,clean_structural_candidate,src_f066ae526f12faa0
cclex_2b96b66e76e24621,Lime,7,הואיצליח,lui - futuro di riuscire,,0,100,solid_base_candidate,citizen_cafe_source_lineage|verified_tabular,clean_structural_candidate,src_587ff02c444649f1
cclex_5b121e9b4fa8ca85,Lime,7,אתהמחליט,tu (m.) - presente di decidere,,0,100,solid_base_candidate,citizen_cafe_source_lineage|verified_tabular,clean_structural_candidate,src_405931258e60428d
cclex_766afa47a68a43ab,Lime,7,אתםמסיימם,voi (m.) - presente di finire,,0,100,solid_base_candidate,citizen_cafe_source_lineage|verified_tabular,clean_structural_candidate,src_47178cb29fec359a
cclex_585b741eff008b6b,Lime,7,היאד יבר ה,lei - passato di parlare,,0,100,solid_base_candidate,citizen_cafe_source_lineage|verified_tabular,clean_structural_candidate,src_e92ba66b0cf44b4f
cclex_8a52f6d39485418a,Lime,7,אתםמרגישים,voi (m.) - presente di sentirsi,,0,100,solid_base_candidate,citizen_cafe_source_lineage|verified_tabular,clean_structural_candidate,src_4bfae38d382f2123
cclex_f055c3d8d093c1d1,Lime,7,אתםעדכנת ם,voi (m.) - passato di aggiornare,,0,100,solid_base_candidate,citizen_cafe_source_lineage|verified_tabular,clean_structural_candidate,src_3a3782421ab4c244
cclex_000a65d9f80dadc6,Lime,7,אנחנו אוהבים,noi (m.) - presente di amare,,0,100,solid_base_candidate,citizen_cafe_source_lineage|verified_tabular,clean_structural_candidate,src_e713caeeb3007329
cclex_6a710bcc51aaaff7,Lime,7,אתהנשאר,tu (m.) - presente di rimanere / restare,,0,100,solid_base_candidate,citizen_cafe_source_lineage|verified_tabular,clean_structural_candidate,src_e67e2599700d8933
cclex_964de4ae1a81f4ff,Lime,7,היא יודעת,lei - presente di sapere / conoscere,,0,100,solid_base_candidate,citizen_cafe_source_lineage|verified_tabular,clean_structural_candidate,src_f34b2dcd85f0c984
cclex_f49d6fe35d01ba90,Lime,7,אתטסת,tu (f.) - passato di volare,,0,100,solid_base_candidate,citizen_cafe_source_lineage|verified_tabular,clean_structural_candidate,src_cbf3967407d28d38
cclex_aae264c628f5b3cb,Lime,7,אתה זור ם,tu (m.) - presente di fluire,,0,100,solid_base_candidate,citizen_cafe_source_lineage|verified_tabular,clean_structural_candidate,src_bcdef24da98b0e42
cclex_4a49d2c0a9d455dd,Lime,7,אניאכלת י,io - passato di mangiare,,0,100,solid_base_candidate,citizen_cafe_source_lineage|verified_tabular,clean_structural_candidate,src_ca925397442e2d46
cclex_1dac2ec92c5d7c49,Lime,7,אתןיד עת ן,voi (f.) - passato di sapere / conoscere,,0,100,solid_base_candidate,citizen_cafe_source_lineage|verified_tabular,clean_structural_candidate,src_c28ef5be92c26cac
cclex_cbea7aa0b580eb35,Lime,7,אנימקליט,io (m.) - presente di registrare,,0,100,solid_base_candidate,citizen_cafe_source_lineage|verified_tabular,clean_structural_candidate,src_42dd74ce719b18f6
cclex_b7449b6bf51fc410,Lime,7,אנחנושמות,noi (f.) - presente di mettere,,0,100,solid_base_candidate,citizen_cafe_source_lineage|verified_tabular,clean_structural_candidate,src_a3f6bdba9be0309f
cclex_3c44b7e5305d48d3,Lime,7,אתןתכבו/אתם,voi - futuro di spegnere,,0,100,solid_base_candidate,citizen_cafe_source_lineage|verified_tabular,clean_structural_candidate,src_325307f0f621ed0f
cclex_2fd068b5778b8d88,Lime,7,לבדוק,controllare (infinito),,0,100,solid_base_candidate,citizen_cafe_source_lineage|verified_tabular,clean_structural_candidate,src_9edd36492418b0a5
cclex_176a722c8f24f9c2,Lime,7,אתהתבטל,tu (m.) - futuro di annullare,,0,100,solid_base_candidate,citizen_cafe_source_lineage|verified_tabular,clean_structural_candidate,src_bdea963d9df5e300
cclex_43a033ee79495119,Lime,7,אני חושב,io (m.) - presente di pensare,,2,100,solid_base_candidate,citizen_cafe_source_lineage|streetwise_context_match|verified_tabular,clean_structural_candidate,src_e54871073899cd29
cclex_78ee2e0edcd0af90,Lime,7,אתןת זוזו/אתם,voi - futuro di muoversi,,0,100,solid_base_candidate,citizen_cafe_source_lineage|verified_tabular,clean_structural_candidate,src_7e8240e4651e6a89
cclex_f2136257e142286c,Lime,7,אנחנוחיפשנו,noi - passato di cercare,,0,100,solid_base_candidate,citizen_cafe_source_lineage|verified_tabular,clean_structural_candidate,src_122763e09227de3d
cclex_630e488e28dd8555,Lime,7,אני זוכר ת,io (f.) - presente di ricordare,,0,100,solid_base_candidate,citizen_cafe_source_lineage|verified_tabular,clean_structural_candidate,src_d701782aa54792ff
cclex_7d297ab3f7c65dd0,Lime,7,אנחנו יוצאות,noi (f.) - presente di uscire,,0,100,solid_base_candidate,citizen_cafe_source_lineage|verified_tabular,clean_structural_candidate,src_e9afa8d5dfe08138
cclex_f3d3b21f051573ae,Lime,7,אתן עובדות,voi (f.) - presente di lavorare,,0,100,solid_base_candidate,citizen_cafe_source_lineage|verified_tabular,clean_structural_candidate,src_50cbc34134651390
cclex_1514f31e59c449a4,Lime,7,אנחנומקשיבות,noi (f.) - presente di ascoltare / fare attenzione,,0,100,solid_base_candidate,citizen_cafe_source_lineage|verified_tabular,clean_structural_candidate,src_4e41dab77156862c
cclex_c084173fafb3b9cb,Lime,7,הואטס,lui - passato di volare,,0,100,solid_base_candidate,citizen_cafe_source_lineage|verified_tabular,clean_structural_candidate,src_39b1fbd5b3c56c5b
cclex_8d008a0401c696d4,Lime,7,היאתצא,lei - futuro di uscire,,0,100,solid_base_candidate,citizen_cafe_source_lineage|verified_tabular,clean_structural_candidate,src_bdebedc72f7a2c03
cclex_056e176c94f6d498,Lime,7,היאתשחה,lei - futuro di nuotare,,0,100,solid_base_candidate,citizen_cafe_source_lineage|verified_tabular,clean_structural_candidate,src_4bf7fb90e50cd657
cclex_dbe3ec24d05e5e88,Lime,7,אנחנונאמן,noi - futuro di allenarsi,,0,100,solid_base_candidate,citizen_cafe_source_lineage|verified_tabular,clean_structural_candidate,src_857b814d099a2317
cclex_d7d4d638121366d5,Lime,7,אנחנוקמנו,noi - passato di alzarsi,,0,100,solid_base_candidate,citizen_cafe_source_lineage|verified_tabular,clean_structural_candidate,src_19b4298c44ac596d
cclex_54c5fa192d010e82,Lime,7,אתםאכלת ם,voi (m.) - passato di mangiare,,0,100,solid_base_candidate,citizen_cafe_source_lineage|verified_tabular,clean_structural_candidate,src_d55cccadb2301378
cclex_3054ca1fdea92c73,Lime,7,אתצילמת,tu (f.) - passato di fotografare,,0,100,solid_base_candidate,citizen_cafe_source_lineage|verified_tabular,clean_structural_candidate,src_dd60eb9e731054ea
cclex_2ae5f2939ad03a06,Lime,7,לנקות,pulire (infinito),,0,100,solid_base_candidate,citizen_cafe_source_lineage|verified_tabular,clean_structural_candidate,src_7b89cf2221bfec74
cclex_8dad91d0f80bef0a,Lime,7,אתןהכרת ן,voi (f.) - passato di conoscere,,0,100,solid_base_candidate,citizen_cafe_source_lineage|verified_tabular,clean_structural_candidate,src_aafb821db9f46a6e
cclex_fc62f08c595592e5,Lime,7,הםמקשיבים,loro (m.) - presente di ascoltare / fare attenzione,,0,100,solid_base_candidate,citizen_cafe_source_lineage|verified_tabular,clean_structural_candidate,src_7bdffe7383ae33cd
cclex_8eba842cb13b852f,Lime,7,אתה חושב,tu (m.) - presente di pensare,,4,100,solid_base_candidate,citizen_cafe_source_lineage|streetwise_context_match|verified_tabular,clean_structural_candidate,src_96a833b3d664e723
cclex_e285dc3e329a924e,Lime,7,אתםנשארת ם,voi (m.) - passato di rimanere / restare,,0,100,solid_base_candidate,citizen_cafe_source_lineage|verified_tabular,clean_structural_candidate,src_24de8744d015c5a3
cclex_7a2ae20d3e03b6c6,Lime,7,אתםמאמינים,voi (m.) - presente di credere,,0,100,solid_base_candidate,citizen_cafe_source_lineage|verified_tabular,clean_structural_candidate,src_9dfee458dbabaa6b
cclex_3ba1e3875cb67d8b,Lime,7,אניטס,io (m.) - presente di volare,,0,100,solid_base_candidate,citizen_cafe_source_lineage|verified_tabular,clean_structural_candidate,src_b1e9da50c3fc4684
cclex_096b33efb6139649,Lime,7,היאישבה,lei - passato di sedersi,,0,100,solid_base_candidate,citizen_cafe_source_lineage|verified_tabular,clean_structural_candidate,src_e29e1aec724634fc
cclex_975c65a8e22e8947,Lime,7,אתת בואי,tu (f.) - futuro di venire,,0,100,solid_base_candidate,citizen_cafe_source_lineage|verified_tabular,clean_structural_candidate,src_ccf2eff8fa68fb49
cclex_d783747d40bc02f6,Lime,7,הואהשתמש,lui - passato di usare,,0,100,solid_base_candidate,citizen_cafe_source_lineage|verified_tabular,clean_structural_candidate,src_ab85432c4a3b21a1
cclex_5cf97a1ccc5bd60b,Lime,7,אניאזרום,io - futuro di fluire,,0,100,solid_base_candidate,citizen_cafe_source_lineage|verified_tabular,clean_structural_candidate,src_28314f34b0174d90
cclex_af277b928c88126d,Lime,7,הן נות נות,loro (f.) - presente di dare,,0,100,solid_base_candidate,citizen_cafe_source_lineage|verified_tabular,clean_structural_candidate,src_808fa1182c3f57c2
cclex_4a64a41b48ac4e20,Lime,7,הן רואות,loro (f.) - presente di vedere,,0,100,solid_base_candidate,citizen_cafe_source_lineage|verified_tabular,clean_structural_candidate,src_4ae7850923c7c154
cclex_b9295a7156928a7c,Lime,7,אנחנומקבלות,noi (f.) - presente di ricevere,,0,100,solid_base_candidate,citizen_cafe_source_lineage|verified_tabular,clean_structural_candidate,src_fbdf4115ca7ad6af
cclex_149688a3ee114db6,Lime,7,הואיצא,lui - futuro di uscire,,0,100,solid_base_candidate,citizen_cafe_source_lineage|verified_tabular,clean_structural_candidate,src_c5ed91380aa3fc74
cclex_c54cc6b5efacb351,Lime,7,אנישלחת י,io - passato di mandare,,0,100,solid_base_candidate,citizen_cafe_source_lineage|verified_tabular,clean_structural_candidate,src_f6656ff4925262cd
cclex_66f521a72485755f,Lime,7,לרד ת,scendere (infinito),,0,100,solid_base_candidate,citizen_cafe_source_lineage|verified_tabular,clean_structural_candidate,src_8ca813fa0904b8f0
cclex_c4fede56e819602c,Lime,7,אנחנו אוכלים,noi (m.) - presente di mangiare,,0,100,solid_base_candidate,citizen_cafe_source_lineage|verified_tabular,clean_structural_candidate,src_b86f3c5cf23d6392
cclex_2315cf04264bd84d,Lime,7,הם סומכים,loro (m.) - presente di fidarsi,,0,100,solid_base_candidate,citizen_cafe_source_lineage|verified_tabular,clean_structural_candidate,src_05b12fb55458a171
cclex_5a0efd160462c97a,Lime,7,אתםעשית ם,voi (m.) - passato di fare,,0,100,solid_base_candidate,citizen_cafe_source_lineage|verified_tabular,clean_structural_candidate,src_4ac53c1f97a0b616
cclex_d6bdeaf50dc64e2a,Lime,7,היאעשת ה,lei - passato di fare,,0,100,solid_base_candidate,citizen_cafe_source_lineage|verified_tabular,clean_structural_candidate,src_530e8e6b575e37c9
cclex_8bfa152856eabf89,Lime,7,אתןפינית ן,voi (f.) - passato di liberare / sgomberare,,0,100,solid_base_candidate,citizen_cafe_source_lineage|verified_tabular,clean_structural_candidate,src_390f0651307d3970
cclex_1b3dce6035a8b08e,Lime,7,הואיקח,lui - futuro di prendere,,0,100,solid_base_candidate,citizen_cafe_source_lineage|verified_tabular,clean_structural_candidate,src_1f091da30da54794
cclex_b51db41f290a1b1f,Lime,7,הןר או/הם,loro - passato di vedere,,0,100,solid_base_candidate,citizen_cafe_source_lineage|verified_tabular,clean_structural_candidate,src_001c2aaa21adf977
cclex_d6fad129e720ecde,Lime,7,אנחנומאמינים,noi (m.) - presente di credere,,0,100,solid_base_candidate,citizen_cafe_source_lineage|verified_tabular,clean_structural_candidate,src_bb7f85c228d0f4ee
cclex_3fc54bdd1a7627fe,Lime,7,הןמטיילות,loro (f.) - presente di viaggiare,,0,100,solid_base_candidate,citizen_cafe_source_lineage|verified_tabular,clean_structural_candidate,src_a7f57c146b91013d
cclex_b3b5db2584c52585,Lime,7,הואינשנש,lui - futuro di fare uno spuntino,,0,100,solid_base_candidate,citizen_cafe_source_lineage|verified_tabular,clean_structural_candidate,src_1c719fff7a25a156
cclex_899ae96009e4ca8d,Lime,7,אתםבדקת ם,voi (m.) - passato di controllare,,0,100,solid_base_candidate,citizen_cafe_source_lineage|verified_tabular,clean_structural_candidate,src_a577701fe3238a0c
cclex_487287a4beb5a5ca,Lime,7,אנימעד יפה,io (f.) - presente di preferire,,0,100,solid_base_candidate,citizen_cafe_source_lineage|verified_tabular,clean_structural_candidate,src_7a1f8df5078612f6
cclex_dba544571e4f43db,Lime,7,אתןתהיו/אתם,voi - futuro di essere,,0,100,solid_base_candidate,citizen_cafe_source_lineage|verified_tabular,clean_structural_candidate,src_a2e98045d1232e45
cclex_93442a40387881a3,Lime,7,היאטיילה,lei - passato di viaggiare,,0,100,solid_base_candidate,citizen_cafe_source_lineage|verified_tabular,clean_structural_candidate,src_4b941c993f55a5cb
cclex_9452e7f243ffd802,Lime,7,הןיבטלו/הם,loro - futuro di annullare,,0,100,solid_base_candidate,citizen_cafe_source_lineage|verified_tabular,clean_structural_candidate,src_0b1d85d82389a5db
cclex_e3cf1b88b6bd2748,Lime,7,הםמחכים,loro (m.) - presente di aspettare,,0,100,solid_base_candidate,citizen_cafe_source_lineage|verified_tabular,clean_structural_candidate,src_75119d82b4762b3b
cclex_68c2570ace576f44,Lime,7,אתהסמכת,tu (m.) - passato di fidarsi,,0,100,solid_base_candidate,citizen_cafe_source_lineage|verified_tabular,clean_structural_candidate,src_ca58cdaf98e5a21f
cclex_5f921ee1650be53e,Lime,7,אתת ירגעי,tu (f.) - futuro di rilassarsi,,0,100,solid_base_candidate,citizen_cafe_source_lineage|verified_tabular,clean_structural_candidate,src_bc6de6bbff9eb66d
cclex_a5bdd7479fe68fc6,Lime,7,הןהדליקו/הם,loro - passato di accendere,,0,100,solid_base_candidate,citizen_cafe_source_lineage|verified_tabular,clean_structural_candidate,src_098aad7a9b629a53
cclex_c76225387d4e5161,Lime,7,אתהתצא,tu (m.) - futuro di uscire,,0,100,solid_base_candidate,citizen_cafe_source_lineage|verified_tabular,clean_structural_candidate,src_991755bcd35865f4
cclex_3eb698dac4d63ee5,Lime,7,היאתאכל,lei - futuro di mangiare,,0,100,solid_base_candidate,citizen_cafe_source_lineage|verified_tabular,clean_structural_candidate,src_84c1e714bc4f1740
cclex_cf3c3134c3af2405,Lime,7,אניאזכר,io - futuro di ricordarsi finalmente,,0,100,solid_base_candidate,citizen_cafe_source_lineage|verified_tabular,clean_structural_candidate,src_adfd600fa3ee50a2
cclex_91cb1b420c908d7a,Lime,7,אתםמאמנים,voi (m.) - presente di allenarsi,,0,100,solid_base_candidate,citizen_cafe_source_lineage|verified_tabular,clean_structural_candidate,src_f2aaa217f34b3e8b
cclex_145c1959ba85eaf0,Lime,7,אתהמדליק,tu (m.) - presente di accendere,,0,100,solid_base_candidate,citizen_cafe_source_lineage|verified_tabular,clean_structural_candidate,src_20c57e34106f905a
cclex_f80c8bb1584fdc81,Lime,7,אתתעמד י,tu (f.) - futuro di stare in piedi,,0,100,solid_base_candidate,citizen_cafe_source_lineage|verified_tabular,clean_structural_candidate,src_e4f9056917e84c7b
cclex_4b9574d34da2a2dc,Lime,7,אנחנומבטלים,noi (m.) - presente di annullare,,0,100,solid_base_candidate,citizen_cafe_source_lineage|verified_tabular,clean_structural_candidate,src_ee2514c7179cba34
cclex_fa9a46568d7b1cd4,Lime,7,אתןמדליקות,voi (f.) - presente di accendere,,0,100,solid_base_candidate,citizen_cafe_source_lineage|verified_tabular,clean_structural_candidate,src_f56b208b00ebc07a
cclex_9ea6c37905b54b03,Lime,7,אתהישבת,tu (m.) - passato di sedersi,,0,100,solid_base_candidate,citizen_cafe_source_lineage|verified_tabular,clean_structural_candidate,src_fe7b8e795f21100b
cclex_90b22399a066ddcd,Lime,7,אתהמאמן,tu (m.) - presente di allenarsi,,0,100,solid_base_candidate,citizen_cafe_source_lineage|verified_tabular,clean_structural_candidate,src_81614ab6821160ff
cclex_624ff7abf23effaa,Lime,7,היאלקחה,lei - passato di prendere,,0,100,solid_base_candidate,citizen_cafe_source_lineage|verified_tabular,clean_structural_candidate,src_658801316187aae0
cclex_b7533b0c1056c508,Lime,7,אנינשנשת י,io - passato di fare uno spuntino,,0,100,solid_base_candidate,citizen_cafe_source_lineage|verified_tabular,clean_structural_candidate,src_689a59ee13a1d509
cclex_cba065628e77c9e1,Lime,7,הןמשתמשות,loro (f.) - presente di usare,,0,100,solid_base_candidate,citizen_cafe_source_lineage|verified_tabular,clean_structural_candidate,src_e4b5751c5de998dc
cclex_d272c507e938482a,Lime,7,אתהתדבר,tu (m.) - futuro di parlare,,0,100,solid_base_candidate,citizen_cafe_source_lineage|verified_tabular,clean_structural_candidate,src_8906bae69db45e2f
cclex_fed0bfe29b2185df,Lime,7,אני לוקחת,io (f.) - presente di prendere,,0,100,solid_base_candidate,citizen_cafe_source_lineage|verified_tabular,clean_structural_candidate,src_96fad764015a1f0c
cclex_a721ad737a1d49b4,Lime,7,אניאצליח,io - futuro di riuscire,,0,100,solid_base_candidate,citizen_cafe_source_lineage|verified_tabular,clean_structural_candidate,src_c84023d14d6f30b1
cclex_39d392051105fe35,Lime,7,אנחנונחפש,noi - futuro di cercare,,0,100,solid_base_candidate,citizen_cafe_source_lineage|verified_tabular,clean_structural_candidate,src_c897cf27b71c9daf
cclex_703bc73d67dbb201,Lime,7,הןמכינות,loro (f.) - presente di preparare,,0,100,solid_base_candidate,citizen_cafe_source_lineage|verified_tabular,clean_structural_candidate,src_3dd6ace164402867
cclex_4ba8b536771a8819,Lime,7,היאעדכנה,lei - passato di aggiornare,,0,100,solid_base_candidate,citizen_cafe_source_lineage|verified_tabular,clean_structural_candidate,src_090baa29c7fae21b
cclex_5e0a1a347e30bd65,Lime,7,אתתעדכני,tu (f.) - futuro di aggiornare,,0,100,solid_base_candidate,citizen_cafe_source_lineage|verified_tabular,clean_structural_candidate,src_c5a02ff24d1be532
cclex_2b04833ed2ab8f82,Lime,7,אנחנו סיימנו,noi - passato di finire,,0,100,solid_base_candidate,citizen_cafe_source_lineage|verified_tabular,clean_structural_candidate,src_bc7315a449f84c22
cclex_c6cbeca6f01eb6d1,Lime,7,הואינקה,lui - futuro di pulire,,0,100,solid_base_candidate,citizen_cafe_source_lineage|verified_tabular,clean_structural_candidate,src_b957b1cf7a872e18
cclex_1192ecab0d9a127b,Lime,7,אתהתרגיש,tu (m.) - presente di sentirsi,,0,100,solid_base_candidate,citizen_cafe_source_lineage|verified_tabular,clean_structural_candidate,src_376c2df50be0e441
cclex_815570acfe4148f6,Lime,7,אתןקנית ן,voi (f.) - passato di comprare,,0,100,solid_base_candidate,citizen_cafe_source_lineage|verified_tabular,clean_structural_candidate,src_bf648ac0ed8ca18a
cclex_3011c922b762617f,Lime,7,אנחנוהקלטנו,noi - passato di registrare,,0,100,solid_base_candidate,citizen_cafe_source_lineage|verified_tabular,clean_structural_candidate,src_2c288fce02dfb707
cclex_2836265b76928238,Lime,7,הואיעבוד,lui - futuro di lavorare,,0,100,solid_base_candidate,citizen_cafe_source_lineage|verified_tabular,clean_structural_candidate,src_66c4e548db1679e2
cclex_d0cc284e09c74c72,Lime,7,הםשוחים,loro (m.) - presente di nuotare,,0,100,solid_base_candidate,citizen_cafe_source_lineage|verified_tabular,clean_structural_candidate,src_b76e0e44ed7279d7
cclex_e3f990208aea71d4,Lime,7,להאמין,credere (infinito),,2,100,solid_base_candidate,citizen_cafe_source_lineage|streetwise_context_match|verified_tabular,clean_structural_candidate,src_3ab4fdd529917ea8
cclex_2a0d48786bde6ea4,Lime,7,הן יור דות,loro (f.) - presente di scendere,,0,100,solid_base_candidate,citizen_cafe_source_lineage|verified_tabular,clean_structural_candidate,src_c954ec9129974fff
cclex_61e4e4c8b120aeca,Lime,7,אתן שותות,voi (f.) - presente di bere,,0,100,solid_base_candidate,citizen_cafe_source_lineage|verified_tabular,clean_structural_candidate,src_50c5e6609b658f9b
cclex_f9d4932bd1c59792,Lime,7,אנחנונקשיב,noi - futuro di ascoltare / fare attenzione,,0,100,solid_base_candidate,citizen_cafe_source_lineage|verified_tabular,clean_structural_candidate,src_7e37b73e78275c17
cclex_8e581eb70c6f32e1,Lime,7,הןיתגעגעו/הם,loro - futuro di perdere / mancare,,0,100,solid_base_candidate,citizen_cafe_source_lineage|verified_tabular,clean_structural_candidate,src_5286ea70a5cd47e2
cclex_1b64a1938e902d4d,Lime,7,אתהפינית,tu (m.) - passato di liberare / sgomberare,,0,100,solid_base_candidate,citizen_cafe_source_lineage|verified_tabular,clean_structural_candidate,src_974928ec607e304b
cclex_3773cdf4dbd85bde,Lime,7,הןיחליטו/הם,loro - futuro di decidere,,0,100,solid_base_candidate,citizen_cafe_source_lineage|verified_tabular,clean_structural_candidate,src_9b34c1a78a164a0b
cclex_0ea0ab742fe6646d,Lime,7,אנימחליטה,io (f.) - presente di decidere,,0,100,solid_base_candidate,citizen_cafe_source_lineage|verified_tabular,clean_structural_candidate,src_ef3eb16fd8202f3e
cclex_c87dc4e30a33a6bc,Lime,7,אנחנונקר א,noi - futuro di leggere,,0,100,solid_base_candidate,citizen_cafe_source_lineage|verified_tabular,clean_structural_candidate,src_ee5dd8551b19abeb
cclex_e8bb4047721e9301,Lime,7,אתעדכנת,tu (f.) - passato di aggiornare,,0,100,solid_base_candidate,citizen_cafe_source_lineage|verified_tabular,clean_structural_candidate,src_2e3fb19f3c6b052f
cclex_554b9b6f08d28e95,Lime,7,אתםהדלקת ם,voi (m.) - passato di accendere,,0,100,solid_base_candidate,citizen_cafe_source_lineage|verified_tabular,clean_structural_candidate,src_db5597d879c02e89
cclex_911141e78c287b2f,Lime,7,הןיחזר י/הם,loro - futuro di ripetere / tornare,,0,100,solid_base_candidate,citizen_cafe_source_lineage|verified_tabular,clean_structural_candidate,src_34a62ebf5258be4a
cclex_212d0f7448047778,Lime,7,אתההזמנת,tu (m.) - passato di ordinare / invitare,,0,100,solid_base_candidate,citizen_cafe_source_lineage|verified_tabular,clean_structural_candidate,src_b5d6b9d5abdd9b68
cclex_ed89c8dd828162c4,Lime,7,אניאעדכן,io - futuro di aggiornare,,0,100,solid_base_candidate,citizen_cafe_source_lineage|verified_tabular,clean_structural_candidate,src_d9770ed556682865
cclex_f1e5306d0f2440a0,Lime,7,היאת יזכר,lei - futuro di ricordarsi finalmente,,0,100,solid_base_candidate,citizen_cafe_source_lineage|verified_tabular,clean_structural_candidate,src_ecd5406d155017e7
cclex_46110ee665b02171,Lime,7,אתתתני,tu (f.) - futuro di dare,,0,100,solid_base_candidate,citizen_cafe_source_lineage|verified_tabular,clean_structural_candidate,src_055e733a58e2aefa
cclex_8091b00b2a0a964c,Lime,7,אתהתקליט,tu (m.) - futuro di registrare,,0,100,solid_base_candidate,citizen_cafe_source_lineage|verified_tabular,clean_structural_candidate,src_036b38a2bf29bb2a
cclex_aeab676513f25c44,Lime,7,אתה שוכח,tu (m.) - presente di dimenticare,,0,100,solid_base_candidate,citizen_cafe_source_lineage|verified_tabular,clean_structural_candidate,src_1afff547516b3af9
cclex_92e59cdd03191720,Lime,7,אתהתזמין,tu (m.) - futuro di ordinare / invitare,,0,100,solid_base_candidate,citizen_cafe_source_lineage|verified_tabular,clean_structural_candidate,src_a358f320d15528ef
cclex_e3d3cf2b7802f453,Lime,7,אנחנוביטלנו,noi - passato di annullare,,0,100,solid_base_candidate,citizen_cafe_source_lineage|verified_tabular,clean_structural_candidate,src_eaee6104cc13d02c
cclex_49c5c2ce53483536,Lime,7,לטייל,viaggiare (infinito),,0,100,solid_base_candidate,citizen_cafe_source_lineage|verified_tabular,clean_structural_candidate,src_5ea80c3b65b2b1bb
cclex_ae0ce4c6e1c72c1c,Lime,7,אנחנוקמים,noi (m.) - presente di alzarsi,,0,100,solid_base_candidate,citizen_cafe_source_lineage|verified_tabular,clean_structural_candidate,src_e6b841e366d652b3
cclex_1b136173ea6362ba,Lime,7,אתהתצליח,tu (m.) - futuro di riuscire,,0,100,solid_base_candidate,citizen_cafe_source_lineage|verified_tabular,clean_structural_candidate,src_075ebf7449d4527d
cclex_2bc6f49c4578a4d0,Lime,7,את שות ה,tu (f.) - presente di bere,,0,100,solid_base_candidate,citizen_cafe_source_lineage|verified_tabular,clean_structural_candidate,src_e3d8df9f785ba83a
cclex_f11f5f64f774c73c,Lime,7,אנימרגיש,io (m.) - presente di sentirsi,,0,100,solid_base_candidate,citizen_cafe_source_lineage|verified_tabular,clean_structural_candidate,src_9c84b26d1fc6cbdb
cclex_95192d0a434c6104,Lime,7,אניאחליט,io - futuro di decidere,,0,100,solid_base_candidate,citizen_cafe_source_lineage|verified_tabular,clean_structural_candidate,src_f6619eb418fa2d60
cclex_215c002cd96b820b,Lime,7,הואמעדכן,lui - presente di aggiornare,,0,100,solid_base_candidate,citizen_cafe_source_lineage|verified_tabular,clean_structural_candidate,src_036904cb8232d8b3
cclex_86656c30ad01c0cf,Lime,7,היאתפגש,lei - futuro di incontrarsi con,,0,100,solid_base_candidate,citizen_cafe_source_lineage|verified_tabular,clean_structural_candidate,src_4d965e0989e2a4d8
cclex_7b7aa6d45ff060e4,Lime,7,אתםקבלת ם,voi (m.) - passato di ricevere,,0,100,solid_base_candidate,citizen_cafe_source_lineage|verified_tabular,clean_structural_candidate,src_f695cb9277bb713c
cclex_a901691b37d87bf4,Lime,7,אתםמתחילים,voi (m.) - presente di iniziare,,0,100,solid_base_candidate,citizen_cafe_source_lineage|verified_tabular,clean_structural_candidate,src_d189fab5e5ed7fd0
cclex_07f7376da40b7ca7,Lime,7,אנימאשר ת,io (f.) - presente di confermare,,0,100,solid_base_candidate,citizen_cafe_source_lineage|verified_tabular,clean_structural_candidate,src_18980a3a58c471be
cclex_8351937edc6efc24,Lime,7,הואהקשיב,lui - passato di ascoltare / fare attenzione,,0,100,solid_base_candidate,citizen_cafe_source_lineage|verified_tabular,clean_structural_candidate,src_e52fdfab58d049b4
cclex_56bf733f9701f7ed,Lime,7,אתהשיחקת,tu (m.) - passato di giocare / suonare,,0,100,solid_base_candidate,citizen_cafe_source_lineage|verified_tabular,clean_structural_candidate,src_f38550711f7e7fb8
cclex_2d71e2469a351177,Lime,7,אתתחפשי,tu (f.) - futuro di cercare,,0,100,solid_base_candidate,citizen_cafe_source_lineage|verified_tabular,clean_structural_candidate,src_a943d6e7473ed168
cclex_14de6ecef83f9bf0,Lime,7,לחשוב,pensare (infinito),,1,100,solid_base_candidate,citizen_cafe_source_lineage|streetwise_context_match|verified_tabular,clean_structural_candidate,src_8a00b7ed91d37729
cclex_196033ec6a617518,Lime,7,הןעבדו/הם,loro - passato di lavorare,,0,100,solid_base_candidate,citizen_cafe_source_lineage|verified_tabular,clean_structural_candidate,src_963521a3f7102c45
cclex_aa947d489cd2ec44,Lime,7,אתןנרגעת ן,voi (f.) - passato di rilassarsi,,0,100,solid_base_candidate,citizen_cafe_source_lineage|verified_tabular,clean_structural_candidate,src_3398eb094eeaff0f
cclex_5ff7547869169129,Lime,7,הןמשחקות,loro (f.) - presente di giocare / suonare,,0,100,solid_base_candidate,citizen_cafe_source_lineage|verified_tabular,clean_structural_candidate,src_78b9cf5b4fd8d28e
cclex_ca988537803ff409,Lime,7,אנחנושמים,noi (m.) - presente di mettere,,0,100,solid_base_candidate,citizen_cafe_source_lineage|verified_tabular,clean_structural_candidate,src_57c71ebf6cabab8b
cclex_4bd3e65336e5211c,Lime,7,את זוכר ת,tu (f.) - presente di ricordare,,0,100,solid_base_candidate,citizen_cafe_source_lineage|verified_tabular,clean_structural_candidate,src_cd5bde75040d8a13
cclex_b059559b0334d578,Lime,7,הןהקליטו/הם,loro - passato di registrare,,0,100,solid_base_candidate,citizen_cafe_source_lineage|verified_tabular,clean_structural_candidate,src_5754a615edbc9751
cclex_bbcc231c07dd421c,Lime,7,אנינרגעת י,io - passato di rilassarsi,,0,100,solid_base_candidate,citizen_cafe_source_lineage|verified_tabular,clean_structural_candidate,src_6af5563eb73bce40
cclex_4bdf8cf6723cf755,Lime,7,אני דואג,io (m.) - presente di preoccuparsi,,1,100,solid_base_candidate,citizen_cafe_source_lineage|streetwise_context_match|verified_tabular,clean_structural_candidate,src_4647d2408dffdf08
cclex_16bde3f12c2324d0,Lime,7,אניאחפש,io - futuro di cercare,,0,100,solid_base_candidate,citizen_cafe_source_lineage|verified_tabular,clean_structural_candidate,src_12a7d471a5c65dc5
cclex_665bccf88b935590,Lime,7,אתןאימנת ן,voi (f.) - passato di allenarsi,,0,100,solid_base_candidate,citizen_cafe_source_lineage|verified_tabular,clean_structural_candidate,src_4dc6d5029c758a85
cclex_b1fb0523710c6e40,Lime,7,אנחנומפנות,noi (f.) - presente di liberare / sgomberare,,0,100,solid_base_candidate,citizen_cafe_source_lineage|verified_tabular,clean_structural_candidate,src_aa1ba94cc9c8d035
cclex_3dbfbf88a8447d2f,Lime,7,אתהטס,tu (m.) - presente di volare,,0,100,solid_base_candidate,citizen_cafe_source_lineage|verified_tabular,clean_structural_candidate,src_fc21e8e28b889099
cclex_18b7c7bd71ab208f,Lime,7,הןשמות,loro (f.) - presente di mettere,,0,100,solid_base_candidate,citizen_cafe_source_lineage|verified_tabular,clean_structural_candidate,src_7dbdf205d3444a60
cclex_a1130d138eee5090,Lime,7,הןיעמדו/הם,loro - futuro di stare in piedi,,0,100,solid_base_candidate,citizen_cafe_source_lineage|verified_tabular,clean_structural_candidate,src_4783c56631872cfd
cclex_947cf36899a0e695,Lime,7,אנחנוקמות,noi (f.) - presente di alzarsi,,0,100,solid_base_candidate,citizen_cafe_source_lineage|verified_tabular,clean_structural_candidate,src_8db195cf411fcc99
cclex_9afad6f1d53387e6,Lime,7,אתמשחקת,tu (f.) - presente di giocare / suonare,,0,100,solid_base_candidate,citizen_cafe_source_lineage|verified_tabular,clean_structural_candidate,src_08a27d35ec030820
cclex_ad32a5cf90b33625,Lime,7,היאהתגעגעה,lei - passato di perdere / mancare,,0,100,solid_base_candidate,citizen_cafe_source_lineage|verified_tabular,clean_structural_candidate,src_6d452d1ab1abe62e
cclex_122424df85fb22ef,Lime,7,אנחנוזזנו,noi - passato di muoversi,,0,100,solid_base_candidate,citizen_cafe_source_lineage|verified_tabular,clean_structural_candidate,src_cc7b06953f85b4cd
cclex_58d0b6fb2b9fb620,Lime,7,הואאימן,lui - passato di allenarsi,,0,100,solid_base_candidate,citizen_cafe_source_lineage|verified_tabular,clean_structural_candidate,src_65d086a6947eb33a
cclex_59f94bcc5a6ccdba,Lime,7,אתעבדת,tu (f.) - passato di lavorare,,0,100,solid_base_candidate,citizen_cafe_source_lineage|verified_tabular,clean_structural_candidate,src_3679291b3faf97de
cclex_537bdbdda83ea436,Lime,7,היאתדליק,lei - futuro di accendere,,0,100,solid_base_candidate,citizen_cafe_source_lineage|verified_tabular,clean_structural_candidate,src_e051198ff9f4e5ec
cclex_6deb961a66841115,Lime,7,אתןת טוסו/אתם,voi - futuro di volare,,0,100,solid_base_candidate,citizen_cafe_source_lineage|verified_tabular,clean_structural_candidate,src_d596c744e721c434
cclex_19f7d81387e93a14,Lime,7,אתהתעדכן,tu (m.) - futuro di aggiornare,,0,100,solid_base_candidate,citizen_cafe_source_lineage|verified_tabular,clean_structural_candidate,src_389b13d06a4f0bba
cclex_605b77e1db414f24,Lime,7,אתהתזכור,tu (m.) - futuro di ricordare,,0,100,solid_base_candidate,citizen_cafe_source_lineage|verified_tabular,clean_structural_candidate,src_01b76fab0e2e0bf1
cclex_79f716c32497a0a3,Lime,7,הןישבו/הם,loro - passato di sedersi,,0,100,solid_base_candidate,citizen_cafe_source_lineage|verified_tabular,clean_structural_candidate,src_b7fb4038fe0ff46a
cclex_57a651c6163c260c,Lime,7,אנחנומאמינות,noi (f.) - presente di credere,,0,100,solid_base_candidate,citizen_cafe_source_lineage|verified_tabular,clean_structural_candidate,src_7e99fdf46c853cde
cclex_5a6a2abd44c2d45a,Lime,7,אתןשמת ן,voi (f.) - passato di mettere,,0,100,solid_base_candidate,citizen_cafe_source_lineage|verified_tabular,clean_structural_candidate,src_4722ee6ccdea82f4
cclex_78c3dad3b21f2589,Lime,7,אנחנואכלנו,noi - passato di mangiare,,0,100,solid_base_candidate,citizen_cafe_source_lineage|verified_tabular,clean_structural_candidate,src_7ca1c7d61ad7ebf5
cclex_22cec72c0318d327,Lime,7,אנחנומנקים,noi (m.) - presente di pulire,,0,100,solid_base_candidate,citizen_cafe_source_lineage|verified_tabular,clean_structural_candidate,src_2c04d9741070d72e
cclex_17cd9e65b1073a59,Lime,7,אנחנונרגיש,noi - presente di sentirsi,,0,100,solid_base_candidate,citizen_cafe_source_lineage|verified_tabular,clean_structural_candidate,src_3a3fad3b27d2ce09
cclex_a79dadebeb27d2f0,Lime,7,הואכיבה,lui - passato di spegnere,,0,100,solid_base_candidate,citizen_cafe_source_lineage|verified_tabular,clean_structural_candidate,src_6d6daa162e7b1505
cclex_99838cb36e2b11e7,Lime,7,אנחנונקח,noi - futuro di prendere,,0,100,solid_base_candidate,citizen_cafe_source_lineage|verified_tabular,clean_structural_candidate,src_9aec6acf24eb5727
cclex_b0a3401f7e7512b2,Lime,7,אנחנו לומדות,noi (f.) - presente di studiare,,0,100,solid_base_candidate,citizen_cafe_source_lineage|verified_tabular,clean_structural_candidate,src_528b5da72cf325b3
cclex_1832b117b15f062b,Lime,7,אתהתכין,tu (m.) - futuro di preparare,,0,100,solid_base_candidate,citizen_cafe_source_lineage|verified_tabular,clean_structural_candidate,src_e92d402deef6354f
cclex_855481a8b75c8331,Lime,7,הןידאגו/הם,loro - futuro di preoccuparsi,,0,100,solid_base_candidate,citizen_cafe_source_lineage|verified_tabular,clean_structural_candidate,src_c6d581ca1550c1a3
cclex_af14a4e17ecc6561,Lime,7,היאיצאה,lei - passato di uscire,,0,100,solid_base_candidate,citizen_cafe_source_lineage|verified_tabular,clean_structural_candidate,src_f3000ac2f2d0daa9
cclex_3d050f0bd89d0927,Lime,7,הןעשו/הם,loro - passato di fare,,0,100,solid_base_candidate,citizen_cafe_source_lineage|verified_tabular,clean_structural_candidate,src_cfb7aea8d93764d7
cclex_6684a6465b9f3a09,Lime,7,אתמאמנת,tu (f.) - presente di allenarsi,,0,100,solid_base_candidate,citizen_cafe_source_lineage|verified_tabular,clean_structural_candidate,src_e147814e122a6f67
cclex_46509eb56f4e0fb8,Lime,7,אנחנונד ע,noi - futuro di sapere / conoscere,,0,100,solid_base_candidate,citizen_cafe_source_lineage|verified_tabular,clean_structural_candidate,src_0086fbc15cce2fb2
cclex_4500ff7b181f9272,Lime,7,אניארצה,io - futuro di volere,,0,100,solid_base_candidate,citizen_cafe_source_lineage|verified_tabular,clean_structural_candidate,src_c0695ba3a10e0397
cclex_7352d227802d216d,Lime,7,אניאאחר,io - futuro di fare tardi,,0,100,solid_base_candidate,citizen_cafe_source_lineage|verified_tabular,clean_structural_candidate,src_bd9c23fe5e9accdf
cclex_2e956429085210f1,Lime,7,אתןתדאגו/אתם,voi - futuro di preoccuparsi,,0,100,solid_base_candidate,citizen_cafe_source_lineage|verified_tabular,clean_structural_candidate,src_72aec694a682c1c7
cclex_98ad1a989bfdd473,Lime,7,הואיצד ק,lui - futuro di avere ragione,,0,100,solid_base_candidate,citizen_cafe_source_lineage|verified_tabular,clean_structural_candidate,src_6a2043478b528915
cclex_b54cf88843924e42,Lime,7,אנחנונלך,noi - futuro di andare,,0,100,solid_base_candidate,citizen_cafe_source_lineage|verified_tabular,clean_structural_candidate,src_a007111cc503d722
cclex_13ad7d97f9296b8c,Lime,7,אתה הולך,tu (m.) - presente di andare,,2,100,solid_base_candidate,citizen_cafe_source_lineage|streetwise_context_match|verified_tabular,clean_structural_candidate,src_2be8e773edfa5b19
cclex_4d892e69dab44c35,Lime,7,אניביטלת י,io - passato di annullare,,0,100,solid_base_candidate,citizen_cafe_source_lineage|verified_tabular,clean_structural_candidate,src_f058ef7212f9c47a
cclex_7300b6019dc0e411,Lime,7,אתהסיימת,tu (m.) - passato di finire,,0,100,solid_base_candidate,citizen_cafe_source_lineage|verified_tabular,clean_structural_candidate,src_c547c377e69df165
cclex_698ce53cca13ca48,Lime,7,אתןת בואו/אתם,voi - futuro di venire,,0,100,solid_base_candidate,citizen_cafe_source_lineage|verified_tabular,clean_structural_candidate,src_208a9b9601d5fe03
cclex_c641d14742f7b6d3,Lime,7,אנחנונחליט,noi - futuro di decidere,,0,100,solid_base_candidate,citizen_cafe_source_lineage|verified_tabular,clean_structural_candidate,src_748d4624721c35e2
cclex_153334938bdbcfa7,Lime,7,אנחנונקווה,noi - futuro di sperare,,0,100,solid_base_candidate,citizen_cafe_source_lineage|verified_tabular,clean_structural_candidate,src_67a459a9256513a2
cclex_13d66f6b2c3a06c4,Lime,7,אתןמנשנשות,voi (f.) - presente di fare uno spuntino,,0,100,solid_base_candidate,citizen_cafe_source_lineage|verified_tabular,clean_structural_candidate,src_1eb58f92f5cec131
cclex_008baaba98e79e1b,Lime,7,הוא יוכל,lui - futuro di potere,,0,100,solid_base_candidate,citizen_cafe_source_lineage|verified_tabular,clean_structural_candidate,src_82989efa8b73261b
cclex_6bb1847fbc148493,Lime,7,הןיבד קו/הם,loro - futuro di controllare,,0,100,solid_base_candidate,citizen_cafe_source_lineage|verified_tabular,clean_structural_candidate,src_0ff0dd506245ab06
cclex_82a95c23cfd7fc3f,Lime,7,הןמחכות,loro (f.) - presente di aspettare,,0,100,solid_base_candidate,citizen_cafe_source_lineage|verified_tabular,clean_structural_candidate,src_3dec27fc9b94c357
cclex_50d4729aeac1c3ec,Lime,7,הוא עושה,lui - presente di fare,,2,100,solid_base_candidate,citizen_cafe_source_lineage|streetwise_context_match|verified_tabular,clean_structural_candidate,src_296559e167af0562
cclex_6f4321e100535e9d,Lime,7,אנחנונפגש,noi - futuro di incontrarsi con,,0,100,solid_base_candidate,citizen_cafe_source_lineage|verified_tabular,clean_structural_candidate,src_cad916f7735469b7
cclex_85833d1a7b080c21,Lime,7,אנחנובישלנו,noi - passato di giocare / suonare,,0,100,solid_base_candidate,citizen_cafe_source_lineage|verified_tabular,clean_structural_candidate,src_9854c21d0c11abeb
cclex_b31e4e0301b167fb,Lime,7,אנחנוקר אנו,noi - passato di leggere,,0,100,solid_base_candidate,citizen_cafe_source_lineage|verified_tabular,clean_structural_candidate,src_25af956f46a56eb1
cclex_845bed33ebe758f8,Lime,7,אתםזזים,voi (m.) - presente di muoversi,,0,100,solid_base_candidate,citizen_cafe_source_lineage|verified_tabular,clean_structural_candidate,src_d2f1b0d84493023b
cclex_54c97ca0ebe71074,Lime,7,היא עולה,lei - presente di salire / costare,,0,100,solid_base_candidate,citizen_cafe_source_lineage|verified_tabular,clean_structural_candidate,src_f0fd7bcba5202d89
cclex_bc441f4d7aa3cb55,Lime,7,אתתשבי,tu (f.) - futuro di sedersi,,0,100,solid_base_candidate,citizen_cafe_source_lineage|verified_tabular,clean_structural_candidate,src_2c58f9cb50452fb6
cclex_cdf86ee88e06c602,Lime,7,אתם רוצים,voi (m.) - presente di volere,,1,100,solid_base_candidate,citizen_cafe_source_lineage|streetwise_context_match|verified_tabular,clean_structural_candidate,src_95358a1ff24de724
cclex_7735cd8fde76a62a,Lime,7,להיות,essere (infinito),,0,100,solid_base_candidate,citizen_cafe_source_lineage|verified_tabular,clean_structural_candidate,src_35fb0fcfc0a23dde
cclex_74a3173a88e53faf,Lime,7,אתםהצלחת ם,voi (m.) - passato di riuscire,,0,100,solid_base_candidate,citizen_cafe_source_lineage|verified_tabular,clean_structural_candidate,src_6bc216cd7f8842c8
cclex_519b6e8e00c89b14,Lime,7,אנחנונלמד,noi - futuro di studiare,,0,100,solid_base_candidate,citizen_cafe_source_lineage|verified_tabular,clean_structural_candidate,src_ad0310442d10f713
cclex_300bd103389fb474,Lime,7,אנימגזימה,io (f.) - presente di esagerare,,0,100,solid_base_candidate,citizen_cafe_source_lineage|verified_tabular,clean_structural_candidate,src_ff833ac397867d14
cclex_73e1fea178bc8c92,Lime,7,אתםהלכת ם,voi (m.) - passato di andare,,0,100,solid_base_candidate,citizen_cafe_source_lineage|verified_tabular,clean_structural_candidate,src_fc3d32f8b8d2a9b8
cclex_b3a8e5725fe53664,Lime,7,אנימתגעגעת,io (f.) - presente di perdere / mancare,,0,100,solid_base_candidate,citizen_cafe_source_lineage|verified_tabular,clean_structural_candidate,src_a81930198658c885
cclex_13b044bd3cbbf268,Lime,7,הואיבדוק,lui - futuro di controllare,,0,100,solid_base_candidate,citizen_cafe_source_lineage|verified_tabular,clean_structural_candidate,src_c8f05f576c7be7f1
cclex_23114ff47a6dee9a,Lime,7,אתמאשר ת,tu (f.) - presente di confermare,,0,100,solid_base_candidate,citizen_cafe_source_lineage|verified_tabular,clean_structural_candidate,src_fadeb0ad7308b93e
cclex_ecef042f64b2f2b0,Lime,7,להתרגש,essere emozionato (infinito),,0,100,solid_base_candidate,citizen_cafe_source_lineage|verified_tabular,clean_structural_candidate,src_4616cb5c7dafd750
cclex_a68c63204bc5b817,Lime,7,אנחנומקשיבים,noi (m.) - presente di ascoltare / fare attenzione,,0,100,solid_base_candidate,citizen_cafe_source_lineage|verified_tabular,clean_structural_candidate,src_c4d8f3d91aa567f1
cclex_bd6cd66dd82c7bcb,Lime,7,הןיכירו/הם,loro - futuro di conoscere,,0,100,solid_base_candidate,citizen_cafe_source_lineage|verified_tabular,clean_structural_candidate,src_770a36c44b7ba1d5
cclex_59d6346b7ad05238,Lime,7,היאהחליטה,lei - passato di decidere,,0,100,solid_base_candidate,citizen_cafe_source_lineage|verified_tabular,clean_structural_candidate,src_4a89d1113c2ac5d0
cclex_9b36b0a5dcef58ae,Lime,7,אנחנולמד נו,noi - passato di studiare,,0,100,solid_base_candidate,citizen_cafe_source_lineage|verified_tabular,clean_structural_candidate,src_386be3cf3ce61acc
cclex_eba266c42b083382,Lime,7,אתהתשת ה,tu (m.) - futuro di bere,,0,100,solid_base_candidate,citizen_cafe_source_lineage|verified_tabular,clean_structural_candidate,src_40dbdda739b3fb01
cclex_ad89616d564f671a,Lime,7,לחזור,ripetere / tornare (infinito),,2,100,solid_base_candidate,citizen_cafe_source_lineage|streetwise_context_match|verified_tabular,clean_structural_candidate,src_0baa4dde00495431
cclex_d11a26520fa4dcae,Lime,7,אתןת רדו/אתם,voi - futuro di scendere,,0,100,solid_base_candidate,citizen_cafe_source_lineage|verified_tabular,clean_structural_candidate,src_0ba95e6ccbe3c099
cclex_62ac8124b9cdf5b4,Lime,7,אנימקווה,io (m.) - presente di sperare,,0,100,solid_base_candidate,citizen_cafe_source_lineage|verified_tabular,clean_structural_candidate,src_dbf449c623239256
cclex_ba83d58c2ce6af62,Lime,7,אתהירדת,tu (m.) - passato di scendere,,0,100,solid_base_candidate,citizen_cafe_source_lineage|verified_tabular,clean_structural_candidate,src_3ddbaa96743cd702
cclex_31507636c0d4903a,Lime,7,הןיחפשו/הם,loro - futuro di cercare,,0,100,solid_base_candidate,citizen_cafe_source_lineage|verified_tabular,clean_structural_candidate,src_c1a63d96241b5977
cclex_55522e5943e1b08f,Lime,7,הואיתרגש,lui - futuro di essere emozionato,,0,100,solid_base_candidate,citizen_cafe_source_lineage|verified_tabular,clean_structural_candidate,src_2aed08b22c59de39
cclex_d83092513d7d1572,Lime,7,אתןרצית ן,voi (f.) - passato di volere,,0,100,solid_base_candidate,citizen_cafe_source_lineage|verified_tabular,clean_structural_candidate,src_f32dc5532bc0db08
cclex_0a114019f564e9fd,Lime,7,אנחנומעדכנות,noi (f.) - presente di aggiornare,,0,100,solid_base_candidate,citizen_cafe_source_lineage|verified_tabular,clean_structural_candidate,src_2f11b2141f23c553
cclex_76605fa1413536ab,Lime,7,הואיזכור,lui - futuro di ricordare,,0,100,solid_base_candidate,citizen_cafe_source_lineage|verified_tabular,clean_structural_candidate,src_1162a9802a7cfa53
cclex_cfebee28d3578f72,Lime,7,היאתשכח,lei - futuro di dimenticare,,0,100,solid_base_candidate,citizen_cafe_source_lineage|verified_tabular,clean_structural_candidate,src_e75b921176d5854c
cclex_20f2b97653912e66,Lime,7,אניאשחה,io - futuro di nuotare,,0,100,solid_base_candidate,citizen_cafe_source_lineage|verified_tabular,clean_structural_candidate,src_613e009e7fcf7439
cclex_9b9e395120ed2827,Lime,7,אנחנו עולות,noi (f.) - presente di salire / costare,,0,100,solid_base_candidate,citizen_cafe_source_lineage|verified_tabular,clean_structural_candidate,src_bf5a6d1a696c119c
cclex_2216be9b2251f373,Lime,7,אניאצלם,io - futuro di fotografare,,0,100,solid_base_candidate,citizen_cafe_source_lineage|verified_tabular,clean_structural_candidate,src_de6f5f2ed1fec3db
cclex_6f4b6a4c3969305f,Lime,7,היא הולכת,lei - presente di andare,,1,100,solid_base_candidate,citizen_cafe_source_lineage|streetwise_context_match|verified_tabular,clean_structural_candidate,src_5ac98a104fc99214
cclex_8171a23fa2d37058,Lime,7,אניאשנה,io - futuro di cambiare,,0,100,solid_base_candidate,citizen_cafe_source_lineage|verified_tabular,clean_structural_candidate,src_fb499e79aeace7e5
cclex_52c5d6f947aba836,Lime,7,אתןתתחילו/אתם,voi - futuro di iniziare,,0,100,solid_base_candidate,citizen_cafe_source_lineage|verified_tabular,clean_structural_candidate,src_ecb0c2c0e97d5fb8
cclex_93999d34d0bf388f,Lime,7,הן דואגות,loro (f.) - presente di preoccuparsi,,0,100,solid_base_candidate,citizen_cafe_source_lineage|verified_tabular,clean_structural_candidate,src_80e5875c9548f137
cclex_fb622627a9a7ca59,Lime,7,הם דואגים,loro (m.) - presente di preoccuparsi,,0,100,solid_base_candidate,citizen_cafe_source_lineage|verified_tabular,clean_structural_candidate,src_ba9adaccc5e43005
cclex_6e6608bf72298d77,Lime,7,הואיאהב,lui - futuro di amare,,0,100,solid_base_candidate,citizen_cafe_source_lineage|verified_tabular,clean_structural_candidate,src_3b344bc0bd453431
cclex_77a50d00d4973d55,Lime,7,הואמבשל,lui - presente di cucinare,,0,100,solid_base_candidate,citizen_cafe_source_lineage|verified_tabular,clean_structural_candidate,src_6a62b0f399cd68eb
cclex_4328ef6ce049d0f3,Lime,7,אתתנסי,tu (f.) - futuro di provare,,0,100,solid_base_candidate,citizen_cafe_source_lineage|verified_tabular,clean_structural_candidate,src_6971306e9acc2d54
cclex_883aa8013b636781,Lime,7,הואיזוז,lui - futuro di muoversi,,0,100,solid_base_candidate,citizen_cafe_source_lineage|verified_tabular,clean_structural_candidate,src_5082182699b5082b
cclex_2d53deea7ddec0df,Lime,7,אתהמצלמ,tu (m.) - presente di fotografare,,0,100,solid_base_candidate,citizen_cafe_source_lineage|verified_tabular,clean_structural_candidate,src_533ac991eebba755
cclex_119a75bcc4857e6f,Lime,7,אנחנונשאר נו,noi - passato di rimanere / restare,,0,100,solid_base_candidate,citizen_cafe_source_lineage|verified_tabular,clean_structural_candidate,src_f722df7cfbcc5139
cclex_fb9bd0ee486b9621,Lime,7,את עומד ת,tu (f.) - presente di stare in piedi,,0,100,solid_base_candidate,citizen_cafe_source_lineage|verified_tabular,clean_structural_candidate,src_04bf3393e9041f1d
cclex_72194dc1bbe6bafa,Lime,7,אניאבטל,io - futuro di annullare,,0,100,solid_base_candidate,citizen_cafe_source_lineage|verified_tabular,clean_structural_candidate,src_78343ee086fdb8a4
cclex_6e4b47af661db0f3,Lime,7,אנחנומשחקות,noi (f.) - presente di giocare / suonare,,0,100,solid_base_candidate,citizen_cafe_source_lineage|verified_tabular,clean_structural_candidate,src_5266fad90c1fd243
cclex_8fa920b9a32c83ca,Lime,7,היאתאשר,lei - futuro di confermare,,0,100,solid_base_candidate,citizen_cafe_source_lineage|verified_tabular,clean_structural_candidate,src_84bc5916a2539253
cclex_4c561e7875ab3c18,Lime,7,אני שוכהת,io (f.) - presente di dimenticare,,0,100,solid_base_candidate,citizen_cafe_source_lineage|verified_tabular,clean_structural_candidate,src_5aa11b0daede85ed
cclex_2b187acc75c813aa,Lime,7,אניאדאג,io - futuro di preoccuparsi,,0,100,solid_base_candidate,citizen_cafe_source_lineage|verified_tabular,clean_structural_candidate,src_1fe2edb23d36c680
cclex_d97cd80d81992098,Lime,7,היאתזכור,lei - futuro di ricordare,,0,100,solid_base_candidate,citizen_cafe_source_lineage|verified_tabular,clean_structural_candidate,src_19361684dddb6392
cclex_54c67f89567e0579,Lime,7,אתןתתגעגעו/אתם,voi - futuro di perdere / mancare,,0,100,solid_base_candidate,citizen_cafe_source_lineage|verified_tabular,clean_structural_candidate,src_2fa2f347ba887075
cclex_66d9154d72f35572,Lime,7,הואמסתכל,lui - presente di guardare,,0,100,solid_base_candidate,citizen_cafe_source_lineage|verified_tabular,clean_structural_candidate,src_283fc8debf4aed4d
cclex_5736f55ad5770ed8,Lime,7,אניאשכח,io - futuro di dimenticare,,0,100,solid_base_candidate,citizen_cafe_source_lineage|verified_tabular,clean_structural_candidate,src_81bc290d1f564480
cclex_109594f348d88729,Lime,7,היאהבינה,lei - passato di capire,,0,100,solid_base_candidate,citizen_cafe_source_lineage|verified_tabular,clean_structural_candidate,src_eba12d21f46da31a
cclex_223b3a226083af7e,Lime,7,אניאאמין,io - futuro di credere,,0,100,solid_base_candidate,citizen_cafe_source_lineage|verified_tabular,clean_structural_candidate,src_124efc39ded1e712
cclex_04bb138cf63bd0cb,Lime,7,הואיעמוד,lui - futuro di stare in piedi,,0,100,solid_base_candidate,citizen_cafe_source_lineage|verified_tabular,clean_structural_candidate,src_c99e5cdd7b1f56d1
cclex_5e8e3c7b92ff3f50,Lime,7,אתםמצליחים,voi (m.) - passato di riuscire,,0,100,solid_base_candidate,citizen_cafe_source_lineage|verified_tabular,clean_structural_candidate,src_53ee8a8330882a4c
cclex_ee2d715ffc718af3,Lime,7,הןנשארות,loro (f.) - presente di rimanere / restare,,0,100,solid_base_candidate,citizen_cafe_source_lineage|verified_tabular,clean_structural_candidate,src_cabf788afcd26be4
cclex_d0ffc438c38fb539,Lime,7,הואיקום,lui - futuro di alzarsi,,0,100,solid_base_candidate,citizen_cafe_source_lineage|verified_tabular,clean_structural_candidate,src_8e4a111268a58f67
cclex_44e1ef58e82b4eb5,Lime,7,אניירדת י,io - passato di scendere,,0,100,solid_base_candidate,citizen_cafe_source_lineage|verified_tabular,clean_structural_candidate,src_ae5a35f366f56844
cclex_432135695769c930,Lime,7,הןשלחו/הם,loro - passato di mandare,,0,100,solid_base_candidate,citizen_cafe_source_lineage|verified_tabular,clean_structural_candidate,src_19e51b6bb7ffeff0
cclex_b8e02da2db18d6c9,Lime,7,אתן לוקחות,voi (f.) - presente di prendere,,0,100,solid_base_candidate,citizen_cafe_source_lineage|verified_tabular,clean_structural_candidate,src_aef6dc2d54b89e82
cclex_205331fd63ff36ac,Lime,7,הןמבינות,loro (f.) - presente di capire,,0,100,solid_base_candidate,citizen_cafe_source_lineage|verified_tabular,clean_structural_candidate,src_6d1fedfbeb4d5161
cclex_6c40970499171143,Lime,7,אנחנוהיינו,noi - passato di essere,,0,100,solid_base_candidate,citizen_cafe_source_lineage|verified_tabular,clean_structural_candidate,src_1c453da95c5131e2
cclex_8451883c8cdc8fe4,Lime,7,הןיאכלו/הם,loro - futuro di mangiare,,0,100,solid_base_candidate,citizen_cafe_source_lineage|verified_tabular,clean_structural_candidate,src_830ea6276005eb93
cclex_51b8455fa87838c6,Lime,7,אתההחלטת,tu (m.) - passato di decidere,,0,100,solid_base_candidate,citizen_cafe_source_lineage|verified_tabular,clean_structural_candidate,src_588093840f0263e0
cclex_0e0bb281fc4a8eeb,Lime,7,אנחנו שוכחות,noi (f.) - presente di dimenticare,,0,100,solid_base_candidate,citizen_cafe_source_lineage|verified_tabular,clean_structural_candidate,src_760bd1aed869bec6
cclex_7c051df9513c9979,Lime,7,אנחנונקבל,noi - futuro di ricevere,,0,100,solid_base_candidate,citizen_cafe_source_lineage|verified_tabular,clean_structural_candidate,src_3957169c2a5cd3b7
cclex_825788d0cc0bb81e,Lime,7,אניאהבת י,io - passato di amare,,0,100,solid_base_candidate,citizen_cafe_source_lineage|verified_tabular,clean_structural_candidate,src_96091a17b0201704
cclex_34dba2302fc45308,Lime,7,אתםמשחקים,voi (m.) - presente di giocare / suonare,,0,100,solid_base_candidate,citizen_cafe_source_lineage|verified_tabular,clean_structural_candidate,src_60e530f70a7a8598
cclex_7165136218c327de,Lime,7,אתהתשתמש,tu (m.) - futuro di usare,,0,100,solid_base_candidate,citizen_cafe_source_lineage|verified_tabular,clean_structural_candidate,src_9ab42e50e89f2c48
cclex_87291ebf99ed88f1,Lime,7,את נותנת,tu (f.) - presente di dare,,1,100,solid_base_candidate,citizen_cafe_source_lineage|streetwise_context_match|verified_tabular,clean_structural_candidate,src_fa15c507969b4c9e
cclex_894bdce3c6ca531d,Lime,7,אתהדלקת,tu (f.) - passato di accendere,,0,100,solid_base_candidate,citizen_cafe_source_lineage|verified_tabular,clean_structural_candidate,src_b995ab091c2c7b31
cclex_5b130ad44e51fc74,Lime,7,הואיעד יף,lui - futuro di preferire,,0,100,solid_base_candidate,citizen_cafe_source_lineage|verified_tabular,clean_structural_candidate,src_b27d1511571bf8cf
cclex_d8037caf57319044,Lime,7,אתםמחפשים,voi (m.) - presente di cercare,,0,100,solid_base_candidate,citizen_cafe_source_lineage|verified_tabular,clean_structural_candidate,src_689c58cfd8bbc148
cclex_3137a894fae541fa,Lime,7,הםמבינים,loro (m.) - presente di capire,,0,100,solid_base_candidate,citizen_cafe_source_lineage|verified_tabular,clean_structural_candidate,src_50a11f92b37528f4
cclex_1320d12af999de92,Lime,7,היאנזכר ה,lei - passato di ricordarsi finalmente,,0,100,solid_base_candidate,citizen_cafe_source_lineage|verified_tabular,clean_structural_candidate,src_e3d9a174bbdd9b46
cclex_482f8929a5aef31b,Lime,7,את קונה,tu (f.) - presente di comprare,,0,100,solid_base_candidate,citizen_cafe_source_lineage|verified_tabular,clean_structural_candidate,src_f3e39b90e773a6a7
cclex_a03cc5b578620c8d,Lime,7,הןיטוסו/הם,loro - futuro di volare,,0,100,solid_base_candidate,citizen_cafe_source_lineage|verified_tabular,clean_structural_candidate,src_0df31b5089b27606
cclex_3f7a7a4fffa660ae,Lime,7,אנימרבר,io (m.) - presente di parlare,,0,100,solid_base_candidate,citizen_cafe_source_lineage|verified_tabular,clean_structural_candidate,src_d21920366892ec76
cclex_4e7a8bd4bcfccadd,Lime,7,אניניקית י,io - passato di pulire,,0,100,solid_base_candidate,citizen_cafe_source_lineage|verified_tabular,clean_structural_candidate,src_38014f3edb213a59
cclex_abdfa0df2d0841a6,Lime,7,אתןנתת ן,voi (f.) - passato di dare,,0,100,solid_base_candidate,citizen_cafe_source_lineage|verified_tabular,clean_structural_candidate,src_65ecff6547db47d3
cclex_afc0d854ab64dedf,Lime,7,הןשחו/הם,loro - passato di nuotare,,0,100,solid_base_candidate,citizen_cafe_source_lineage|verified_tabular,clean_structural_candidate,src_8bf04f7a545d47f9
cclex_3e38c7f41743efe9,Lime,7,היא זורמת,lei - presente di fluire,,0,100,solid_base_candidate,citizen_cafe_source_lineage|verified_tabular,clean_structural_candidate,src_ff55b1b4785da331
cclex_425bd2bca962fbc3,Lime,7,אתהתסמוך,tu (m.) - futuro di fidarsi,,0,100,solid_base_candidate,citizen_cafe_source_lineage|verified_tabular,clean_structural_candidate,src_f473a05d35e14445
cclex_75a260e800e762ff,Lime,7,אתהמשנה,tu (m.) - presente di cambiare,,0,100,solid_base_candidate,citizen_cafe_source_lineage|verified_tabular,clean_structural_candidate,src_50f20569a4624cdd
cclex_04a9fc05e32621ec,Lime,7,אנימאמין,io (m.) - presente di credere,,0,100,solid_base_candidate,citizen_cafe_source_lineage|verified_tabular,clean_structural_candidate,src_86b51d7ddb8639d3
cclex_a42381e648dcfb52,Lime,7,אנייצאת י,io - passato di uscire,,0,100,solid_base_candidate,citizen_cafe_source_lineage|verified_tabular,clean_structural_candidate,src_d74a342f2e049dd5
cclex_5a473c26b89eccab,Lime,7,הןטסו/הם,loro - passato di volare,,0,100,solid_base_candidate,citizen_cafe_source_lineage|verified_tabular,clean_structural_candidate,src_c547540fff43bf37
cclex_3cab7ae59fd54830,Lime,7,אנחנו לוקחות,noi (f.) - presente di prendere,,0,100,solid_base_candidate,citizen_cafe_source_lineage|verified_tabular,clean_structural_candidate,src_22e1a26e179f05ea
cclex_2bfab45b3ea53303,Lime,7,אניאראה,io - futuro di vedere,,0,100,solid_base_candidate,citizen_cafe_source_lineage|verified_tabular,clean_structural_candidate,src_1cf2043331402c05
cclex_d274be9e224aef53,Lime,7,אתןתפסיקו/אתם,voi - futuro di fermarsi / smettere,,0,100,solid_base_candidate,citizen_cafe_source_lineage|verified_tabular,clean_structural_candidate,src_c4835b66f3bbe54c
cclex_03da9fab415ad5a9,Lime,7,הן יוצאות,loro (f.) - presente di uscire,,0,100,solid_base_candidate,citizen_cafe_source_lineage|verified_tabular,clean_structural_candidate,src_4c53faeb27565368
cclex_0e6f108458c30dbe,Lime,7,אתהמגזים,tu (m.) - presente di esagerare,,0,100,solid_base_candidate,citizen_cafe_source_lineage|verified_tabular,clean_structural_candidate,src_ee73214f83c92066
cclex_cafbe0bb19966d4f,Lime,7,אנחנוטסנו,noi - passato di volare,,0,100,solid_base_candidate,citizen_cafe_source_lineage|verified_tabular,clean_structural_candidate,src_b38eab67e0412aee
cclex_197ffbe5b2793594,Lime,7,אתןמרגישות,voi (f.) - presente di sentirsi,,0,100,solid_base_candidate,citizen_cafe_source_lineage|verified_tabular,clean_structural_candidate,src_d7889ec665e6de82
cclex_738f8427e0e32cad,Lime,7,אתםלקחת ם,voi (m.) - passato di prendere,,0,100,solid_base_candidate,citizen_cafe_source_lineage|verified_tabular,clean_structural_candidate,src_526cdad962a43c63
cclex_daa41b670e51f6cc,Lime,7,היאהעד יפה,lei - passato di preferire,,0,100,solid_base_candidate,citizen_cafe_source_lineage|verified_tabular,clean_structural_candidate,src_03ea343afe38c86d
cclex_2df94e411618a609,Lime,7,אניזכרת י,io - passato di ricordare,,0,100,solid_base_candidate,citizen_cafe_source_lineage|verified_tabular,clean_structural_candidate,src_e658efadfefb3369
cclex_ca18fd90d1b09cc7,Lime,7,אתתסמכי,tu (f.) - futuro di fidarsi,,0,100,solid_base_candidate,citizen_cafe_source_lineage|verified_tabular,clean_structural_candidate,src_30687b0d5329504a
cclex_d40a961cc2375d29,Lime,7,אנחנושת ינו,noi - passato di bere,,0,100,solid_base_candidate,citizen_cafe_source_lineage|verified_tabular,clean_structural_candidate,src_a942b588ef725727
cclex_6be8b79375ffbe9d,Lime,7,הםמפסיקים,loro (m.) - presente di fermarsi / smettere,,0,100,solid_base_candidate,citizen_cafe_source_lineage|verified_tabular,clean_structural_candidate,src_34ce8613f7356b00
cclex_95e1090020020375,Lime,7,היאתטייל,lei - futuro di viaggiare,,0,100,solid_base_candidate,citizen_cafe_source_lineage|verified_tabular,clean_structural_candidate,src_f2c665e3d6bd9b01
cclex_be10f21896635e7f,Lime,7,היא צודקת,lei - presente di avere ragione,,0,100,solid_base_candidate,citizen_cafe_source_lineage|verified_tabular,clean_structural_candidate,src_19155290ea96e956
cclex_e3cf87d8cc1b1ddd,Lime,7,אתםמבטלים,voi (m.) - presente di annullare,,0,100,solid_base_candidate,citizen_cafe_source_lineage|verified_tabular,clean_structural_candidate,src_392b555cc7306e4e
cclex_4f01be490e902557,Lime,7,אתןניסית ן,voi (f.) - passato di provare,,0,100,solid_base_candidate,citizen_cafe_source_lineage|verified_tabular,clean_structural_candidate,src_ac193e2c32b86ec9
cclex_506663afd6ff91c9,Lime,7,הןנת נו/הם,loro - passato di dare,,0,100,solid_base_candidate,citizen_cafe_source_lineage|verified_tabular,clean_structural_candidate,src_07dedd1256b44617
cclex_c87fa6ec67847971,Lime,7,אניהיית י,io (m.) - passato di essere,,0,100,solid_base_candidate,citizen_cafe_source_lineage|verified_tabular,clean_structural_candidate,src_34d4363d65f63c48
cclex_1221686018fb41c0,Lime,7,אתההפסקת,tu (m.) - passato di fermarsi / smettere,,0,100,solid_base_candidate,citizen_cafe_source_lineage|verified_tabular,clean_structural_candidate,src_73d7b5b8f73d4ba4
cclex_8b8941a0fe8f9c7c,Lime,7,אתןזכרת ן,voi (f.) - passato di ricordare,,0,100,solid_base_candidate,citizen_cafe_source_lineage|verified_tabular,clean_structural_candidate,src_f2537853858ef120
cclex_075daae9bb843e6c,Lime,7,אתתאמני,tu (f.) - futuro di allenarsi,,0,100,solid_base_candidate,citizen_cafe_source_lineage|verified_tabular,clean_structural_candidate,src_e4cbe666c3ad3292
cclex_965abc4ae97b66f7,Lime,7,אניאנסה,io - futuro di provare,,0,100,solid_base_candidate,citizen_cafe_source_lineage|verified_tabular,clean_structural_candidate,src_780086d0e21193c6
cclex_60e2b2db2c69ca93,Lime,7,להקליט,registrare (infinito),,0,100,solid_base_candidate,citizen_cafe_source_lineage|verified_tabular,clean_structural_candidate,src_db77856c090dd205
cclex_9ae8b89667817efc,Lime,7,הןצד קו/הם,loro - passato di avere ragione,,0,100,solid_base_candidate,citizen_cafe_source_lineage|verified_tabular,clean_structural_candidate,src_58f7d67fc67fcf7f
cclex_b14759b2f87fe587,Lime,7,אתם זורמים,voi (m.) - presente di fluire,,0,100,solid_base_candidate,citizen_cafe_source_lineage|verified_tabular,clean_structural_candidate,src_1455b5c89cedcd74
cclex_09f43411330f9a70,Lime,7,הם עומד ים,loro (m.) - presente di stare in piedi,,0,100,solid_base_candidate,citizen_cafe_source_lineage|verified_tabular,clean_structural_candidate,src_2bce0c8ba9e46203
cclex_153c817233804bd8,Lime,7,אנחנואימנו,noi - passato di allenarsi,,0,100,solid_base_candidate,citizen_cafe_source_lineage|verified_tabular,clean_structural_candidate,src_d9986954e8d2b01b
cclex_7fad66f55eb97c03,Lime,7,הןלמדו/הם,loro - passato di studiare,,0,100,solid_base_candidate,citizen_cafe_source_lineage|verified_tabular,clean_structural_candidate,src_1e6ddb61d0864f93
cclex_4dab093fe9ab4655,Lime,7,אתתשתקי,tu (f.) - futuro di tacere,,0,100,solid_base_candidate,citizen_cafe_source_lineage|verified_tabular,clean_structural_candidate,src_04749f65665e0884
cclex_670c373ebaa01f56,Lime,7,היאתצלם,lei - futuro di fotografare,,0,100,solid_base_candidate,citizen_cafe_source_lineage|verified_tabular,clean_structural_candidate,src_59a46e88fbd988ef
cclex_114e9022c3765881,Lime,7,לעלות,salire / costare (infinito),,0,100,solid_base_candidate,citizen_cafe_source_lineage|verified_tabular,clean_structural_candidate,src_dfdbbe583ed49ae5
cclex_911042b6ebd32db1,Lime,7,אתן רוצות,voi (f.) - presente di volere,,1,100,solid_base_candidate,citizen_cafe_source_lineage|streetwise_context_match|verified_tabular,clean_structural_candidate,src_903ad841b1502a11
cclex_3897ae95fa2982bc,Lime,7,אתהתאמין,tu (m.) - futuro di credere,,0,100,solid_base_candidate,citizen_cafe_source_lineage|verified_tabular,clean_structural_candidate,src_306299e059978d5b
cclex_f9034503883ba111,Lime,7,אתןטיילת ן,voi (f.) - passato di viaggiare,,0,100,solid_base_candidate,citizen_cafe_source_lineage|verified_tabular,clean_structural_candidate,src_d39dba65d4f08e10
cclex_01814b96cc5cab03,Lime,7,הןהפסיקו/הם,loro - passato di fermarsi / smettere,,0,100,solid_base_candidate,citizen_cafe_source_lineage|verified_tabular,clean_structural_candidate,src_9e77a66aa2277a13
cclex_5b94b39c548741e4,Lime,7,היאיכולה,lei - presente di potere,,0,100,solid_base_candidate,citizen_cafe_source_lineage|verified_tabular,clean_structural_candidate,src_a48c098a2c80bd20
cclex_7860aa241b171ab5,Lime,7,היאת ישאר,lei - futuro di rimanere / restare,,0,100,solid_base_candidate,citizen_cafe_source_lineage|verified_tabular,clean_structural_candidate,src_5a0c9ace38a8792b
cclex_75001690692fde18,Lime,7,אתהת ישאר,tu (m.) - futuro di rimanere / restare,,0,100,solid_base_candidate,citizen_cafe_source_lineage|verified_tabular,clean_structural_candidate,src_bb8265762a628596
cclex_067a73f5045615e8,Lime,7,אתהבא,tu (m.) - presente di venire,,0,100,solid_base_candidate,citizen_cafe_source_lineage|verified_tabular,clean_structural_candidate,src_54b74a15f8e9d47e
cclex_d4007a5c4f157497,Lime,7,אתתטיילי,tu (f.) - futuro di viaggiare,,0,100,solid_base_candidate,citizen_cafe_source_lineage|verified_tabular,clean_structural_candidate,src_afb88d47a356cbdd
cclex_ffd7c0fe00388bf7,Lime,7,אנחנומשנות,noi (f.) - presente di cambiare,,0,100,solid_base_candidate,citizen_cafe_source_lineage|verified_tabular,clean_structural_candidate,src_6953ac7b966ee44c
cclex_a50133e58726f9c0,Lime,7,אני שות ה,io (f.) - presente di bere,,0,100,solid_base_candidate,citizen_cafe_source_lineage|verified_tabular,clean_structural_candidate,src_9c18ade78b3488f6
cclex_69e66edd547ee8a2,Lime,7,אתהתפנה,tu (m.) - futuro di liberare / sgomberare,,0,100,solid_base_candidate,citizen_cafe_source_lineage|verified_tabular,clean_structural_candidate,src_f2220e7024aa49e5
cclex_af52ee32beb3b4d0,Lime,7,אתהתקווה,tu (m.) - futuro di sperare,,0,100,solid_base_candidate,citizen_cafe_source_lineage|verified_tabular,clean_structural_candidate,src_d23f08ca020d508d
cclex_bf5ec289cc671f77,Lime,7,אתם עומד ים,voi (m.) - presente di stare in piedi,,0,100,solid_base_candidate,citizen_cafe_source_lineage|verified_tabular,clean_structural_candidate,src_84e5f13e941cd82e
cclex_77b25d5ea7de7681,Lime,7,אתהזזת,tu (m.) - passato di muoversi,,0,100,solid_base_candidate,citizen_cafe_source_lineage|verified_tabular,clean_structural_candidate,src_ed0e6569a06c1a60
cclex_37ea86d3377e015c,Lime,7,את תוכלי,tu (f.) - futuro di potere,,0,100,solid_base_candidate,citizen_cafe_source_lineage|verified_tabular,clean_structural_candidate,src_54e7805171456ded
cclex_63751eb237351335,Lime,7,אתהשינית,tu (m.) - passato di cambiare,,0,100,solid_base_candidate,citizen_cafe_source_lineage|verified_tabular,clean_structural_candidate,src_c08468e23b1dcd87
cclex_b53280ca2ac4908d,Lime,7,אנינשאר,io (m.) - presente di rimanere / restare,,0,100,solid_base_candidate,citizen_cafe_source_lineage|verified_tabular,clean_structural_candidate,src_b97b7e722b526ffb
cclex_7689da6ff796c024,Lime,7,אנחנוהפסקנו,noi - passato di fermarsi / smettere,,0,100,solid_base_candidate,citizen_cafe_source_lineage|verified_tabular,clean_structural_candidate,src_85e73fc3b4760fbf
cclex_1ca9ebfbfc728491,Lime,7,אתםשינית ם,voi (m.) - passato di cambiare,,0,100,solid_base_candidate,citizen_cafe_source_lineage|verified_tabular,clean_structural_candidate,src_7300c876f57f989b
cclex_9981f25cb8c33dc4,Lime,7,היאלמד ה,lei - passato di studiare,,0,100,solid_base_candidate,citizen_cafe_source_lineage|verified_tabular,clean_structural_candidate,src_09d8f3f2128dd874
cclex_16f643e2bc7d7376,Lime,7,אתאימנת,tu (f.) - passato di allenarsi,,0,100,solid_base_candidate,citizen_cafe_source_lineage|verified_tabular,clean_structural_candidate,src_76083fcf72b444f7
cclex_1e59b57572aff2a7,Lime,7,אתםקמים,voi (m.) - presente di alzarsi,,0,100,solid_base_candidate,citizen_cafe_source_lineage|verified_tabular,clean_structural_candidate,src_a843d905cb13ebcf
cclex_5381805287508354,Lime,7,אנחנו עומדות,noi (f.) - presente di stare in piedi,,0,100,solid_base_candidate,citizen_cafe_source_lineage|verified_tabular,clean_structural_candidate,src_85af883513d1a5d7
cclex_b404a29b773ff615,Lime,7,היאשלחה,lei - passato di mandare,,0,100,solid_base_candidate,citizen_cafe_source_lineage|verified_tabular,clean_structural_candidate,src_cbb065aa1af26579
cclex_6c3d4dc8a6168cde,Lime,7,אנימקשיב,io (m.) - presente di ascoltare / fare attenzione,,0,100,solid_base_candidate,citizen_cafe_source_lineage|verified_tabular,clean_structural_candidate,src_7451598fad46a887
cclex_c299dafcd3115b4e,Lime,7,אנחנונצא,noi - futuro di uscire,,0,100,solid_base_candidate,citizen_cafe_source_lineage|verified_tabular,clean_structural_candidate,src_acf58991adf76c37
cclex_9f2109ef2c0af433,Lime,7,היאידעה,lei - passato di sapere / conoscere,,0,100,solid_base_candidate,citizen_cafe_source_lineage|verified_tabular,clean_structural_candidate,src_1611a28152a9404a
cclex_b32bf6721cdbe0fa,Lime,7,הואידאג,lui - futuro di preoccuparsi,,0,100,solid_base_candidate,citizen_cafe_source_lineage|verified_tabular,clean_structural_candidate,src_7fd79aa7aedaf20c
cclex_3423c1707023e3ba,Lime,7,הואיאשר,lui - futuro di confermare,,0,100,solid_base_candidate,citizen_cafe_source_lineage|verified_tabular,clean_structural_candidate,src_d4874529fce753b2
cclex_673d24eb1ed5cb16,Lime,7,הואשלח,lui - passato di mandare,,0,100,solid_base_candidate,citizen_cafe_source_lineage|verified_tabular,clean_structural_candidate,src_4fdba94568fd1c6d
cclex_c35ba5b030827668,Lime,7,היאתתקן,lei - futuro di riparare / sistemare,,0,100,solid_base_candidate,citizen_cafe_source_lineage|verified_tabular,clean_structural_candidate,src_3505af4e2da67c7b
cclex_3759e072c805ae5e,Lime,7,הןיבינו/הם,loro - futuro di capire,,0,100,solid_base_candidate,citizen_cafe_source_lineage|verified_tabular,clean_structural_candidate,src_9fc133ca175640ac
cclex_0447d1053306e842,Lime,7,אתןקר את ן,voi (f.) - passato di leggere,,0,100,solid_base_candidate,citizen_cafe_source_lineage|verified_tabular,clean_structural_candidate,src_c16a1753b648d071
cclex_49d8e30632193dc0,Lime,7,אתמשנה,tu (f.) - presente di cambiare,,0,100,solid_base_candidate,citizen_cafe_source_lineage|verified_tabular,clean_structural_candidate,src_4125e343e4e4d306
cclex_ce09514fd56a7ecc,Lime,7,הואיכיר,lui - futuro di conoscere,,0,100,solid_base_candidate,citizen_cafe_source_lineage|verified_tabular,clean_structural_candidate,src_848f7fe53f5b6554
cclex_cfee9221f49ddf9c,Lime,7,אני זור ם,io (m.) - presente di fluire,,0,100,solid_base_candidate,citizen_cafe_source_lineage|verified_tabular,clean_structural_candidate,src_c2dc9e938799a5c5
cclex_4e47f06e7e7a6409,Lime,7,אתםחזרת ם,voi (m.) - passato di ripetere / tornare,,0,100,solid_base_candidate,citizen_cafe_source_lineage|verified_tabular,clean_structural_candidate,src_06ebd9370ec0780b
cclex_7951f487241567fd,Lime,7,הןנשארו/הם,loro - passato di rimanere / restare,,0,100,solid_base_candidate,citizen_cafe_source_lineage|verified_tabular,clean_structural_candidate,src_0efd6393f084a28b
cclex_734345b48e964ef0,Lime,7,לר אות,vedere (infinito),,0,100,solid_base_candidate,citizen_cafe_source_lineage|verified_tabular,clean_structural_candidate,src_ff92e4d1cc596892
cclex_2657a5644696a143,Lime,7,אנייכול,io (m.) - presente di potere,,0,100,solid_base_candidate,citizen_cafe_source_lineage|verified_tabular,clean_structural_candidate,src_befc45793ed447e3
cclex_bb6094ecb6e71bbe,Lime,7,אתהעבדת,tu (m.) - passato di lavorare,,0,100,solid_base_candidate,citizen_cafe_source_lineage|verified_tabular,clean_structural_candidate,src_7842d05bad25ea23
cclex_5721bd784aac6b5d,Lime,7,הואדאג,lui - passato di preoccuparsi,,0,100,solid_base_candidate,citizen_cafe_source_lineage|verified_tabular,clean_structural_candidate,src_35b96f043a421e3f
cclex_d37d7e0329e6d15e,Lime,7,אתןהשתמשת ן,voi (f.) - passato di usare,,0,100,solid_base_candidate,citizen_cafe_source_lineage|verified_tabular,clean_structural_candidate,src_7e4b1a22a6b63651
cclex_321e90de92956c51,Lime,7,אתהעשית,tu (m.) - passato di fare,,0,100,solid_base_candidate,citizen_cafe_source_lineage|verified_tabular,clean_structural_candidate,src_01db09f332b59419
cclex_c7a812b8dc504b98,Lime,7,אנימצלמ,io (m.) - presente di fotografare,,0,100,solid_base_candidate,citizen_cafe_source_lineage|verified_tabular,clean_structural_candidate,src_6a71dc7d626a0b5e
cclex_413367f682eff8ba,Lime,7,אנחנונעד יף,noi - futuro di preferire,,0,100,solid_base_candidate,citizen_cafe_source_lineage|verified_tabular,clean_structural_candidate,src_e297a5996b7bae80
cclex_48e58d7cf8e623cf,Lime,7,אתהתבין,tu (m.) - futuro di capire,,0,100,solid_base_candidate,citizen_cafe_source_lineage|verified_tabular,clean_structural_candidate,src_94960aa6d64236a5
cclex_487f482fdf71e0b2,Lime,7,אתןתחזר י/אתם,voi - futuro di ripetere / tornare,,0,100,solid_base_candidate,citizen_cafe_source_lineage|verified_tabular,clean_structural_candidate,src_9109c2de324cdb0a
cclex_70fa63c3d33f0cf2,Lime,7,אנחנו הולכות,noi (f.) - presente di andare,,2,100,solid_base_candidate,citizen_cafe_source_lineage|streetwise_context_match|verified_tabular,clean_structural_candidate,src_ad0a57e6590e4ad6
cclex_1dfd39d158ef8e87,Lime,7,היאתשת ה,lei - futuro di bere,,0,100,solid_base_candidate,citizen_cafe_source_lineage|verified_tabular,clean_structural_candidate,src_9fa0c4dc9b6f4f12
cclex_c6cd2c775863b5e7,Lime,7,הןיתרגשו/הם,loro - futuro di essere emozionato,,0,100,solid_base_candidate,citizen_cafe_source_lineage|verified_tabular,clean_structural_candidate,src_11154df08a86d0f0
cclex_331d506f7b771101,Lime,7,הם הולכים,loro (m.) - presente di andare,,0,100,solid_base_candidate,citizen_cafe_source_lineage|verified_tabular,clean_structural_candidate,src_43e199426209aed6
cclex_36f9cdda1f48977c,Lime,7,אניאד ע,io - futuro di sapere / conoscere,,0,100,solid_base_candidate,citizen_cafe_source_lineage|verified_tabular,clean_structural_candidate,src_10724a298c537e63
cclex_efe0a5bd9aa0c14d,Lime,7,אתןצילמת ן,voi (f.) - passato di fotografare,,0,100,solid_base_candidate,citizen_cafe_source_lineage|verified_tabular,clean_structural_candidate,src_0b8770a4c676c945
cclex_4e457118ef3b1a5e,Lime,7,אנחנושינינו,noi - passato di cambiare,,0,100,solid_base_candidate,citizen_cafe_source_lineage|verified_tabular,clean_structural_candidate,src_d2f0af0847d9af6c
cclex_159db48e2eb851fd,Lime,7,היא רוצה,lei - presente di volere,,0,100,solid_base_candidate,citizen_cafe_source_lineage|verified_tabular,clean_structural_candidate,src_cf8b1140062a4401
cclex_a1eae5898e708a6c,Lime,7,הואיד ע,lui - futuro di sapere / conoscere,,0,100,solid_base_candidate,citizen_cafe_source_lineage|verified_tabular,clean_structural_candidate,src_9757ab5d4dc8c8bb
cclex_4af1d3ad1f8d6e64,Lime,7,הםיכולים,loro (m.) - presente di potere,,0,100,solid_base_candidate,citizen_cafe_source_lineage|verified_tabular,clean_structural_candidate,src_7133569413ac870c
cclex_bf60dd2bec0d7a62,Lime,7,היאקנת ה,lei - passato di comprare,,0,100,solid_base_candidate,citizen_cafe_source_lineage|verified_tabular,clean_structural_candidate,src_bfb81d9687861a83
cclex_4c9cd24c5f905290,Lime,7,אניאקשיב,io - futuro di ascoltare / fare attenzione,,0,100,solid_base_candidate,citizen_cafe_source_lineage|verified_tabular,clean_structural_candidate,src_4bc8fa779a042f6b
cclex_b402655b55c440b9,Lime,7,אנחנו יורד ים,noi (m.) - presente di scendere,,0,100,solid_base_candidate,citizen_cafe_source_lineage|verified_tabular,clean_structural_candidate,src_1565d55e78165774
cclex_53941337c1cf5d8e,Lime,7,אתתתרגשי,tu (f.) - futuro di essere emozionato,,0,100,solid_base_candidate,citizen_cafe_source_lineage|verified_tabular,clean_structural_candidate,src_8ea35c8fb7d3f9fd
cclex_975e15674921e3b0,Lime,7,הואיחזור,lui - futuro di ripetere / tornare,,0,100,solid_base_candidate,citizen_cafe_source_lineage|verified_tabular,clean_structural_candidate,src_ea3bd241696b2a94
cclex_4917a743d7146c22,Lime,7,הואזר ם,lui - passato di fluire,,0,100,solid_base_candidate,citizen_cafe_source_lineage|verified_tabular,clean_structural_candidate,src_d34daae583e20d64
cclex_8fe0f0e83bc926f6,Lime,7,אתןמפסיקות,voi (f.) - presente di fermarsi / smettere,,0,100,solid_base_candidate,citizen_cafe_source_lineage|verified_tabular,clean_structural_candidate,src_0bf2f782a6f84195
cclex_e91a8158f442faee,Lime,7,אנחנות יקנו,noi - passato di riparare / sistemare,,0,100,solid_base_candidate,citizen_cafe_source_lineage|verified_tabular,clean_structural_candidate,src_e89c710dce88cf2b
cclex_bd4500a15b69102b,Lime,7,אתמחפשת,tu (f.) - presente di cercare,,0,100,solid_base_candidate,citizen_cafe_source_lineage|verified_tabular,clean_structural_candidate,src_662ada9cb3b7e185
cclex_0fad049dc6fe053e,Lime,7,אניאכבה,io - futuro di spegnere,,0,100,solid_base_candidate,citizen_cafe_source_lineage|verified_tabular,clean_structural_candidate,src_5269035224787fb5
cclex_cab8c7efcc7cbb8f,Lime,7,אנחנו רואות,noi (f.) - presente di vedere,,0,100,solid_base_candidate,citizen_cafe_source_lineage|verified_tabular,clean_structural_candidate,src_85e0e8ca024f4963
cclex_4672747131cdbbb6,Lime,7,אתןבישלת ן,voi (f.) - passato di giocare / suonare,,0,100,solid_base_candidate,citizen_cafe_source_lineage|verified_tabular,clean_structural_candidate,src_abdbe502f8143a81
cclex_1683f9b44de500fd,Lime,7,אתהזכרת,tu (m.) - passato di ricordare,,0,100,solid_base_candidate,citizen_cafe_source_lineage|verified_tabular,clean_structural_candidate,src_09d725c2c7a760af
cclex_f4046186590e22c0,Lime,7,אתןזזות,voi (f.) - presente di muoversi,,0,100,solid_base_candidate,citizen_cafe_source_lineage|verified_tabular,clean_structural_candidate,src_a902b175e1ac05d6
cclex_4fd02ad8eee3ffeb,Lime,7,אתןת יזהרו/אתם,voi - futuro di stare attento,,0,100,solid_base_candidate,citizen_cafe_source_lineage|verified_tabular,clean_structural_candidate,src_ad902c38f53a70de
cclex_379a3285067f3105,Lime,7,אתהסתכלת,tu (f.) - passato di guardare,,0,100,solid_base_candidate,citizen_cafe_source_lineage|verified_tabular,clean_structural_candidate,src_3cb8d6e9a29eef5f
cclex_e622b2f25799bf0a,Lime,7,אנחנונזכר ים,noi (m.) - presente di ricordarsi finalmente,,0,100,solid_base_candidate,citizen_cafe_source_lineage|verified_tabular,clean_structural_candidate,src_b5f86fb26e1c8ebb
cclex_0186c2367a49c8a9,Lime,7,אתן קונות,voi (f.) - presente di comprare,,0,100,solid_base_candidate,citizen_cafe_source_lineage|verified_tabular,clean_structural_candidate,src_ba6bcaf71de59ae5
cclex_1f46db897a67ebcf,Lime,7,הואהצליח,lui - passato di riuscire,,0,100,solid_base_candidate,citizen_cafe_source_lineage|verified_tabular,clean_structural_candidate,src_35f91592a33c9243
cclex_c7dcf7e3879f00b4,Lime,7,אנחנועמד נו,noi - passato di stare in piedi,,0,100,solid_base_candidate,citizen_cafe_source_lineage|verified_tabular,clean_structural_candidate,src_b5030843a10202c1
cclex_0ca0fd3a15edabe6,Lime,7,אניאזמין,io - futuro di ordinare / invitare,,0,100,solid_base_candidate,citizen_cafe_source_lineage|verified_tabular,clean_structural_candidate,src_8a3c504d80efe82d
cclex_681ed0ba1ebeba3c,Lime,7,אנישינית י,io - passato di cambiare,,0,100,solid_base_candidate,citizen_cafe_source_lineage|verified_tabular,clean_structural_candidate,src_ba97362c3d6949a4
cclex_57fe467001465094,Lime,7,את אוהבת,tu (f.) - presente di amare,,0,100,solid_base_candidate,citizen_cafe_source_lineage|verified_tabular,clean_structural_candidate,src_199d33ff55581ffe
cclex_571fbb1c5cb874fa,Lime,7,אתהתצלם,tu (m.) - futuro di fotografare,,0,100,solid_base_candidate,citizen_cafe_source_lineage|verified_tabular,clean_structural_candidate,src_1fd6f3a004836fad
cclex_12a31b81a2b1f773,Lime,7,אנחנומחלית ים,noi (m.) - presente di decidere,,0,100,solid_base_candidate,citizen_cafe_source_lineage|verified_tabular,clean_structural_candidate,src_311f1de25432375b
cclex_9a76f1ad178c53c4,Lime,7,אתידעת,tu (f.) - passato di sapere / conoscere,,0,100,solid_base_candidate,citizen_cafe_source_lineage|verified_tabular,clean_structural_candidate,src_eb410b0d33ae8555
cclex_5b374c6bbb953ff9,Lime,7,אתצדקת,tu (f.) - passato di avere ragione,,0,100,solid_base_candidate,citizen_cafe_source_lineage|verified_tabular,clean_structural_candidate,src_7a3b84a68d44504f
cclex_df7a4c2b923e78ae,Lime,7,אתהתר ד,tu (m.) - futuro di scendere,,0,100,solid_base_candidate,citizen_cafe_source_lineage|verified_tabular,clean_structural_candidate,src_61b9d2d9e6abf825
cclex_05827d7c8ab6896b,Lime,7,הואאהב,lui - passato di amare,,0,100,solid_base_candidate,citizen_cafe_source_lineage|verified_tabular,clean_structural_candidate,src_882cf208462fa819
cclex_b436863043491e7a,Lime,7,אנחנוזזות,noi (f.) - presente di muoversi,,0,100,solid_base_candidate,citizen_cafe_source_lineage|verified_tabular,clean_structural_candidate,src_36faff8a37858e1e
cclex_8c12c768b4b2cd9c,Lime,7,הןמדברות,loro (f.) - presente di parlare,,0,100,solid_base_candidate,citizen_cafe_source_lineage|verified_tabular,clean_structural_candidate,src_998bcbbac7d0c60f
cclex_317fce3868ff7a43,Lime,7,אתןצדקת ן,voi (f.) - passato di avere ragione,,0,100,solid_base_candidate,citizen_cafe_source_lineage|verified_tabular,clean_structural_candidate,src_abaed59f10b0d2a6
cclex_58b2087e83744b6f,Lime,7,אתםראית ם,voi (m.) - passato di vedere,,0,100,solid_base_candidate,citizen_cafe_source_lineage|verified_tabular,clean_structural_candidate,src_e5734678fae1efff
cclex_d0f6d7381e8cdc3b,Lime,7,אנחנונת נו,noi - passato di dare,,0,100,solid_base_candidate,citizen_cafe_source_lineage|verified_tabular,clean_structural_candidate,src_d0a536d987c7d7f4
cclex_f351980109e7a6a9,Lime,7,אתהת יזכר,tu (m.) - futuro di ricordarsi finalmente,,0,100,solid_base_candidate,citizen_cafe_source_lineage|verified_tabular,clean_structural_candidate,src_aac9047ff6a26bbf
cclex_8468f05bbef672ef,Lime,7,הןביטלו/הם,loro - passato di annullare,,0,100,solid_base_candidate,citizen_cafe_source_lineage|verified_tabular,clean_structural_candidate,src_bddc5cbb7e2a1cba
cclex_e018c0c453ba300c,Lime,7,אנחנומסתכלות,noi (f.) - presente di guardare,,0,100,solid_base_candidate,citizen_cafe_source_lineage|verified_tabular,clean_structural_candidate,src_d91f8b6b40f7cf98
cclex_3dceeebb77b6b6fe,Lime,7,אתםסמכת ם,voi (m.) - passato di fidarsi,,0,100,solid_base_candidate,citizen_cafe_source_lineage|verified_tabular,clean_structural_candidate,src_463014312a1de6dc
cclex_dbfbc8676c3671c4,Lime,7,אתשת ית,tu (f.) - passato di bere,,0,100,solid_base_candidate,citizen_cafe_source_lineage|verified_tabular,clean_structural_candidate,src_6272a4aef5fc81fc
cclex_2c35afe4b68fab3f,Lime,7,אתבישלת,tu (f.) - passato di giocare / suonare,,0,100,solid_base_candidate,citizen_cafe_source_lineage|verified_tabular,clean_structural_candidate,src_248e0e627d0d053b
cclex_b057da4102642cd1,Lime,7,הןיסמכו/הם,loro - futuro di fidarsi,,0,100,solid_base_candidate,citizen_cafe_source_lineage|verified_tabular,clean_structural_candidate,src_5d6f8ee7df315277
cclex_e3ff30c127a9cedf,Lime,7,אתקמה,tu (f.) - presente di alzarsi,,0,100,solid_base_candidate,citizen_cafe_source_lineage|verified_tabular,clean_structural_candidate,src_faf5c9822726f5e5
cclex_e245b30b139a5d21,Lime,7,אתה סומך,tu (m.) - presente di fidarsi,,0,100,solid_base_candidate,citizen_cafe_source_lineage|verified_tabular,clean_structural_candidate,src_860e29c19ebdeef4
cclex_0e467ea54b0bdeb4,Lime,7,הואיגזים,lui - futuro di esagerare,,0,100,solid_base_candidate,citizen_cafe_source_lineage|verified_tabular,clean_structural_candidate,src_28023659c1d56676
cclex_4fcf83d7aac8ea32,Lime,7,אתםחיפשת ם,voi (m.) - passato di cercare,,0,100,solid_base_candidate,citizen_cafe_source_lineage|verified_tabular,clean_structural_candidate,src_fa817395d12fded8
cclex_1c7a8122009874fd,Lime,7,אנחנומחכים,noi (m.) - presente di aspettare,,0,100,solid_base_candidate,citizen_cafe_source_lineage|verified_tabular,clean_structural_candidate,src_bfc47324cae2ba53
cclex_f572002ba460b94c,Lime,7,אנחנובאות,noi (f.) - presente di venire,,0,100,solid_base_candidate,citizen_cafe_source_lineage|verified_tabular,clean_structural_candidate,src_ca275bb808616fd7
cclex_2d85d76784d1421d,Lime,7,אתמבטלת,tu (f.) - presente di annullare,,0,100,solid_base_candidate,citizen_cafe_source_lineage|verified_tabular,clean_structural_candidate,src_f731aa33ee695993
cclex_9deccf9806fda80b,Lime,7,אתן בוד קות,voi (f.) - presente di controllare,,0,100,solid_base_candidate,citizen_cafe_source_lineage|verified_tabular,clean_structural_candidate,src_7cfdcb38ea93cc76
cclex_31b44eb28d90d1b5,Lime,7,אתעמדת,tu (f.) - passato di stare in piedi,,0,100,solid_base_candidate,citizen_cafe_source_lineage|verified_tabular,clean_structural_candidate,src_cecbf7c9591fd0e4
cclex_61ca8424f2d267be,Lime,7,אתת יקנת,tu (f.) - passato di riparare / sistemare,,0,100,solid_base_candidate,citizen_cafe_source_lineage|verified_tabular,clean_structural_candidate,src_4a9f6990f43f3304
cclex_259304520ce8cef6,Lime,7,אתה אוכל,tu (m.) - presente di mangiare,,0,100,solid_base_candidate,citizen_cafe_source_lineage|verified_tabular,clean_structural_candidate,src_4378d5474b7c54fe
cclex_f716dfc1af7874e0,Lime,7,אתהת טוס,tu (m.) - futuro di volare,,0,100,solid_base_candidate,citizen_cafe_source_lineage|verified_tabular,clean_structural_candidate,src_e6909e476ca603e5
cclex_d8825718019d48a1,Lime,7,לעשות,fare (infinito),,0,100,solid_base_candidate,citizen_cafe_source_lineage|verified_tabular,clean_structural_candidate,src_bee4b36baf4c6b32
cclex_887b0135022de6b2,Lime,7,אנחנונפגשות,noi (f.) - presente di incontrarsi con,,0,100,solid_base_candidate,citizen_cafe_source_lineage|verified_tabular,clean_structural_candidate,src_13a4676feab678b2
cclex_00b6f72cf3db544a,Lime,7,היאבאה,lei - presente di venire,,0,100,solid_base_candidate,citizen_cafe_source_lineage|verified_tabular,clean_structural_candidate,src_62774489ad072238
cclex_0aed97431da8a133,Lime,7,אתתראי,tu (f.) - futuro di vedere,,0,100,solid_base_candidate,citizen_cafe_source_lineage|verified_tabular,clean_structural_candidate,src_1da1f6475bface83
cclex_ca78171aac9bfbd0,Lime,7,אתהמכין,tu (m.) - presente di preparare,,0,100,solid_base_candidate,citizen_cafe_source_lineage|verified_tabular,clean_structural_candidate,src_1eec3c5295b99f58
cclex_f28801a060bcc039,Lime,7,אנינזכר,io (m.) - presente di ricordarsi finalmente,,0,100,solid_base_candidate,citizen_cafe_source_lineage|verified_tabular,clean_structural_candidate,src_d2fb4febb44d1e0f
cclex_a24e1f9bb183c3c3,Lime,7,הןיאמנו/הם,loro - futuro di allenarsi,,0,100,solid_base_candidate,citizen_cafe_source_lineage|verified_tabular,clean_structural_candidate,src_33f15ed7c9559fdb
cclex_217279a5ef100979,Lime,7,אני יושבת,io (f.) - presente di sedersi,,0,100,solid_base_candidate,citizen_cafe_source_lineage|verified_tabular,clean_structural_candidate,src_0a90c5a7bb810445
cclex_a306ad6d0a35a2c6,Lime,7,אתהנזכרת,tu (m.) - passato di ricordarsi finalmente,,0,100,solid_base_candidate,citizen_cafe_source_lineage|verified_tabular,clean_structural_candidate,src_84232b42c9bf43de
cclex_fd11647022ded461,Lime,7,הוא יהיה,lui - futuro di essere,,0,100,solid_base_candidate,citizen_cafe_source_lineage|verified_tabular,clean_structural_candidate,src_45802381af3ec949
cclex_e8889a0711eb1847,Lime,7,אניאשב,io - futuro di sedersi,,0,100,solid_base_candidate,citizen_cafe_source_lineage|verified_tabular,clean_structural_candidate,src_6e934791feec6acf
cclex_632a6eff9e624af4,Lime,7,אתםהזמנת ם,voi (m.) - passato di ordinare / invitare,,0,100,solid_base_candidate,citizen_cafe_source_lineage|verified_tabular,clean_structural_candidate,src_24fea0dfceeda921
cclex_dcb84e6af5c9b9d3,Lime,7,אתקיווית,tu (f.) - passato di sperare,,0,100,solid_base_candidate,citizen_cafe_source_lineage|verified_tabular,clean_structural_candidate,src_6d8a388e2ec9dc45
cclex_8b65f2726be3c169,Lime,7,אתישבת,tu (f.) - passato di sedersi,,0,100,solid_base_candidate,citizen_cafe_source_lineage|verified_tabular,clean_structural_candidate,src_37600dfceb0a7e2f
cclex_4a82be1c590cad72,Lime,7,היאנשאר ה,lei - passato di rimanere / restare,,0,100,solid_base_candidate,citizen_cafe_source_lineage|verified_tabular,clean_structural_candidate,src_968ba8ef55b79cc6
cclex_2a100fa662f76e6e,Lime,7,אניאכיר,io - futuro di conoscere,,0,100,solid_base_candidate,citizen_cafe_source_lineage|verified_tabular,clean_structural_candidate,src_d4125dc8e98fdaad
cclex_1a8f5e06049f2197,Lime,7,אנחנוקיוונו,noi - passato di sperare,,0,100,solid_base_candidate,citizen_cafe_source_lineage|verified_tabular,clean_structural_candidate,src_bac3d621b5b9d51d
cclex_5597254ea59267ba,Lime,7,אתהתתגעגע,tu (m.) - futuro di perdere / mancare,,0,100,solid_base_candidate,citizen_cafe_source_lineage|verified_tabular,clean_structural_candidate,src_2065d771809d0139
cclex_72f8f9e54eb39b6b,Lime,7,אנחנועדכנו,noi - passato di aggiornare,,0,100,solid_base_candidate,citizen_cafe_source_lineage|verified_tabular,clean_structural_candidate,src_63ab4ad647859ffb
cclex_07e92e152b5af197,Lime,7,היאסמכה,lei - passato di fidarsi,,0,100,solid_base_candidate,citizen_cafe_source_lineage|verified_tabular,clean_structural_candidate,src_ba2216dcdf17a3d6
cclex_80c56ddd95927d0a,Lime,7,הןמעד יפות,loro (f.) - presente di preferire,,0,100,solid_base_candidate,citizen_cafe_source_lineage|verified_tabular,clean_structural_candidate,src_8966821a744d85d2
cclex_5fbde6cabc48eb05,Lime,7,היאשכחה,lei - passato di dimenticare,,0,100,solid_base_candidate,citizen_cafe_source_lineage|verified_tabular,clean_structural_candidate,src_511281aa92468808
cclex_63d0f45795f6ccc9,Lime,7,אתםבישלת ם,voi (m.) - passato di giocare / suonare,,0,100,solid_base_candidate,citizen_cafe_source_lineage|verified_tabular,clean_structural_candidate,src_04c174a49b07aea3
cclex_5b15e6386bb982ca,Lime,7,הואישב,lui - futuro di sedersi,,0,100,solid_base_candidate,citizen_cafe_source_lineage|verified_tabular,clean_structural_candidate,src_416586afe3ed1ba9
cclex_04a2c90679ec182f,Lime,7,אתמטיילת,tu (f.) - presente di viaggiare,,0,100,solid_base_candidate,citizen_cafe_source_lineage|verified_tabular,clean_structural_candidate,src_f7db5091da688498
cclex_976dede226adc0e0,Lime,7,אניזזת י,io - passato di muoversi,,0,100,solid_base_candidate,citizen_cafe_source_lineage|verified_tabular,clean_structural_candidate,src_1ea99aaeeb9737f9
cclex_528c67f319d5b58d,Lime,7,אתןתכינו/אתם,voi - futuro di preparare,,0,100,solid_base_candidate,citizen_cafe_source_lineage|verified_tabular,clean_structural_candidate,src_c52582a1fb431c65
cclex_de79a388c5e315ea,Lime,7,היאמתרגשת,lei - passato di essere emozionato,,0,100,solid_base_candidate,citizen_cafe_source_lineage|verified_tabular,clean_structural_candidate,src_af03b13190390dda
cclex_cd6e7597757fff78,Lime,7,אנחנו שותות,noi (f.) - presente di bere,,0,100,solid_base_candidate,citizen_cafe_source_lineage|verified_tabular,clean_structural_candidate,src_df5605162866cfe7
cclex_e5d78225d989086a,Lime,7,אתת טוסי,tu (f.) - futuro di volare,,0,100,solid_base_candidate,citizen_cafe_source_lineage|verified_tabular,clean_structural_candidate,src_c66c7c5a8e84ba4c
cclex_b73c9a6f15989e07,Lime,7,היאתגזים,lei - futuro di esagerare,,0,100,solid_base_candidate,citizen_cafe_source_lineage|verified_tabular,clean_structural_candidate,src_18951d8d9a8788c4
cclex_0676e367939c29b1,Lime,7,הם שוכחים,loro (m.) - presente di dimenticare,,0,100,solid_base_candidate,citizen_cafe_source_lineage|verified_tabular,clean_structural_candidate,src_f6bf2e5b237367bb
cclex_94ee0e45d0e28e4b,Lime,7,אתמקבלת,tu (f.) - presente di ricevere,,0,100,solid_base_candidate,citizen_cafe_source_lineage|verified_tabular,clean_structural_candidate,src_1b74fbe900c30c9c
cclex_892cdc0ecd9c6dc4,Lime,7,אני עושה,io (m.) - presente di fare,,6,100,solid_base_candidate,citizen_cafe_source_lineage|streetwise_context_match|verified_tabular,clean_structural_candidate,src_4d17c6a937f19d7d
cclex_539fc5cc1fc800fe,Lime,7,היאדאגה,lei - passato di preoccuparsi,,0,100,solid_base_candidate,citizen_cafe_source_lineage|verified_tabular,clean_structural_candidate,src_03b29b0dd54e0b7e
cclex_be20a29e5d70bfae,Lime,7,אתהכיבית,tu (m.) - passato di spegnere,,0,100,solid_base_candidate,citizen_cafe_source_lineage|verified_tabular,clean_structural_candidate,src_ce2b0afa10a0ae94
cclex_856fef1abab739f1,Lime,7,אתןנזכרות,voi (f.) - presente di ricordarsi finalmente,,0,100,solid_base_candidate,citizen_cafe_source_lineage|verified_tabular,clean_structural_candidate,src_0a7b7d1b90e3b158
cclex_d0cae3f3c74b89ef,Lime,7,הואחיפש,lui - passato di cercare,,0,100,solid_base_candidate,citizen_cafe_source_lineage|verified_tabular,clean_structural_candidate,src_bc44bb50c5d50374
cclex_b3ad3ef8501051fb,Lime,7,אנחנו רוצות,noi (f.) - presente di volere,,0,100,solid_base_candidate,citizen_cafe_source_lineage|verified_tabular,clean_structural_candidate,src_9d366e8e813f7804
cclex_2b9720ef5ba70291,Lime,7,הןקבלו/הם,loro - passato di ricevere,,0,100,solid_base_candidate,citizen_cafe_source_lineage|verified_tabular,clean_structural_candidate,src_c51f6512007e858d
cclex_89a54f61278939ca,Lime,7,אתןתאשרו/אתם,voi - futuro di confermare,,0,100,solid_base_candidate,citizen_cafe_source_lineage|verified_tabular,clean_structural_candidate,src_a5b7d3c6f06ffd14
cclex_5bfe3e59b6e780c8,Lime,7,אנחנונצלם,noi - futuro di fotografare,,0,100,solid_base_candidate,citizen_cafe_source_lineage|verified_tabular,clean_structural_candidate,src_69ab05b1a6408cc4
cclex_692addfb22ac01d1,Lime,7,אנחנונסתכל,noi - futuro di guardare,,0,100,solid_base_candidate,citizen_cafe_source_lineage|verified_tabular,clean_structural_candidate,src_3db0bde50ee8e56b
cclex_b5d29e6ce200c159,Lime,7,הואקיווה,lui - passato di sperare,,0,100,solid_base_candidate,citizen_cafe_source_lineage|verified_tabular,clean_structural_candidate,src_0dfba85af1464079
cclex_acf980a8ad3a47f7,Lime,7,אתןהגזמת ן,voi (f.) - passato di esagerare,,0,100,solid_base_candidate,citizen_cafe_source_lineage|verified_tabular,clean_structural_candidate,src_848ea7014dae18bf
cclex_3e9bc0f83602e6da,Lime,7,אנימאמנת,io (f.) - presente di allenarsi,,0,100,solid_base_candidate,citizen_cafe_source_lineage|verified_tabular,clean_structural_candidate,src_bc6a40364f4190e9
cclex_fd10ec6695fd30a6,Lime,7,הםקמים,loro (m.) - presente di alzarsi,,0,100,solid_base_candidate,citizen_cafe_source_lineage|verified_tabular,clean_structural_candidate,src_6de0b86e4e4b76e9
cclex_9f01dbd32f57e2a4,Lime,7,הןמבטלות,loro (f.) - presente di annullare,,0,100,solid_base_candidate,citizen_cafe_source_lineage|verified_tabular,clean_structural_candidate,src_4126dd105e694ff7
cclex_05733ab330d69c31,Lime,7,הןמאשרות,loro (f.) - presente di confermare,,0,100,solid_base_candidate,citizen_cafe_source_lineage|verified_tabular,clean_structural_candidate,src_d7aa26bf1a1b332c
cclex_452fb2ea3b6533c7,Lime,7,אתןמקבלות,voi (f.) - presente di ricevere,,0,100,solid_base_candidate,citizen_cafe_source_lineage|verified_tabular,clean_structural_candidate,src_b07a8363c317fd46
cclex_4e64dace5e0a9fa7,Lime,7,היאעמד ה,lei - passato di stare in piedi,,0,100,solid_base_candidate,citizen_cafe_source_lineage|verified_tabular,clean_structural_candidate,src_a7a4791447a636b8
cclex_1ec11a33f092d367,Lime,7,הםמסתכלים,loro (m.) - presente di guardare,,0,100,solid_base_candidate,citizen_cafe_source_lineage|verified_tabular,clean_structural_candidate,src_c26d176746394c45
cclex_df85e00b7e85b4bb,Lime,7,אתםפינית ם,voi (m.) - passato di liberare / sgomberare,,0,100,solid_base_candidate,citizen_cafe_source_lineage|verified_tabular,clean_structural_candidate,src_940e2a748f8f849e
cclex_3944636b8f51fb99,Lime,7,אנחנו עושות,noi (f.) - presente di fare,,0,100,solid_base_candidate,citizen_cafe_source_lineage|verified_tabular,clean_structural_candidate,src_c9e7d49f03e21e99
cclex_77e489bf9943d150,Lime,7,אנחנומקליטים,noi (m.) - presente di registrare,,0,100,solid_base_candidate,citizen_cafe_source_lineage|verified_tabular,clean_structural_candidate,src_da7b5dfbe1b49af6
cclex_4877f43537e033eb,Lime,7,הואעלה,lui - passato di salire / costare,,0,100,solid_base_candidate,citizen_cafe_source_lineage|verified_tabular,clean_structural_candidate,src_8cea356ceb0b8047
cclex_7aadb36c3ca90d26,Lime,7,אתהזז,tu (m.) - presente di muoversi,,0,100,solid_base_candidate,citizen_cafe_source_lineage|verified_tabular,clean_structural_candidate,src_1998395674ba6c39
cclex_0b46077172f18e74,Lime,7,היאתשנה,lei - futuro di cambiare,,0,100,solid_base_candidate,citizen_cafe_source_lineage|verified_tabular,clean_structural_candidate,src_ec4c3506540a596d
cclex_3ed7933857e0f03a,Lime,7,אתת ישאר י,tu (f.) - futuro di rimanere / restare,,0,100,solid_base_candidate,citizen_cafe_source_lineage|verified_tabular,clean_structural_candidate,src_0a58d059d39fdd7e
cclex_d3bfde505f4eeb04,Lime,7,אתהקלטת,tu (f.) - passato di registrare,,0,100,solid_base_candidate,citizen_cafe_source_lineage|verified_tabular,clean_structural_candidate,src_ab2889eb166174f6
cclex_5ea05ff946c859d0,Lime,7,אתתפסיקי,tu (f.) - futuro di fermarsi / smettere,,0,100,solid_base_candidate,citizen_cafe_source_lineage|verified_tabular,clean_structural_candidate,src_d0f72f46263abbff
cclex_75af125954819a2c,Lime,7,הןהזמינו/הם,loro - passato di ordinare / invitare,,0,100,solid_base_candidate,citizen_cafe_source_lineage|verified_tabular,clean_structural_candidate,src_2ad79cf97098af1d
cclex_a845c0aa0b21ecdd,Lime,7,הואיחשוב,lui - futuro di pensare,,0,100,solid_base_candidate,citizen_cafe_source_lineage|verified_tabular,clean_structural_candidate,src_1eb88dcacf38976e
cclex_db09516c5c9f5d18,Lime,7,אתהתאהב,tu (m.) - futuro di amare,,0,100,solid_base_candidate,citizen_cafe_source_lineage|verified_tabular,clean_structural_candidate,src_c656703d57c35a8d
cclex_e1a54d75cc37f856,Lime,7,אנחנונעשה,noi - futuro di fare,,0,100,solid_base_candidate,citizen_cafe_source_lineage|verified_tabular,clean_structural_candidate,src_f8422a681d79142e
cclex_b55fbdc44b842634,Lime,7,אתםמתגעגעים,voi (m.) - presente di perdere / mancare,,0,100,solid_base_candidate,citizen_cafe_source_lineage|verified_tabular,clean_structural_candidate,src_5b806abab0353eca
cclex_f32e159f71d752c7,Lime,7,אתןהתגעגעת ן,voi (f.) - passato di perdere / mancare,,0,100,solid_base_candidate,citizen_cafe_source_lineage|verified_tabular,clean_structural_candidate,src_46dc1a4a8816166d
cclex_6b636abc68e26ef1,Lime,7,הןהרגישו/הם,loro - passato di sentirsi,,0,100,solid_base_candidate,citizen_cafe_source_lineage|verified_tabular,clean_structural_candidate,src_71c838fd793e0d47
cclex_9a095655d7e88916,Lime,7,הם עולים,loro (m.) - presente di salire / costare,,0,100,solid_base_candidate,citizen_cafe_source_lineage|verified_tabular,clean_structural_candidate,src_31e2ad9d0aa30ee8
cclex_fff9d7bad9a9e678,Lime,7,הםמכבים,loro (m.) - presente di spegnere,,0,100,solid_base_candidate,citizen_cafe_source_lineage|verified_tabular,clean_structural_candidate,src_2a245a1baa444866
cclex_c5d3ac8913551200,Lime,7,אתהתצד ק,tu (m.) - futuro di avere ragione,,0,100,solid_base_candidate,citizen_cafe_source_lineage|verified_tabular,clean_structural_candidate,src_dee00f23f91b1227
cclex_220f8a9c7017dd64,Lime,7,אתתכיני,tu (f.) - futuro di preparare,,0,100,solid_base_candidate,citizen_cafe_source_lineage|verified_tabular,clean_structural_candidate,src_63889281f4b1eb3a
cclex_3ea4d1427e5f86e6,Lime,7,אתתביני,tu (f.) - futuro di capire,,0,100,solid_base_candidate,citizen_cafe_source_lineage|verified_tabular,clean_structural_candidate,src_c36d5a524f167afb
cclex_13395171af4a1ab8,Lime,7,היאת יזהר,lei - futuro di stare attento,,0,100,solid_base_candidate,citizen_cafe_source_lineage|verified_tabular,clean_structural_candidate,src_fb053364b7fa33c7
cclex_8637f0b9c571fad5,Lime,7,אתמסיימת,tu (f.) - presente di finire,,0,100,solid_base_candidate,citizen_cafe_source_lineage|verified_tabular,clean_structural_candidate,src_45c98ef1810781da
cclex_8926dfde2c68d617,Lime,7,הן עולות,loro (f.) - presente di salire / costare,,0,100,solid_base_candidate,citizen_cafe_source_lineage|verified_tabular,clean_structural_candidate,src_0fd6ee32d8f914c8
cclex_d229d93375ab55d2,Lime,7,אתםהכנת ם,voi (m.) - passato di preparare,,0,100,solid_base_candidate,citizen_cafe_source_lineage|verified_tabular,clean_structural_candidate,src_524fc6341b43521c
cclex_7948d22eef0023d9,Lime,7,אתןטסות,voi (f.) - presente di volare,,0,100,solid_base_candidate,citizen_cafe_source_lineage|verified_tabular,clean_structural_candidate,src_62f2486bcc6f4377
cclex_bfbe6efca8aab9c0,Lime,7,אניאשתמש,io - futuro di usare,,0,100,solid_base_candidate,citizen_cafe_source_lineage|verified_tabular,clean_structural_candidate,src_f19e89b525b84913
cclex_c3890aef95abfc7d,Lime,7,היאתחליט,lei - futuro di decidere,,0,100,solid_base_candidate,citizen_cafe_source_lineage|verified_tabular,clean_structural_candidate,src_c02440c61e186f85
cclex_97b79a9b84890e94,Lime,7,אתןתאמינו/אתם,voi - futuro di credere,,0,100,solid_base_candidate,citizen_cafe_source_lineage|verified_tabular,clean_structural_candidate,src_4f2166e69e1e5f39
cclex_1dfd849165be1444,Lime,7,אנחנושמנו,noi - passato di mettere,,0,100,solid_base_candidate,citizen_cafe_source_lineage|verified_tabular,clean_structural_candidate,src_b409af9e66d9faef
cclex_be129118cdef07af,Lime,7,אתן רואות,voi (f.) - presente di vedere,,0,100,solid_base_candidate,citizen_cafe_source_lineage|verified_tabular,clean_structural_candidate,src_0787ea2e42dac799
cclex_f367af6eba93622d,Lime,7,הואיעשה,lui - futuro di fare,,0,100,solid_base_candidate,citizen_cafe_source_lineage|verified_tabular,clean_structural_candidate,src_5f86b5356655ca96
cclex_b36833cdcd48ec8f,Lime,7,הואנת ן,lui - passato di dare,,0,100,solid_base_candidate,citizen_cafe_source_lineage|verified_tabular,clean_structural_candidate,src_d2a0f368b85668be
cclex_28d00b2a174da4d4,Lime,7,הןטסות,loro (f.) - presente di volare,,0,100,solid_base_candidate,citizen_cafe_source_lineage|verified_tabular,clean_structural_candidate,src_fbd6ad58f35cd0fa
cclex_1a3ce8ee4c19950b,Lime,7,הןיפגשו/הם,loro - futuro di incontrarsi con,,0,100,solid_base_candidate,citizen_cafe_source_lineage|verified_tabular,clean_structural_candidate,src_a494cd0e4c4216b8
cclex_0848987ff3464fbc,Lime,7,אנחנו קונות,noi (f.) - presente di comprare,,0,100,solid_base_candidate,citizen_cafe_source_lineage|verified_tabular,clean_structural_candidate,src_1789ba6708174f7c
cclex_8eeb85c548383fc3,Lime,7,אנחנומנסים,noi (m.) - presente di provare,,0,100,solid_base_candidate,citizen_cafe_source_lineage|verified_tabular,clean_structural_candidate,src_62bfaf7e01d37d84
cclex_62bddf2458a4ffa4,Lime,7,אניבאת י,io - passato di venire,,0,100,solid_base_candidate,citizen_cafe_source_lineage|verified_tabular,clean_structural_candidate,src_8076384f0858de13
cclex_c0c3ee8ba4bc437b,Lime,7,אנימזמינה,io (f.) - presente di ordinare / invitare,,0,100,solid_base_candidate,citizen_cafe_source_lineage|verified_tabular,clean_structural_candidate,src_699294e1a9d57e21
cclex_374d91a3816324ca,Lime,7,אנחנו סומכים,noi (m.) - presente di fidarsi,,0,100,solid_base_candidate,citizen_cafe_source_lineage|verified_tabular,clean_structural_candidate,src_23f45b1278f0d494
cclex_74bdbadf4581a911,Lime,7,אתמתחילה,tu (f.) - presente di iniziare,,0,100,solid_base_candidate,citizen_cafe_source_lineage|verified_tabular,clean_structural_candidate,src_8acf8461e1758150
cclex_d412cf94d51f6b53,Lime,7,לת ת,dare (infinito),,0,100,solid_base_candidate,citizen_cafe_source_lineage|verified_tabular,clean_structural_candidate,src_e98d78431efeb6f9
cclex_c1d8862916ad60e2,Lime,7,אתןתבטלו/אתם,voi - futuro di annullare,,0,100,solid_base_candidate,citizen_cafe_source_lineage|verified_tabular,clean_structural_candidate,src_7a50e026d8f1a50f
cclex_344a476ebf55b84f,Lime,7,אתהגזמת,tu (f.) - passato di esagerare,,0,100,solid_base_candidate,citizen_cafe_source_lineage|verified_tabular,clean_structural_candidate,src_bd67aecf21de44a4
cclex_2b9318b8185b10e6,Lime,7,אתהתחשוב,tu (m.) - futuro di pensare,,0,100,solid_base_candidate,citizen_cafe_source_lineage|verified_tabular,clean_structural_candidate,src_319bf59c688c7bf2
cclex_bba0ce30910c87c3,Lime,7,הןמקוות,loro (f.) - presente di sperare,,0,100,solid_base_candidate,citizen_cafe_source_lineage|verified_tabular,clean_structural_candidate,src_f6fedade08d13dfc
cclex_7bb8c2a3cbabd860,Lime,7,אתהראית,tu (m.) - passato di vedere,,0,100,solid_base_candidate,citizen_cafe_source_lineage|verified_tabular,clean_structural_candidate,src_ec69cb3a3894d5be
cclex_fde0d6d6f40b9d17,Lime,7,אנחנונצליח,noi - futuro di riuscire,,0,100,solid_base_candidate,citizen_cafe_source_lineage|verified_tabular,clean_structural_candidate,src_d3f283c59c508817
cclex_759534180abf7404,Lime,7,אניהשתמשת י,io - passato di usare,,0,100,solid_base_candidate,citizen_cafe_source_lineage|verified_tabular,clean_structural_candidate,src_511e98bb7d531666
cclex_a873df66b400f325,Lime,7,אנימכין,io (m.) - presente di preparare,,0,100,solid_base_candidate,citizen_cafe_source_lineage|verified_tabular,clean_structural_candidate,src_ceb75c60867c4105
cclex_30237fee6d1e7fb1,Lime,7,אתןסמכת ן,voi (f.) - passato di fidarsi,,0,100,solid_base_candidate,citizen_cafe_source_lineage|verified_tabular,clean_structural_candidate,src_b524f9cd3ed65c8b
cclex_b285fb130fefbda3,Lime,7,הואד יבר,lui - passato di parlare,,0,100,solid_base_candidate,citizen_cafe_source_lineage|verified_tabular,clean_structural_candidate,src_00cbec1c3cd4472f
cclex_8388476a0074a7eb,Lime,7,היאתאחר,lei - futuro di fare tardi,,0,100,solid_base_candidate,citizen_cafe_source_lineage|verified_tabular,clean_structural_candidate,src_76903e4cfec7ddd6
cclex_a41fe7fb6a605e51,Lime,7,לקחת,prendere (infinito),,0,100,solid_base_candidate,citizen_cafe_source_lineage|verified_tabular,clean_structural_candidate,src_9d568a6aa93abf27
cclex_2979235a96c76194,Lime,7,אנחנומטיילות,noi (f.) - presente di viaggiare,,0,100,solid_base_candidate,citizen_cafe_source_lineage|verified_tabular,clean_structural_candidate,src_a531cb43a730b9f2
cclex_de114ba1d1ee5c0f,Lime,7,אניבא,io (m.) - presente di venire,,0,100,solid_base_candidate,citizen_cafe_source_lineage|verified_tabular,clean_structural_candidate,src_c6a5e3decdda0bab
cclex_f81f34860eae02b8,Lime,7,הןיעלו/הם,loro - futuro di salire / costare,,0,100,solid_base_candidate,citizen_cafe_source_lineage|verified_tabular,clean_structural_candidate,src_d9bbedd23005f75b
cclex_89b6753c745bf756,Lime,7,אנחנובאנו,noi - passato di venire,,0,100,solid_base_candidate,citizen_cafe_source_lineage|verified_tabular,clean_structural_candidate,src_f95dd857a298a27d
cclex_85a19606c8ac9dff,Lime,7,אני נותנת,io (f.) - presente di dare,,0,100,solid_base_candidate,citizen_cafe_source_lineage|verified_tabular,clean_structural_candidate,src_499ca41603a26817
cclex_d88c5291c07383be,Lime,7,הןאהבו/הם,loro - passato di amare,,0,100,solid_base_candidate,citizen_cafe_source_lineage|verified_tabular,clean_structural_candidate,src_ec5b9047b46abb12
cclex_5e9d3566adbae573,Lime,7,אנחנו שות ים,noi (m.) - presente di bere,,0,100,solid_base_candidate,citizen_cafe_source_lineage|verified_tabular,clean_structural_candidate,src_7fa63c7f61d63411
cclex_e7085b910e29d06c,Lime,7,אנימבטלת,io (f.) - presente di annullare,,0,100,solid_base_candidate,citizen_cafe_source_lineage|verified_tabular,clean_structural_candidate,src_575b7fe9f3755c85
cclex_4a84020afdfd3577,Lime,7,הןישלחו/הם,loro - futuro di mandare,,0,100,solid_base_candidate,citizen_cafe_source_lineage|verified_tabular,clean_structural_candidate,src_fba9a4011070f1ba
cclex_7b08381945cfd42e,Lime,7,אתןשמות,voi (f.) - presente di mettere,,0,100,solid_base_candidate,citizen_cafe_source_lineage|verified_tabular,clean_structural_candidate,src_932065aa6c7f8767
cclex_0ea15f05e8c2cf83,Lime,7,את חוזר ת,tu (f.) - presente di ripetere / tornare,,0,100,solid_base_candidate,citizen_cafe_source_lineage|verified_tabular,clean_structural_candidate,src_fe88db18f233f742
cclex_fd3018042fd49b52,Lime,7,הואייזכר,lui - futuro di ricordarsi finalmente,,0,100,solid_base_candidate,citizen_cafe_source_lineage|verified_tabular,clean_structural_candidate,src_4bad1498bed826a1
cclex_aac2c29d4bc4768e,Lime,7,אנימסתכל,io (m.) - presente di guardare,,0,100,solid_base_candidate,citizen_cafe_source_lineage|verified_tabular,clean_structural_candidate,src_5effb1396240df73
cclex_2dba19dbf1685200,Lime,7,אנישם,io (m.) - presente di mettere,,0,100,solid_base_candidate,citizen_cafe_source_lineage|verified_tabular,clean_structural_candidate,src_e9104464e7a09aca
cclex_098df01ba3474458,Lime,7,אתןהאמנת ן,voi (f.) - passato di credere,,0,100,solid_base_candidate,citizen_cafe_source_lineage|verified_tabular,clean_structural_candidate,src_9aa7a7ab93b6a9fe
cclex_df62420759d29444,Lime,7,אניהבנת י,io - passato di capire,,0,100,solid_base_candidate,citizen_cafe_source_lineage|verified_tabular,clean_structural_candidate,src_3bbd445bc8bc2237
cclex_88d7a38815b08563,Lime,7,הןלקחו/הם,loro - passato di prendere,,0,100,solid_base_candidate,citizen_cafe_source_lineage|verified_tabular,clean_structural_candidate,src_a273761f373203ea
cclex_a7e93261355e056c,Lime,7,אתןתטיילו/אתם,voi - futuro di viaggiare,,0,100,solid_base_candidate,citizen_cafe_source_lineage|verified_tabular,clean_structural_candidate,src_00188e8dbb15e592
cclex_fcea369d4346a267,Lime,7,אתהתקנה,tu (m.) - futuro di comprare,,0,100,solid_base_candidate,citizen_cafe_source_lineage|verified_tabular,clean_structural_candidate,src_b4e116253e21e049
cclex_0089415337e253f0,Lime,7,הןמאמנות,loro (f.) - presente di allenarsi,,0,100,solid_base_candidate,citizen_cafe_source_lineage|verified_tabular,clean_structural_candidate,src_9343213499eb1375
cclex_8b8e45295d4a9973,Lime,7,אתםמחכים,voi (m.) - presente di aspettare,,0,100,solid_base_candidate,citizen_cafe_source_lineage|verified_tabular,clean_structural_candidate,src_afdf461890913dfa
cclex_888a0ad329e77283,Lime,7,היאזכר ה,lei - passato di ricordare,,0,100,solid_base_candidate,citizen_cafe_source_lineage|verified_tabular,clean_structural_candidate,src_2934c68eb512f86b
cclex_9343caa02cce5a29,Lime,7,אתןהכנת ן,voi (f.) - passato di preparare,,0,100,solid_base_candidate,citizen_cafe_source_lineage|verified_tabular,clean_structural_candidate,src_58a00e3935ce1779
cclex_9920247f4dfa4a04,Lime,7,הןיעבדו/הם,loro - futuro di lavorare,,0,100,solid_base_candidate,citizen_cafe_source_lineage|verified_tabular,clean_structural_candidate,src_37274cbbff5700b9
cclex_bbcf504df13f6f7c,Lime,7,אתם הולכים,voi (m.) - presente di andare,,0,100,solid_base_candidate,citizen_cafe_source_lineage|verified_tabular,clean_structural_candidate,src_18b9299cf383c60c
cclex_9a00a69d6d0abc8a,Lime,7,אתםמעד יפים,voi (m.) - presente di preferire,,0,100,solid_base_candidate,citizen_cafe_source_lineage|verified_tabular,clean_structural_candidate,src_a02806b5edde3481
cclex_dad90c2ea600ff89,Lime,7,אנחנונפסיק,noi - futuro di fermarsi / smettere,,0,100,solid_base_candidate,citizen_cafe_source_lineage|verified_tabular,clean_structural_candidate,src_c579d882e4738233
cclex_a93e2f6729425b05,Lime,7,אתמקליטה,tu (f.) - presente di registrare,,0,100,solid_base_candidate,citizen_cafe_source_lineage|verified_tabular,clean_structural_candidate,src_830ff36d2544ec80
cclex_ac20344098c9c4e4,Lime,7,אתההרגשת,tu (m.) - passato di sentirsi,,0,100,solid_base_candidate,citizen_cafe_source_lineage|verified_tabular,clean_structural_candidate,src_460aa8b765c0fd08
cclex_5d7df24f70fd4221,Lime,7,הןנזכרו/הם,loro - passato di ricordarsi finalmente,,0,100,solid_base_candidate,citizen_cafe_source_lineage|verified_tabular,clean_structural_candidate,src_d35fb3a3155c0612
cclex_d1deda2e603a28e4,Lime,7,אתמרגישה,tu (f.) - presente di sentirsi,,0,100,solid_base_candidate,citizen_cafe_source_lineage|verified_tabular,clean_structural_candidate,src_633ba47df5a76d2c
cclex_d8d1684841514a7f,Lime,7,אנייכולת י,io - passato di potere,,0,100,solid_base_candidate,citizen_cafe_source_lineage|verified_tabular,clean_structural_candidate,src_061206369d44f1c4
cclex_484c36982dc4c84f,Lime,7,אנימדליק,io (m.) - presente di accendere,,0,100,solid_base_candidate,citizen_cafe_source_lineage|verified_tabular,clean_structural_candidate,src_f4f7d154578c4d8b
cclex_75b68329a46a8293,Lime,7,אתם סיימת ם,voi (m.) - passato di finire,,0,100,solid_base_candidate,citizen_cafe_source_lineage|verified_tabular,clean_structural_candidate,src_dbbbaf17287a39f8
cclex_daa9c7be1936d2fe,Lime,7,אתתתגעגעי,tu (f.) - futuro di perdere / mancare,,0,100,solid_base_candidate,citizen_cafe_source_lineage|verified_tabular,clean_structural_candidate,src_ddf6f8170a43846f
cclex_cc183a288abce070,Lime,7,אניזזה,io (f.) - presente di muoversi,,0,100,solid_base_candidate,citizen_cafe_source_lineage|verified_tabular,clean_structural_candidate,src_467fc14f2477d330
cclex_3228c00dc166e7db,Lime,7,אתניקית,tu (f.) - passato di pulire,,0,100,solid_base_candidate,citizen_cafe_source_lineage|verified_tabular,clean_structural_candidate,src_abc5f9ee69373e4a
cclex_74a74d123e09e498,Lime,7,הן חוזרות,loro (f.) - presente di ripetere / tornare,,0,100,solid_base_candidate,citizen_cafe_source_lineage|verified_tabular,clean_structural_candidate,src_2177c088513eb678
cclex_ce8881a66d30dbd2,Lime,7,אנחנוהצלחנו,noi - passato di riuscire,,0,100,solid_base_candidate,citizen_cafe_source_lineage|verified_tabular,clean_structural_candidate,src_45d3421f23498952
cclex_a3ce830291c5ae28,Lime,7,אתםמנסים,voi (m.) - presente di provare,,0,100,solid_base_candidate,citizen_cafe_source_lineage|verified_tabular,clean_structural_candidate,src_4eae972d11b1a8dc
cclex_3658b4b1b6c77e97,Lime,7,אתםכיבית ם,voi (m.) - passato di spegnere,,0,100,solid_base_candidate,citizen_cafe_source_lineage|verified_tabular,clean_structural_candidate,src_f98bca024b74c906
cclex_d5fd88657f37de37,Lime,7,אניאשחק,io - futuro di giocare / suonare,,0,100,solid_base_candidate,citizen_cafe_source_lineage|verified_tabular,clean_structural_candidate,src_401a1de6e9e53f7c
cclex_ff361301afaf9959,Lime,7,אנחנובאים,noi (m.) - presente di venire,,0,100,solid_base_candidate,citizen_cafe_source_lineage|verified_tabular,clean_structural_candidate,src_61dcdf68eb66a30a
cclex_d050b29c33156f7f,Lime,7,אנחנונחשוב,noi - futuro di pensare,,0,100,solid_base_candidate,citizen_cafe_source_lineage|verified_tabular,clean_structural_candidate,src_0c807efe96bc424a
cclex_0eb6c3c29f9ed6ce,Lime,7,אתההדלקת,tu (m.) - passato di accendere,,0,100,solid_base_candidate,citizen_cafe_source_lineage|verified_tabular,clean_structural_candidate,src_13d35d62517f014d
cclex_6eb80625bbcb7e39,Lime,7,אתמנסה,tu (f.) - presente di provare,,0,100,solid_base_candidate,citizen_cafe_source_lineage|verified_tabular,clean_structural_candidate,src_43146c5f4614e736
cclex_11ff1a8ed46eb670,Lime,7,אתםעלית ם,voi (m.) - passato di salire / costare,,0,100,solid_base_candidate,citizen_cafe_source_lineage|verified_tabular,clean_structural_candidate,src_fc1c2a78be0737cd
cclex_45977409d3f20312,Lime,7,אתןהקלטת ן,voi (f.) - passato di registrare,,0,100,solid_base_candidate,citizen_cafe_source_lineage|verified_tabular,clean_structural_candidate,src_c005346dae183450
cclex_72db5cf9ec2258dc,Lime,7,אתיכולה,tu (f.) - presente di potere,,0,100,solid_base_candidate,citizen_cafe_source_lineage|verified_tabular,clean_structural_candidate,src_f94e40a928065a98
cclex_6a09e70e909bde63,Lime,7,אנימנשנש,io (m.) - presente di fare uno spuntino,,0,100,solid_base_candidate,citizen_cafe_source_lineage|verified_tabular,clean_structural_candidate,src_27eda05e7fe5ca35
cclex_79e073f86cfac58a,Lime,7,אני חושבת,io (f.) - presente di pensare,,0,100,solid_base_candidate,citizen_cafe_source_lineage|verified_tabular,clean_structural_candidate,src_4aee7d9adf76e78b
cclex_d3f8dc5d814e365e,Lime,7,אתםמקבלים,voi (m.) - presente di ricevere,,0,100,solid_base_candidate,citizen_cafe_source_lineage|verified_tabular,clean_structural_candidate,src_92ad2a683ef774ea
cclex_0760e3d1aef7690e,Lime,7,אתןתאכלו/אתם,voi - futuro di mangiare,,0,100,solid_base_candidate,citizen_cafe_source_lineage|verified_tabular,clean_structural_candidate,src_0f392f34519e6b29
cclex_7e9473b55128d66c,Lime,7,היאבישלה,lei - passato di giocare / suonare,,0,100,solid_base_candidate,citizen_cafe_source_lineage|verified_tabular,clean_structural_candidate,src_18ebd0e35434ae39
cclex_5c7b668672a9d7dd,Lime,7,הןהכירו/הם,loro - passato di conoscere,,0,100,solid_base_candidate,citizen_cafe_source_lineage|verified_tabular,clean_structural_candidate,src_918e751d0a4045df
cclex_498d671b722894ea,Lime,7,הםמטיילים,loro (m.) - presente di viaggiare,,0,100,solid_base_candidate,citizen_cafe_source_lineage|verified_tabular,clean_structural_candidate,src_dba59d167b27828d
cclex_e6bdae9be82d67d6,Lime,7,הואניסה,lui - passato di provare,,0,100,solid_base_candidate,citizen_cafe_source_lineage|verified_tabular,clean_structural_candidate,src_3fa821557d9ecd90
cclex_777db9aa3e3faa86,Lime,7,אתןתאהבו/אתם,voi - futuro di amare,,0,100,solid_base_candidate,citizen_cafe_source_lineage|verified_tabular,clean_structural_candidate,src_26cc6696ff0d09e1
cclex_aa87d4ae66b9a996,Lime,7,הןהגזימו/הם,loro - passato di esagerare,,0,100,solid_base_candidate,citizen_cafe_source_lineage|verified_tabular,clean_structural_candidate,src_16669468488bc30a
cclex_563df7364ab8d1cf,Lime,7,אתםמקווים,voi (m.) - presente di sperare,,0,100,solid_base_candidate,citizen_cafe_source_lineage|verified_tabular,clean_structural_candidate,src_69ea957cae03e5a8
cclex_1ffcbfc750760baf,Lime,7,אנחנוהחלטנו,noi - passato di decidere,,0,100,solid_base_candidate,citizen_cafe_source_lineage|verified_tabular,clean_structural_candidate,src_f2312083a7455792
cclex_850bbad9c0a8dfe7,Lime,7,אתבאה,tu (f.) - presente di venire,,0,100,solid_base_candidate,citizen_cafe_source_lineage|verified_tabular,clean_structural_candidate,src_bea1061743b8ea62
cclex_e718cdcf4d57c04f,Lime,7,אנחנוזכר נו,noi - passato di ricordare,,0,100,solid_base_candidate,citizen_cafe_source_lineage|verified_tabular,clean_structural_candidate,src_c681d25d6b1676dc
cclex_95cc646b749f3d00,Lime,7,אנחנומחכות,noi (f.) - presente di aspettare,,0,100,solid_base_candidate,citizen_cafe_source_lineage|verified_tabular,clean_structural_candidate,src_9080cfc2189f82f5
cclex_e8692c4a79f8000c,Lime,7,אני אוהב,io - futuro di amare,,1,100,solid_base_candidate,citizen_cafe_source_lineage|streetwise_context_match|verified_tabular,clean_structural_candidate,src_b79f94d9be98d227
cclex_3327044de213ea3c,Lime,7,הואיקווה,lui - futuro di sperare,,0,100,solid_base_candidate,citizen_cafe_source_lineage|verified_tabular,clean_structural_candidate,src_b0f3fe8268d8ecd1
cclex_9939569ce19436cf,Lime,7,הןיר או/הם,loro - futuro di vedere,,0,100,solid_base_candidate,citizen_cafe_source_lineage|verified_tabular,clean_structural_candidate,src_a9df40f82fa48bd2
cclex_4df7022d27634f0a,Lime,7,אנחנו יושבות,noi (f.) - presente di sedersi,,0,100,solid_base_candidate,citizen_cafe_source_lineage|verified_tabular,clean_structural_candidate,src_373cebf1f69db452
cclex_de16e9cff1f03431,Lime,7,אנחנוזזים,noi (m.) - presente di muoversi,,0,100,solid_base_candidate,citizen_cafe_source_lineage|verified_tabular,clean_structural_candidate,src_5e327ebd06ba27d6
cclex_12423a51a52422ca,Lime,7,אנחנונשים,noi - futuro di mettere,,0,100,solid_base_candidate,citizen_cafe_source_lineage|verified_tabular,clean_structural_candidate,src_5d6dd97d07a710af
cclex_9d4c6e4e7b83739e,Lime,7,הם קונים,loro (m.) - presente di comprare,,0,100,solid_base_candidate,citizen_cafe_source_lineage|verified_tabular,clean_structural_candidate,src_a30782cd1c8a13d5
cclex_a8b5372960bbc9d8,Lime,7,הןמנסות,loro (f.) - presente di provare,,0,100,solid_base_candidate,citizen_cafe_source_lineage|verified_tabular,clean_structural_candidate,src_ffed99be0b5f01aa
cclex_7f7a3edb3ff29b84,Lime,7,אנחנו בוד קות,noi (f.) - presente di controllare,,0,100,solid_base_candidate,citizen_cafe_source_lineage|verified_tabular,clean_structural_candidate,src_4398796fd2f9afa0
cclex_89cd92a894452a48,Lime,7,הוא אוהב,lui - presente di amare,,0,100,solid_base_candidate,citizen_cafe_source_lineage|verified_tabular,clean_structural_candidate,src_11d26197f91ded60
cclex_4443ee1f4a02fdd1,Lime,7,הואהקליט,lui - passato di registrare,,0,100,solid_base_candidate,citizen_cafe_source_lineage|verified_tabular,clean_structural_candidate,src_fe1604a8a602a735
cclex_37a882506e70b311,Lime,7,אתתצדקי,tu (f.) - futuro di avere ragione,,0,100,solid_base_candidate,citizen_cafe_source_lineage|verified_tabular,clean_structural_candidate,src_29437dbd922650cd
cclex_d362315126d27a3e,Lime,7,אתהת יזהר,tu (m.) - futuro di stare attento,,0,100,solid_base_candidate,citizen_cafe_source_lineage|verified_tabular,clean_structural_candidate,src_8621df9aeec57f2e
cclex_b196c110d1f22eaa,Lime,7,אניאנשנש,io - futuro di fare uno spuntino,,0,100,solid_base_candidate,citizen_cafe_source_lineage|verified_tabular,clean_structural_candidate,src_a2093d942078ed9d
cclex_fdb1a132c9e9b68f,Lime,7,הואיאמין,lui - futuro di credere,,0,100,solid_base_candidate,citizen_cafe_source_lineage|verified_tabular,clean_structural_candidate,src_5c2ca90be15ebe6e
cclex_bd36ad3e8465a2c6,Lime,7,הןישנו/הם,loro - futuro di cambiare,,0,100,solid_base_candidate,citizen_cafe_source_lineage|verified_tabular,clean_structural_candidate,src_cda71e5f2d8d298d
cclex_0628c5255f14e8de,Lime,7,היאזרמה,lei - passato di fluire,,0,100,solid_base_candidate,citizen_cafe_source_lineage|verified_tabular,clean_structural_candidate,src_de214e02d8a5d95c
cclex_f94c3bf7ab584507,Lime,7,אתהעלית,tu (m.) - passato di salire / costare,,0,100,solid_base_candidate,citizen_cafe_source_lineage|verified_tabular,clean_structural_candidate,src_0bbc6aa77116cebd
cclex_5e6c5134921b46f6,Lime,7,אתתזרמי,tu (f.) - futuro di fluire,,0,100,solid_base_candidate,citizen_cafe_source_lineage|verified_tabular,clean_structural_candidate,src_0d504de6c144e32e
cclex_43209b9631df6937,Lime,7,הואילמד,lui - futuro di studiare,,0,100,solid_base_candidate,citizen_cafe_source_lineage|verified_tabular,clean_structural_candidate,src_e85f65781d811697
cclex_5bb51035b15a0ac4,Lime,7,אתתכיר י,tu (f.) - futuro di conoscere,,0,100,solid_base_candidate,citizen_cafe_source_lineage|verified_tabular,clean_structural_candidate,src_f4de43ddb0bf29e6
cclex_55e3c99930832616,Lime,7,אתהמעד יף,tu (m.) - presente di preferire,,0,100,solid_base_candidate,citizen_cafe_source_lineage|verified_tabular,clean_structural_candidate,src_7e603e30b7e5e938
cclex_327def5329e1362f,Lime,7,הואישתמש,lui - futuro di usare,,0,100,solid_base_candidate,citizen_cafe_source_lineage|verified_tabular,clean_structural_candidate,src_f4b2a87ee5db22d6
cclex_3a5a2918fbec30fd,Lime,7,הואנשנש,lui - passato di fare uno spuntino,,0,100,solid_base_candidate,citizen_cafe_source_lineage|verified_tabular,clean_structural_candidate,src_ecf0f8a0275c360b
cclex_6b2d0f01a1cf3019,Lime,7,אתןהפסקת ן,voi (f.) - passato di fermarsi / smettere,,0,100,solid_base_candidate,citizen_cafe_source_lineage|verified_tabular,clean_structural_candidate,src_e4b355d723ae9e95
cclex_008743b01d0905b9,Lime,7,הןהיו/הם,loro - passato di essere,,0,100,solid_base_candidate,citizen_cafe_source_lineage|verified_tabular,clean_structural_candidate,src_e99f0b2888350749
cclex_d1b3fffc02c3c118,Lime,7,אתןתשלחו/אתם,voi - futuro di mandare,,0,100,solid_base_candidate,citizen_cafe_source_lineage|verified_tabular,clean_structural_candidate,src_2e890e7401910d58
cclex_6d157a3675882d86,Lime,7,הםמרגישים,loro (m.) - presente di sentirsi,,0,100,solid_base_candidate,citizen_cafe_source_lineage|verified_tabular,clean_structural_candidate,src_4b305d81ddb1f36e
cclex_a0eabf4591af95a8,Lime,7,אתת יזהר י,tu (f.) - futuro di stare attento,,0,100,solid_base_candidate,citizen_cafe_source_lineage|verified_tabular,clean_structural_candidate,src_0ce5b51aa6a7e6e3
cclex_0232eff64ab82352,Lime,7,אתתדעי,tu (f.) - futuro di sapere / conoscere,,0,100,solid_base_candidate,citizen_cafe_source_lineage|verified_tabular,clean_structural_candidate,src_57fe444d003fdb7b
cclex_01283c1d2ae9fedf,Lime,7,אתןתזכרו/אתם,voi - futuro di ricordare,,0,100,solid_base_candidate,citizen_cafe_source_lineage|verified_tabular,clean_structural_candidate,src_e952144bf080e915
cclex_b0373099de839bc2,Lime,7,אתהשת ית,tu (m.) - passato di bere,,0,100,solid_base_candidate,citizen_cafe_source_lineage|verified_tabular,clean_structural_candidate,src_45fd3104ee224be3
cclex_edbb4c7506f082e9,Lime,7,אתם חושבים,voi (m.) - presente di pensare,,1,100,solid_base_candidate,citizen_cafe_source_lineage|streetwise_context_match|verified_tabular,clean_structural_candidate,src_f6b1e962d23a7843
cclex_5770ab8290d1a30a,Lime,7,אתתדליקי,tu (f.) - futuro di accendere,,0,100,solid_base_candidate,citizen_cafe_source_lineage|verified_tabular,clean_structural_candidate,src_f1d7c12cf7cf4bfd
cclex_c529d0f2a0692b2c,Lime,7,אתםמבינים,voi (m.) - presente di capire,,0,100,solid_base_candidate,citizen_cafe_source_lineage|verified_tabular,clean_structural_candidate,src_0872ea86fdfcddc5
cclex_00374c37044a98c5,Lime,7,הןזזות,loro (f.) - presente di muoversi,,0,100,solid_base_candidate,citizen_cafe_source_lineage|verified_tabular,clean_structural_candidate,src_a0892a6772d2cad5
cclex_835e13b5accd07d6,Lime,7,היאאהבה,lei - passato di amare,,0,100,solid_base_candidate,citizen_cafe_source_lineage|verified_tabular,clean_structural_candidate,src_c7f31d45a2101d60
cclex_2a494e5a2a4b7e7e,Lime,7,אתןראית ן,voi (f.) - passato di vedere,,0,100,solid_base_candidate,citizen_cafe_source_lineage|verified_tabular,clean_structural_candidate,src_b3d792f36545f532
cclex_d0b0f95f9ce67b13,Lime,7,הואהחליט,lui - passato di decidere,,0,100,solid_base_candidate,citizen_cafe_source_lineage|verified_tabular,clean_structural_candidate,src_3d16c0572b6e2d52
cclex_83927b3eb8777caf,Lime,7,הואנפגש,lui - passato di incontrarsi con,,0,100,solid_base_candidate,citizen_cafe_source_lineage|verified_tabular,clean_structural_candidate,src_436d743b1a8800b2
cclex_c79b467812d34ee1,Lime,7,אנילקחת י,io - passato di prendere,,0,100,solid_base_candidate,citizen_cafe_source_lineage|verified_tabular,clean_structural_candidate,src_be39c2585f18971c
cclex_09cebc9f9226f898,Lime,7,אתםזכרת ם,voi (m.) - passato di ricordare,,0,100,solid_base_candidate,citizen_cafe_source_lineage|verified_tabular,clean_structural_candidate,src_2e757069be159c25
cclex_56c90604770b4f0e,Lime,7,אנישיחקת י,io - passato di giocare / suonare,,0,100,solid_base_candidate,citizen_cafe_source_lineage|verified_tabular,clean_structural_candidate,src_2650a41f920a9eae
cclex_9de7be12fe865fe9,Lime,7,אנחנו עומד ים,noi (m.) - presente di stare in piedi,,0,100,solid_base_candidate,citizen_cafe_source_lineage|verified_tabular,clean_structural_candidate,src_0d37e2a0180b19df
cclex_c91c42c40aea337c,Lime,7,היאקיוות ה,lei - passato di sperare,,0,100,solid_base_candidate,citizen_cafe_source_lineage|verified_tabular,clean_structural_candidate,src_36767638491a10ab
cclex_a26d4fa4ede66185,Lime,7,אתהת קום,tu (m.) - futuro di alzarsi,,0,100,solid_base_candidate,citizen_cafe_source_lineage|verified_tabular,clean_structural_candidate,src_d39d3cf123c6f9ee
cclex_063e471cf0e16246,Lime,7,אנחנומכינים,noi (m.) - presente di preparare,,0,100,solid_base_candidate,citizen_cafe_source_lineage|verified_tabular,clean_structural_candidate,src_81bccfc3940eb1f9
cclex_5316265118c39985,Lime,7,אתתאכלי,tu (f.) - futuro di mangiare,,0,100,solid_base_candidate,citizen_cafe_source_lineage|verified_tabular,clean_structural_candidate,src_4dd80f2240ef479e
cclex_992ed61c6141c8c5,Lime,7,לשתוק,tacere (infinito),,1,100,solid_base_candidate,citizen_cafe_source_lineage|streetwise_context_match|verified_tabular,clean_structural_candidate,src_03aca42627833d02
cclex_9c0494b861dd898c,Lime,7,הםמדליקים,loro (m.) - presente di accendere,,0,100,solid_base_candidate,citizen_cafe_source_lineage|verified_tabular,clean_structural_candidate,src_7816d53f5a45f60b
cclex_47c1239ebddeabbe,Lime,7,הואמקווה,lui - presente di sperare,,0,100,solid_base_candidate,citizen_cafe_source_lineage|verified_tabular,clean_structural_candidate,src_e5676d57cbbc7ba4
cclex_059426fdc746e50b,Lime,7,הואיפסיק,lui - futuro di fermarsi / smettere,,0,100,solid_base_candidate,citizen_cafe_source_lineage|verified_tabular,clean_structural_candidate,src_9bec14bf9e080550
cclex_968f2d85a386977d,Lime,7,הןהעד יפו/הם,loro - passato di preferire,,0,100,solid_base_candidate,citizen_cafe_source_lineage|verified_tabular,clean_structural_candidate,src_062d4695f49021a9
cclex_0866e4ee8a37de23,Lime,7,אנינרגעת,io (f.) - presente di rilassarsi,,0,100,solid_base_candidate,citizen_cafe_source_lineage|verified_tabular,clean_structural_candidate,src_03d68ccb02baef24
cclex_c2e849184015d275,Lime,7,אתהמתגעגע,tu (m.) - presente di perdere / mancare,,0,100,solid_base_candidate,citizen_cafe_source_lineage|verified_tabular,clean_structural_candidate,src_3c336fa5574be219
cclex_438d7afcb203154f,Lime,7,אנחנונשת ה,noi - futuro di bere,,0,100,solid_base_candidate,citizen_cafe_source_lineage|verified_tabular,clean_structural_candidate,src_93aa519baea3a39e
cclex_220d62bb2dfde56f,Lime,7,אתהאכלת,tu (m.) - passato di mangiare,,0,100,solid_base_candidate,citizen_cafe_source_lineage|verified_tabular,clean_structural_candidate,src_531ec3b31a7d0470
cclex_ded447f84dd2da7c,Lime,7,אנחנומסיימות,noi (f.) - presente di finire,,0,100,solid_base_candidate,citizen_cafe_source_lineage|verified_tabular,clean_structural_candidate,src_1ea792943a8c1d3e
cclex_b4d1110aaa2a8b4e,Lime,7,אניאצד ק,io - futuro di avere ragione,,0,100,solid_base_candidate,citizen_cafe_source_lineage|verified_tabular,clean_structural_candidate,src_e18102773940957c
cclex_e983c7d6d8b1fec1,Lime,7,היאהסתכלה,lei - passato di guardare,,0,100,solid_base_candidate,citizen_cafe_source_lineage|verified_tabular,clean_structural_candidate,src_f9927dc4ba6538ef
cclex_c168397ee745d557,Lime,7,הואיבשל,lui - futuro di cucinare,,0,100,solid_base_candidate,citizen_cafe_source_lineage|verified_tabular,clean_structural_candidate,src_c17b03067b20368c
cclex_ad859ca89af7dcb5,Lime,7,אתם אוכלים,voi (m.) - presente di mangiare,,0,100,solid_base_candidate,citizen_cafe_source_lineage|verified_tabular,clean_structural_candidate,src_785fca18f5b51c82
cclex_96683c894ba7aaf9,Lime,7,אנחנומבטלות,noi (f.) - presente di annullare,,0,100,solid_base_candidate,citizen_cafe_source_lineage|verified_tabular,clean_structural_candidate,src_e4be13cd188ab7a2
cclex_72b492221799553f,Lime,7,אנחנו שולחים,noi (m.) - presente di mandare,,0,100,solid_base_candidate,citizen_cafe_source_lineage|verified_tabular,clean_structural_candidate,src_fc926314a90b400d
cclex_01fd790a1e00f9da,Lime,7,הואסמך,lui - passato di fidarsi,,0,100,solid_base_candidate,citizen_cafe_source_lineage|verified_tabular,clean_structural_candidate,src_832937efd42551b9
cclex_a52a54ee7f14307c,Lime,7,אנחנונאשר,noi - futuro di confermare,,0,100,solid_base_candidate,citizen_cafe_source_lineage|verified_tabular,clean_structural_candidate,src_b47a4738d4b39653
cclex_1135e1fd40924cbc,Lime,7,הואנזכר,lui - passato di ricordarsi finalmente,,0,100,solid_base_candidate,citizen_cafe_source_lineage|verified_tabular,clean_structural_candidate,src_4980054efab7e835
cclex_72955b813c339002,Lime,7,אתם שות ים,voi (m.) - presente di bere,,0,100,solid_base_candidate,citizen_cafe_source_lineage|verified_tabular,clean_structural_candidate,src_16f0e3597747b691
cclex_971c14236c3f5e56,Lime,7,הםמשתמשים,loro (m.) - presente di usare,,0,100,solid_base_candidate,citizen_cafe_source_lineage|verified_tabular,clean_structural_candidate,src_0f0af3143ec0baef
cclex_e62d22f11d613138,Lime,7,היאהאמינה,lei - passato di credere,,0,100,solid_base_candidate,citizen_cafe_source_lineage|verified_tabular,clean_structural_candidate,src_ceed040ac8498e3b
cclex_6d11e2651b89b45e,Lime,7,אניהפסקת י,io - passato di fermarsi / smettere,,0,100,solid_base_candidate,citizen_cafe_source_lineage|verified_tabular,clean_structural_candidate,src_ddbd8eaaaf0c84c6
cclex_056fc2aa3d39201e,Lime,7,הואיחליט,lui - futuro di decidere,,0,100,solid_base_candidate,citizen_cafe_source_lineage|verified_tabular,clean_structural_candidate,src_442be7ab56ccdae6
cclex_14950ea2b380cd75,Lime,7,אתםמנשנשים,voi (m.) - presente di fare uno spuntino,,0,100,solid_base_candidate,citizen_cafe_source_lineage|verified_tabular,clean_structural_candidate,src_c21c451876e11ffd
cclex_0378e113d2f66e3c,Lime,7,אתםטיילת ם,voi (m.) - passato di viaggiare,,0,100,solid_base_candidate,citizen_cafe_source_lineage|verified_tabular,clean_structural_candidate,src_999f4fbf1f220249
cclex_fc4da72ad7251742,Lime,7,אתהנפגש,tu (m.) - presente di incontrarsi con,,0,100,solid_base_candidate,citizen_cafe_source_lineage|verified_tabular,clean_structural_candidate,src_d9502467888481bf
cclex_57e95e4b25b80fd3,Lime,7,אנחנונדבר,noi - futuro di parlare,,0,100,solid_base_candidate,citizen_cafe_source_lineage|verified_tabular,clean_structural_candidate,src_7f8510fe8a943d66
cclex_88dc9e3169e5d99e,Lime,7,היאתאהב,lei - futuro di amare,,0,100,solid_base_candidate,citizen_cafe_source_lineage|verified_tabular,clean_structural_candidate,src_0706a69252d87a61
cclex_e8b721a81c280196,Lime,7,אתמסתכלת,tu (f.) - presente di guardare,,0,100,solid_base_candidate,citizen_cafe_source_lineage|verified_tabular,clean_structural_candidate,src_15c9fc9d8ae5977f
cclex_743dabbab98cad5f,Lime,7,היאת בוא,lei - futuro di venire,,0,100,solid_base_candidate,citizen_cafe_source_lineage|verified_tabular,clean_structural_candidate,src_00728a6f368f8a05
cclex_ba4529581cde63a3,Lime,7,אתםמדבר ים,voi (m.) - presente di parlare,,0,100,solid_base_candidate,citizen_cafe_source_lineage|verified_tabular,clean_structural_candidate,src_c400e030d6261350
cclex_28cda6a559af4cd1,Lime,7,אנחנוהזמנו,noi - passato di ordinare / invitare,,0,100,solid_base_candidate,citizen_cafe_source_lineage|verified_tabular,clean_structural_candidate,src_f67eafc83a977fa5
cclex_afc659596e580872,Lime,7,אנינזכר ת,io (f.) - presente di ricordarsi finalmente,,0,100,solid_base_candidate,citizen_cafe_source_lineage|verified_tabular,clean_structural_candidate,src_101870ff8e58092e
cclex_f35293eb6faa84a3,Lime,7,הואיאכל,lui - futuro di mangiare,,0,100,solid_base_candidate,citizen_cafe_source_lineage|verified_tabular,clean_structural_candidate,src_760cf082d052ac50
cclex_5063ef3eccf09bb1,Lime,7,אתן יוד עות,voi (f.) - presente di sapere / conoscere,,0,100,solid_base_candidate,citizen_cafe_source_lineage|verified_tabular,clean_structural_candidate,src_ddaa09452294db06
cclex_642a01a33227149f,Lime,7,היאתחפש,lei - futuro di cercare,,0,100,solid_base_candidate,citizen_cafe_source_lineage|verified_tabular,clean_structural_candidate,src_a66f61df049d23ec
cclex_8508aa9b2a2df943,Lime,7,הןידברו/הם,loro - futuro di parlare,,0,100,solid_base_candidate,citizen_cafe_source_lineage|verified_tabular,clean_structural_candidate,src_2950a468ccedaa20
cclex_5f9c8d8397845346,Lime,7,אתתקני,tu (f.) - futuro di comprare,,0,100,solid_base_candidate,citizen_cafe_source_lineage|verified_tabular,clean_structural_candidate,src_6d7da81379519f88
cclex_959872c7bdeabb73,Lime,7,היאתשים,lei - futuro di mettere,,0,100,solid_base_candidate,citizen_cafe_source_lineage|verified_tabular,clean_structural_candidate,src_58970d7698e63f45
cclex_01f8b53dba875830,Lime,7,אנחנומגזימות,noi (f.) - presente di esagerare,,0,100,solid_base_candidate,citizen_cafe_source_lineage|verified_tabular,clean_structural_candidate,src_a0355d2a70a27bc5
cclex_e02ce72aa815f106,Lime,7,אתןמקוות,voi (f.) - presente di sperare,,0,100,solid_base_candidate,citizen_cafe_source_lineage|verified_tabular,clean_structural_candidate,src_0470f5b75c556c82
cclex_16f9137711dc57a5,Lime,7,אנימקבלת,io (f.) - presente di ricevere,,0,100,solid_base_candidate,citizen_cafe_source_lineage|verified_tabular,clean_structural_candidate,src_41825271ded65320
cclex_c0c5cc1a97f84705,Lime,7,אתסמכת,tu (f.) - passato di fidarsi,,0,100,solid_base_candidate,citizen_cafe_source_lineage|verified_tabular,clean_structural_candidate,src_69b74f15df25833c
cclex_fb962d551fb4ea9f,Lime,7,אתתשימי,tu (f.) - futuro di mettere,,0,100,solid_base_candidate,citizen_cafe_source_lineage|verified_tabular,clean_structural_candidate,src_5a08ff509df5fc48
cclex_86449a2f37c10a60,Lime,7,אתןתאחרו/אתם,voi - futuro di fare tardi,,0,100,solid_base_candidate,citizen_cafe_source_lineage|verified_tabular,clean_structural_candidate,src_b3317f69f71e849e
cclex_948dc0d5f9a64bca,Lime,7,אתםיכולת ם,voi (m.) - passato di potere,,0,100,solid_base_candidate,citizen_cafe_source_lineage|verified_tabular,clean_structural_candidate,src_36f22e7b3e2d1575
cclex_5413ed175026ed1b,Lime,7,הןיפסיקו/הם,loro - futuro di fermarsi / smettere,,0,100,solid_base_candidate,citizen_cafe_source_lineage|verified_tabular,clean_structural_candidate,src_3002348d1ec3204b
cclex_2015412f8775d736,Lime,7,אניקמת י,io - passato di alzarsi,,0,100,solid_base_candidate,citizen_cafe_source_lineage|verified_tabular,clean_structural_candidate,src_c9fa4bc06c52b160
cclex_e6cd4fe92b53caac,Lime,7,אתתפגשי,tu (f.) - futuro di incontrarsi con,,0,100,solid_base_candidate,citizen_cafe_source_lineage|verified_tabular,clean_structural_candidate,src_02acde62c61243e1
cclex_a67ba6ca41a0ca34,Lime,7,היאנשנשה,lei - passato di fare uno spuntino,,0,100,solid_base_candidate,citizen_cafe_source_lineage|verified_tabular,clean_structural_candidate,src_cc29a97015275926
cclex_fa53ed5f095532f0,Lime,7,אתהכנת,tu (f.) - passato di preparare,,0,100,solid_base_candidate,citizen_cafe_source_lineage|verified_tabular,clean_structural_candidate,src_50ce445c56ad9544
cclex_4104e020700fe7ff,Lime,7,לד אוג,preoccuparsi (infinito),,0,100,solid_base_candidate,citizen_cafe_source_lineage|verified_tabular,clean_structural_candidate,src_6dba4735a998d746
cclex_c9235b3f6b24c25f,Lime,7,הואישחה,lui - futuro di nuotare,,0,100,solid_base_candidate,citizen_cafe_source_lineage|verified_tabular,clean_structural_candidate,src_478e1284e938466b
cclex_0b9c0c7ee9f8adee,Lime,7,אנחנו חושבים,noi (m.) - presente di pensare,,1,100,solid_base_candidate,citizen_cafe_source_lineage|streetwise_context_match|verified_tabular,clean_structural_candidate,src_2102ebdf6e2fabc5
cclex_660225737b5c8ab1,Lime,7,אנימטיילת,io (f.) - presente di viaggiare,,0,100,solid_base_candidate,citizen_cafe_source_lineage|verified_tabular,clean_structural_candidate,src_d67166e21d20d308
cclex_3dc2fd0df63439ea,Lime,7,הןיקשיבו/הם,loro - futuro di ascoltare / fare attenzione,,0,100,solid_base_candidate,citizen_cafe_source_lineage|verified_tabular,clean_structural_candidate,src_9bc0bdd1379426f7
cclex_bfd537a2fd82fbae,Lime,7,אתןתצליחו/אתם,voi - futuro di riuscire,,0,100,solid_base_candidate,citizen_cafe_source_lineage|verified_tabular,clean_structural_candidate,src_19ca518e991fced3
cclex_9392a8e70a04df37,Lime,7,הםמקבלים,loro (m.) - presente di ricevere,,0,100,solid_base_candidate,citizen_cafe_source_lineage|verified_tabular,clean_structural_candidate,src_9219c9149efd48ef
cclex_439746d04cafe16e,Lime,7,היאתסמוך,lei - futuro di fidarsi,,0,100,solid_base_candidate,citizen_cafe_source_lineage|verified_tabular,clean_structural_candidate,src_dd718e50936a8f44
cclex_23b3172eea012b4d,Lime,7,הם שות ים,loro (m.) - presente di bere,,0,100,solid_base_candidate,citizen_cafe_source_lineage|verified_tabular,clean_structural_candidate,src_a4a821f79fc8731d
cclex_95b1a99253bc7809,Lime,7,אנחנו יוד עות,noi (f.) - presente di sapere / conoscere,,0,100,solid_base_candidate,citizen_cafe_source_lineage|verified_tabular,clean_structural_candidate,src_930024569ebc0053
cclex_ead515c40b7a4c4c,Lime,7,אתןחיכית ן,voi (f.) - passato di aspettare,,0,100,solid_base_candidate,citizen_cafe_source_lineage|verified_tabular,clean_structural_candidate,src_607514237bbc9641
cclex_00b4858df8ddd3ac,Lime,7,אתהמנסה,tu (m.) - presente di provare,,0,100,solid_base_candidate,citizen_cafe_source_lineage|verified_tabular,clean_structural_candidate,src_b2451f72a19c3b00
cclex_6d750b03713f65fe,Lime,7,היארצת ה,lei - passato di volere,,0,100,solid_base_candidate,citizen_cafe_source_lineage|verified_tabular,clean_structural_candidate,src_9f79aff2614e3b55
cclex_f86e7ea678c08e55,Lime,7,הם בודקים,loro (m.) - presente di controllare,,0,100,solid_base_candidate,citizen_cafe_source_lineage|verified_tabular,clean_structural_candidate,src_95830906e8ecac6d
cclex_68c100ade967b38b,Lime,7,הואישים,lui - futuro di mettere,,0,100,solid_base_candidate,citizen_cafe_source_lineage|verified_tabular,clean_structural_candidate,src_0de80b05b1cf8d8c
cclex_30eda03ca1e5aa84,Lime,7,אתןעדכנת ן,voi (f.) - passato di aggiornare,,0,100,solid_base_candidate,citizen_cafe_source_lineage|verified_tabular,clean_structural_candidate,src_6cb54aaa7dfef843
cclex_52663192237f2e3c,Lime,7,אתןקמת ן,voi (f.) - passato di alzarsi,,0,100,solid_base_candidate,citizen_cafe_source_lineage|verified_tabular,clean_structural_candidate,src_fcc0ac06bf8ceb6d
cclex_be53b9d412d4893e,Lime,7,היאשמה,lei - presente di mettere,,0,100,solid_base_candidate,citizen_cafe_source_lineage|verified_tabular,clean_structural_candidate,src_74c831c1f450e2a9
cclex_fb827b4df7609926,Lime,7,הןקמות,loro (f.) - presente di alzarsi,,0,100,solid_base_candidate,citizen_cafe_source_lineage|verified_tabular,clean_structural_candidate,src_f81eca6760615898
cclex_bf45c6b9402b5442,Lime,7,הןניקו/הם,loro - passato di pulire,,0,100,solid_base_candidate,citizen_cafe_source_lineage|verified_tabular,clean_structural_candidate,src_539b3c90d29c24ee
cclex_cc42108e2a19826d,Lime,7,הןהתחילו/הם,loro - passato di iniziare,,0,100,solid_base_candidate,citizen_cafe_source_lineage|verified_tabular,clean_structural_candidate,src_a4eaec2f9ceb1e6b
cclex_de6de59c2513843f,Lime,7,הואיישאר,lui - futuro di rimanere / restare,,0,100,solid_base_candidate,citizen_cafe_source_lineage|verified_tabular,clean_structural_candidate,src_dedb354135ebe808
cclex_7ad40cdc39e8367a,Lime,7,אתהמרבר,tu (m.) - presente di parlare,,0,100,solid_base_candidate,citizen_cafe_source_lineage|verified_tabular,clean_structural_candidate,src_9b739aad4fea4979
cclex_116c7c4d911fca2b,Lime,7,אתןאישרת ן,voi (f.) - passato di confermare,,0,100,solid_base_candidate,citizen_cafe_source_lineage|verified_tabular,clean_structural_candidate,src_fb12e1664cf09fd3
cclex_fec8946a381e8d4b,Lime,7,לר צות,volere (infinito),,0,100,solid_base_candidate,citizen_cafe_source_lineage|verified_tabular,clean_structural_candidate,src_8bb59e8a0bd6f748
cclex_63484313631c76ee,Lime,7,אתןבאת ן,voi (f.) - passato di venire,,0,100,solid_base_candidate,citizen_cafe_source_lineage|verified_tabular,clean_structural_candidate,src_493a9707033ab1ac
cclex_a2150886737a66c8,Lime,7,אתןמכבות,voi (f.) - presente di spegnere,,0,100,solid_base_candidate,citizen_cafe_source_lineage|verified_tabular,clean_structural_candidate,src_5299bf33450f3c45
cclex_36cc36da37f34589,Lime,7,אתהתשחה,tu (m.) - futuro di nuotare,,0,100,solid_base_candidate,citizen_cafe_source_lineage|verified_tabular,clean_structural_candidate,src_afaa42172807ead2
cclex_81fa4c2d69378af9,Lime,7,הןינשנשו/הם,loro - futuro di fare uno spuntino,,0,100,solid_base_candidate,citizen_cafe_source_lineage|verified_tabular,clean_structural_candidate,src_87efa7c30bb332ba
cclex_5dceef8f26fabe59,Lime,7,אתםהסתכלת ם,voi (m.) - passato di guardare,,0,100,solid_base_candidate,citizen_cafe_source_lineage|verified_tabular,clean_structural_candidate,src_fddd2ca1bcf4c01e
cclex_71682c7f0e5df7a5,Lime,7,אתהמפנה,tu (m.) - presente di liberare / sgomberare,,0,100,solid_base_candidate,citizen_cafe_source_lineage|verified_tabular,clean_structural_candidate,src_63d1ff6e8dbef8b3
cclex_b0ea076d4225eff3,Lime,7,אתהתתקן,tu (m.) - futuro di riparare / sistemare,,0,100,solid_base_candidate,citizen_cafe_source_lineage|verified_tabular,clean_structural_candidate,src_b516572db3385476
cclex_28c758939e7a42d9,Lime,7,הםמגזימים,loro (m.) - presente di esagerare,,0,100,solid_base_candidate,citizen_cafe_source_lineage|verified_tabular,clean_structural_candidate,src_85a1f4af052ded95
cclex_3af8aaaf923b51a5,Lime,7,אתם אוהבים,voi (m.) - presente di amare,,0,100,solid_base_candidate,citizen_cafe_source_lineage|verified_tabular,clean_structural_candidate,src_d35ba236ba790de2
cclex_733e05c8b6d5527c,Lime,7,אתןתקר או/אתם,voi - futuro di leggere,,0,100,solid_base_candidate,citizen_cafe_source_lineage|verified_tabular,clean_structural_candidate,src_b79db1bb22245805
cclex_dfad8e1886a25071,Lime,7,היאשיחקה,lei - passato di giocare / suonare,,0,100,solid_base_candidate,citizen_cafe_source_lineage|verified_tabular,clean_structural_candidate,src_ea451743c170f740
cclex_4922dd64bb17d21f,Lime,7,אני לומד,io (m.) - presente di studiare,,1,100,solid_base_candidate,citizen_cafe_source_lineage|streetwise_context_match|verified_tabular,clean_structural_candidate,src_f542d070feb36c58
cclex_b13fe4564390b3df,Lime,7,הן רוצות,loro (f.) - presente di volere,,0,100,solid_base_candidate,citizen_cafe_source_lineage|verified_tabular,clean_structural_candidate,src_55c51aef35170a21
cclex_8da7d77c46e5055c,Lime,7,אתןתסתכלו/אתם,voi - futuro di guardare,,0,100,solid_base_candidate,citizen_cafe_source_lineage|verified_tabular,clean_structural_candidate,src_dd142828b896deb3
cclex_112285dd4b638812,Lime,7,אניאבין,io - futuro di capire,,0,100,solid_base_candidate,citizen_cafe_source_lineage|verified_tabular,clean_structural_candidate,src_7302971965fbfb7a
cclex_bf6f7e7030e635f6,Lime,7,אתםאישרת ם,voi (m.) - passato di confermare,,0,100,solid_base_candidate,citizen_cafe_source_lineage|verified_tabular,clean_structural_candidate,src_97541b6194c3d213
cclex_0517dc29b25688ae,Lime,7,הםמתקנים,loro (m.) - presente di riparare / sistemare,,0,100,solid_base_candidate,citizen_cafe_source_lineage|verified_tabular,clean_structural_candidate,src_423e0387a6547a79
cclex_8dc9cdc8e61a89a3,Lime,7,אתןמקשיבות,voi (f.) - presente di ascoltare / fare attenzione,,0,100,solid_base_candidate,citizen_cafe_source_lineage|verified_tabular,clean_structural_candidate,src_0d1bc343d8ac6a9e
cclex_0207481808562ff4,Lime,7,אניהקלטת י,io - passato di registrare,,0,100,solid_base_candidate,citizen_cafe_source_lineage|verified_tabular,clean_structural_candidate,src_ca6d8aaeb013d373
cclex_27936a6e1b81195d,Lime,7,אתהלכת,tu (f.) - passato di andare,,0,100,solid_base_candidate,citizen_cafe_source_lineage|verified_tabular,clean_structural_candidate,src_ee77d371b3a91697
cclex_bb36a35ae8dad145,Lime,7,אתםבאת ם,voi (m.) - passato di venire,,0,100,solid_base_candidate,citizen_cafe_source_lineage|verified_tabular,clean_structural_candidate,src_edffc16e735b7eda
cclex_34468c3146ea10ff,Lime,7,להיפגש,incontrarsi con (infinito),,0,100,solid_base_candidate,citizen_cafe_source_lineage|verified_tabular,clean_structural_candidate,src_932cf2b96a07d637
cclex_52bf4f0fa3ed3264,Lime,7,אתה חוזר,tu (m.) - presente di ripetere / tornare,,0,100,solid_base_candidate,citizen_cafe_source_lineage|verified_tabular,clean_structural_candidate,src_5aa4382f03e74375
cclex_c4cccccf0724140d,Lime,7,הואסיים,lui - passato di finire,,0,100,solid_base_candidate,citizen_cafe_source_lineage|verified_tabular,clean_structural_candidate,src_d2ed82f4697066b2
cclex_61c7c6f68bfd8fb5,Lime,7,הואיר ד,lui - futuro di scendere,,0,100,solid_base_candidate,citizen_cafe_source_lineage|verified_tabular,clean_structural_candidate,src_5153011d9848cf54
cclex_995ae0fbb3337456,Lime,7,אתתעד יפי,tu (f.) - futuro di preferire,,0,100,solid_base_candidate,citizen_cafe_source_lineage|verified_tabular,clean_structural_candidate,src_40236fd9cfbd76ee
cclex_b94049ac097cb484,Lime,7,אתשינית,tu (f.) - passato di cambiare,,0,100,solid_base_candidate,citizen_cafe_source_lineage|verified_tabular,clean_structural_candidate,src_9dc2ba7a901a954f
cclex_bcb0492f7a44a366,Lime,7,אתםהקלטת ם,voi (m.) - passato di registrare,,0,100,solid_base_candidate,citizen_cafe_source_lineage|verified_tabular,clean_structural_candidate,src_6700e13a5a500f01
cclex_6b815f64a7f7035c,Lime,7,היאהתחילה,lei - passato di iniziare,,0,100,solid_base_candidate,citizen_cafe_source_lineage|verified_tabular,clean_structural_candidate,src_71832260fb3859fa
cclex_6e8114bc64e1daa0,Lime,7,הואיקר א,lui - futuro di leggere,,0,100,solid_base_candidate,citizen_cafe_source_lineage|verified_tabular,clean_structural_candidate,src_c275d0e98787dab4
cclex_594a20b9e4098857,Lime,7,הןיר דו/הם,loro - passato di scendere,,0,100,solid_base_candidate,citizen_cafe_source_lineage|verified_tabular,clean_structural_candidate,src_cbdad7894d97af54
cclex_0967e3bf968a05dd,Lime,7,אנינזכרת י,io - passato di ricordarsi finalmente,,0,100,solid_base_candidate,citizen_cafe_source_lineage|verified_tabular,clean_structural_candidate,src_c718377f669f36ad
cclex_3f3090fd7b2eecd2,Lime,7,אנחנונאכל,noi - futuro di mangiare,,0,100,solid_base_candidate,citizen_cafe_source_lineage|verified_tabular,clean_structural_candidate,src_6d83dd3ff8dd025a
cclex_60df4bf1f26bc696,Lime,7,אתהכרת,tu (f.) - passato di conoscere,,0,100,solid_base_candidate,citizen_cafe_source_lineage|verified_tabular,clean_structural_candidate,src_73c2b98c19842575
cclex_b79ace7e43417f1f,Lime,7,אתנזכרת,tu (f.) - passato di ricordarsi finalmente,,0,100,solid_base_candidate,citizen_cafe_source_lineage|verified_tabular,clean_structural_candidate,src_ac74b90e1935146b
cclex_be817bb3ed758dab,Lime,7,אנחנופינינו,noi - passato di liberare / sgomberare,,0,100,solid_base_candidate,citizen_cafe_source_lineage|verified_tabular,clean_structural_candidate,src_cfb70ec114c9f90b
cclex_7543ad40286031aa,Lime,7,אתן עושות,voi (f.) - presente di fare,,0,100,solid_base_candidate,citizen_cafe_source_lineage|verified_tabular,clean_structural_candidate,src_a013581718ab1d4c
cclex_d944ed4d884aa2e6,Lime,7,אתהתחליט,tu (m.) - futuro di decidere,,0,100,solid_base_candidate,citizen_cafe_source_lineage|verified_tabular,clean_structural_candidate,src_2774fed5145d4003
cclex_3dd385652ddfad88,Lime,7,אנימפסיקה,io (f.) - presente di fermarsi / smettere,,0,100,solid_base_candidate,citizen_cafe_source_lineage|verified_tabular,clean_structural_candidate,src_2296fd7c99cbc6e9
cclex_196e5f7ad75a346a,Lime,7,אנימעד יף,io (m.) - presente di preferire,,0,100,solid_base_candidate,citizen_cafe_source_lineage|verified_tabular,clean_structural_candidate,src_80604ab031b8be65
cclex_2938cc54715401ef,Lime,7,אני עובד ת,io (f.) - presente di lavorare,,0,100,solid_base_candidate,citizen_cafe_source_lineage|verified_tabular,clean_structural_candidate,src_575bd5e28107afe9
cclex_2262300c3486f78b,Lime,7,אתםניסית ם,voi (m.) - passato di provare,,0,100,solid_base_candidate,citizen_cafe_source_lineage|verified_tabular,clean_structural_candidate,src_40c63229de2d1b66
cclex_47c56adf1724f7c5,Lime,7,הואעשה,lui - passato di fare,,0,100,solid_base_candidate,citizen_cafe_source_lineage|verified_tabular,clean_structural_candidate,src_d9e3426e5a91ee81
cclex_1cc00f89cde21ec2,Lime,7,אנחנונבין,noi - futuro di capire,,0,100,solid_base_candidate,citizen_cafe_source_lineage|verified_tabular,clean_structural_candidate,src_333a471c881cad9b
cclex_85708145c7a6a3fb,Lime,7,לשנות,cambiare (infinito),,1,100,solid_base_candidate,citizen_cafe_source_lineage|streetwise_context_match|verified_tabular,clean_structural_candidate,src_e4dbb644d2893306
cclex_550769e6e04be6ed,Lime,7,אנימעדכן,io (m.) - presente di aggiornare,,0,100,solid_base_candidate,citizen_cafe_source_lineage|verified_tabular,clean_structural_candidate,src_00dad5dfd57ab9d8
cclex_d2b5e12ba51e8b93,Lime,7,אתהבדקת,tu (m.) - passato di controllare,,0,100,solid_base_candidate,citizen_cafe_source_lineage|verified_tabular,clean_structural_candidate,src_f451fb5b708211ff
cclex_22f6ff3c582ed8e9,Lime,7,היאתעלה,lei - futuro di salire / costare,,0,100,solid_base_candidate,citizen_cafe_source_lineage|verified_tabular,clean_structural_candidate,src_71ef77f2b60438b6
cclex_50d345d9a2dd6860,Lime,7,אני בוד ק,io (m.) - presente di controllare,,0,100,solid_base_candidate,citizen_cafe_source_lineage|verified_tabular,clean_structural_candidate,src_66b3574324b83753
cclex_6e0da13788a59e65,Lime,7,אתזכרת,tu (f.) - passato di ricordare,,0,100,solid_base_candidate,citizen_cafe_source_lineage|verified_tabular,clean_structural_candidate,src_a3476dea00d0a232
cclex_80e5ff7b9777faf6,Lime,7,אתםמסתכלים,voi (m.) - presente di guardare,,0,100,solid_base_candidate,citizen_cafe_source_lineage|verified_tabular,clean_structural_candidate,src_fcc2b5b9a6402969
cclex_d1c44eed0e320661,Lime,7,אנחנונאהב,noi - futuro di amare,,0,100,solid_base_candidate,citizen_cafe_source_lineage|verified_tabular,clean_structural_candidate,src_5dee5dea5e7d3137
cclex_486a23218353056f,Lime,7,אנחנונחזור,noi - futuro di ripetere / tornare,,0,100,solid_base_candidate,citizen_cafe_source_lineage|verified_tabular,clean_structural_candidate,src_a854bb312d0c9185
cclex_42cb81676943da60,Lime,7,הןמצלמות,loro (f.) - presente di fotografare,,0,100,solid_base_candidate,citizen_cafe_source_lineage|verified_tabular,clean_structural_candidate,src_988e348d0b59534b
cclex_dd16d327ec423e32,Lime,7,אנחנו זור מות,noi (f.) - presente di fluire,,0,100,solid_base_candidate,citizen_cafe_source_lineage|verified_tabular,clean_structural_candidate,src_0e3a9ad3792183f8
cclex_b2a16b515145cb5f,Lime,7,ליכול,potere (infinito),,0,100,solid_base_candidate,citizen_cafe_source_lineage|verified_tabular,clean_structural_candidate,src_aa324dee14827d2f
cclex_8d918d95bf717171,Lime,7,אתם עולים,voi (m.) - presente di salire / costare,,0,100,solid_base_candidate,citizen_cafe_source_lineage|verified_tabular,clean_structural_candidate,src_e3c383783303646f
cclex_3ef5941b9ec9f854,Lime,7,הןיחשבו/הם,loro - futuro di pensare,,0,100,solid_base_candidate,citizen_cafe_source_lineage|verified_tabular,clean_structural_candidate,src_94d845b152792e55
cclex_efed43b77b757af1,Lime,7,אנחנויד ענו,noi - passato di sapere / conoscere,,0,100,solid_base_candidate,citizen_cafe_source_lineage|verified_tabular,clean_structural_candidate,src_6a2ab71bfb1b8bfc
cclex_e5cce0c6a3c616e5,Lime,7,הןסמכו/הם,loro - passato di fidarsi,,0,100,solid_base_candidate,citizen_cafe_source_lineage|verified_tabular,clean_structural_candidate,src_8e932a025bf1df3d
cclex_9390216088f82fb4,Lime,7,אניאעשה,io - futuro di fare,,0,100,solid_base_candidate,citizen_cafe_source_lineage|verified_tabular,clean_structural_candidate,src_09fc1925b151123d
cclex_c2efaedc3a4249d2,Lime,7,הםנפגשים,loro (m.) - presente di incontrarsi con,,0,100,solid_base_candidate,citizen_cafe_source_lineage|verified_tabular,clean_structural_candidate,src_6b74c0bd5f527095
cclex_d5e399e4648f910f,Lime,7,אתןבדקת ן,voi (f.) - passato di controllare,,0,100,solid_base_candidate,citizen_cafe_source_lineage|verified_tabular,clean_structural_candidate,src_c0586dd36217740e
cclex_46055fbc41edaa9c,Lime,7,אתםשלחת ם,voi (m.) - passato di mandare,,0,100,solid_base_candidate,citizen_cafe_source_lineage|verified_tabular,clean_structural_candidate,src_ffc53591e645af83
cclex_b760f64e5962eb43,Lime,7,אנחנונגזים,noi - futuro di esagerare,,0,100,solid_base_candidate,citizen_cafe_source_lineage|verified_tabular,clean_structural_candidate,src_eb0996d3c0657d69
cclex_bfe36ac7893e3075,Lime,7,אנימנשנשת,io (f.) - presente di fare uno spuntino,,0,100,solid_base_candidate,citizen_cafe_source_lineage|verified_tabular,clean_structural_candidate,src_4bbea2cc4eddba76
cclex_156827c8f7a5defb,Lime,7,היאאכלה,lei - passato di mangiare,,0,100,solid_base_candidate,citizen_cafe_source_lineage|verified_tabular,clean_structural_candidate,src_5ae26b145c663f13
cclex_ef36ff23c4a1c332,Lime,7,אנחנומנסות,noi (f.) - presente di provare,,0,100,solid_base_candidate,citizen_cafe_source_lineage|verified_tabular,clean_structural_candidate,src_0234bd5e4e4c855f
cclex_a0b5de56d8fac4cc,Lime,7,אנחנו דואגות,noi (f.) - presente di preoccuparsi,,0,100,solid_base_candidate,citizen_cafe_source_lineage|verified_tabular,clean_structural_candidate,src_155cdc09333eb74b
cclex_baba41e00b5762e8,Lime,7,אנחנונשארות,noi (f.) - presente di rimanere / restare,,0,100,solid_base_candidate,citizen_cafe_source_lineage|verified_tabular,clean_structural_candidate,src_0fb9901205a99707
cclex_59a4931902d39982,Lime,7,אנחנונדליק,noi - futuro di accendere,,0,100,solid_base_candidate,citizen_cafe_source_lineage|verified_tabular,clean_structural_candidate,src_debeef8daff7ffc7
cclex_a7f4b2d18dd333b8,Lime,7,להבין,capire (infinito),,0,100,solid_base_candidate,citizen_cafe_source_lineage|verified_tabular,clean_structural_candidate,src_0848f26fc02a0038
cclex_ba2f149f60ada965,Lime,7,אניזז,io (m.) - presente di muoversi,,0,100,solid_base_candidate,citizen_cafe_source_lineage|verified_tabular,clean_structural_candidate,src_2ddd11508231d308
cclex_7c2c9ddb7f4824ba,Lime,7,אתהמזמין,tu (m.) - presente di ordinare / invitare,,0,100,solid_base_candidate,citizen_cafe_source_lineage|verified_tabular,clean_structural_candidate,src_7acf960344833639
cclex_e8bc02d7b203f0a2,Lime,7,אנחנומאשר ים,noi (m.) - presente di confermare,,0,100,solid_base_candidate,citizen_cafe_source_lineage|verified_tabular,clean_structural_candidate,src_17678bb015b4e166
cclex_193d435e5335516c,Lime,7,אנחנונעמוד,noi - futuro di stare in piedi,,0,100,solid_base_candidate,citizen_cafe_source_lineage|verified_tabular,clean_structural_candidate,src_8a4b156d94b456ad
cclex_c1d9e06aa046f47b,Lime,7,אתהטיילת,tu (m.) - passato di viaggiare,,0,100,solid_base_candidate,citizen_cafe_source_lineage|verified_tabular,clean_structural_candidate,src_2f6f8b0f885466f7
cclex_f70c220a2a2f4f79,Lime,7,אתןמחליתות,voi (f.) - presente di decidere,,0,100,solid_base_candidate,citizen_cafe_source_lineage|verified_tabular,clean_structural_candidate,src_19ab7622fb3cea1e
cclex_4fe80d0b9ede8858,Lime,7,היאצילמה,lei - passato di fotografare,,0,100,solid_base_candidate,citizen_cafe_source_lineage|verified_tabular,clean_structural_candidate,src_51bca84c0d831f75
cclex_22856b308175d7d8,Lime,7,אניד יברת י,io - passato di parlare,,0,100,solid_base_candidate,citizen_cafe_source_lineage|verified_tabular,clean_structural_candidate,src_be9704c099080df8
cclex_0a0967c4abad70ed,Lime,7,אנימקליטה,io (f.) - presente di registrare,,0,100,solid_base_candidate,citizen_cafe_source_lineage|verified_tabular,clean_structural_candidate,src_b2baba8348a5899e
cclex_241c648bfef10f22,Lime,7,אנחנוהרגשנו,noi - passato di sentirsi,,0,100,solid_base_candidate,citizen_cafe_source_lineage|verified_tabular,clean_structural_candidate,src_73f08ddc3b3da4cc
cclex_b3dcf905049f51c2,Lime,7,לאכול,mangiare (infinito),,0,100,solid_base_candidate,citizen_cafe_source_lineage|verified_tabular,clean_structural_candidate,src_6af475fc6ccd132b
cclex_05aedc7b2be362e9,Lime,7,אתהמבין,tu (m.) - presente di capire,,0,100,solid_base_candidate,citizen_cafe_source_lineage|verified_tabular,clean_structural_candidate,src_9bc2bbeab82f7973
cclex_a5a8ebce331ddb72,Lime,7,היאתעד יף,lei - futuro di preferire,,0,100,solid_base_candidate,citizen_cafe_source_lineage|verified_tabular,clean_structural_candidate,src_c3613a1407d6b120
cclex_be75fd71ea7ff32d,Lime,7,אניאתגעגע,io - futuro di perdere / mancare,,0,100,solid_base_candidate,citizen_cafe_source_lineage|verified_tabular,clean_structural_candidate,src_b380af514759e241
cclex_9f40a42a1ef39e2d,Lime,7,אתםטסת ם,voi (m.) - passato di volare,,0,100,solid_base_candidate,citizen_cafe_source_lineage|verified_tabular,clean_structural_candidate,src_5c6c9e13a9699e12
cclex_5db752bb7638d7f6,Lime,7,אנחנונרצה,noi - futuro di volere,,0,100,solid_base_candidate,citizen_cafe_source_lineage|verified_tabular,clean_structural_candidate,src_49d300b346318947
cclex_dd8c964f8b60e3d1,Lime,7,אתתנשנשי,tu (f.) - futuro di fare uno spuntino,,0,100,solid_base_candidate,citizen_cafe_source_lineage|verified_tabular,clean_structural_candidate,src_8a9293f26185adf3
cclex_e53ab2e99218d52c,Lime,7,אנחנועלינו,noi - passato di salire / costare,,0,100,solid_base_candidate,citizen_cafe_source_lineage|verified_tabular,clean_structural_candidate,src_41e1ba591d51c369
cclex_a561e1bc2b265ae7,Lime,7,הןיתחילו/הם,loro - futuro di iniziare,,0,100,solid_base_candidate,citizen_cafe_source_lineage|verified_tabular,clean_structural_candidate,src_258467fc451f381d
cclex_e69aa58dcef2c172,Lime,7,אתתעלי,tu (f.) - futuro di salire / costare,,0,100,solid_base_candidate,citizen_cafe_source_lineage|verified_tabular,clean_structural_candidate,src_f5c29e093b2a5b08
cclex_463c064ea0c7fa03,Lime,7,אניהחלטת י,io - passato di decidere,,0,100,solid_base_candidate,citizen_cafe_source_lineage|verified_tabular,clean_structural_candidate,src_371a1e17a6799ce0
cclex_508f17b26efc0485,Lime,7,אנחנומצליחות,noi (f.) - passato di riuscire,,0,100,solid_base_candidate,citizen_cafe_source_lineage|verified_tabular,clean_structural_candidate,src_cbbd43904ce10b79
cclex_c8367991f6f0d01c,Lime,7,אניאר ד,io - futuro di scendere,,0,100,solid_base_candidate,citizen_cafe_source_lineage|verified_tabular,clean_structural_candidate,src_3685d53d79c5df6b
cclex_f87b94616eeb17c7,Lime,7,אתהקיווית,tu (m.) - passato di sperare,,0,100,solid_base_candidate,citizen_cafe_source_lineage|verified_tabular,clean_structural_candidate,src_92e2d7685f1774d8
cclex_ee7d6eff5e211aee,Lime,7,היאתת ן,lei - futuro di dare,,0,100,solid_base_candidate,citizen_cafe_source_lineage|verified_tabular,clean_structural_candidate,src_60fe4614151dae67
cclex_f4ba9abc47891da3,Lime,7,אנימשתמשת,io (f.) - presente di usare,,0,100,solid_base_candidate,citizen_cafe_source_lineage|verified_tabular,clean_structural_candidate,src_422d281fa97a2868
cclex_4ec6cc674be01ed1,Lime,7,הן סומכות,loro (f.) - presente di fidarsi,,0,100,solid_base_candidate,citizen_cafe_source_lineage|verified_tabular,clean_structural_candidate,src_1e055c8b46788bf3
cclex_6fd7d6fd994e9af5,Lime,7,אתעלית,tu (f.) - passato di salire / costare,,0,100,solid_base_candidate,citizen_cafe_source_lineage|verified_tabular,clean_structural_candidate,src_9c707ee2ec712b2d
cclex_33ec04f697bcf6eb,Lime,7,הםנזכר ים,loro (m.) - presente di ricordarsi finalmente,,0,100,solid_base_candidate,citizen_cafe_source_lineage|verified_tabular,clean_structural_candidate,src_b6f7d8309d8d2516
cclex_f76b44311222519b,Lime,7,הואישת ה,lui - futuro di bere,,0,100,solid_base_candidate,citizen_cafe_source_lineage|verified_tabular,clean_structural_candidate,src_aa7696ae69a14442
cclex_2f4761afb93f28fa,Lime,7,אתןתר או/אתם,voi - futuro di vedere,,0,100,solid_base_candidate,citizen_cafe_source_lineage|verified_tabular,clean_structural_candidate,src_82e930be877aeceb
cclex_707a0b987d5e4822,Lime,7,אנישמת י,io - passato di mettere,,0,100,solid_base_candidate,citizen_cafe_source_lineage|verified_tabular,clean_structural_candidate,src_06595b049110f4b4
cclex_d7df88fb21a03c5c,Lime,7,אתהמשתמש,tu (m.) - presente di usare,,0,100,solid_base_candidate,citizen_cafe_source_lineage|verified_tabular,clean_structural_candidate,src_f71a5c2afad7e8b5
cclex_28afecfa8dcc7865,Lime,7,הואעבד,lui - passato di lavorare,,0,100,solid_base_candidate,citizen_cafe_source_lineage|verified_tabular,clean_structural_candidate,src_ea6ac6dde47648fe
cclex_c13f98ac7575a052,Lime,7,אתןהקשבת ן,voi (f.) - passato di ascoltare / fare attenzione,,0,100,solid_base_candidate,citizen_cafe_source_lineage|verified_tabular,clean_structural_candidate,src_5e4336c64906735a
cclex_8481c35f0e0ec9ff,Lime,7,אתהמנקה,tu (m.) - presente di pulire,,0,100,solid_base_candidate,citizen_cafe_source_lineage|verified_tabular,clean_structural_candidate,src_a62aef8e7aa7dc7a
cclex_a42666aa9df54188,Lime,7,אתןתבינו/אתם,voi - futuro di capire,,0,100,solid_base_candidate,citizen_cafe_source_lineage|verified_tabular,clean_structural_candidate,src_8ab5a6825f88fc36
cclex_d8467294d012cd01,Lime,7,אנחנונעלה,noi - futuro di salire / costare,,0,100,solid_base_candidate,citizen_cafe_source_lineage|verified_tabular,clean_structural_candidate,src_c73adf2373a2828c
cclex_b6fa566bfebbe7dd,Lime,7,אתהקנית,tu (m.) - passato di comprare,,0,100,solid_base_candidate,citizen_cafe_source_lineage|verified_tabular,clean_structural_candidate,src_76099c70e4d9a7ed
cclex_2149cc787d637740,Lime,7,הואיפנה,lui - futuro di liberare / sgomberare,,0,100,solid_base_candidate,citizen_cafe_source_lineage|verified_tabular,clean_structural_candidate,src_a465bbd21d8fd7ec
cclex_b88d9933960972ad,Lime,7,הואלקח,lui - passato di prendere,,0,100,solid_base_candidate,citizen_cafe_source_lineage|verified_tabular,clean_structural_candidate,src_a05b1d941abea1f3
cclex_f2ff4f6e22995cb6,Lime,7,אתלקחת,tu (f.) - passato di prendere,,0,100,solid_base_candidate,citizen_cafe_source_lineage|verified_tabular,clean_structural_candidate,src_c9a9130ca20df255
cclex_859bcdf670955f18,Lime,7,אתתרצי,tu (f.) - futuro di volere,,0,100,solid_base_candidate,citizen_cafe_source_lineage|verified_tabular,clean_structural_candidate,src_eb62ddba8e0bb63f
cclex_f38579dcb3bb612f,Lime,7,אתההבנת,tu (m.) - passato di capire,,0,100,solid_base_candidate,citizen_cafe_source_lineage|verified_tabular,clean_structural_candidate,src_92608924bc6a6173
cclex_fb26fd7f6d44ef2c,Lime,7,הןיכבו/הם,loro - futuro di spegnere,,0,100,solid_base_candidate,citizen_cafe_source_lineage|verified_tabular,clean_structural_candidate,src_ad444ff75c6c5d3a
cclex_ae6e1371110388aa,Lime,7,אניעשית י,io - passato di fare,,0,100,solid_base_candidate,citizen_cafe_source_lineage|verified_tabular,clean_structural_candidate,src_436edd83d14508ec
cclex_25ba970e2a5ff5e3,Lime,7,אניחזרת י,io - passato di ripetere / tornare,,0,100,solid_base_candidate,citizen_cafe_source_lineage|verified_tabular,clean_structural_candidate,src_d91e5c293ed99ab5
cclex_d9ddf362266f67e7,Lime,7,היאתעדכן,lei - futuro di aggiornare,,0,100,solid_base_candidate,citizen_cafe_source_lineage|verified_tabular,clean_structural_candidate,src_ddda165d389eb599
cclex_48e8f48b79bd9120,Lime,7,אתםחשבת ם,voi (m.) - passato di pensare,,0,100,solid_base_candidate,citizen_cafe_source_lineage|verified_tabular,clean_structural_candidate,src_35b8126546e7a3eb
cclex_27a5fcdf5d30cc00,Lime,7,אתןמשנות,voi (f.) - presente di cambiare,,0,100,solid_base_candidate,citizen_cafe_source_lineage|verified_tabular,clean_structural_candidate,src_fc3f353848521346
cclex_95f91c717eb212a2,Lime,7,אתתבשלי,tu (f.) - futuro di cucinare,,0,100,solid_base_candidate,citizen_cafe_source_lineage|verified_tabular,clean_structural_candidate,src_8328f2f10d6e25a2
cclex_1fa8877f02b4b6cf,Lime,7,אתם בודקים,voi (m.) - presente di controllare,,0,100,solid_base_candidate,citizen_cafe_source_lineage|verified_tabular,clean_structural_candidate,src_f4bac517adb4fafd
cclex_75aa2e8cdc30a9d7,Lime,7,היאתשחק,lei - futuro di giocare / suonare,,0,100,solid_base_candidate,citizen_cafe_source_lineage|verified_tabular,clean_structural_candidate,src_779c36b2d48e89b0
cclex_a05c3934a3e65bb2,Lime,7,אתהתלך,tu (m.) - futuro di andare,,0,100,solid_base_candidate,citizen_cafe_source_lineage|verified_tabular,clean_structural_candidate,src_66a66e2961198e08
cclex_0f05cb8fdb57e2ab,Lime,7,אתםצילמת ם,voi (m.) - passato di fotografare,,0,100,solid_base_candidate,citizen_cafe_source_lineage|verified_tabular,clean_structural_candidate,src_9af52b647a1cb8a1
cclex_c87d97f4b60b1cd7,Lime,7,אתעשית,tu (f.) - passato di fare,,0,100,solid_base_candidate,citizen_cafe_source_lineage|verified_tabular,clean_structural_candidate,src_3b5dd45c25340791
cclex_9844eb285e7e43aa,Lime,7,הואמקבל,lui - presente di ricevere,,0,100,solid_base_candidate,citizen_cafe_source_lineage|verified_tabular,clean_structural_candidate,src_5814b1ff2c603818
cclex_b863603f68aab9d5,Lime,7,אנחנונחכה,noi - futuro di aspettare,,0,100,solid_base_candidate,citizen_cafe_source_lineage|verified_tabular,clean_structural_candidate,src_8cb7e258a3fe3620
cclex_52958e73949b4273,Lime,7,אנחנוראינו,noi - passato di vedere,,0,100,solid_base_candidate,citizen_cafe_source_lineage|verified_tabular,clean_structural_candidate,src_ed0abbeb785b1bba
cclex_bf624b91a8da79c0,Lime,7,אניאקליט,io - futuro di registrare,,0,100,solid_base_candidate,citizen_cafe_source_lineage|verified_tabular,clean_structural_candidate,src_c676289ba7b51963
cclex_750d3dd2ff605625,Lime,7,אנחנו סומכות,noi (f.) - presente di fidarsi,,0,100,solid_base_candidate,citizen_cafe_source_lineage|verified_tabular,clean_structural_candidate,src_bc2a04d13c48b1c3
cclex_fe934173af5c7a9b,Lime,7,אתןעבדת ן,voi (f.) - passato di lavorare,,0,100,solid_base_candidate,citizen_cafe_source_lineage|verified_tabular,clean_structural_candidate,src_7bd80c0f8c8b3902
cclex_b39caf7803b91ac8,Lime,7,אתהתלמד,tu (m.) - futuro di studiare,,0,100,solid_base_candidate,citizen_cafe_source_lineage|verified_tabular,clean_structural_candidate,src_fab58914eab0dda4
cclex_bf6a926d6ef1ccb4,Lime,7,אנינשארת י,io - passato di rimanere / restare,,0,100,solid_base_candidate,citizen_cafe_source_lineage|verified_tabular,clean_structural_candidate,src_71e4d626259514d5
cclex_df5be958f5a08820,Lime,7,הןיגזימו/הם,loro - futuro di esagerare,,0,100,solid_base_candidate,citizen_cafe_source_lineage|verified_tabular,clean_structural_candidate,src_409c07fda9c0e830
cclex_5a0800de2b389f3b,Lime,7,אתתשת י,tu (f.) - futuro di bere,,0,100,solid_base_candidate,citizen_cafe_source_lineage|verified_tabular,clean_structural_candidate,src_0de387c7703f2e10
cclex_8f724b08f2785710,Lime,7,אנימכבה,io (f.) - presente di spegnere,,0,100,solid_base_candidate,citizen_cafe_source_lineage|verified_tabular,clean_structural_candidate,src_d1d0fdbd9a3a01eb
cclex_fff0a4bab30128f0,Lime,7,הםמעדכנים,loro (m.) - presente di aggiornare,,0,100,solid_base_candidate,citizen_cafe_source_lineage|verified_tabular,clean_structural_candidate,src_edbe027b882f583e
cclex_fb8478a26db675b6,Lime,7,הןחזרו/הם,loro - passato di ripetere / tornare,,0,100,solid_base_candidate,citizen_cafe_source_lineage|verified_tabular,clean_structural_candidate,src_0440fb785d9edd3c
cclex_b168771158d5c375,Lime,7,אתןנזכרת ן,voi (f.) - passato di ricordarsi finalmente,,0,100,solid_base_candidate,citizen_cafe_source_lineage|verified_tabular,clean_structural_candidate,src_469e9758a93d4da0
cclex_e91bd9eb72951d7d,Lime,7,אתת זוזי,tu (f.) - futuro di muoversi,,0,100,solid_base_candidate,citizen_cafe_source_lineage|verified_tabular,clean_structural_candidate,src_f3f8e0c091e2be5c
cclex_54fa0f52d31fcbef,Lime,7,אתםד יברת ם,voi (m.) - passato di parlare,,0,100,solid_base_candidate,citizen_cafe_source_lineage|verified_tabular,clean_structural_candidate,src_bf2b2b4b74e91402
cclex_290ec534cf1c1d73,Lime,7,הןמסיימות,loro (f.) - presente di finire,,0,100,solid_base_candidate,citizen_cafe_source_lineage|verified_tabular,clean_structural_candidate,src_ebcdf6176e8ff63b
cclex_cb469dd4c52d456e,Lime,7,אני סומך,io (m.) - presente di fidarsi,,0,100,solid_base_candidate,citizen_cafe_source_lineage|verified_tabular,clean_structural_candidate,src_528ffbc9b95580f0
cclex_e43193d09c60c0ac,Lime,7,הןר צו/הם,loro - passato di volere,,0,100,solid_base_candidate,citizen_cafe_source_lineage|verified_tabular,clean_structural_candidate,src_c5d557727ffe89e4
cclex_a43ef0b305a17334,Lime,7,את יוצאת,tu (f.) - presente di uscire,,0,100,solid_base_candidate,citizen_cafe_source_lineage|verified_tabular,clean_structural_candidate,src_6351168735fdd869
cclex_92de996add23a813,Lime,7,אתתזכר י,tu (f.) - futuro di ricordare,,0,100,solid_base_candidate,citizen_cafe_source_lineage|verified_tabular,clean_structural_candidate,src_dd7dba2d6df9701e
cclex_4ea0d5da7639fdb9,Lime,7,אתהעדפת,tu (f.) - passato di preferire,,0,100,solid_base_candidate,citizen_cafe_source_lineage|verified_tabular,clean_structural_candidate,src_50d1d282d8551287
cclex_94520072efa5ae12,Lime,7,אתם יורד ים,voi (m.) - presente di scendere,,0,100,solid_base_candidate,citizen_cafe_source_lineage|verified_tabular,clean_structural_candidate,src_39a4aa3ed7d4e117
cclex_bea43905efb808b7,Lime,7,הן קונות,loro (f.) - presente di comprare,,0,100,solid_base_candidate,citizen_cafe_source_lineage|verified_tabular,clean_structural_candidate,src_0f2e21cad77c72f3
cclex_89ca476473e77b51,Lime,7,אתתצליחי,tu (f.) - futuro di riuscire,,0,100,solid_base_candidate,citizen_cafe_source_lineage|verified_tabular,clean_structural_candidate,src_96faf7e274055ce2
cclex_23527a1a6b4dc5ec,Lime,7,אתמעד יפה,tu (f.) - presente di preferire,,0,100,solid_base_candidate,citizen_cafe_source_lineage|verified_tabular,clean_structural_candidate,src_16cc453ab19a210f
cclex_981875c6f75384ef,Lime,7,לזרום,fluire (infinito),,1,100,solid_base_candidate,citizen_cafe_source_lineage|streetwise_context_match|verified_tabular,clean_structural_candidate,src_810fec8d5ac68a1e
cclex_330b471e7e4a566b,Lime,7,הם שולחים,loro (m.) - presente di mandare,,0,100,solid_base_candidate,citizen_cafe_source_lineage|verified_tabular,clean_structural_candidate,src_fad360016ec7a8a0
cclex_8d888003a2a7445e,Lime,7,אתתקווי,tu (f.) - futuro di sperare,,0,100,solid_base_candidate,citizen_cafe_source_lineage|verified_tabular,clean_structural_candidate,src_b316e7fedecddfe8
cclex_61013dcbb60e8f79,Lime,7,אנחנונשחה,noi - futuro di nuotare,,0,100,solid_base_candidate,citizen_cafe_source_lineage|verified_tabular,clean_structural_candidate,src_8c7e4d5fc3581f93
cclex_8cee4172266f104b,Lime,7,אנינפגשת,io (f.) - presente di incontrarsi con,,0,100,solid_base_candidate,citizen_cafe_source_lineage|verified_tabular,clean_structural_candidate,src_573f8260f06768df
cclex_ba74d1871af0af74,Lime,7,הם חוזר ים,loro (m.) - presente di ripetere / tornare,,0,100,solid_base_candidate,citizen_cafe_source_lineage|verified_tabular,clean_structural_candidate,src_0264fa627cea6644
cclex_a61f09bf78521f9d,Lime,7,היאתחכה,lei - futuro di aspettare,,0,100,solid_base_candidate,citizen_cafe_source_lineage|verified_tabular,clean_structural_candidate,src_e337569d193f5ec4
cclex_a836412ba54aae33,Lime,7,אתהתסיים,tu (m.) - futuro di finire,,0,100,solid_base_candidate,citizen_cafe_source_lineage|verified_tabular,clean_structural_candidate,src_1a321de9402ce5ce
cclex_c1d80a5047951e70,Lime,7,הןישכחו/הם,loro - futuro di dimenticare,,0,100,solid_base_candidate,citizen_cafe_source_lineage|verified_tabular,clean_structural_candidate,src_1d05239bd8f36f27
cclex_97820a1d803affb7,Lime,7,הןמפסיקות,loro (f.) - presente di fermarsi / smettere,,0,100,solid_base_candidate,citizen_cafe_source_lineage|verified_tabular,clean_structural_candidate,src_fa9de1c40e6e0a8f
cclex_54e0674fb92672fd,Lime,7,לזכור,ricordare (infinito),,1,100,solid_base_candidate,citizen_cafe_source_lineage|streetwise_context_match|verified_tabular,clean_structural_candidate,src_6683cbd513b3401c
cclex_2fef74baee975aa4,Lime,7,אתם סומכים,voi (m.) - presente di fidarsi,,0,100,solid_base_candidate,citizen_cafe_source_lineage|verified_tabular,clean_structural_candidate,src_a5f3f74e7b51fde0
cclex_b85037400ce01b3f,Lime,7,אתם יודעים,voi (m.) - presente di sapere / conoscere,,3,100,solid_base_candidate,citizen_cafe_source_lineage|streetwise_context_match|verified_tabular,clean_structural_candidate,src_bd487f7c3db50f85
cclex_6c3357351cceaa3f,Lime,7,אתבאת,tu (f.) - passato di venire,,0,100,solid_base_candidate,citizen_cafe_source_lineage|verified_tabular,clean_structural_candidate,src_a4957a2bba9ecdc8
cclex_ae42b828d6ca54e3,Lime,7,אתהתאשר,tu (m.) - futuro di confermare,,0,100,solid_base_candidate,citizen_cafe_source_lineage|verified_tabular,clean_structural_candidate,src_5403f6bb34567a67
cclex_35ddea63d72aab6b,Lime,7,הםמנשנשים,loro (m.) - presente di fare uno spuntino,,0,100,solid_base_candidate,citizen_cafe_source_lineage|verified_tabular,clean_structural_candidate,src_7ea2efbcd22a643e
cclex_bf8f4677425a074c,Lime,7,אתםמנקים,voi (m.) - presente di pulire,,0,100,solid_base_candidate,citizen_cafe_source_lineage|verified_tabular,clean_structural_candidate,src_6b6bcef609ee4d59
cclex_c5e9f2564afd4c0a,Lime,7,אנימנקה,io (f.) - presente di pulire,,0,100,solid_base_candidate,citizen_cafe_source_lineage|verified_tabular,clean_structural_candidate,src_55e876d17867d3e5
cclex_1c03f6836ec54280,Lime,7,הןמקבלות,loro (f.) - presente di ricevere,,0,100,solid_base_candidate,citizen_cafe_source_lineage|verified_tabular,clean_structural_candidate,src_7f116f05f8584198
cclex_3f5ad72af3efb523,Lime,7,אתההתחלת,tu (m.) - passato di iniziare,,0,100,solid_base_candidate,citizen_cafe_source_lineage|verified_tabular,clean_structural_candidate,src_4cb5ed5bc33fa531
cclex_47cae48c5f5ec204,Lime,7,היאתזרום,lei - futuro di fluire,,0,100,solid_base_candidate,citizen_cafe_source_lineage|verified_tabular,clean_structural_candidate,src_bd555ed880358b96
cclex_d2a5bc227d20810f,Lime,7,אתה רוצה,tu (m.) - presente di volere,,5,100,solid_base_candidate,citizen_cafe_source_lineage|streetwise_context_match|verified_tabular,clean_structural_candidate,src_348e22382860d776
cclex_651c98826f827b15,Lime,7,אתןמבשלות,voi (f.) - presente di cucinare,,0,100,solid_base_candidate,citizen_cafe_source_lineage|verified_tabular,clean_structural_candidate,src_204efa9ef5d8967a
cclex_f133902cf8c90c18,Lime,7,אתתבטלי,tu (f.) - futuro di annullare,,0,100,solid_base_candidate,citizen_cafe_source_lineage|verified_tabular,clean_structural_candidate,src_658ac4a8b17d13a7
cclex_620fa2a49dda7e28,Lime,7,אני נות ן,io (m.) - presente di dare,,0,100,solid_base_candidate,citizen_cafe_source_lineage|verified_tabular,clean_structural_candidate,src_d2bab97877db018d
cclex_32c012fef01b8eae,Lime,7,הן יושבות,loro (f.) - presente di sedersi,,0,100,solid_base_candidate,citizen_cafe_source_lineage|verified_tabular,clean_structural_candidate,src_b3dec24b835c6fe1
cclex_3e46906599b59625,Lime,7,הוא בוד ק,lui - presente di controllare,,0,100,solid_base_candidate,citizen_cafe_source_lineage|verified_tabular,clean_structural_candidate,src_601af26638f515d5
cclex_3b3dd2f1744e74ec,Lime,7,אתהתד ע,tu (m.) - futuro di sapere / conoscere,,0,100,solid_base_candidate,citizen_cafe_source_lineage|verified_tabular,clean_structural_candidate,src_ff17044bbeb0b212
cclex_f7dd732e836ebfa5,Lime,7,אתןתשתו/אתם,voi - futuro di bere,,0,100,solid_base_candidate,citizen_cafe_source_lineage|verified_tabular,clean_structural_candidate,src_ca177d8456906ff3
cclex_f5b5addbecda0062,Lime,7,אניאטוס,io - futuro di volare,,0,100,solid_base_candidate,citizen_cafe_source_lineage|verified_tabular,clean_structural_candidate,src_8c4762dbef404651
cclex_2f2fc41cbf075c13,Lime,7,היאתעמוד,lei - futuro di stare in piedi,,0,100,solid_base_candidate,citizen_cafe_source_lineage|verified_tabular,clean_structural_candidate,src_750d6784fad45b09
cclex_3b03c5cae82e48a7,Lime,7,אנימחפש,io (m.) - presente di cercare,,0,100,solid_base_candidate,citizen_cafe_source_lineage|verified_tabular,clean_structural_candidate,src_9c452d9ff34c2505
cclex_6134c4daa71a16b1,Lime,7,אתהמסתכל,tu (m.) - presente di guardare,,0,100,solid_base_candidate,citizen_cafe_source_lineage|verified_tabular,clean_structural_candidate,src_ca3faa234a893031
cclex_c7fa4bb76e473886,Lime,7,הן זור מות,loro (f.) - presente di fluire,,0,100,solid_base_candidate,citizen_cafe_source_lineage|verified_tabular,clean_structural_candidate,src_870fe7195298e332
cclex_703802643db3b138,Lime,7,אנינשאר ת,io (f.) - presente di rimanere / restare,,0,100,solid_base_candidate,citizen_cafe_source_lineage|verified_tabular,clean_structural_candidate,src_81b137d001c92be3
cclex_eaa5555dc65307e8,Lime,7,הןמגזימות,loro (f.) - presente di esagerare,,0,100,solid_base_candidate,citizen_cafe_source_lineage|verified_tabular,clean_structural_candidate,src_d282c85b397fc98f
cclex_6cad6ab4c699c67a,Lime,7,אנימתקנת,io (f.) - presente di riparare / sistemare,,0,100,solid_base_candidate,citizen_cafe_source_lineage|verified_tabular,clean_structural_candidate,src_c2b3a4a388f84560
cclex_ed9920437776ac19,Lime,7,הןמתקנות,loro (f.) - presente di riparare / sistemare,,0,100,solid_base_candidate,citizen_cafe_source_lineage|verified_tabular,clean_structural_candidate,src_af7c86f8a0df14b3
cclex_d6dc49eaef330624,Lime,7,אנחנונר ד,noi - futuro di scendere,,0,100,solid_base_candidate,citizen_cafe_source_lineage|verified_tabular,clean_structural_candidate,src_70e2e54ea19849d7
cclex_dc3a937a9966bfb9,Lime,7,אני יור ד,io (m.) - presente di scendere,,0,100,solid_base_candidate,citizen_cafe_source_lineage|verified_tabular,clean_structural_candidate,src_2457a01c6d34e9b5
cclex_f6383db5fc860032,Lime,7,אנחנויכולים,noi (m.) - presente di potere,,0,100,solid_base_candidate,citizen_cafe_source_lineage|verified_tabular,clean_structural_candidate,src_48a6fa1e6f84c174
cclex_669bf1bce1d76ec2,Lime,7,אתתקליטי,tu (f.) - futuro di registrare,,0,100,solid_base_candidate,citizen_cafe_source_lineage|verified_tabular,clean_structural_candidate,src_05ae9030b068018b
cclex_0ca5b44b42a7c789,Lime,7,אתהמתקן,tu (m.) - presente di riparare / sistemare,,0,100,solid_base_candidate,citizen_cafe_source_lineage|verified_tabular,clean_structural_candidate,src_f7c4dedef64f3eef
cclex_cf196c810242999e,Lime,7,הואזכר,lui - passato di ricordare,,0,100,solid_base_candidate,citizen_cafe_source_lineage|verified_tabular,clean_structural_candidate,src_583b30a291fbf3eb
cclex_9d0d21a149b20be2,Lime,7,אתםמבשלים,voi (m.) - presente di cucinare,,0,100,solid_base_candidate,citizen_cafe_source_lineage|verified_tabular,clean_structural_candidate,src_e7332ba20f65c8ec
cclex_95569b7bd0c4a96f,Lime,7,אתהנתת,tu (m.) - passato di dare,,0,100,solid_base_candidate,citizen_cafe_source_lineage|verified_tabular,clean_structural_candidate,src_bb7723603847cf67
cclex_d53eb8d97f9a6f59,Lime,7,אתהתחלת,tu (f.) - passato di iniziare,,0,100,solid_base_candidate,citizen_cafe_source_lineage|verified_tabular,clean_structural_candidate,src_ad97ca3a52ea6544
cclex_6696c3730aeceb65,Lime,7,אניאתרגש,io - futuro di essere emozionato,,0,100,solid_base_candidate,citizen_cafe_source_lineage|verified_tabular,clean_structural_candidate,src_7995b1f94692233e
cclex_4bedb1a567405ada,Lime,7,אנחנורצינו,noi - passato di volere,,0,100,solid_base_candidate,citizen_cafe_source_lineage|verified_tabular,clean_structural_candidate,src_1ddbd729cf719294
cclex_e4f8cb28479cd55a,Lime,7,הןיעד יפו/הם,loro - futuro di preferire,,0,100,solid_base_candidate,citizen_cafe_source_lineage|verified_tabular,clean_structural_candidate,src_5ed870b6666cdd53
cclex_16b1337259c1eceb,Lime,7,הןשינו/הם,loro - passato di cambiare,,0,100,solid_base_candidate,citizen_cafe_source_lineage|verified_tabular,clean_structural_candidate,src_65e4059cc10339d0
cclex_669fea5fc9169942,Lime,7,הואניקה,lui - passato di pulire,,0,100,solid_base_candidate,citizen_cafe_source_lineage|verified_tabular,clean_structural_candidate,src_7e8d36c76cb77662
cclex_70fc0c60bac506ba,Lime,7,היאאישר ה,lei - passato di confermare,,0,100,solid_base_candidate,citizen_cafe_source_lineage|verified_tabular,clean_structural_candidate,src_3f28d8b1d4d41bf3
cclex_3c08ba054df28e72,Lime,7,הןמתחילות,loro (f.) - presente di iniziare,,0,100,solid_base_candidate,citizen_cafe_source_lineage|verified_tabular,clean_structural_candidate,src_11a50a60551065e2
cclex_e96be3adc2b964f4,Lime,7,אתמעדכנת,tu (f.) - presente di aggiornare,,0,100,solid_base_candidate,citizen_cafe_source_lineage|verified_tabular,clean_structural_candidate,src_8b284bafa9fcb404
cclex_b42f048bb8c432bc,Lime,7,אתבדקת,tu (f.) - passato di controllare,,0,100,solid_base_candidate,citizen_cafe_source_lineage|verified_tabular,clean_structural_candidate,src_17306e7bf0c88be7
cclex_4fd49fa5125e5328,Lime,7,אתהמעדכן,tu (m.) - presente di aggiornare,,0,100,solid_base_candidate,citizen_cafe_source_lineage|verified_tabular,clean_structural_candidate,src_c0a57065ef5c402e
cclex_5cfa47cf0433071a,Lime,7,אניהסתכלת י,io - passato di guardare,,0,100,solid_base_candidate,citizen_cafe_source_lineage|verified_tabular,clean_structural_candidate,src_62f289d97452b52c
cclex_8f10e4ce22ed95cd,Lime,7,אתןנשארות,voi (f.) - presente di rimanere / restare,,0,100,solid_base_candidate,citizen_cafe_source_lineage|verified_tabular,clean_structural_candidate,src_47340ab93fdbf349
cclex_b0a5d9a7261369c7,Lime,7,אתהקם,tu (m.) - presente di alzarsi,,0,100,solid_base_candidate,citizen_cafe_source_lineage|verified_tabular,clean_structural_candidate,src_e5fe03e6b12b71a8
cclex_e6128f00d01a0760,Lime,7,אתןמחכות,voi (f.) - presente di aspettare,,0,100,solid_base_candidate,citizen_cafe_source_lineage|verified_tabular,clean_structural_candidate,src_62d164321f8fecd9
cclex_7720e897b1883951,Lime,7,אני זורמת,io (f.) - presente di fluire,,0,100,solid_base_candidate,citizen_cafe_source_lineage|verified_tabular,clean_structural_candidate,src_5dcc0721a52826e9
cclex_12ad7c9c4dc7e56b,Lime,7,אתןתקשיבו/אתם,voi - futuro di ascoltare / fare attenzione,,0,100,solid_base_candidate,citizen_cafe_source_lineage|verified_tabular,clean_structural_candidate,src_ed78adf72cd489cb
cclex_d5aa83ec77a85ff2,Lime,7,הואחזר,lui - passato di ripetere / tornare,,0,100,solid_base_candidate,citizen_cafe_source_lineage|verified_tabular,clean_structural_candidate,src_a48d8187bee74a6a
cclex_973747d33a26a987,Lime,7,הןקנו/הם,loro - passato di comprare,,0,100,solid_base_candidate,citizen_cafe_source_lineage|verified_tabular,clean_structural_candidate,src_852681afa70f37f8
cclex_aee6925a60d214a8,Lime,7,אנימפסיק,io (m.) - presente di fermarsi / smettere,,0,100,solid_base_candidate,citizen_cafe_source_lineage|verified_tabular,clean_structural_candidate,src_06de70c714ea4be5
cclex_95d3d75e25e21f1f,Lime,7,אתהתקשיב,tu (m.) - futuro di ascoltare / fare attenzione,,0,100,solid_base_candidate,citizen_cafe_source_lineage|verified_tabular,clean_structural_candidate,src_e50759876b4d64ca
cclex_f3c873efcc25a27f,Lime,7,אתמנשנשת,tu (f.) - presente di fare uno spuntino,,0,100,solid_base_candidate,citizen_cafe_source_lineage|verified_tabular,clean_structural_candidate,src_44dd6236cf27e466
cclex_4895e86a2394d156,Lime,7,אתםבאים,voi (m.) - presente di venire,,0,100,solid_base_candidate,citizen_cafe_source_lineage|verified_tabular,clean_structural_candidate,src_00a1342ca740a33c
cclex_45b79e986c8ec1e8,Lime,7,אתהנפגשת,tu (m.) - passato di incontrarsi con,,0,100,solid_base_candidate,citizen_cafe_source_lineage|verified_tabular,clean_structural_candidate,src_6e2f9ae56d91a928
cclex_1c5d5b28705e92aa,Lime,7,הןשתו/הם,loro - passato di bere,,0,100,solid_base_candidate,citizen_cafe_source_lineage|verified_tabular,clean_structural_candidate,src_f9132bbe59db9431
cclex_857fbdd9fea592aa,Lime,7,אנחנונכבה,noi - futuro di spegnere,,0,100,solid_base_candidate,citizen_cafe_source_lineage|verified_tabular,clean_structural_candidate,src_822a7b36bd936889
cclex_123cb4c4a74e22a4,Lime,7,אניאגזים,io - futuro di esagerare,,0,100,solid_base_candidate,citizen_cafe_source_lineage|verified_tabular,clean_structural_candidate,src_0a382350e00021d8
cclex_8bece96db85279ae,Lime,7,אתםשמת ם,voi (m.) - passato di mettere,,0,100,solid_base_candidate,citizen_cafe_source_lineage|verified_tabular,clean_structural_candidate,src_0e166a19cf109f2c
cclex_45e8db02a2ed2fa7,Lime,7,אתהזרמת,tu (m.) - passato di fluire,,0,100,solid_base_candidate,citizen_cafe_source_lineage|verified_tabular,clean_structural_candidate,src_f7f492342c1f8a37
cclex_781d9a98bad4ef1a,Lime,7,אתןתחשבו/אתם,voi - futuro di pensare,,0,100,solid_base_candidate,citizen_cafe_source_lineage|verified_tabular,clean_structural_candidate,src_34d888b86f4a3fa0
cclex_ebc3b037ac82eba9,Lime,7,אניאשת ה,io - futuro di bere,,0,100,solid_base_candidate,citizen_cafe_source_lineage|verified_tabular,clean_structural_candidate,src_bcac11e8e14749f5
cclex_38c4a4c6d3d24ad5,Lime,7,אתןת יקנת ן,voi (f.) - passato di riparare / sistemare,,0,100,solid_base_candidate,citizen_cafe_source_lineage|verified_tabular,clean_structural_candidate,src_df667bc4265e9815
cclex_89b73879f5bf824e,Lime,7,אנחנומכבים,noi (m.) - presente di spegnere,,0,100,solid_base_candidate,citizen_cafe_source_lineage|verified_tabular,clean_structural_candidate,src_04d27df2f229cffa
cclex_0d68b1886b8091ae,Lime,7,אנחנוצילמנו,noi - passato di fotografare,,0,100,solid_base_candidate,citizen_cafe_source_lineage|verified_tabular,clean_structural_candidate,src_fc032a2bb0d90d4f
cclex_05c58bcb8cd323ed,Lime,7,אניהצלחת י,io - passato di riuscire,,0,100,solid_base_candidate,citizen_cafe_source_lineage|verified_tabular,clean_structural_candidate,src_2ecee974f0a253b8
cclex_664fd4330b54069b,Lime,7,אתתחליטי,tu (f.) - futuro di decidere,,0,100,solid_base_candidate,citizen_cafe_source_lineage|verified_tabular,clean_structural_candidate,src_5ba5d9193a4595fc
cclex_62220ed7c02e05dd,Lime,7,הואיראה,lui - futuro di vedere,,0,100,solid_base_candidate,citizen_cafe_source_lineage|verified_tabular,clean_structural_candidate,src_746dbba782997823
cclex_a810f66ae8616e20,Lime,7,אתםשיחקת ם,voi (m.) - passato di giocare / suonare,,0,100,solid_base_candidate,citizen_cafe_source_lineage|verified_tabular,clean_structural_candidate,src_7394b6f67fc837c8
cclex_af07276e7663c92c,Lime,7,היא תוכל,lei - futuro di potere,,0,100,solid_base_candidate,citizen_cafe_source_lineage|verified_tabular,clean_structural_candidate,src_da4232c02a46a54e
cclex_1bddb23f64bc74ed,Lime,7,אתתדאגי,tu (f.) - futuro di preoccuparsi,,0,100,solid_base_candidate,citizen_cafe_source_lineage|verified_tabular,clean_structural_candidate,src_463f183ac61b44fc
cclex_eb2e6ee779ad2fb3,Lime,7,הואיסתכל,lui - futuro di guardare,,0,100,solid_base_candidate,citizen_cafe_source_lineage|verified_tabular,clean_structural_candidate,src_a9a7340a76b2b07d
cclex_b3052a5a9f0ce5c2,Lime,7,אתןטסת ן,voi (f.) - passato di volare,,0,100,solid_base_candidate,citizen_cafe_source_lineage|verified_tabular,clean_structural_candidate,src_d2b0470f77e57407
cclex_4851cfab589f4a7e,Lime,7,אתןחשבת ן,voi (f.) - passato di pensare,,0,100,solid_base_candidate,citizen_cafe_source_lineage|verified_tabular,clean_structural_candidate,src_ffd40415cc0ee7bb
cclex_a25435d1c1d452aa,Lime,7,אנחנומתקנים,noi (m.) - presente di riparare / sistemare,,0,100,solid_base_candidate,citizen_cafe_source_lineage|verified_tabular,clean_structural_candidate,src_e6d436f4758cf47f
cclex_8207265d3338470f,Lime,7,אנחנומקליטות,noi (f.) - presente di registrare,,0,100,solid_base_candidate,citizen_cafe_source_lineage|verified_tabular,clean_structural_candidate,src_c1fc36a2beaad932
cclex_eb2718cce20dbc37,Lime,7,הואיכין,lui - futuro di preparare,,0,100,solid_base_candidate,citizen_cafe_source_lineage|verified_tabular,clean_structural_candidate,src_c81515c06f593dc3
cclex_3ca1d1e058b7ed93,Lime,7,הןישתו/הם,loro - futuro di bere,,0,100,solid_base_candidate,citizen_cafe_source_lineage|verified_tabular,clean_structural_candidate,src_fccabc55f38e5ae3
cclex_c86af600564e037a,Lime,7,אתהשוחה,tu (m.) - presente di nuotare,,0,100,solid_base_candidate,citizen_cafe_source_lineage|verified_tabular,clean_structural_candidate,src_75cfe7163cdf192b
cclex_476e2507a92d44f9,Lime,7,אנחנונפגשים,noi (m.) - presente di incontrarsi con,,0,100,solid_base_candidate,citizen_cafe_source_lineage|verified_tabular,clean_structural_candidate,src_de7e7aa4b700c0b3
cclex_471b360418701a59,Lime,7,אניאימנת י,io - passato di allenarsi,,0,100,solid_base_candidate,citizen_cafe_source_lineage|verified_tabular,clean_structural_candidate,src_990d9c06cbb50413
cclex_5d1ce8d99d3418ec,Lime,7,אתהצילמת,tu (m.) - passato di fotografare,,0,100,solid_base_candidate,citizen_cafe_source_lineage|verified_tabular,clean_structural_candidate,src_177b33e4e6e0a70b
cclex_d00d872b490fffc5,Lime,7,הןת יקנו/הם,loro - passato di riparare / sistemare,,0,100,solid_base_candidate,citizen_cafe_source_lineage|verified_tabular,clean_structural_candidate,src_3275111cd454f08f
cclex_64e0138cdc299569,Lime,7,אנחנוהקשבנו,noi - passato di ascoltare / fare attenzione,,0,100,solid_base_candidate,citizen_cafe_source_lineage|verified_tabular,clean_structural_candidate,src_50dc9ab593d4d018
cclex_74fec414ff7e6a06,Lime,7,אתהרצת,tu (m.) - passato di volere,,0,100,solid_base_candidate,citizen_cafe_source_lineage|verified_tabular,clean_structural_candidate,src_8e255c7bb9597d49
cclex_a63c367c3d8867ef,Lime,7,אנימתחיל,io (m.) - presente di iniziare,,0,100,solid_base_candidate,citizen_cafe_source_lineage|verified_tabular,clean_structural_candidate,src_077b46487ce03abc
cclex_3ae491baf26725ee,Lime,7,אניהדלקת י,io - passato di accendere,,0,100,solid_base_candidate,citizen_cafe_source_lineage|verified_tabular,clean_structural_candidate,src_c14b949701407e49
cclex_9b25e8d65ee253af,Lime,7,אנילמדת י,io - passato di studiare,,0,100,solid_base_candidate,citizen_cafe_source_lineage|verified_tabular,clean_structural_candidate,src_780be72216669969
cclex_c192d16266ecd6b8,Lime,7,אנחנואישרנו,noi - passato di confermare,,0,100,solid_base_candidate,citizen_cafe_source_lineage|verified_tabular,clean_structural_candidate,src_f823ba3e95a90533
cclex_78ae702334ce5553,Lime,7,הואטייל,lui - passato di viaggiare,,0,100,solid_base_candidate,citizen_cafe_source_lineage|verified_tabular,clean_structural_candidate,src_b541c809f480cd05
cclex_1973eeec93d307cd,Lime,7,אתהת זוז,tu (m.) - futuro di muoversi,,0,100,solid_base_candidate,citizen_cafe_source_lineage|verified_tabular,clean_structural_candidate,src_30af2c55cd9cabfa
cclex_e7f0ae035e10102a,Lime,7,אנחנומכבות,noi (f.) - presente di spegnere,,0,100,solid_base_candidate,citizen_cafe_source_lineage|verified_tabular,clean_structural_candidate,src_e9c2bafdae332fd0
cclex_7783a07fe6694bd0,Lime,7,הואייזהר,lui - futuro di stare attento,,0,100,solid_base_candidate,citizen_cafe_source_lineage|verified_tabular,clean_structural_candidate,src_97396d8027668144
cclex_9d44b093d8a372cd,Lime,7,אנחנוחיכינו,noi - passato di aspettare,,0,100,solid_base_candidate,citizen_cafe_source_lineage|verified_tabular,clean_structural_candidate,src_02add502731adf55
cclex_eed6d9656ad6379b,Lime,7,הןישחקו/הם,loro - futuro di giocare / suonare,,0,100,solid_base_candidate,citizen_cafe_source_lineage|verified_tabular,clean_structural_candidate,src_440871c6d6336d5d
cclex_4d139330a3b92277,Lime,7,הןמאמינות,loro (f.) - presente di credere,,0,100,solid_base_candidate,citizen_cafe_source_lineage|verified_tabular,clean_structural_candidate,src_485560314ba1029a
cclex_c9c14c4badb9010a,Lime,7,אתן דואגות,voi (f.) - presente di preoccuparsi,,0,100,solid_base_candidate,citizen_cafe_source_lineage|verified_tabular,clean_structural_candidate,src_a0919432c2d8a138
cclex_20cac007a2e3c19f,Lime,7,אניאזהר,io - futuro di stare attento,,0,100,solid_base_candidate,citizen_cafe_source_lineage|verified_tabular,clean_structural_candidate,src_ea4fe5e5ca57415b
cclex_921f2b02dca02fe1,Lime,7,אנחנוהדלקנו,noi - passato di accendere,,0,100,solid_base_candidate,citizen_cafe_source_lineage|verified_tabular,clean_structural_candidate,src_b48bd746eadc6497
cclex_c07fe6efed19de9e,Lime,7,אתהאמנת,tu (f.) - passato di credere,,0,100,solid_base_candidate,citizen_cafe_source_lineage|verified_tabular,clean_structural_candidate,src_e6cd7a273a85edea
cclex_f440606526836900,Lime,7,הן אוהבות,loro (f.) - presente di amare,,0,100,solid_base_candidate,citizen_cafe_source_lineage|verified_tabular,clean_structural_candidate,src_eabcc78e68d2d850
cclex_cf270777aa03e31a,Lime,7,הןדאגו/הם,loro - passato di preoccuparsi,,0,100,solid_base_candidate,citizen_cafe_source_lineage|verified_tabular,clean_structural_candidate,src_d371cc36ca703271
cclex_ebe7e1d7af1eb5ab,Lime,7,היאתקבל,lei - futuro di ricevere,,0,100,solid_base_candidate,citizen_cafe_source_lineage|verified_tabular,clean_structural_candidate,src_c7675b6f5d9c8ec8
cclex_ad5d65ee7d193153,Lime,7,אנחנוסמכנו,noi - passato di fidarsi,,0,100,solid_base_candidate,citizen_cafe_source_lineage|verified_tabular,clean_structural_candidate,src_27c0695b28a188fb
cclex_8932c5d9f46362f9,Lime,7,אתתצלמי,tu (f.) - futuro di fotografare,,0,100,solid_base_candidate,citizen_cafe_source_lineage|verified_tabular,clean_structural_candidate,src_ca79689e03c8ab2c
cclex_b0c677f0b756fc94,Lime,7,אתההיית,tu (m.) - passato di essere,,0,100,solid_base_candidate,citizen_cafe_source_lineage|verified_tabular,clean_structural_candidate,src_9982da2395767313
cclex_3a206ea70673d9c2,Lime,7,אנירצית י,io - passato di volere,,0,100,solid_base_candidate,citizen_cafe_source_lineage|verified_tabular,clean_structural_candidate,src_26c48f985dbd0ac0
cclex_ab491df48994e40c,Lime,7,אני רואה,io (m.) - presente di vedere,,6,100,solid_base_candidate,citizen_cafe_source_lineage|streetwise_context_match|verified_tabular,clean_structural_candidate,src_3cfa819bcd246128
cclex_866f802cc8e80a3b,Lime,7,אתמאמינה,tu (f.) - presente di credere,,0,100,solid_base_candidate,citizen_cafe_source_lineage|verified_tabular,clean_structural_candidate,src_06b78fd943af43c0
cclex_2766894d04b694e5,Lime,7,היאתראה,lei - futuro di vedere,,0,100,solid_base_candidate,citizen_cafe_source_lineage|verified_tabular,clean_structural_candidate,src_d7d080c7195e9855
cclex_cfb74d5fd3d37aeb,Lime,7,הואישלח,lui - futuro di mandare,,0,100,solid_base_candidate,citizen_cafe_source_lineage|verified_tabular,clean_structural_candidate,src_8abbf287641c43bc
cclex_27f8201b9ab9c7bb,Lime,7,היאבדקה,lei - passato di controllare,,0,100,solid_base_candidate,citizen_cafe_source_lineage|verified_tabular,clean_structural_candidate,src_1bf8bb886fd2a874
cclex_7c685131513b0dc2,Lime,7,הןמדליקות,loro (f.) - presente di accendere,,0,100,solid_base_candidate,citizen_cafe_source_lineage|verified_tabular,clean_structural_candidate,src_e143f54e18f09fe1
cclex_e2f7ad4bca73b011,Lime,7,אני עולה,io (m.) - presente di salire / costare,,1,100,solid_base_candidate,citizen_cafe_source_lineage|streetwise_context_match|verified_tabular,clean_structural_candidate,src_b6012f52845f75a9
cclex_e1ce2c11410e75f2,Lime,7,אנחנומדליקות,noi (f.) - presente di accendere,,0,100,solid_base_candidate,citizen_cafe_source_lineage|verified_tabular,clean_structural_candidate,src_27c8babafa64bf43
cclex_0ced3dce88ac3af2,Lime,7,הואיקבל,lui - futuro di ricevere,,0,100,solid_base_candidate,citizen_cafe_source_lineage|verified_tabular,clean_structural_candidate,src_a6f0d12b0baba1ed
cclex_9e8c92a2a61d15d1,Lime,7,הןמחליתות,loro (f.) - presente di decidere,,0,100,solid_base_candidate,citizen_cafe_source_lineage|verified_tabular,clean_structural_candidate,src_a5326a7e78251c69
cclex_8ebce1ab0aa6ffce,Lime,7,אנחנוהאמנו,noi - passato di credere,,0,100,solid_base_candidate,citizen_cafe_source_lineage|verified_tabular,clean_structural_candidate,src_2fcfba240f2e698d
cclex_a8352be6fc76fe64,Lime,7,אתן לומדות,voi (f.) - presente di studiare,,0,100,solid_base_candidate,citizen_cafe_source_lineage|verified_tabular,clean_structural_candidate,src_1d5e8c1e9f128216
cclex_3a522bd91dfc5130,Lime,7,אניארגע,io - futuro di rilassarsi,,0,100,solid_base_candidate,citizen_cafe_source_lineage|verified_tabular,clean_structural_candidate,src_e5f27858db7e945a
cclex_b2d6ddc8745b03ba,Lime,7,אניסיימת י,io - passato di finire,,0,100,solid_base_candidate,citizen_cafe_source_lineage|verified_tabular,clean_structural_candidate,src_80a80505fb8c3dd0
cclex_21d67921a19ec57a,Lime,7,הןנרגעות,loro (f.) - presente di rilassarsi,,0,100,solid_base_candidate,citizen_cafe_source_lineage|verified_tabular,clean_structural_candidate,src_16f1aeab3f030c7c
cclex_b3429e23bbac718f,Lime,7,הןיקבלו/הם,loro - futuro di ricevere,,0,100,solid_base_candidate,citizen_cafe_source_lineage|verified_tabular,clean_structural_candidate,src_c96df9ea27988621
cclex_87508f76a1ea6dd3,Lime,7,אנימקשיבה,io (f.) - presente di ascoltare / fare attenzione,,0,100,solid_base_candidate,citizen_cafe_source_lineage|verified_tabular,clean_structural_candidate,src_ad855ed04db19425
cclex_533490c7a1536dba,Lime,7,אניכיבית י,io - passato di spegnere,,0,100,solid_base_candidate,citizen_cafe_source_lineage|verified_tabular,clean_structural_candidate,src_0bb3f239d6d38921
cclex_5bcdd6cae554c8d4,Lime,7,היאתרגיש,lei - presente di sentirsi,,0,100,solid_base_candidate,citizen_cafe_source_lineage|verified_tabular,clean_structural_candidate,src_8173abcf1e55a6df
cclex_69f5eb2d1dad5c8a,Lime,7,אתהטסת,tu (m.) - passato di volare,,0,100,solid_base_candidate,citizen_cafe_source_lineage|verified_tabular,clean_structural_candidate,src_6a7e838dcf8a478d
cclex_8e8a138329b5236f,Lime,7,אתםמאשר ים,voi (m.) - presente di confermare,,0,100,solid_base_candidate,citizen_cafe_source_lineage|verified_tabular,clean_structural_candidate,src_8d147fab3dd24364
cclex_d5a58c12085a98e9,Lime,7,הואשחה,lui - passato di nuotare,,0,100,solid_base_candidate,citizen_cafe_source_lineage|verified_tabular,clean_structural_candidate,src_d53e3acfb1b8bb7b
cclex_897337c5ea5d14fd,Lime,7,אתנפגשת,tu (f.) - presente di incontrarsi con,,0,100,solid_base_candidate,citizen_cafe_source_lineage|verified_tabular,clean_structural_candidate,src_b0aaf6dd29dd6f48
cclex_57452731e5c64f2b,Lime,7,הןניסו/הם,loro - passato di provare,,0,100,solid_base_candidate,citizen_cafe_source_lineage|verified_tabular,clean_structural_candidate,src_876d4434be9601ed
cclex_438dc36e4799fdb3,Lime,7,הןיקר או/הם,loro - futuro di leggere,,0,100,solid_base_candidate,citizen_cafe_source_lineage|verified_tabular,clean_structural_candidate,src_c7d87f72fd13def6
cclex_5a6e766f5f8dc94d,Lime,7,אתהתעמוד,tu (m.) - futuro di stare in piedi,,0,100,solid_base_candidate,citizen_cafe_source_lineage|verified_tabular,clean_structural_candidate,src_bdc0ee624e0f7b1d
cclex_e0471219f61e6f67,Lime,7,אתהתחפש,tu (m.) - futuro di cercare,,0,100,solid_base_candidate,citizen_cafe_source_lineage|verified_tabular,clean_structural_candidate,src_9fb291dbf6f9fddd
cclex_ec2490431a2384de,Lime,7,אנחנובדקנו,noi - passato di controllare,,0,100,solid_base_candidate,citizen_cafe_source_lineage|verified_tabular,clean_structural_candidate,src_05a41e2e82febc65
cclex_52786de7ab71933b,Lime,7,אתהתשב,tu (m.) - futuro di sedersi,,0,100,solid_base_candidate,citizen_cafe_source_lineage|verified_tabular,clean_structural_candidate,src_133e04a03242bd7b
cclex_e62a914111621112,Lime,7,אניקיוויתי,io - passato di sperare,,0,100,solid_base_candidate,citizen_cafe_source_lineage|verified_tabular,clean_structural_candidate,src_d8135b2763d821a3
cclex_515b3e4921bdeaa1,Lime,7,הןהצליחו/הם,loro - passato di riuscire,,0,100,solid_base_candidate,citizen_cafe_source_lineage|verified_tabular,clean_structural_candidate,src_13d51d5810f7cdcb
cclex_139238f5081d2f7c,Lime,7,לקבל,ricevere (infinito),,1,100,solid_base_candidate,citizen_cafe_source_lineage|streetwise_context_match|verified_tabular,clean_structural_candidate,src_5f81facdad43adf5
cclex_9968d4f61d77cdc4,Lime,7,הןהתגעגעו/הם,loro - passato di perdere / mancare,,0,100,solid_base_candidate,citizen_cafe_source_lineage|verified_tabular,clean_structural_candidate,src_5784176a94247f93
cclex_65a8090ec781ecf0,Lime,7,להכין,preparare (infinito),,0,100,solid_base_candidate,citizen_cafe_source_lineage|verified_tabular,clean_structural_candidate,src_ec2318ec1b078350
cclex_06077d96c83ef921,Lime,7,אני יודע,io (m.) - presente di sapere / conoscere,,3,100,solid_base_candidate,citizen_cafe_source_lineage|streetwise_context_match|verified_tabular,clean_structural_candidate,src_a7077e9c4fdc75c1
cclex_309b4da8a9e27474,Lime,7,הם זורמים,loro (m.) - presente di fluire,,0,100,solid_base_candidate,citizen_cafe_source_lineage|verified_tabular,clean_structural_candidate,src_5f95467a8f61601e
cclex_784f1fc4ed854761,Lime,7,הואהדליק,lui - passato di accendere,,0,100,solid_base_candidate,citizen_cafe_source_lineage|verified_tabular,clean_structural_candidate,src_c658ee785cebe6d3
cclex_fdcb9bb03d0dde7c,Lime,7,אנחנונצד ק,noi - futuro di avere ragione,,0,100,solid_base_candidate,citizen_cafe_source_lineage|verified_tabular,clean_structural_candidate,src_9eae2ef6050fc2bc
cclex_7952fd0aa6892c81,Lime,7,אנישחית י,io - passato di nuotare,,0,100,solid_base_candidate,citizen_cafe_source_lineage|verified_tabular,clean_structural_candidate,src_1a2c525ceec3725d
cclex_3a67d963b9c29453,Lime,7,הן שותות,loro (f.) - presente di bere,,0,100,solid_base_candidate,citizen_cafe_source_lineage|verified_tabular,clean_structural_candidate,src_cb41c9b2f4355200
cclex_5a60374b9e5bba43,Lime,7,אתןישבת ן,voi (f.) - passato di sedersi,,0,100,solid_base_candidate,citizen_cafe_source_lineage|verified_tabular,clean_structural_candidate,src_16abb846e7b096f9
cclex_07a0da400dbca456,Lime,7,אתןזדרמת ן,voi (f.) - passato di fluire,,0,100,solid_base_candidate,citizen_cafe_source_lineage|verified_tabular,clean_structural_candidate,src_410a4bd986cd0af5
cclex_49cfa20bf5497ab1,Lime,7,אתןתקליטו/אתם,voi - futuro di registrare,,0,100,solid_base_candidate,citizen_cafe_source_lineage|verified_tabular,clean_structural_candidate,src_435090af4ff9ad3c
cclex_2931810c8b7cc7c5,Lime,7,אתתעבד י,tu (f.) - futuro di lavorare,,0,100,solid_base_candidate,citizen_cafe_source_lineage|verified_tabular,clean_structural_candidate,src_4822b7f0ee82c7c9
cclex_a3d06e43afa5c52c,Lime,7,אתןתקוו/אתם,voi - futuro di sperare,,0,100,solid_base_candidate,citizen_cafe_source_lineage|verified_tabular,clean_structural_candidate,src_9ff43018abbe2c1a
cclex_b22cafa307ea973f,Lime,7,אנחנומרגישות,noi (f.) - presente di sentirsi,,0,100,solid_base_candidate,citizen_cafe_source_lineage|verified_tabular,clean_structural_candidate,src_a7872d3c20f45d05
cclex_c5082dbd0bd157e3,Lime,7,אנחנומתחילים,noi (m.) - presente di iniziare,,0,100,solid_base_candidate,citizen_cafe_source_lineage|verified_tabular,clean_structural_candidate,src_da0db7a0aee66782
cclex_ac2fc5fa7c6d8823,Lime,7,אתןתעמדו/אתם,voi - futuro di stare in piedi,,0,100,solid_base_candidate,citizen_cafe_source_lineage|verified_tabular,clean_structural_candidate,src_d466b1fbd259c7d1
cclex_c44dad105bec6d28,Lime,7,הואיתחיל,lui - futuro di iniziare,,0,100,solid_base_candidate,citizen_cafe_source_lineage|verified_tabular,clean_structural_candidate,src_91748b6476f6ed2c
cclex_fbc782cfc801fa5c,Lime,7,אתהמקבל,tu (m.) - presente di ricevere,,0,100,solid_base_candidate,citizen_cafe_source_lineage|verified_tabular,clean_structural_candidate,src_171a5e811f3f18e4
cclex_c61a269519b8e284,Lime,7,אתןתדליקו/אתם,voi - futuro di accendere,,0,100,solid_base_candidate,citizen_cafe_source_lineage|verified_tabular,clean_structural_candidate,src_632f3118b4d36e2d
cclex_cbb93686b4903077,Lime,7,אנחנונסמוך,noi - futuro di fidarsi,,0,100,solid_base_candidate,citizen_cafe_source_lineage|verified_tabular,clean_structural_candidate,src_fc23b9f40f6d4ec6
cclex_f7f4f96d46716893,Lime,7,הןית נו/הם,loro - futuro di dare,,0,100,solid_base_candidate,citizen_cafe_source_lineage|verified_tabular,clean_structural_candidate,src_1bceecbe0ddfb0d4
cclex_465b50c59be9c0e1,Lime,7,אנחנונפנה,noi - futuro di liberare / sgomberare,,0,100,solid_base_candidate,citizen_cafe_source_lineage|verified_tabular,clean_structural_candidate,src_cda6dbe1c94a6620
cclex_ecc182ec46e7d359,Lime,7,הן סיימו/הם,loro - passato di finire,,0,100,solid_base_candidate,citizen_cafe_source_lineage|verified_tabular,clean_structural_candidate,src_411494600e889e52
cclex_4034b11aa8d378dc,Lime,7,אתםלמדת ם,voi (m.) - passato di studiare,,0,100,solid_base_candidate,citizen_cafe_source_lineage|verified_tabular,clean_structural_candidate,src_9375f44972bd6802
cclex_7e4c7e34282d0101,Lime,7,אתםמקשיבים,voi (m.) - presente di ascoltare / fare attenzione,,0,100,solid_base_candidate,citizen_cafe_source_lineage|verified_tabular,clean_structural_candidate,src_2e03b8f1d930d2a8
cclex_bc2f0668497677bc,Lime,7,אנינרגע,io (m.) - presente di rilassarsi,,0,100,solid_base_candidate,citizen_cafe_source_lineage|verified_tabular,clean_structural_candidate,src_544b36e3a7ce4a92
cclex_31c4896b99065813,Lime,7,אנימאמן,io (m.) - presente di allenarsi,,0,100,solid_base_candidate,citizen_cafe_source_lineage|verified_tabular,clean_structural_candidate,src_c0a3730818a129b9
cclex_75ed549b836b3df0,Lime,7,אתהתפגש,tu (m.) - futuro di incontrarsi con,,0,100,solid_base_candidate,citizen_cafe_source_lineage|verified_tabular,clean_structural_candidate,src_3dce6b07347e02b8
cclex_985abe0260777099,Lime,7,אתהנרגע,tu (m.) - presente di rilassarsi,,0,100,solid_base_candidate,citizen_cafe_source_lineage|verified_tabular,clean_structural_candidate,src_62f3e60f4886d731
cclex_dd25e0fc3acbb5a0,Lime,7,אניאתקן,io - futuro di riparare / sistemare,,0,100,solid_base_candidate,citizen_cafe_source_lineage|verified_tabular,clean_structural_candidate,src_162aec2915c16e4a
cclex_c761cbb410077995,Lime,7,אתםהתחלת ם,voi (m.) - passato di iniziare,,0,100,solid_base_candidate,citizen_cafe_source_lineage|verified_tabular,clean_structural_candidate,src_8606f733376bd647
cclex_349ce5b4d008df3e,Lime,7,אניאעמוד,io - futuro di stare in piedi,,0,100,solid_base_candidate,citizen_cafe_source_lineage|verified_tabular,clean_structural_candidate,src_fa9c75941c844b6b
cclex_7ebb0d9dc589fcba,Lime,7,לאהוב,amare (infinito),,1,100,solid_base_candidate,citizen_cafe_source_lineage|streetwise_context_match|verified_tabular,clean_structural_candidate,src_4768bf912c6b17b5
cclex_1c197b4032efe83d,Lime,7,לכבות,spegnere (infinito),,0,100,solid_base_candidate,citizen_cafe_source_lineage|verified_tabular,clean_structural_candidate,src_d02e4398cb478ce2
cclex_19c47aa20370558f,Lime,7,אנחנו הולכים,noi (m.) - presente di andare,,2,100,solid_base_candidate,citizen_cafe_source_lineage|streetwise_context_match|verified_tabular,clean_structural_candidate,src_b3f0e44b409f84dc
cclex_6d6bd02bde1e7097,Lime,7,אנחנוישבנו,noi - passato di sedersi,,0,100,solid_base_candidate,citizen_cafe_source_lineage|verified_tabular,clean_structural_candidate,src_6b02f147cf0a26fe
cclex_88943e6eb3a7c3eb,Lime,7,הםמפנים,loro (m.) - presente di liberare / sgomberare,,0,100,solid_base_candidate,citizen_cafe_source_lineage|verified_tabular,clean_structural_candidate,src_6a64c42a255a5179
cclex_5785ac5353cbfa0b,Lime,7,הואקנה,lui - passato di comprare,,0,100,solid_base_candidate,citizen_cafe_source_lineage|verified_tabular,clean_structural_candidate,src_a68f2d081df1a81f
cclex_f827976624fd6031,Lime,7,אתן עולות,voi (f.) - presente di salire / costare,,0,100,solid_base_candidate,citizen_cafe_source_lineage|verified_tabular,clean_structural_candidate,src_539ff0d957e9101e
cclex_e5b49b3b2a202112,Lime,7,אתם דואגים,voi (m.) - presente di preoccuparsi,,0,100,solid_base_candidate,citizen_cafe_source_lineage|verified_tabular,clean_structural_candidate,src_b274a11993f52fbf
cclex_b45f2801a6622b29,Lime,7,אתהתתחיל,tu (m.) - futuro di iniziare,,0,100,solid_base_candidate,citizen_cafe_source_lineage|verified_tabular,clean_structural_candidate,src_e51871006b13cdc6
cclex_7ddc9562699d757a,Lime,7,הןיבשלו/הם,loro - futuro di cucinare,,0,100,solid_base_candidate,citizen_cafe_source_lineage|verified_tabular,clean_structural_candidate,src_4af4bc1bbc6bc833
cclex_b71dd5aff402fb15,Lime,7,היאנרגעה,lei - passato di rilassarsi,,0,100,solid_base_candidate,citizen_cafe_source_lineage|verified_tabular,clean_structural_candidate,src_db23814ca204508e
cclex_af8c5cb619855b17,Lime,7,אנחנוניסינו,noi - passato di provare,,0,100,solid_base_candidate,citizen_cafe_source_lineage|verified_tabular,clean_structural_candidate,src_245c825a6ab32641
cclex_4ac2e6df43a42eba,Lime,7,הואיחכה,lui - futuro di aspettare,,0,100,solid_base_candidate,citizen_cafe_source_lineage|verified_tabular,clean_structural_candidate,src_e3301427d951780c
cclex_096ee22e3932e0be,Lime,7,אני יורד ת,io (f.) - presente di scendere,,0,100,solid_base_candidate,citizen_cafe_source_lineage|verified_tabular,clean_structural_candidate,src_af4ce2c75f86d68d
cclex_43b951e858b79eba,Lime,7,אתןתת נו/אתם,voi - futuro di dare,,0,100,solid_base_candidate,citizen_cafe_source_lineage|verified_tabular,clean_structural_candidate,src_133084464b627105
cclex_31c106430e6bf576,Lime,7,אנחנוהבנו,noi - passato di capire,,0,100,solid_base_candidate,citizen_cafe_source_lineage|verified_tabular,clean_structural_candidate,src_dedb2de58ac29680
cclex_ad0edf08b57288cf,Lime,7,אנימקבל,io (m.) - presente di ricevere,,0,100,solid_base_candidate,citizen_cafe_source_lineage|verified_tabular,clean_structural_candidate,src_3019bc8ac1a069a3
cclex_edbd4f435b418001,Lime,7,היאתקח,lei - futuro di prendere,,0,100,solid_base_candidate,citizen_cafe_source_lineage|verified_tabular,clean_structural_candidate,src_b51a06d5a6b79867
cclex_bf197bf730d03cf0,Lime,7,אתנשנשת,tu (f.) - passato di fare uno spuntino,,0,100,solid_base_candidate,citizen_cafe_source_lineage|verified_tabular,clean_structural_candidate,src_582f13959207cf9a
cclex_89b7fd303a4b4741,Lime,7,אנחנומצלמים,noi (m.) - presente di fotografare,,0,100,solid_base_candidate,citizen_cafe_source_lineage|verified_tabular,clean_structural_candidate,src_66a5ef155145e883
cclex_6c757d99882b88ac,Lime,7,אתןמבינות,voi (f.) - presente di capire,,0,100,solid_base_candidate,citizen_cafe_source_lineage|verified_tabular,clean_structural_candidate,src_eaebc49b4cd8fbd3
cclex_ebcd0e2cffd92f3b,Lime,7,אנחנו דואגים,noi (m.) - presente di preoccuparsi,,1,100,solid_base_candidate,citizen_cafe_source_lineage|streetwise_context_match|verified_tabular,clean_structural_candidate,src_e9fe77af93919ef2
cclex_89ea585264dd6205,Lime,7,אנימבשל,io (m.) - presente di cucinare,,0,100,solid_base_candidate,citizen_cafe_source_lineage|verified_tabular,clean_structural_candidate,src_bc8e2414c05f166f
cclex_76d4fc8753307e57,Lime,7,אנחנו עובדות,noi (f.) - presente di lavorare,,0,100,solid_base_candidate,citizen_cafe_source_lineage|verified_tabular,clean_structural_candidate,src_2e9f6ed6944df6b8
cclex_74754a07ac6b24bc,Lime,7,לסמוך,fidarsi (infinito),,0,100,solid_base_candidate,citizen_cafe_source_lineage|verified_tabular,clean_structural_candidate,src_86afe46865212f8b
cclex_16fb81d87065c044,Lime,7,אניאשים,io - futuro di mettere,,0,100,solid_base_candidate,citizen_cafe_source_lineage|verified_tabular,clean_structural_candidate,src_ec60a435883d9a5b
cclex_73579e1095e7ab36,Lime,7,אניאנקה,io - futuro di pulire,,0,100,solid_base_candidate,citizen_cafe_source_lineage|verified_tabular,clean_structural_candidate,src_cb796c43faa42717
cclex_3079129e4202d448,Lime,7,לעבוד,lavorare (infinito),,0,100,solid_base_candidate,citizen_cafe_source_lineage|verified_tabular,clean_structural_candidate,src_8b0cae7021041542
cclex_26bba73eaf1a9db6,Lime,7,אנחנועבד נו,noi - passato di lavorare,,0,100,solid_base_candidate,citizen_cafe_source_lineage|verified_tabular,clean_structural_candidate,src_8eb29a07f7f50b7d
cclex_0efa7df37b6de17d,Lime,7,היאתצד ק,lei - futuro di avere ragione,,0,100,solid_base_candidate,citizen_cafe_source_lineage|verified_tabular,clean_structural_candidate,src_31c895dca883e54e
cclex_e85e4c3dc6fdf5bf,Lime,7,אנחנו שוכחים,noi (m.) - presente di dimenticare,,0,100,solid_base_candidate,citizen_cafe_source_lineage|verified_tabular,clean_structural_candidate,src_1fb0552192b7f0da
cclex_43c6d8f439f69ae5,Lime,7,הןיכלו/הם,loro - passato di potere,,0,100,solid_base_candidate,citizen_cafe_source_lineage|verified_tabular,clean_structural_candidate,src_12329c6db731cd89
cclex_cbef1cd7b889a2c5,Lime,7,הואית ן,lui - futuro di dare,,0,100,solid_base_candidate,citizen_cafe_source_lineage|verified_tabular,clean_structural_candidate,src_16517d3f91d13368
cclex_25ae0c426cf16a9e,Lime,7,הן שוכחות,loro (f.) - presente di dimenticare,,0,100,solid_base_candidate,citizen_cafe_source_lineage|verified_tabular,clean_structural_candidate,src_71bdc84d554937c3
cclex_3b4e2fbcbb6ebf70,Lime,7,אתתגזימי,tu (f.) - futuro di esagerare,,0,100,solid_base_candidate,citizen_cafe_source_lineage|verified_tabular,clean_structural_candidate,src_9c86c4003c68b2e9
cclex_a660ea8f8cd0082a,Lime,7,אתםהרגשת ם,voi (m.) - passato di sentirsi,,0,100,solid_base_candidate,citizen_cafe_source_lineage|verified_tabular,clean_structural_candidate,src_8d381968b880ce89
cclex_58b47398c0d9e32a,Lime,7,אניהעדפת י,io - passato di preferire,,0,100,solid_base_candidate,citizen_cafe_source_lineage|verified_tabular,clean_structural_candidate,src_1a8d91f2b928e406
cclex_dc64dc29e7c27f4e,Lime,7,אתה יוצא,tu (m.) - presente di uscire,,0,100,solid_base_candidate,citizen_cafe_source_lineage|verified_tabular,clean_structural_candidate,src_3cd7842468ffc300
cclex_c3dae568d818e8b6,Lime,7,אתהתקח,tu (m.) - futuro di prendere,,0,100,solid_base_candidate,citizen_cafe_source_lineage|verified_tabular,clean_structural_candidate,src_54b478f92156df1e
cclex_25ea55a316471153,Lime,7,הואיזרום,lui - futuro di fluire,,0,100,solid_base_candidate,citizen_cafe_source_lineage|verified_tabular,clean_structural_candidate,src_ea6262dd56209190
cclex_e95d5229da78b152,Lime,7,אתת יזכר י,tu (f.) - futuro di ricordarsi finalmente,,0,100,solid_base_candidate,citizen_cafe_source_lineage|verified_tabular,clean_structural_candidate,src_359322393c25c2ff
cclex_5ce90aacbc4a6e13,Lime,7,הןיזר מו/הם,loro - futuro di fluire,,0,100,solid_base_candidate,citizen_cafe_source_lineage|verified_tabular,clean_structural_candidate,src_bdadd803bc2c6c51
cclex_28733a7d76e1789b,Lime,7,את עושה,tu (f.) - presente di fare,,3,100,solid_base_candidate,citizen_cafe_source_lineage|streetwise_context_match|verified_tabular,clean_structural_candidate,src_e382ead0990e6dd7
cclex_2924d0bc946b44da,Lime,7,אניאזכור,io - futuro di ricordare,,0,100,solid_base_candidate,citizen_cafe_source_lineage|verified_tabular,clean_structural_candidate,src_4a299246f77117c3
cclex_d83aab78de930332,Lime,7,אתההאמנת,tu (m.) - passato di credere,,0,100,solid_base_candidate,citizen_cafe_source_lineage|verified_tabular,clean_structural_candidate,src_a74b4c5285791f8f
cclex_c24a574150edc406,Lime,7,אתהתנסה,tu (m.) - futuro di provare,,0,100,solid_base_candidate,citizen_cafe_source_lineage|verified_tabular,clean_structural_candidate,src_acb2d011fa4f6c21
cclex_70efc33b17638094,Lime,7,אתראית,tu (f.) - passato di vedere,,0,100,solid_base_candidate,citizen_cafe_source_lineage|verified_tabular,clean_structural_candidate,src_db4d20c1f12a47c4
cclex_50073ada68eed511,Lime,7,אתןשכחת ן,voi (f.) - passato di dimenticare,,0,100,solid_base_candidate,citizen_cafe_source_lineage|verified_tabular,clean_structural_candidate,src_ce79d60cc1fed3be
cclex_ee850b33ae610400,Lime,7,הוארצה,lui - passato di volere,,0,100,solid_base_candidate,citizen_cafe_source_lineage|verified_tabular,clean_structural_candidate,src_94460f2a4ab7d442
cclex_40082760b7903c00,Lime,7,אתםהאמנת ם,voi (m.) - passato di credere,,0,100,solid_base_candidate,citizen_cafe_source_lineage|verified_tabular,clean_structural_candidate,src_223fc9c35dc64e2b
cclex_99326c83c2a8f926,Lime,7,הןהשתמשו/הם,loro - passato di usare,,0,100,solid_base_candidate,citizen_cafe_source_lineage|verified_tabular,clean_structural_candidate,src_2e571d69976b8cf6
cclex_a9f4321fcbe31e5d,Lime,7,אתהלקחת,tu (m.) - passato di prendere,,0,100,solid_base_candidate,citizen_cafe_source_lineage|verified_tabular,clean_structural_candidate,src_64721029925c3f92
cclex_41543fbf8f581c1c,Lime,7,הןטיילו/הם,loro - passato di viaggiare,,0,100,solid_base_candidate,citizen_cafe_source_lineage|verified_tabular,clean_structural_candidate,src_b7e0e74ad16f5021
cclex_7d673a5aa7016872,Lime,7,אתת קומי,tu (f.) - futuro di alzarsi,,0,100,solid_base_candidate,citizen_cafe_source_lineage|verified_tabular,clean_structural_candidate,src_bd8eb93ca2c2525c
cclex_6eb76f102d509fd6,Lime,7,אניזרמת י,io - passato di fluire,,0,100,solid_base_candidate,citizen_cafe_source_lineage|verified_tabular,clean_structural_candidate,src_0c1515f1e05bc3ab
cclex_56787cf3728e02b8,Lime,7,אנחנוהשתמשנו,noi - passato di usare,,0,100,solid_base_candidate,citizen_cafe_source_lineage|verified_tabular,clean_structural_candidate,src_3b239a1bb13403ec
cclex_084f35ecde050f2a,Lime,7,אתהתחכה,tu (m.) - futuro di aspettare,,0,100,solid_base_candidate,citizen_cafe_source_lineage|verified_tabular,clean_structural_candidate,src_858ea7236e95e3d8
cclex_002babc8d96d931e,Lime,7,הואיאמן,lui - futuro di allenarsi,,0,100,solid_base_candidate,citizen_cafe_source_lineage|verified_tabular,clean_structural_candidate,src_6db3fd5883075277
cclex_8fa80f67dfb6af00,Lime,7,אתנשארת,tu (f.) - passato di rimanere / restare,,0,100,solid_base_candidate,citizen_cafe_source_lineage|verified_tabular,clean_structural_candidate,src_cbe480421076566a
cclex_c7553d98721052dc,Lime,7,אתןתכירו/אתם,voi - futuro di conoscere,,0,100,solid_base_candidate,citizen_cafe_source_lineage|verified_tabular,clean_structural_candidate,src_086e013a27e17805
cclex_effb51b27d7795c2,Lime,7,אתה שולח,tu (m.) - presente di mandare,,1,100,solid_base_candidate,citizen_cafe_source_lineage|streetwise_context_match|verified_tabular,clean_structural_candidate,src_2796ccb488c218da
cclex_94079606be767222,Lime,7,אתןאכלת ו,voi (f.) - passato di mangiare,,0,100,solid_base_candidate,citizen_cafe_source_lineage|verified_tabular,clean_structural_candidate,src_4e59ddf4fd0d4be8
cclex_6d2ba145740db8fb,Lime,7,אתה שות ה,tu (m.) - presente di bere,,0,100,solid_base_candidate,citizen_cafe_source_lineage|verified_tabular,clean_structural_candidate,src_b385b1ac1e4e3d3d
cclex_c08728dbf69e966f,Lime,7,הואבד ק,lui - passato di controllare,,0,100,solid_base_candidate,citizen_cafe_source_lineage|verified_tabular,clean_structural_candidate,src_72e6da3028b57784
cclex_b4686c154b0ada8e,Lime,7,הןמרגישות,loro (f.) - presente di sentirsi,,0,100,solid_base_candidate,citizen_cafe_source_lineage|verified_tabular,clean_structural_candidate,src_b2fe20cc1a01c5a5
cclex_bcbdc1c953d468c2,Lime,7,הואהאמין,lui - passato di credere,,0,100,solid_base_candidate,citizen_cafe_source_lineage|verified_tabular,clean_structural_candidate,src_df072aaf659eaff0
cclex_c72ca0ae8cc61fa4,Lime,7,אתשמה,tu (f.) - presente di mettere,,0,100,solid_base_candidate,citizen_cafe_source_lineage|verified_tabular,clean_structural_candidate,src_bf451c77414c3c93
cclex_484651e846334c86,Lime,7,אנחנומחליתות,noi (f.) - presente di decidere,,0,100,solid_base_candidate,citizen_cafe_source_lineage|verified_tabular,clean_structural_candidate,src_0358e800a04f8cf7
cclex_b1a641cd44c544fb,Lime,7,אתןמאשרות,voi (f.) - presente di confermare,,0,100,solid_base_candidate,citizen_cafe_source_lineage|verified_tabular,clean_structural_candidate,src_7d3dbdff93f8bfe1
cclex_fb4ea665a9961f9e,Lime,7,אתחיפשת,tu (f.) - passato di cercare,,0,100,solid_base_candidate,citizen_cafe_source_lineage|verified_tabular,clean_structural_candidate,src_12bd3492afd12918
cclex_8d950dd69eaa6ecc,Lime,7,אתההגזמת,tu (m.) - passato di esagerare,,0,100,solid_base_candidate,citizen_cafe_source_lineage|verified_tabular,clean_structural_candidate,src_dc5867d65bcf170e
cclex_f0f80c67ecf672ad,Lime,7,הן הולכות,loro (f.) - presente di andare,,0,100,solid_base_candidate,citizen_cafe_source_lineage|verified_tabular,clean_structural_candidate,src_beacb063033af474
cclex_1c30c95f4e0f2436,Lime,7,הןמנשנשות,loro (f.) - presente di fare uno spuntino,,0,100,solid_base_candidate,citizen_cafe_source_lineage|verified_tabular,clean_structural_candidate,src_e68182e7e644487e
cclex_c4f0c9ddf49751da,Lime,7,אתאישרת,tu (f.) - passato di confermare,,0,100,solid_base_candidate,citizen_cafe_source_lineage|verified_tabular,clean_structural_candidate,src_ce934d4228a1fba9
cclex_96e894c60f137aed,Lime,7,אנחנונת ן,noi - futuro di dare,,0,100,solid_base_candidate,citizen_cafe_source_lineage|verified_tabular,clean_structural_candidate,src_f7944390962e352f
cclex_f07767c408aba083,Lime,7,אתןתחליטו/אתם,voi - futuro di decidere,,0,100,solid_base_candidate,citizen_cafe_source_lineage|verified_tabular,clean_structural_candidate,src_9f07c5c0fba286ed
cclex_d2740e630ea38651,Lime,7,את רוצה,tu (f.) - presente di volere,,1,100,solid_base_candidate,citizen_cafe_source_lineage|streetwise_context_match|verified_tabular,clean_structural_candidate,src_a365bbf56a32ab63
cclex_6ad031fe8f67cc5e,Lime,7,אתהנרגעת,tu (m.) - passato di rilassarsi,,0,100,solid_base_candidate,citizen_cafe_source_lineage|verified_tabular,clean_structural_candidate,src_5d315c000fdd2e25
cclex_93dc06613d5ff563,Lime,7,אתם נותנים,voi (m.) - presente di dare,,0,100,solid_base_candidate,citizen_cafe_source_lineage|verified_tabular,clean_structural_candidate,src_9c126c5d02f82376
cclex_ca17f755dd867df8,Lime,7,אתהנשנשת,tu (m.) - passato di fare uno spuntino,,0,100,solid_base_candidate,citizen_cafe_source_lineage|verified_tabular,clean_structural_candidate,src_8a606862ad4a760f
cclex_0805d88a36797470,Lime,7,אתםקיוות ם,voi (m.) - passato di sperare,,0,100,solid_base_candidate,citizen_cafe_source_lineage|verified_tabular,clean_structural_candidate,src_29c891a59fe79729
cclex_75af497104bdb329,Lime,7,הןאכלו/הם,loro - passato di mangiare,,0,100,solid_base_candidate,citizen_cafe_source_lineage|verified_tabular,clean_structural_candidate,src_f7ed0e02ce433b5e
cclex_3abef71a427da0a7,Lime,7,אתהקבלת,tu (m.) - passato di ricevere,,0,100,solid_base_candidate,citizen_cafe_source_lineage|verified_tabular,clean_structural_candidate,src_62ae1ca4f8c72a7d
cclex_17feb65d5f64b54c,Lime,7,הןמחפשות,loro (f.) - presente di cercare,,0,100,solid_base_candidate,citizen_cafe_source_lineage|verified_tabular,clean_structural_candidate,src_80c022e1dad19dc0
cclex_8640b5b45cb19774,Lime,7,אנימצליחה,io (f.) - passato di riuscire,,0,100,solid_base_candidate,citizen_cafe_source_lineage|verified_tabular,clean_structural_candidate,src_a15548057635fbe1
cclex_836200e8d152095a,Lime,7,אנימסתכלת,io (f.) - presente di guardare,,0,100,solid_base_candidate,citizen_cafe_source_lineage|verified_tabular,clean_structural_candidate,src_31661e4b640c55eb
cclex_bc475991719e9e18,Lime,7,אתןלקחת ן,voi (f.) - passato di prendere,,0,100,solid_base_candidate,citizen_cafe_source_lineage|verified_tabular,clean_structural_candidate,src_25191f37f9b484dd
cclex_e260c028455a0491,Lime,7,הןבאות,loro (f.) - presente di venire,,0,100,solid_base_candidate,citizen_cafe_source_lineage|verified_tabular,clean_structural_candidate,src_355ddd8d18d6cd77
cclex_e82e76e1dd62bb43,Lime,7,אתןתגזימו/אתם,voi - futuro di esagerare,,0,100,solid_base_candidate,citizen_cafe_source_lineage|verified_tabular,clean_structural_candidate,src_f0fc75c538fc04d4
cclex_68cbde849e1230ed,Lime,7,אנחנודאגנו,noi - passato di preoccuparsi,,0,100,solid_base_candidate,citizen_cafe_source_lineage|verified_tabular,clean_structural_candidate,src_e5ec19945dcd9c62
cclex_6b76948f95d27c80,Lime,7,אניאעלה,io - futuro di salire / costare,,0,100,solid_base_candidate,citizen_cafe_source_lineage|verified_tabular,clean_structural_candidate,src_f9ac3f10fe8212f4
cclex_72937bc4d5b38479,Lime,7,היאיכלה,lei - passato di potere,,0,100,solid_base_candidate,citizen_cafe_source_lineage|verified_tabular,clean_structural_candidate,src_5e792fb044e8cb18
cclex_58c2fc5f63b2e0d1,Lime,7,אנחנוחזר נו,noi - passato di ripetere / tornare,,0,100,solid_base_candidate,citizen_cafe_source_lineage|verified_tabular,clean_structural_candidate,src_bc6bd0a21fa740a0
cclex_1f4c9397d555dc69,Lime,7,אתמחליטה,tu (f.) - presente di decidere,,0,100,solid_base_candidate,citizen_cafe_source_lineage|verified_tabular,clean_structural_candidate,src_0994f0032134000b
cclex_d312e322c12ebfed,Lime,7,אנחנונשנה,noi - futuro di cambiare,,0,100,solid_base_candidate,citizen_cafe_source_lineage|verified_tabular,clean_structural_candidate,src_33f689442522187b
cclex_6b4c1ce2dff8f485,Lime,7,אתסיימת,tu (f.) - passato di finire,,0,100,solid_base_candidate,citizen_cafe_source_lineage|verified_tabular,clean_structural_candidate,src_584ded453a2b444e
cclex_6057f1627f13e7bf,Lime,7,אנידאגת י,io - passato di preoccuparsi,,0,100,solid_base_candidate,citizen_cafe_source_lineage|verified_tabular,clean_structural_candidate,src_4b7f41b6207f61c5
cclex_93c185ce9b5f65fa,Lime,7,להשתמש,usare (infinito),,0,100,solid_base_candidate,citizen_cafe_source_lineage|verified_tabular,clean_structural_candidate,src_b2c218d6d8430390
cclex_a851299268248b27,Lime,7,הם אוכלים,loro (m.) - presente di mangiare,,0,100,solid_base_candidate,citizen_cafe_source_lineage|verified_tabular,clean_structural_candidate,src_abf224cfbc2966f4
cclex_8f44aa834c85881d,Lime,7,אתןתסיימו/אתם,voi - futuro di finire,,0,100,solid_base_candidate,citizen_cafe_source_lineage|verified_tabular,clean_structural_candidate,src_6fc78efa688fce3d
cclex_4d42c1f0e32645f9,Lime,7,הםנרגעים,loro (m.) - presente di rilassarsi,,0,100,solid_base_candidate,citizen_cafe_source_lineage|verified_tabular,clean_structural_candidate,src_2b25957495e0f0cd
cclex_89f2aa2fbc4d63cf,Lime,7,אניבאה,io (f.) - presente di venire,,0,100,solid_base_candidate,citizen_cafe_source_lineage|verified_tabular,clean_structural_candidate,src_4e6de206116a3d67
cclex_24768ad9e2da25de,Lime,7,אתהתסתכל,tu (m.) - futuro di guardare,,0,100,solid_base_candidate,citizen_cafe_source_lineage|verified_tabular,clean_structural_candidate,src_ae43ee1ba7156ed3
cclex_5b81108eddb10905,Lime,7,אתןשיחקת ן,voi (f.) - passato di giocare / suonare,,0,100,solid_base_candidate,citizen_cafe_source_lineage|verified_tabular,clean_structural_candidate,src_0494cadc5ce451e3
cclex_87fa171fea17aaa2,Lime,7,אתהשחית,tu (m.) - passato di nuotare,,0,100,solid_base_candidate,citizen_cafe_source_lineage|verified_tabular,clean_structural_candidate,src_3371ddeec00bd036
cclex_082ff9930def1e0b,Lime,7,אני חוזר ת,io (f.) - presente di ripetere / tornare,,0,100,solid_base_candidate,citizen_cafe_source_lineage|verified_tabular,clean_structural_candidate,src_3d23f70e75e0bcf0
cclex_5368e4da38e8ea24,Lime,7,אתשלחת,tu (f.) - passato di mandare,,0,100,solid_base_candidate,citizen_cafe_source_lineage|verified_tabular,clean_structural_candidate,src_15641cbc9545c6e5
cclex_f116e40a1b477cb4,Lime,7,אנחנומתגעגעות,noi (f.) - presente di perdere / mancare,,0,100,solid_base_candidate,citizen_cafe_source_lineage|verified_tabular,clean_structural_candidate,src_953b69327c127323
cclex_0ab92ba5fc327f95,Lime,7,אתםמזמינים,voi (m.) - presente di ordinare / invitare,,0,100,solid_base_candidate,citizen_cafe_source_lineage|verified_tabular,clean_structural_candidate,src_5f849589651074e7
cclex_f83d2c9e92b5a434,Lime,7,אנחנונקנה,noi - futuro di comprare,,0,100,solid_base_candidate,citizen_cafe_source_lineage|verified_tabular,clean_structural_candidate,src_c875292aef2945de
cclex_494e46dcfd9633ad,Lime,7,אתשוחה,tu (f.) - presente di nuotare,,0,100,solid_base_candidate,citizen_cafe_source_lineage|verified_tabular,clean_structural_candidate,src_eccae9cb503a4395
cclex_cfe306d26be886ce,Lime,7,אתןתקחו/אתם,voi - futuro di prendere,,0,100,solid_base_candidate,citizen_cafe_source_lineage|verified_tabular,clean_structural_candidate,src_5406c644afce5ebc
cclex_e7e83f65519970c0,Lime,7,אתכיבית,tu (f.) - passato di spegnere,,0,100,solid_base_candidate,citizen_cafe_source_lineage|verified_tabular,clean_structural_candidate,src_8e44de1838a79638
cclex_a144bfe441b7c1b1,Lime,7,אתקבלת,tu (f.) - passato di ricevere,,0,100,solid_base_candidate,citizen_cafe_source_lineage|verified_tabular,clean_structural_candidate,src_602056bdbc43f815
cclex_8841b71141ed4c54,Lime,7,אנחנונזרום,noi - futuro di fluire,,0,100,solid_base_candidate,citizen_cafe_source_lineage|verified_tabular,clean_structural_candidate,src_cda946ae76afb768
cclex_d370eaa9cf3a081b,Lime,7,אתטסה,tu (f.) - presente di volare,,0,100,solid_base_candidate,citizen_cafe_source_lineage|verified_tabular,clean_structural_candidate,src_96462f3e1829d1a5
cclex_538ef3dfaa96cdbe,Lime,7,הןיזכרו/הם,loro - futuro di ricordare,,0,100,solid_base_candidate,citizen_cafe_source_lineage|verified_tabular,clean_structural_candidate,src_b90ada2bbdd11cbb
cclex_1e571c15939b3c6a,Lime,7,אנחנונאמין,noi - futuro di credere,,0,100,solid_base_candidate,citizen_cafe_source_lineage|verified_tabular,clean_structural_candidate,src_02a9b614ad36b246
cclex_e621e8882d6ffcb7,Lime,7,הןשמו/הם,loro - passato di mettere,,0,100,solid_base_candidate,citizen_cafe_source_lineage|verified_tabular,clean_structural_candidate,src_5c7dd8c7e3d78709
cclex_b9fbf7b5529c95d6,Lime,7,אתןכיבית ן,voi (f.) - passato di spegnere,,0,100,solid_base_candidate,citizen_cafe_source_lineage|verified_tabular,clean_structural_candidate,src_8d5fd54f3b564be1
cclex_5de8666bba0c37ec,Lime,7,אני עומד,io (m.) - presente di stare in piedi,,1,100,solid_base_candidate,citizen_cafe_source_lineage|streetwise_context_match|verified_tabular,clean_structural_candidate,src_2ca031fc178288b8
cclex_bfac51b8fa79d176,Lime,7,לבוא,venire (infinito),,2,100,solid_base_candidate,citizen_cafe_source_lineage|streetwise_context_match|verified_tabular,clean_structural_candidate,src_538551357d053772
cclex_6fd97de9e0a5628a,Lime,7,אתהמכבה,tu (m.) - presente di spegnere,,0,100,solid_base_candidate,citizen_cafe_source_lineage|verified_tabular,clean_structural_candidate,src_08f93c13b352d12b
cclex_2fcde2360903ee88,Lime,7,אנחנו לומד ים,noi (m.) - presente di studiare,,0,100,solid_base_candidate,citizen_cafe_source_lineage|verified_tabular,clean_structural_candidate,src_54fabae9405b123e
cclex_a401a47d36225dc0,Lime,7,אתהתעשה,tu (m.) - futuro di fare,,0,100,solid_base_candidate,citizen_cafe_source_lineage|verified_tabular,clean_structural_candidate,src_58e4fe40815ea09f
cclex_07fe822ba1d9f9c3,Lime,7,אנחנומאמנים,noi (m.) - presente di allenarsi,,0,100,solid_base_candidate,citizen_cafe_source_lineage|verified_tabular,clean_structural_candidate,src_44302400d9ddee16
cclex_810996cdce32ef14,Lime,7,אתתתחילי,tu (f.) - futuro di iniziare,,0,100,solid_base_candidate,citizen_cafe_source_lineage|verified_tabular,clean_structural_candidate,src_8ebc283d80b2b402
cclex_735b63076acea406,Lime,7,אתם חוזר ים,voi (m.) - presente di ripetere / tornare,,0,100,solid_base_candidate,citizen_cafe_source_lineage|verified_tabular,clean_structural_candidate,src_b89717094e83573d
cclex_cf248e693e7228a3,Lime,7,היאמתקנת,lei - presente di riparare / sistemare,,0,100,solid_base_candidate,citizen_cafe_source_lineage|verified_tabular,clean_structural_candidate,src_6f71df69026a615d
cclex_953ad7dc251a17a3,Lime,7,אניבדקת י,io - passato di controllare,,0,100,solid_base_candidate,citizen_cafe_source_lineage|verified_tabular,clean_structural_candidate,src_f38334192a2fd58a
cclex_de12a435decbf1a0,Lime,7,אתןתשבו/אתם,voi - futuro di sedersi,,0,100,solid_base_candidate,citizen_cafe_source_lineage|verified_tabular,clean_structural_candidate,src_a9f3a6b30e9dc906
cclex_be5bb38cb1cb4f23,Lime,7,הןזר מו/הם,loro - passato di fluire,,0,100,solid_base_candidate,citizen_cafe_source_lineage|verified_tabular,clean_structural_candidate,src_2e4d0a92b32fc29b
cclex_3547990dd0ba5d82,Lime,7,הםמתגעגעים,loro (m.) - presente di perdere / mancare,,0,100,solid_base_candidate,citizen_cafe_source_lineage|verified_tabular,clean_structural_candidate,src_f0372228851d18f7
cclex_236cc60af7dd9453,Lime,7,אנחנו יושבים,noi (m.) - presente di sedersi,,0,100,solid_base_candidate,citizen_cafe_source_lineage|verified_tabular,clean_structural_candidate,src_73b420c9675fe511
cclex_db7eb7df494c379e,Lime,7,הואיפגש,lui - futuro di incontrarsi con,,0,100,solid_base_candidate,citizen_cafe_source_lineage|verified_tabular,clean_structural_candidate,src_ce000d7bd826b142
cclex_bd106507b83f61ef,Lime,7,הםזזים,loro (m.) - presente di muoversi,,0,100,solid_base_candidate,citizen_cafe_source_lineage|verified_tabular,clean_structural_candidate,src_a088135b74d86ace
cclex_9834c32403875c72,Lime,7,אתןקיוות ן,voi (f.) - passato di sperare,,0,100,solid_base_candidate,citizen_cafe_source_lineage|verified_tabular,clean_structural_candidate,src_ecbe86165a69a057
cclex_b1eecd4e84cccb97,Lime,7,אתם שוכחים,voi (m.) - presente di dimenticare,,0,100,solid_base_candidate,citizen_cafe_source_lineage|verified_tabular,clean_structural_candidate,src_acf0a8f6b77efc85
cclex_3494cadb05bedb23,Lime,7,אתההתגעגעת,tu (m.) - passato di perdere / mancare,,0,100,solid_base_candidate,citizen_cafe_source_lineage|verified_tabular,clean_structural_candidate,src_e635f1f8a478e492
cclex_39ab4f5b1db6e7bf,Lime,7,אתםהשתמשת ם,voi (m.) - passato di usare,,0,100,solid_base_candidate,citizen_cafe_source_lineage|verified_tabular,clean_structural_candidate,src_8fe99fa44a246e30
cclex_75becac2e294edc6,Lime,7,הםנשאר ים,loro (m.) - presente di rimanere / restare,,0,100,solid_base_candidate,citizen_cafe_source_lineage|verified_tabular,clean_structural_candidate,src_74a27b6fa6cded48
cclex_d1a82b12c09b391d,Lime,7,הםמשנים,loro (m.) - presente di cambiare,,0,100,solid_base_candidate,citizen_cafe_source_lineage|verified_tabular,clean_structural_candidate,src_5ac3363a733b5fea
cclex_bc07859462320fd6,Lime,7,היאתנקה,lei - futuro di pulire,,0,100,solid_base_candidate,citizen_cafe_source_lineage|verified_tabular,clean_structural_candidate,src_dbd3c8776e831306
cclex_d06304a5313fe3c3,Lime,7,היאשינת ה,lei - passato di cambiare,,0,100,solid_base_candidate,citizen_cafe_source_lineage|verified_tabular,clean_structural_candidate,src_f082dfc337928b3a
cclex_930c7d0cda35606f,Lime,7,אתהקד את,tu (m.) - passato di leggere,,0,100,solid_base_candidate,citizen_cafe_source_lineage|verified_tabular,clean_structural_candidate,src_218357991c2c34cf
cclex_bd640e685d249662,Lime,7,הןהאמינו/הם,loro - passato di credere,,0,100,solid_base_candidate,citizen_cafe_source_lineage|verified_tabular,clean_structural_candidate,src_b900ea068342b01c
cclex_6b72ecdfb16ba465,Lime,7,אניהקשבת י,io - passato di ascoltare / fare attenzione,,0,100,solid_base_candidate,citizen_cafe_source_lineage|verified_tabular,clean_structural_candidate,src_be54f16d938c6d74
cclex_551aed9426569cef,Lime,7,היאת זוז,lei - futuro di muoversi,,0,100,solid_base_candidate,citizen_cafe_source_lineage|verified_tabular,clean_structural_candidate,src_ac35749a42a654b1
cclex_0891622ed27e3554,Lime,7,אנחנונירגע,noi - futuro di rilassarsi,,0,100,solid_base_candidate,citizen_cafe_source_lineage|verified_tabular,clean_structural_candidate,src_93243c04b1c428fd
cclex_569fbc2012d28e1e,Lime,7,אתם לומד ים,voi (m.) - presente di studiare,,0,100,solid_base_candidate,citizen_cafe_source_lineage|verified_tabular,clean_structural_candidate,src_0824b0b04d61db18
cclex_b4065347efad9975,Lime,7,היאתשתמש,lei - futuro di usare,,0,100,solid_base_candidate,citizen_cafe_source_lineage|verified_tabular,clean_structural_candidate,src_d84b422574a2c61b
cclex_f018ca8dae21c75a,Lime,7,יכל/הואהיהיכול,lui - passato di potere,,0,100,solid_base_candidate,citizen_cafe_source_lineage|verified_tabular,clean_structural_candidate,src_2114414995ee05b1
cclex_731c52001389b6f5,Lime,7,אני שולחת,io (f.) - presente di mandare,,0,100,solid_base_candidate,citizen_cafe_source_lineage|verified_tabular,clean_structural_candidate,src_eb1b6a7212369698
cclex_edd6c3397ea112bd,Lime,7,אתןתעבדו/אתם,voi - futuro di lavorare,,0,100,solid_base_candidate,citizen_cafe_source_lineage|verified_tabular,clean_structural_candidate,src_751df485f334d2a2
cclex_70c63707432f7c46,Lime,7,אני עובד,io (m.) - presente di lavorare,,1,100,solid_base_candidate,citizen_cafe_source_lineage|streetwise_context_match|verified_tabular,clean_structural_candidate,src_1ae30d8990d250f5
cclex_2c7c8233cab2170d,Lime,7,היאשחת ה,lei - passato di nuotare,,0,100,solid_base_candidate,citizen_cafe_source_lineage|verified_tabular,clean_structural_candidate,src_d2b06cdd35f37655
cclex_8f757e2cb068e4eb,Lime,7,אתםהבנת ם,voi (m.) - passato di capire,,0,100,solid_base_candidate,citizen_cafe_source_lineage|verified_tabular,clean_structural_candidate,src_1ee8df8ea715c5e1
cclex_2661606ea4f7954d,Lime,7,הואהרגיש,lui - passato di sentirsi,,0,100,solid_base_candidate,citizen_cafe_source_lineage|verified_tabular,clean_structural_candidate,src_c4b3763c1410e4f1
cclex_684dc9a8b592397b,Lime,7,אנחנונשחק,noi - futuro di giocare / suonare,,0,100,solid_base_candidate,citizen_cafe_source_lineage|verified_tabular,clean_structural_candidate,src_b42b8cb67aa905c5
cclex_b90942d08942a490,Lime,7,אתןד יברת ן,voi (f.) - passato di parlare,,0,100,solid_base_candidate,citizen_cafe_source_lineage|verified_tabular,clean_structural_candidate,src_fbf069bc17fbe192
cclex_34638a256e094fcc,Lime,7,הן לומדות,loro (f.) - presente di studiare,,0,100,solid_base_candidate,citizen_cafe_source_lineage|verified_tabular,clean_structural_candidate,src_df54363914115d98
cclex_93f6f0020c1e0c1b,Lime,7,אתן יור דות,voi (f.) - presente di scendere,,0,100,solid_base_candidate,citizen_cafe_source_lineage|verified_tabular,clean_structural_candidate,src_3cbff422e76c3706
cclex_67a4782a62684ea3,Lime,7,אניאקח,io - futuro di prendere,,0,100,solid_base_candidate,citizen_cafe_source_lineage|verified_tabular,clean_structural_candidate,src_c3f810da33960229
cclex_143b3919f9804c12,Lime,7,אתהנשארת,tu (m.) - passato di rimanere / restare,,0,100,solid_base_candidate,citizen_cafe_source_lineage|verified_tabular,clean_structural_candidate,src_9bde9865c8af8d89
cclex_352a1d38bdd53052,Lime,7,אנחנוניזכר,noi - futuro di ricordarsi finalmente,,0,100,solid_base_candidate,citizen_cafe_source_lineage|verified_tabular,clean_structural_candidate,src_3dbc9117a47f45fc
cclex_afeb6a80f1765afb,Lime,7,אתםדאגת ם,voi (m.) - passato di preoccuparsi,,0,100,solid_base_candidate,citizen_cafe_source_lineage|verified_tabular,clean_structural_candidate,src_e0fe034879965f10
cclex_936c462732d0fe04,Lime,7,אתתחכי,tu (f.) - futuro di aspettare,,0,100,solid_base_candidate,citizen_cafe_source_lineage|verified_tabular,clean_structural_candidate,src_dc84e908f4675abc
cclex_6ee2dedbbd8dd842,Lime,7,אנחנוצדקנו,noi - passato di avere ragione,,0,100,solid_base_candidate,citizen_cafe_source_lineage|verified_tabular,clean_structural_candidate,src_d0685e1cfd32c79f
cclex_338e480ad93d9157,Lime,7,הואיצלם,lui - futuro di fotografare,,0,100,solid_base_candidate,citizen_cafe_source_lineage|verified_tabular,clean_structural_candidate,src_7da584600bb5fc0b
cclex_d72a375603e7e534,Lime,7,אניאתחיל,io - futuro di iniziare,,0,100,solid_base_candidate,citizen_cafe_source_lineage|verified_tabular,clean_structural_candidate,src_809b43f4fdb0a120
cclex_f188d1a80b4a07fa,Lime,7,אנחנונכיר,noi - futuro di conoscere,,0,100,solid_base_candidate,citizen_cafe_source_lineage|verified_tabular,clean_structural_candidate,src_91948360509c16f5
cclex_015ade1c3a799d87,Lime,7,אתםנרגעים,voi (m.) - presente di rilassarsi,,0,100,solid_base_candidate,citizen_cafe_source_lineage|verified_tabular,clean_structural_candidate,src_fa5132252f7574f8
cclex_7cbdf6a3e0a52c91,Lime,7,אני דואגת,io (f.) - presente di preoccuparsi,,0,100,solid_base_candidate,citizen_cafe_source_lineage|verified_tabular,clean_structural_candidate,src_61b4de07df431f3f
cclex_14cbb54e7e51038e,Lime,7,אנחנוד יבר נו,noi - passato di parlare,,0,100,solid_base_candidate,citizen_cafe_source_lineage|verified_tabular,clean_structural_candidate,src_ceef57f7f4ccb3a7
cclex_6298a165ccd07d6b,Lime,7,אתן אוכלות,voi (f.) - presente di mangiare,,0,100,solid_base_candidate,citizen_cafe_source_lineage|verified_tabular,clean_structural_candidate,src_14557c20b12d0403
cclex_9915bbc97c61105e,Lime,7,הןיתקנו/הם,loro - futuro di riparare / sistemare,,0,100,solid_base_candidate,citizen_cafe_source_lineage|verified_tabular,clean_structural_candidate,src_59a1b9b6ebcec5c3
cclex_47f2e4e058fbfd32,Lime,7,הםמאשר ים,loro (m.) - presente di confermare,,0,100,solid_base_candidate,citizen_cafe_source_lineage|verified_tabular,clean_structural_candidate,src_d1800b7f1fd926f0
cclex_a1f4322f6773bcae,Lime,7,הואמבין,lui - presente di capire,,0,100,solid_base_candidate,citizen_cafe_source_lineage|verified_tabular,clean_structural_candidate,src_24c90a44f45afb2d
cclex_8c80a92d7b787c68,Lime,7,את דואגת,tu (f.) - presente di preoccuparsi,,0,100,solid_base_candidate,citizen_cafe_source_lineage|verified_tabular,clean_structural_candidate,src_31bad0d9aa3a91a2
cclex_58652d3cf9c4c496,Lime,7,אתןשחית ן,voi (f.) - passato di nuotare,,0,100,solid_base_candidate,citizen_cafe_source_lineage|verified_tabular,clean_structural_candidate,src_ce103cee79daf867
cclex_f03a438604169714,Lime,7,הןיצלמו/הם,loro - futuro di fotografare,,0,100,solid_base_candidate,citizen_cafe_source_lineage|verified_tabular,clean_structural_candidate,src_9f04da3b7346582a
cclex_e5f82f96b325492c,Lime,7,אתןהדלקת ן,voi (f.) - passato di accendere,,0,100,solid_base_candidate,citizen_cafe_source_lineage|verified_tabular,clean_structural_candidate,src_2d99cfeafa8c200f
cclex_e2e26e913f145af4,Lime,7,אנחנומאמנות,noi (f.) - presente di allenarsi,,0,100,solid_base_candidate,citizen_cafe_source_lineage|verified_tabular,clean_structural_candidate,src_fbcce95572e7dd5d
cclex_a707849274043e84,Lime,7,אתהמחפש,tu (m.) - presente di cercare,,0,100,solid_base_candidate,citizen_cafe_source_lineage|verified_tabular,clean_structural_candidate,src_d8b053f2c54a1632
cclex_1e5b24e650459373,Lime,7,היאתעשה,lei - futuro di fare,,0,100,solid_base_candidate,citizen_cafe_source_lineage|verified_tabular,clean_structural_candidate,src_caa210b30a7f6fa6
cclex_567c191c5b32d0f2,Lime,7,אנחנואהבנו,noi - passato di amare,,0,100,solid_base_candidate,citizen_cafe_source_lineage|verified_tabular,clean_structural_candidate,src_61bef443253281e7
cclex_4e96e0b3246c8916,Lime,7,אנחנו לוקחים,noi (m.) - presente di prendere,,0,100,solid_base_candidate,citizen_cafe_source_lineage|verified_tabular,clean_structural_candidate,src_a913d42de15b6cb2
cclex_dd00991d9921f0ef,Lime,7,אנחנומבשלים,noi (m.) - presente di cucinare,,0,100,solid_base_candidate,citizen_cafe_source_lineage|verified_tabular,clean_structural_candidate,src_e2cc63c2981bcf85
cclex_e02e91ab2cda670f,Lime,7,הואהסתכל,lui - passato di guardare,,0,100,solid_base_candidate,citizen_cafe_source_lineage|verified_tabular,clean_structural_candidate,src_06cd6e526c32cf87
cclex_e9c5f43bc6af5162,Lime,7,אתה אוהב,tu (m.) - presente di amare,,0,100,solid_base_candidate,citizen_cafe_source_lineage|verified_tabular,clean_structural_candidate,src_cc0d1b614eb455d8
cclex_b6c51a0e84ecd84b,Lime,7,אנחנויצאנו,noi - passato di uscire,,0,100,solid_base_candidate,citizen_cafe_source_lineage|verified_tabular,clean_structural_candidate,src_f784509ea3dfb542
cclex_8abf2f630f4d896e,Lime,7,אנחנוהתגעגענו,noi - passato di perdere / mancare,,0,100,solid_base_candidate,citizen_cafe_source_lineage|verified_tabular,clean_structural_candidate,src_1d7af96f6ec67e04
cclex_de56414a324f160a,Lime,7,את אוכלת,tu (f.) - presente di mangiare,,0,100,solid_base_candidate,citizen_cafe_source_lineage|verified_tabular,clean_structural_candidate,src_aaf711e6cc772c0f
cclex_153038a4da260e86,Lime,7,הואירצה,lui - futuro di volere,,0,100,solid_base_candidate,citizen_cafe_source_lineage|verified_tabular,clean_structural_candidate,src_75452c79b5fbd3ac
cclex_a8f6d67da29fe8dc,Lime,7,אתאהבת,tu (f.) - passato di amare,,0,100,solid_base_candidate,citizen_cafe_source_lineage|verified_tabular,clean_structural_candidate,src_d7a8bfbb6c718351
cclex_14280b8b61c8f635,Lime,7,הןיישארו/הם,loro - futuro di rimanere / restare,,0,100,solid_base_candidate,citizen_cafe_source_lineage|verified_tabular,clean_structural_candidate,src_401be7eb44a6822d
cclex_f5b91b39e8aede57,Lime,7,אתהתנקה,tu (m.) - futuro di pulire,,0,100,solid_base_candidate,citizen_cafe_source_lineage|verified_tabular,clean_structural_candidate,src_def49c8e723c3a37
cclex_5d5073b405a48fe9,Lime,7,הואשכח,lui - passato di dimenticare,,0,100,solid_base_candidate,citizen_cafe_source_lineage|verified_tabular,clean_structural_candidate,src_af702536b5bd22ea
cclex_ba5269291404b010,Lime,7,אנחנונתקן,noi - futuro di riparare / sistemare,,0,100,solid_base_candidate,citizen_cafe_source_lineage|verified_tabular,clean_structural_candidate,src_42335be1290491ad
cclex_bb2f1847e542e923,Lime,7,אניקנית י,io - passato di comprare,,0,100,solid_base_candidate,citizen_cafe_source_lineage|verified_tabular,clean_structural_candidate,src_cf1ac73e2f8fe8b1
cclex_4a6f6dcc795dfad5,Lime,7,אנחנוהעדפנו,noi - passato di preferire,,0,100,solid_base_candidate,citizen_cafe_source_lineage|verified_tabular,clean_structural_candidate,src_7e09f87db863366e
cclex_3d79e2dfd1d23322,Lime,7,הואצילם,lui - passato di fotografare,,0,100,solid_base_candidate,citizen_cafe_source_lineage|verified_tabular,clean_structural_candidate,src_05780afecc1c6356
cclex_d50de15e9ac0cf4d,Lime,7,הןיזוזו/הם,loro - futuro di muoversi,,0,100,solid_base_candidate,citizen_cafe_source_lineage|verified_tabular,clean_structural_candidate,src_e90e1f2947dbb68b
cclex_2f54feec88db1cfe,Lime,7,אנחנומזמינות,noi (f.) - presente di ordinare / invitare,,0,100,solid_base_candidate,citizen_cafe_source_lineage|verified_tabular,clean_structural_candidate,src_7e7f2abd5c173ea4
cclex_1e4305bc191cee47,Lime,7,אנחנומחפשים,noi (m.) - presente di cercare,,0,100,solid_base_candidate,citizen_cafe_source_lineage|verified_tabular,clean_structural_candidate,src_8ea7bb92ccee6178
cclex_38c2398e9e9e7ac1,Lime,7,אתמקשיבה,tu (f.) - presente di ascoltare / fare attenzione,,0,100,solid_base_candidate,citizen_cafe_source_lineage|verified_tabular,clean_structural_candidate,src_e0ebe7e2de11dab5
cclex_b9c112d85782d095,Lime,7,אניאקנה,io - futuro di comprare,,0,100,solid_base_candidate,citizen_cafe_source_lineage|verified_tabular,clean_structural_candidate,src_48b9b86bb2a01336
cclex_c122c350734351fc,Lime,7,אתםמכבים,voi (m.) - presente di spegnere,,0,100,solid_base_candidate,citizen_cafe_source_lineage|verified_tabular,clean_structural_candidate,src_b04684951c7d3afd
cclex_a796bb49b380a67b,Lime,7,אתןתנקו/אתם,voi - futuro di pulire,,0,100,solid_base_candidate,citizen_cafe_source_lineage|verified_tabular,clean_structural_candidate,src_309ebcfc4fa36862
cclex_bf34fb902a73d122,Lime,7,אתתלמד י,tu (f.) - futuro di studiare,,0,100,solid_base_candidate,citizen_cafe_source_lineage|verified_tabular,clean_structural_candidate,src_b8cb4e743fc7666d
cclex_42f548ff810924ad,Lime,7,אתםמחלית ים,voi (m.) - presente di decidere,,0,100,solid_base_candidate,citizen_cafe_source_lineage|verified_tabular,clean_structural_candidate,src_9e1ae8ff555ceef6
cclex_f9c984cbbd5ec791,Lime,7,אתםהתגעגעת ם,voi (m.) - passato di perdere / mancare,,0,100,solid_base_candidate,citizen_cafe_source_lineage|verified_tabular,clean_structural_candidate,src_8fe0318a4486ee88
cclex_b5f7516a985c363a,Lime,7,היאכיבת ה,lei - passato di spegnere,,0,100,solid_base_candidate,citizen_cafe_source_lineage|verified_tabular,clean_structural_candidate,src_3b1dfb75a2000ddd
cclex_af50426bcc1503fc,Lime,7,הןהסתכלו/הם,loro - passato di guardare,,0,100,solid_base_candidate,citizen_cafe_source_lineage|verified_tabular,clean_structural_candidate,src_147cfa0b6fb5f972
cclex_ec7145a5968614ce,Lime,7,אתםשת ית ם,voi (m.) - passato di bere,,0,100,solid_base_candidate,citizen_cafe_source_lineage|verified_tabular,clean_structural_candidate,src_caafbe685ce98680
cclex_a75c4ed3a8d91edf,Lime,7,הןאישרו/הם,loro - passato di confermare,,0,100,solid_base_candidate,citizen_cafe_source_lineage|verified_tabular,clean_structural_candidate,src_1dabcb7b153bf24c
cclex_ed4619dfcdf82df5,Lime,7,היאחיפשה,lei - passato di cercare,,0,100,solid_base_candidate,citizen_cafe_source_lineage|verified_tabular,clean_structural_candidate,src_14cf95eff60c1045
cclex_9a93d29e75775dfd,Lime,7,אתהחשבת,tu (m.) - passato di pensare,,0,100,solid_base_candidate,citizen_cafe_source_lineage|verified_tabular,clean_structural_candidate,src_0dfbdaff5ebc92a0
cclex_f402f1c9dd76b1a3,Lime,7,אתםמשתמשים,voi (m.) - presente di usare,,0,100,solid_base_candidate,citizen_cafe_source_lineage|verified_tabular,clean_structural_candidate,src_38960d0d144d8a78
cclex_3067c28d94d522ca,Lime,7,אנחנונתחיל,noi - futuro di iniziare,,0,100,solid_base_candidate,citizen_cafe_source_lineage|verified_tabular,clean_structural_candidate,src_4f3f20b238aae444
cclex_86ce8cd8685af6a1,Lime,7,אנחנומזמינים,noi (m.) - presente di ordinare / invitare,,0,100,solid_base_candidate,citizen_cafe_source_lineage|verified_tabular,clean_structural_candidate,src_52958d5ac58f5a21
cclex_f7e7533520934820,Lime,7,אתםיצאת ם,voi (m.) - passato di uscire,,0,100,solid_base_candidate,citizen_cafe_source_lineage|verified_tabular,clean_structural_candidate,src_844c57102f7ba6ee
cclex_a11e10076a6c1045,Lime,7,אנחנומעד יפים,noi (m.) - presente di preferire,,0,100,solid_base_candidate,citizen_cafe_source_lineage|verified_tabular,clean_structural_candidate,src_c6b04dda478d8e78
cclex_87fbb2b82ad4f222,Lime,7,אני הולך,io (m.) - presente di andare,,7,100,solid_base_candidate,citizen_cafe_source_lineage|streetwise_context_match|verified_tabular,clean_structural_candidate,src_3adc316d5ab7df60
cclex_37cc5556705d8ee8,Lime,7,אתןמבטלות,voi (f.) - presente di annullare,,0,100,solid_base_candidate,citizen_cafe_source_lineage|verified_tabular,clean_structural_candidate,src_92c417ce7a989256
cclex_2dbcf6b81006ea9f,Lime,7,אתן נות נות,voi (f.) - presente di dare,,0,100,solid_base_candidate,citizen_cafe_source_lineage|verified_tabular,clean_structural_candidate,src_ad4a9c14ec0981e5
cclex_9c40e5d19c937e8d,Lime,7,הן זוכרות,loro (f.) - presente di ricordare,,0,100,solid_base_candidate,citizen_cafe_source_lineage|verified_tabular,clean_structural_candidate,src_1025db489292a761
cclex_77e86de7a1b94ad7,Lime,7,אתןתחכו/אתם,voi - futuro di aspettare,,0,100,solid_base_candidate,citizen_cafe_source_lineage|verified_tabular,clean_structural_candidate,src_d20ea7cb351ff2ff
cclex_690f84f96e32642b,Lime,7,אתןמאמינות,voi (f.) - presente di credere,,0,100,solid_base_candidate,citizen_cafe_source_lineage|verified_tabular,clean_structural_candidate,src_78f86c8cf7bd9afb
cclex_39d832ca8d0d3314,Lime,7,אתהשכחת,tu (m.) - passato di dimenticare,,0,100,solid_base_candidate,citizen_cafe_source_lineage|verified_tabular,clean_structural_candidate,src_3555fdf9b88081b9
cclex_60181ea89accc9bc,Lime,7,הואיקשיב,lui - futuro di ascoltare / fare attenzione,,0,100,solid_base_candidate,citizen_cafe_source_lineage|verified_tabular,clean_structural_candidate,src_a7d688661af03de1
cclex_3504b57daec64657,Lime,7,הואיטייל,lui - futuro di viaggiare,,0,100,solid_base_candidate,citizen_cafe_source_lineage|verified_tabular,clean_structural_candidate,src_b5b8492955832538
cclex_ec2c2412b007d312,Lime,7,אתןתזמינו/אתם,voi - futuro di ordinare / invitare,,0,100,solid_base_candidate,citizen_cafe_source_lineage|verified_tabular,clean_structural_candidate,src_43cd99ebc36f615c
cclex_9ffa36d5490d8539,Lime,7,הןייזכרו/הם,loro - futuro di ricordarsi finalmente,,0,100,solid_base_candidate,citizen_cafe_source_lineage|verified_tabular,clean_structural_candidate,src_e1a67b3e863bfc4c
cclex_840d86719527e518,Lime,7,מסך,schermo,,0,100,solid_base_candidate,citizen_cafe_review_zip|citizen_cafe_source_lineage,clean_structural_candidate,src_9e2d7ba5b0d50a37
cclex_148449aa6e8fd561,Lime,7,על האש,barbecue / grigliata,,0,100,solid_base_candidate,citizen_cafe_review_zip|citizen_cafe_source_lineage,clean_structural_candidate,src_edfe212e73c0fc1b
cclex_f27eb1becf3cca0f,Lime,7,השקעה,investimento / lavoro molto approfondito,,0,100,solid_base_candidate,citizen_cafe_review_zip|citizen_cafe_source_lineage,clean_structural_candidate,src_e802014e5a5f0f0d
cclex_2ac18a048cba353c,Lime,7,חברה,società / azienda,,1,100,solid_base_candidate,citizen_cafe_review_zip|citizen_cafe_source_lineage|streetwise_context_match,clean_structural_candidate,src_972092a57c02b07b
cclex_55090c158388be48,Lime,7,באופן כללי / בכללי / בגדול,in generale / generalmente,,0,100,solid_base_candidate,citizen_cafe_review_zip|citizen_cafe_source_lineage,clean_structural_candidate,src_ad153ade5fe6a66b
cclex_09aa533eb7907842,Lime,7,באופן כללי אני אוהבת את תל אביב בכללי אני אוהבת את תל אביב בגדול אני / אוהבת את תל אביב,in generale mi piace Tel Aviv,,0,100,solid_base_candidate,citizen_cafe_review_zip|citizen_cafe_source_lineage,clean_structural_candidate,src_c2b046c073ca6802
cclex_4c5886c6b0b8a50a,Lime,7,באופן כללי הולך בסדר בכללי הולך בסדר בגדול הולך בסדר,nel complesso va bene,,0,100,solid_base_candidate,citizen_cafe_review_zip|citizen_cafe_source_lineage,clean_structural_candidate,src_eb4dda10870f6546
cclex_277072add3d9da73,Lime,7,היא השקיעה מיליון דולר,lei invested one million dollars,,0,100,solid_base_candidate,citizen_cafe_review_zip|citizen_cafe_source_lineage,clean_structural_candidate,src_cf02f23427e25987
cclex_17f8890a63c914fb,Lime,7,כמה שיותר מהר,il più velocemente possibile,,0,100,solid_base_candidate,citizen_cafe_review_zip|citizen_cafe_source_lineage,clean_structural_candidate,src_71d874ff2cac02f9
cclex_a2cb515a5e3291ab,Lime,7,מרכז,centro,,1,100,solid_base_candidate,citizen_cafe_review_zip|citizen_cafe_source_lineage|streetwise_context_match,clean_structural_candidate,src_178bccc1271e2099
cclex_feb29f6a970e7f93,Lime,7,להבט יח ל / הווה מבט יח מבט יחה מבט יח ם מבט יחות,promettere,,0,100,solid_base_candidate,citizen_cafe_review_zip|citizen_cafe_source_lineage,clean_structural_candidate,src_cc531d02123841b9
cclex_152a62c9d02dc5a9,Lime,7,י חלהבט למ יש הו,promettere,,0,100,solid_base_candidate,citizen_cafe_review_zip|citizen_cafe_source_lineage,clean_structural_candidate,src_518472fd1bfeacb4
cclex_5d26fa9e4ade8fec,Lime,7,שטות נ שטויות נ ר,stupid silly things,,0,100,solid_base_candidate,citizen_cafe_review_zip|citizen_cafe_source_lineage,clean_structural_candidate,src_1034d4f4872fbf7b
cclex_2bebe451f97353d7,Lime,7,להפך,al contrario / opposto,,1,100,solid_base_candidate,citizen_cafe_review_zip|citizen_cafe_source_lineage|streetwise_context_match,clean_structural_candidate,src_ff8b4cea61b0b46f
cclex_8a6f6fdd4d2c3bc7,Lime,7,מבאס מבאסת,depressing upsetting,,0,100,solid_base_candidate,citizen_cafe_review_zip|citizen_cafe_source_lineage,clean_structural_candidate,src_8025205a5485b35a
cclex_0682930143f19bbd,Lime,7,היא נשארה במשרד,è rimasta in ufficio,,0,100,solid_base_candidate,citizen_cafe_review_zip|citizen_cafe_source_lineage,clean_structural_candidate,src_19af4173772194ec
cclex_c24e4479f443b135,Lime,7,אפשר להיכנס,posso entrare?,,0,100,solid_base_candidate,citizen_cafe_review_zip|citizen_cafe_source_lineage,clean_structural_candidate,src_97e575b2019e31f7
cclex_50a1666570fd64b7,Lime,7,עם מי אתה מדבר,con chi stai parlando?,,0,100,solid_base_candidate,citizen_cafe_review_zip|citizen_cafe_source_lineage,clean_structural_candidate,src_caf7dd5aa88690bc
cclex_bfe62648bcf7f1ff,Lime,7,נכנסנו לכיתה,siamo entrati in classe,,0,100,solid_base_candidate,citizen_cafe_review_zip|citizen_cafe_source_lineage,clean_structural_candidate,src_0169fac90fd48711
cclex_e311a75c02e30c44,Lime,7,לא צריך להיבהל,non c'è bisogno di allarmarsi,,0,100,solid_base_candidate,citizen_cafe_review_zip|citizen_cafe_source_lineage,clean_structural_candidate,src_fb87b98e5ab34b5d
cclex_6056157865f559c4,Lime,7,בא לך להישאר,ti va di restare?,,0,100,solid_base_candidate,citizen_cafe_review_zip|citizen_cafe_source_lineage,clean_structural_candidate,src_083b97b1ba954d36
cclex_f27cf447df176e3a,Lime,7,מתי אתה רוצה להיפגש,quando vuoi incontrarci?,,0,100,solid_base_candidate,citizen_cafe_review_zip|citizen_cafe_source_lineage,clean_structural_candidate,src_f748863ef3b8429c
cclex_4d948819a6cd4e9a,Lime,7,ממי זה,da chi viene?,,0,100,solid_base_candidate,citizen_cafe_review_zip|citizen_cafe_source_lineage,clean_structural_candidate,src_1feeba78e99f1ae1
cclex_f4f3bdd4b0529ebe,Lime,7,הוא נכנס לשיעור עכשיו,sta entrando in classe adesso,,0,100,solid_base_candidate,citizen_cafe_review_zip|citizen_cafe_source_lineage,clean_structural_candidate,src_b344d8046054317c
cclex_edb483cac5f95567,Lime,7,הם נפגשים במשרד,si incontrano in ufficio,,0,100,solid_base_candidate,citizen_cafe_review_zip|citizen_cafe_source_lineage,clean_structural_candidate,src_1795fdd27d2e8376
cclex_3f2693328e14e16b,Lime,7,למה אתם מחכים,che cosa state aspettando?,,0,100,solid_base_candidate,citizen_cafe_review_zip|citizen_cafe_source_lineage,clean_structural_candidate,src_9b106418a130ad5a
cclex_774c94042f04108f,Lime,7,הוא נפגש איתה אתמול,l'ha incontrata ieri,,0,100,solid_base_candidate,citizen_cafe_review_zip|citizen_cafe_source_lineage,clean_structural_candidate,src_d1672a13ac92b0cb
cclex_03781e6b52d514a7,Lime,7,כמה שיותר מוקדם,il prima possibile,,0,100,solid_base_candidate,citizen_cafe_review_zip|citizen_cafe_source_lineage,clean_structural_candidate,src_4af55739bac00e84
cclex_5ee4b7d66779234f,Lime,7,הם נשארו בחוץ,sono rimasti fuori,,0,100,solid_base_candidate,citizen_cafe_review_zip|citizen_cafe_source_lineage,clean_structural_candidate,src_8b0d0c79c0c0bf5b
cclex_e7a6365d4387620f,Lime,7,הוא נורא עצלן,è terribilmente pigro,,0,100,solid_base_candidate,citizen_cafe_review_zip|citizen_cafe_source_lineage,clean_structural_candidate,src_c013b61f4b75520e
cclex_88af62d34039e5cf,Lime,7,מה אתה מנסה לעשות,che cosa stai cercando di fare?,,0,100,solid_base_candidate,citizen_cafe_review_zip|citizen_cafe_source_lineage,clean_structural_candidate,src_b68e9c002c78118c
cclex_d1b2a02beca176b4,Lime,7,רציתי שתחכה לי,volevo che mi aspettassi,,0,100,solid_base_candidate,citizen_cafe_review_zip|citizen_cafe_source_lineage,clean_structural_candidate,src_d6c992e9c8b65436
cclex_e986cdb9a1e461ce,Lime,7,היא רצתה שתנסו,voleva che provaste,,0,100,solid_base_candidate,citizen_cafe_review_zip|citizen_cafe_source_lineage,clean_structural_candidate,src_82e9a567c9bc46ab
cclex_b69ceea845f2a378,Lime,7,אתה רוצה שאני אבוא,vuoi che venga?,,0,100,solid_base_candidate,citizen_cafe_review_zip|citizen_cafe_source_lineage,clean_structural_candidate,src_c5676496a890563e
cclex_5151fde888976def,Lime,7,נורא קר,fa terribilmente freddo,,0,100,solid_base_candidate,citizen_cafe_review_zip|citizen_cafe_source_lineage,clean_structural_candidate,src_c918f016e52fbc8b
cclex_0729e43065255c7b,Lime,7,לפחות ניסית,almeno ci hai provato,,0,100,solid_base_candidate,citizen_cafe_review_zip|citizen_cafe_source_lineage,clean_structural_candidate,src_1c06a98d3c831bea
cclex_5de6b54881e1309c,Lime,7,לא נורא לפחות ניסיתי,"non è così male, almeno ci ho provato",,0,100,solid_base_candidate,citizen_cafe_review_zip|citizen_cafe_source_lineage,clean_structural_candidate,src_43ccf5ecc21c8d14
cclex_ec59fe8e1a54f581,Lime,7,גיליתי שהם זוג,ho scoperto che sono una coppia,,0,100,solid_base_candidate,citizen_cafe_review_zip|citizen_cafe_source_lineage,clean_structural_candidate,src_8f7378613f90fa45
cclex_7f0bc0492c5aae53,Lime,7,אל תעבור לאנגלית,non passare all'inglese,,0,100,solid_base_candidate,citizen_cafe_review_zip|citizen_cafe_source_lineage,clean_structural_candidate,src_17ef6878d816a94d
cclex_3602b81b0ff9f48d,Lime,7,היא רוצה שהוא יישאר,vuole che lui resti,,0,100,solid_base_candidate,citizen_cafe_review_zip|citizen_cafe_source_lineage,clean_structural_candidate,src_80c7662ec8fb792a
cclex_b2be98b6b3101931,Lime,7,הם עברו להודו,si sono trasferiti in India,,0,100,solid_base_candidate,citizen_cafe_review_zip|citizen_cafe_source_lineage,clean_structural_candidate,src_c6b9e71c639827c3
cclex_f6d42552bfc7361b,Lime,7,היאניקתה את הבית,ha pulito la casa,,0,100,solid_base_candidate,citizen_cafe_review_zip|citizen_cafe_source_lineage,clean_structural_candidate,src_bc6e74be0fdd01c1
cclex_c8996e1f2725a445,Lime,7,אל תחכה לנו,non aspettateci,,0,100,solid_base_candidate,citizen_cafe_review_zip|citizen_cafe_source_lineage,clean_structural_candidate,src_edd233b222efb154
cclex_ef8ca0d1ccd051ae,Lime,7,הוא משנה את הנושא,sta cambiando argomento,,0,100,solid_base_candidate,citizen_cafe_review_zip|citizen_cafe_source_lineage,clean_structural_candidate,src_05905da3f6182cb9
cclex_8d626c8c8a1d1d45,Lime,7,כוללם חיכו לך,tutti ti stavano aspettando,,0,100,solid_base_candidate,citizen_cafe_review_zip|citizen_cafe_source_lineage,clean_structural_candidate,src_f2b1f5bdd4d5ea51
cclex_431d1517022ef9a6,Lime,7,הודו,india,,0,100,solid_base_candidate,citizen_cafe_review_zip|citizen_cafe_source_lineage,clean_structural_candidate,src_e24d2748b97ceab1
cclex_50407932dad28a3a,Lime,7,הוא חיכה לאוטובוס,ha aspettato l'autobus,,0,100,solid_base_candidate,citizen_cafe_review_zip|citizen_cafe_source_lineage,clean_structural_candidate,src_283e0e67d1a57ca6
cclex_2fafe055bf720e1a,Lime,7,היא מדברת לעצמה,sta parlando da sola,,0,100,solid_base_candidate,citizen_cafe_review_zip|citizen_cafe_source_lineage,clean_structural_candidate,src_16d0804bf4767e31
cclex_d2cfd73b3870447b,Lime,7,גיליתי את הסוד,ho rivelato il segreto,,0,100,solid_base_candidate,citizen_cafe_review_zip|citizen_cafe_source_lineage,clean_structural_candidate,src_43cadb1f64d593e8
cclex_df06f1d213e80387,Lime,7,הוא סומך על עצמו,si fida di se stesso,,0,100,solid_base_candidate,citizen_cafe_review_zip|citizen_cafe_source_lineage,clean_structural_candidate,src_81eac5816aae7c37
cclex_37d0d32e4c4e7722,Lime,7,אני מחכה למישהו,sto aspettando qualcuno,,0,100,solid_base_candidate,citizen_cafe_review_zip|citizen_cafe_source_lineage,clean_structural_candidate,src_a5d7763dd5ec59d1
cclex_1f475718ae8b1964,Lime,7,היא רוצה לנסועת,vuole provare,,0,100,solid_base_candidate,citizen_cafe_review_zip|citizen_cafe_source_lineage,clean_structural_candidate,src_e910ecdeef076034
cclex_8e76e8953044e48c,Lime,7,חשמל ז,electricity,,0,100,solid_base_candidate,citizen_cafe_review_zip|citizen_cafe_source_lineage,clean_structural_candidate,src_c7e1126b97abb7e2
cclex_964c5dfbd778b6d1,Lime,7,מי גילה את החשמל,chi ha scoperto l'elettricità?,,0,100,solid_base_candidate,citizen_cafe_review_zip|citizen_cafe_source_lineage,clean_structural_candidate,src_2df1e68c54082e93
cclex_8487f69240dccc45,Lime,7,בטח יהיה חם היום,probabilmente farà caldo oggi,,0,100,solid_base_candidate,citizen_cafe_review_zip|citizen_cafe_source_lineage,clean_structural_candidate,src_bda6d53cef959e04
cclex_45aec5c15cfc3949,Lime,7,הם יבשלו ארוחת ערב,cucineranno la cena,,0,100,solid_base_candidate,citizen_cafe_review_zip|citizen_cafe_source_lineage,clean_structural_candidate,src_40758056caf6b8fb
cclex_b9c3d5fafa2b6526,Lime,7,אנחנו נטוס ללפלנד,voleremo in Lapponia,,0,100,solid_base_candidate,citizen_cafe_review_zip|citizen_cafe_source_lineage,clean_structural_candidate,src_6dbaf0515174380f
cclex_185606573529180b,Lime,7,אל תיבהל,non andare nel panico,,0,100,solid_base_candidate,citizen_cafe_review_zip|citizen_cafe_source_lineage,clean_structural_candidate,src_e45e30e1ecab4574
cclex_88af6f4de414fc1e,Lime,7,אבל הבטחתם,ma avete promesso,,0,100,solid_base_candidate,citizen_cafe_review_zip|citizen_cafe_source_lineage,clean_structural_candidate,src_bdafbb90627a9d29
cclex_b45ab65f6a4b3b06,Lime,7,זה בטח כיף,probabilmente è divertente,,0,100,solid_base_candidate,citizen_cafe_review_zip|citizen_cafe_source_lineage,clean_structural_candidate,src_331d9b9ca5d9293c
cclex_ca558d5a673047af,Lime,7,את מי הזמנתן,chi hai invitato?,,0,100,solid_base_candidate,citizen_cafe_review_zip|citizen_cafe_source_lineage,clean_structural_candidate,src_a10e3e725c87f644
cclex_d75710b63f30c089,Lime,7,תבטיח לי שתחשוב על זה,promettimi che ci penserai,,0,100,solid_base_candidate,citizen_cafe_review_zip|citizen_cafe_source_lineage,clean_structural_candidate,src_33b3e1b4dcefa84b
cclex_c7f786fa7b493ce9,Lime,7,אתה מבטיח,prometti?,,0,100,solid_base_candidate,citizen_cafe_review_zip|citizen_cafe_source_lineage,clean_structural_candidate,src_b1f4e444ad866e05
cclex_5314107e9148a8ac,Lime,7,תבטיחי לי שתבואי,promettimi che verrai,,0,100,solid_base_candidate,citizen_cafe_review_zip|citizen_cafe_source_lineage,clean_structural_candidate,src_2eb03f9a627e172d
cclex_cee1d933e7f4eba3,Lime,7,את מי חיפשת,chi hai cercato?,,0,100,solid_base_candidate,citizen_cafe_review_zip|citizen_cafe_source_lineage,clean_structural_candidate,src_2f5ad877bd95c056
cclex_bcc1feb9bdd48178,Lime,7,את מבטיחה שתבואי,prometti?,,0,100,solid_base_candidate,citizen_cafe_review_zip|citizen_cafe_source_lineage,clean_structural_candidate,src_4155bf8bcbb090a1
cclex_67f289a8b74419e9,Lime,7,תסגרו את החלון,chiudi / chiudete la finestra,,0,100,solid_base_candidate,citizen_cafe_review_zip|citizen_cafe_source_lineage,clean_structural_candidate,src_fa9f017d3be1b332
cclex_e9b945f4da9ec9f2,Lime,7,איפה את תגורי,dove vivrai?,,0,100,solid_base_candidate,citizen_cafe_review_zip|citizen_cafe_source_lineage,clean_structural_candidate,src_2cbacf41ad8a4594
cclex_642f868091e681c7,Green,8,לשבור,rompere,,1,100,solid_base_candidate,citizen_cafe_source_lineage|streetwise_context_match|verified_tabular,clean_structural_candidate,src_735f69488e8a00eb
cclex_c004c91a247b1dcd,Green,8,קרח,ghiaccio,,0,100,solid_base_candidate,citizen_cafe_source_lineage|verified_tabular,clean_structural_candidate,src_fa49b4c309a89a42
cclex_9d9e1f36f9da45a9,Green,8,מזמן,molto tempo fa,,1,100,solid_base_candidate,citizen_cafe_source_lineage|streetwise_context_match|verified_tabular,clean_structural_candidate,src_c4bb73f392005b94
cclex_4f64041759bb96b1,Green,8,בדיחה,barzelletta / battuta,,0,100,solid_base_candidate,citizen_cafe_source_lineage|verified_tabular,clean_structural_candidate,src_76b4a891c8f2f395
cclex_041073c467f6a44d,Green,8,מועדון,club / locale,,0,100,solid_base_candidate,citizen_cafe_source_lineage|verified_tabular,clean_structural_candidate,src_e7cd8f4b46c216e8
cclex_5e0a07d4a22c57a3,Green,8,מערכת יחסים,relazione,,3,100,solid_base_candidate,citizen_cafe_source_lineage|streetwise_context_match|verified_tabular,clean_structural_candidate,src_c0bc351cce254af5
cclex_8b856567d982fa81,Green,8,רעיון גאוני,un’idea geniale,,0,100,solid_base_candidate,citizen_cafe_source_lineage|verified_tabular,clean_structural_candidate,src_784170a850346fc7
cclex_78bed4684eb1e943,Green,8,תוכנית גאונית,un piano geniale,,0,100,solid_base_candidate,citizen_cafe_source_lineage|verified_tabular,clean_structural_candidate,src_d5407908e1be4ddf
cclex_2f5e7ead2fbf3ff7,Green,8,רעיון טיפשי,un’idea stupida,,0,100,solid_base_candidate,citizen_cafe_source_lineage|verified_tabular,clean_structural_candidate,src_f9ac92ee6c56c51f
cclex_61df909a2cacf1a9,Green,8,שאלה טיפשית,una domanda stupida,,0,100,solid_base_candidate,citizen_cafe_source_lineage|verified_tabular,clean_structural_candidate,src_17085c18f0605428
cclex_da53d9725ab2fe5d,Green,8,לשרוף,bruciare,,0,100,solid_base_candidate,citizen_cafe_source_lineage|verified_tabular,clean_structural_candidate,src_29f35fb7d26fd787
cclex_1e8acb596a4813e4,Green,8,שורפות/שורפים/שורפת/שורף,brucia / bruciano,,0,100,solid_base_candidate,citizen_cafe_source_lineage|verified_tabular,clean_structural_candidate,src_5f42319356d258dc
cclex_720c71c2f48e4178,Green,8,שרפתי את האורז,ho bruciato il riso,,0,100,solid_base_candidate,citizen_cafe_source_lineage|verified_tabular,clean_structural_candidate,src_296870ad0f24dd8b
cclex_7511e2c05d3721e9,Green,8,מישהושרף את האורז,qualcuno ha bruciato il riso,,0,100,solid_base_candidate,citizen_cafe_source_lineage|verified_tabular,clean_structural_candidate,src_7b3b22e640519e06
cclex_a897ef44cc4822b3,Green,8,האורז נשרף,il riso si è bruciato,,0,100,solid_base_candidate,citizen_cafe_source_lineage|verified_tabular,clean_structural_candidate,src_47182869aed5debe
cclex_0241ee83d3a7df82,Green,8,לגמור: הקפה נגמר/מישהו גמר את הקפה,finire: qualcuno ha finito il caffè / il caffè è finito,,0,100,solid_base_candidate,citizen_cafe_source_lineage|verified_tabular,clean_structural_candidate,src_f506079e5dbe0cd0
cclex_278267a4954d0afc,Green,8,המפעל נסגר,la fabbrica è stata chiusa,,0,100,solid_base_candidate,citizen_cafe_source_lineage|verified_tabular,clean_structural_candidate,src_7a4fb9c19e1cd642
cclex_61e651bf65d2e0ad,Green,8,חסר לך/חסר לך/חסר לי,mi manca / ti manca (m.) / ti manca (f.),,0,100,solid_base_candidate,citizen_cafe_source_lineage|verified_tabular,clean_structural_candidate,src_6585e1d1f0c3e89a
cclex_755955a5182e7f5a,Green,8,"חסרות, חסרים, חסרה, חסר",mancante / mancare (coniugazione),,0,100,solid_base_candidate,citizen_cafe_source_lineage|verified_tabular,clean_structural_candidate,src_e418e127625f516b
cclex_53bef6032300bf88,Green,8,חלק,pezzo / parte,,1,100,solid_base_candidate,citizen_cafe_source_lineage|streetwise_context_match|verified_tabular,clean_structural_candidate,src_d860fd4ba5e4e35f
cclex_14cc153dc4854b28,Green,8,סכו''ם,posate,,0,100,solid_base_candidate,citizen_cafe_source_lineage|verified_tabular,clean_structural_candidate,src_aaf7dfcc6f8ecbde
cclex_3ffc22d20ae57dfc,Green,8,בזמן האחרון,ultimamente / recentemente,,3,100,solid_base_candidate,citizen_cafe_source_lineage|streetwise_context_match|verified_tabular,clean_structural_candidate,src_9d82980b414bd47a
cclex_265aed770056e073,Green,8,חוזה,contratto,,0,100,solid_base_candidate,citizen_cafe_source_lineage|verified_tabular,clean_structural_candidate,src_089286c6f9479df7
cclex_0ea788ccc83e7ace,Green,8,מלח,sale,,0,100,solid_base_candidate,citizen_cafe_source_lineage|verified_tabular,clean_structural_candidate,src_45818aa1c43b4ad7
cclex_5d7bb47c0b961a0a,Green,8,ביטחון,fiducia / sicurezza,,1,100,solid_base_candidate,citizen_cafe_source_lineage|streetwise_context_match|verified_tabular,clean_structural_candidate,src_2cfe49aa07476853
cclex_57204cf22e0ef16c,Green,8,חסר להםביטחון,manca loro fiducia,,0,100,solid_base_candidate,citizen_cafe_source_lineage|verified_tabular,clean_structural_candidate,src_f14453f5659c9afa
cclex_3083e809aaee5d1e,Green,8,לבקש מ....,chiedere / richiedere,,0,100,solid_base_candidate,citizen_cafe_source_lineage|verified_tabular,clean_structural_candidate,src_3cc770a48ea0791a
cclex_347f0114d62d76bd,Green,8,תבקשו ממני/תבקשי/אל תבקש,non chiedermelo,,0,100,solid_base_candidate,citizen_cafe_source_lineage|verified_tabular,clean_structural_candidate,src_be79eb0d615764b9
cclex_fc2a78fda1e9a426,Green,8,נגמר לנו קפה,abbiamo finito il caffè,,0,100,solid_base_candidate,citizen_cafe_source_lineage|verified_tabular,clean_structural_candidate,src_94ad2236eb2f9cc6
cclex_5f41da21048475c0,Green,8,לחוצות/לחוצים/לחוצה/לחוץ,stressato,,0,100,solid_base_candidate,citizen_cafe_source_lineage|verified_tabular,clean_structural_candidate,src_94ccb2b980eabe7f
cclex_276fe44f5dbce1fc,Green,8,חסר לי חלקבפאזל,mi manca un pezzo del puzzle,,0,100,solid_base_candidate,citizen_cafe_source_lineage|verified_tabular,clean_structural_candidate,src_612415e46199534c
cclex_b135a57284d7e788,Green,8,ליתר ביטחון,per sicurezza / nel caso,,0,100,solid_base_candidate,citizen_cafe_source_lineage|verified_tabular,clean_structural_candidate,src_6ac214ed10806470
cclex_e743c968fc3e8d0a,Green,8,לא בהכרח,non necessariamente,,0,100,solid_base_candidate,citizen_cafe_source_lineage|verified_tabular,clean_structural_candidate,src_e094428e3bbbdb6b
cclex_c88c308e5fab09c0,Green,8,מטריה,ombrello,,0,100,solid_base_candidate,citizen_cafe_source_lineage|verified_tabular,clean_structural_candidate,src_fa863b0e65c6e16a
cclex_e7cc047b152670b3,Green,8,מסמך,documento,,1,100,solid_base_candidate,citizen_cafe_source_lineage|streetwise_context_match|verified_tabular,clean_structural_candidate,src_48f544c396b01232
cclex_1921789882c166a5,Green,8,מראש,in anticipo,,0,100,solid_base_candidate,citizen_cafe_source_lineage|verified_tabular,clean_structural_candidate,src_d78d8cfd2af6ce53
cclex_0213ba097ec5fc56,Green,8,ריח,odore,,2,100,solid_base_candidate,citizen_cafe_source_lineage|streetwise_context_match|verified_tabular,clean_structural_candidate,src_fe174689c05bde49
cclex_1193e6ff93df8504,Green,8,נסגרים נסגרות/נסגר ת/נסגר,chiusura / si chiude (passivo),,0,100,solid_base_candidate,citizen_cafe_source_lineage|verified_tabular,clean_structural_candidate,src_4fc7ad308d40ce64
cclex_5ff230c1a40e17d4,Green,8,נשרפות/נשרפים/נשרפת/נשרף,bruciato / si brucia (passivo),,0,100,solid_base_candidate,citizen_cafe_source_lineage|verified_tabular,clean_structural_candidate,src_be416f1e53bebc13
cclex_e457ac4d66fb475f,Green,8,נפתחות/נפתחים/נפתחת/נפת ח,aperto / si apre (passivo),,0,100,solid_base_candidate,citizen_cafe_source_lineage|verified_tabular,clean_structural_candidate,src_4f3ef4046d02769e
cclex_536ee16c35f93e68,Green,8,"הייתי הולכת לים, אם הייתה שמש בחוץ","se fuori ci fosse il sole, andrei al mare",,0,100,solid_base_candidate,citizen_cafe_source_lineage|verified_tabular,clean_structural_candidate,src_80f9c98bc3e9baa2
cclex_a5cf3b0665e43d3c,Green,8,מבחינת י,per quanto mi riguarda / secondo me,,0,100,solid_base_candidate,citizen_cafe_source_lineage|verified_tabular,clean_structural_candidate,src_ed12dd65ed7531f8
cclex_de9f89029b949648,Green,8,מבחינתו,per quanto lo riguarda / secondo lui,,0,100,solid_base_candidate,citizen_cafe_source_lineage|verified_tabular,clean_structural_candidate,src_2deece7741832d37
cclex_6044b1c34611cecd,Green,8,מבחינתה,per quanto la riguarda / secondo lei,,0,100,solid_base_candidate,citizen_cafe_source_lineage|verified_tabular,clean_structural_candidate,src_84fd7e2cb71c976d
cclex_85cb2ab1bd8ec578,Green,8,מבחינת נו,per quanto ci riguarda / secondo noi,,0,100,solid_base_candidate,citizen_cafe_source_lineage|verified_tabular,clean_structural_candidate,src_9f381db8fcf9f609
cclex_d43bb67d458ea0e5,Green,8,ן/מבחינתכם,per quanto vi riguarda / secondo voi,,0,100,solid_base_candidate,citizen_cafe_source_lineage|verified_tabular,clean_structural_candidate,src_baf258b64fe3dd88
cclex_088af7b4ff9ffa76,Green,8,ן/מבחינת ם,per quanto li riguarda / secondo loro,,0,100,solid_base_candidate,citizen_cafe_source_lineage|verified_tabular,clean_structural_candidate,src_b8fef2f96e090a7d
cclex_44cd1733e1f27bd1,Green,8,איזה קטע,che coincidenza / che cosa incredibile / che interessante!,,2,100,solid_base_candidate,citizen_cafe_source_lineage|streetwise_context_match|verified_tabular,clean_structural_candidate,src_1ae73b959e018aa6
cclex_2fed969f6cc879c5,Green,8,זה (לא) הקטע שלי,fa per me / non fa per me,,0,100,solid_base_candidate,citizen_cafe_source_lineage|verified_tabular,clean_structural_candidate,src_83e2464847f87054
cclex_72df7bb49e0f7ceb,Green,8,בקטע טוב,in senso buono,,1,100,solid_base_candidate,citizen_cafe_source_lineage|streetwise_context_match|verified_tabular,clean_structural_candidate,src_629899ff3b4a7ec3
cclex_0b9d382d023c0f73,Green,8,בקטע לא טוב,non in senso buono,,0,100,solid_base_candidate,citizen_cafe_source_lineage|verified_tabular,clean_structural_candidate,src_0916b278a43e69f8
cclex_3b2466d376e2b25e,Green,8,בקטע רע,in senso negativo,,1,100,solid_base_candidate,citizen_cafe_source_lineage|streetwise_context_match|verified_tabular,clean_structural_candidate,src_5ac5c08ad61f4e25
cclex_33c470f00b6b1523,Green,8,באיזה קטע,in che senso?,,0,100,solid_base_candidate,citizen_cafe_source_lineage|verified_tabular,clean_structural_candidate,src_d197266388a71b8c
cclex_d90f40ccf95a14fd,Green,8,מה הקטע שלו..?,che gli prende?,,0,100,solid_base_candidate,citizen_cafe_source_lineage|verified_tabular,clean_structural_candidate,src_3818a23a9c4ae030
cclex_06b21bc054dcb7a8,Green,8,מה הקטע שלה..?,che le prende?,,1,100,solid_base_candidate,citizen_cafe_source_lineage|streetwise_context_match|verified_tabular,clean_structural_candidate,src_dba4bc7efb3cfecc
cclex_4de5d4a43eaddb19,Green,8,מה הקטע שלהם..?,che gli prende?,,0,100,solid_base_candidate,citizen_cafe_source_lineage|verified_tabular,clean_structural_candidate,src_af02b5c74def4ed7
cclex_00c65c0819581a0e,Green,8,לפחד מ...,avere paura,,0,100,solid_base_candidate,citizen_cafe_source_lineage|verified_tabular,clean_structural_candidate,src_0b91e29f0e91851c
cclex_7c1dc877fba06a94,Green,8,"מפחדות, מפחדים, מפחדת, מפחד",avere paura (presente),,0,100,solid_base_candidate,citizen_cafe_source_lineage|verified_tabular,clean_structural_candidate,src_0ffc6b1273a2afd6
cclex_4d9a53a716d3b138,Green,8,תורי/תורך,il tuo turno / il mio turno,,0,100,solid_base_candidate,citizen_cafe_source_lineage|verified_tabular,clean_structural_candidate,src_90f380c675db1c29
cclex_a6459fe77002a7b6,Green,8,להתאהב ב...,innamorarsi,,0,100,solid_base_candidate,citizen_cafe_source_lineage|verified_tabular,clean_structural_candidate,src_ed1472f025e7f29e
cclex_d4910717da8b76d5,Green,8,לאבד את....,perdere qualcosa,,0,100,solid_base_candidate,citizen_cafe_source_lineage|verified_tabular,clean_structural_candidate,src_d520ef13c38849f9
cclex_137374ea3cfda072,Green,8,לפול מ...,cadere,,0,100,solid_base_candidate,citizen_cafe_source_lineage|verified_tabular,clean_structural_candidate,src_3effc385090ec764
cclex_40c59bede83004be,Green,8,"נופלות, נופלים, נופלת, נופל",cadere (presente),,0,100,solid_base_candidate,citizen_cafe_source_lineage|verified_tabular,clean_structural_candidate,src_49813b7833965567
cclex_1a78f3e854bfef89,Green,8,"אל תפחדי, אל תפחד",non avere paura,,0,100,solid_base_candidate,citizen_cafe_source_lineage|verified_tabular,clean_structural_candidate,src_49a506814e99e8b2
cclex_855d066ecea00020,Green,8,אני איבדתי את זה,l’ho perso,,0,100,solid_base_candidate,citizen_cafe_source_lineage|verified_tabular,clean_structural_candidate,src_b7683f42b5f7f044
cclex_bf501e463b862215,Green,8,עייפות,stanchezza,,1,100,solid_base_candidate,citizen_cafe_source_lineage|streetwise_context_match|verified_tabular,clean_structural_candidate,src_524db8041c4344e4
cclex_94418da08ea9159c,Green,8,נפל לך משהו,ti è caduto qualcosa,,0,100,solid_base_candidate,citizen_cafe_source_lineage|verified_tabular,clean_structural_candidate,src_a1ab3ae1ed2000a3
cclex_b9933a9a314c6e73,Green,8,חביתה,omelette / frittata,,1,100,solid_base_candidate,citizen_cafe_source_lineage|streetwise_context_match|verified_tabular,clean_structural_candidate,src_b1e432bba571e31a
cclex_cbdd69f236bc61eb,Green,8,למצוא,trovare,,0,100,solid_base_candidate,citizen_cafe_source_lineage|verified_tabular,clean_structural_candidate,src_6c4955b40b55c035
cclex_49d4bdaba12c5dfc,Green,8,לשכוח את,dimenticare,,0,100,solid_base_candidate,citizen_cafe_source_lineage|verified_tabular,clean_structural_candidate,src_3b4d6af684b0976b
cclex_a6558c1dee4d7ec3,Green,8,לדאוג ל,preoccuparsi,,0,100,solid_base_candidate,citizen_cafe_source_lineage|verified_tabular,clean_structural_candidate,src_e7d03a8c662cfb63
cclex_5d95130f3721f484,Green,8,אני אדאג,io - futuro di preoccuparsi,,0,100,solid_base_candidate,citizen_cafe_source_lineage|verified_tabular,clean_structural_candidate,src_3d01d596eeb8089b
cclex_6cc7a14c48b156e9,Green,8,הוא ידאג,lui - futuro di preoccuparsi,,0,100,solid_base_candidate,citizen_cafe_source_lineage|verified_tabular,clean_structural_candidate,src_c91e385070b9db18
cclex_42cd71caa39f058f,Green,8,היא תדאג,lei - futuro di preoccuparsi,,0,100,solid_base_candidate,citizen_cafe_source_lineage|verified_tabular,clean_structural_candidate,src_182db8e61765929e
cclex_6b0e17c90f335442,Green,8,אנחנו נדאג,noi - futuro di preoccuparsi,,0,100,solid_base_candidate,citizen_cafe_source_lineage|verified_tabular,clean_structural_candidate,src_c734d4dbf8696068
cclex_60cf7e3a81ea82b3,Green,8,ן ידאגו/הם,loro - futuro di preoccuparsi,,0,100,solid_base_candidate,citizen_cafe_source_lineage|verified_tabular,clean_structural_candidate,src_160ad765c5f07855
cclex_4eb3438cb9446fdc,Green,8,לשלוח,mandare / inviare,,0,100,solid_base_candidate,citizen_cafe_source_lineage|verified_tabular,clean_structural_candidate,src_17b1d34a49412665
cclex_274bc0a39d72c141,Green,8,אני אשלח,io - futuro di mandare,,1,100,solid_base_candidate,citizen_cafe_source_lineage|streetwise_context_match|verified_tabular,clean_structural_candidate,src_384f7efd82c19031
cclex_afecbc52f2ec0bdc,Green,8,הוא ישלח,lui - futuro di mandare,,0,100,solid_base_candidate,citizen_cafe_source_lineage|verified_tabular,clean_structural_candidate,src_08c3e9d1137def26
cclex_8a066fb7ba86b71a,Green,8,היא תשלח,lei - futuro di mandare,,0,100,solid_base_candidate,citizen_cafe_source_lineage|verified_tabular,clean_structural_candidate,src_184d8bd2fbb9db99
cclex_4982d711dc987b25,Green,8,אנחנו נשלח,noi - futuro di mandare,,0,100,solid_base_candidate,citizen_cafe_source_lineage|verified_tabular,clean_structural_candidate,src_011700e979b23ec9
cclex_4752cb77510209c8,Green,8,ן ישלחו/הם,loro - futuro di mandare,,0,100,solid_base_candidate,citizen_cafe_source_lineage|verified_tabular,clean_structural_candidate,src_d559cd7e67372871
cclex_1447b278bfcbf772,Green,8,אני אסע,io - futuro di viaggiare,,0,100,solid_base_candidate,citizen_cafe_source_lineage|verified_tabular,clean_structural_candidate,src_164fb65f1825db73
cclex_68672106fd59adbc,Green,8,הוא יסע,lui - futuro di viaggiare,,0,100,solid_base_candidate,citizen_cafe_source_lineage|verified_tabular,clean_structural_candidate,src_f6a7bfda8092797e
cclex_de496a768d3aa121,Green,8,היא תיסע,lei - futuro di viaggiare,,0,100,solid_base_candidate,citizen_cafe_source_lineage|verified_tabular,clean_structural_candidate,src_160b1ac6268eba91
cclex_82fb9af7711e69cb,Green,8,אנחנו ניסע,noi - futuro di viaggiare,,0,100,solid_base_candidate,citizen_cafe_source_lineage|verified_tabular,clean_structural_candidate,src_43d698c97e9bfc1e
cclex_2a6ece4644470ed1,Green,8,ן יסעו/הם,loro - futuro di viaggiare,,0,100,solid_base_candidate,citizen_cafe_source_lineage|verified_tabular,clean_structural_candidate,src_0a6edb7a194d6900
cclex_52902c61d8c44204,Green,8,הוא יקרא,lui - futuro di telefonare / chiamare / lui - futuro di leggere,,0,100,solid_base_candidate,citizen_cafe_source_lineage|verified_tabular,clean_structural_candidate,src_855f8a95d2fc8a99
cclex_330a77967d60b289,Green,8,היא תקרא,lei - futuro di telefonare / chiamare / lei - futuro di leggere,,0,100,solid_base_candidate,citizen_cafe_source_lineage|verified_tabular,clean_structural_candidate,src_18826a7ba3479aa2
cclex_13a94235c5143bff,Green,8,אנחנו נקרא,noi - futuro di telefonare / chiamare / noi - futuro di leggere,,0,100,solid_base_candidate,citizen_cafe_source_lineage|verified_tabular,clean_structural_candidate,src_ce3dd40dd56fc26c
cclex_9f65b8f28f42823c,Green,8,ן יקראו/הם,loro - futuro di telefonare / chiamare / loro - futuro di leggere,,0,100,solid_base_candidate,citizen_cafe_source_lineage|verified_tabular,clean_structural_candidate,src_0f8ef9bf0acaee6c
cclex_b1e3585c7b90612e,Green,8,גמורה/גמור,finito/a; esausto/a (colloquiale),,0,100,solid_base_candidate,citizen_cafe_source_lineage|verified_tabular,clean_structural_candidate,src_b6f94f4fa8636d0a
cclex_d4f354d9193b2f3f,Green,8,לשמוח,essere felice,,1,100,solid_base_candidate,citizen_cafe_source_lineage|streetwise_context_match|verified_tabular,clean_structural_candidate,src_1053a5dca03ef64b
cclex_bfeb75a4c285b8ac,Green,8,ראיון,intervista,,0,100,solid_base_candidate,citizen_cafe_source_lineage|verified_tabular,clean_structural_candidate,src_9f4efdb638bdedcf
cclex_344e60693b9bab31,Green,8,להתלונן,lamentarsi,,2,100,solid_base_candidate,citizen_cafe_source_lineage|streetwise_context_match|verified_tabular,clean_structural_candidate,src_21a1270315c40928
cclex_3ebc90d2b9e0169e,Green,8,להתעורר,svegliarsi,,1,100,solid_base_candidate,citizen_cafe_source_lineage|streetwise_context_match|verified_tabular,clean_structural_candidate,src_e02b13b5f9508186
cclex_c803a11e2cc9cf09,Green,8,התעוררתי,io - passato di svegliarsi (past),,0,100,solid_base_candidate,citizen_cafe_source_lineage|verified_tabular,clean_structural_candidate,src_be608e6d7af8466c
cclex_3ac2eb498fa19b7d,Green,8,לנגן על,giocare / suonare,,0,100,solid_base_candidate,citizen_cafe_source_lineage|verified_tabular,clean_structural_candidate,src_81f2f70ea36e0e97
cclex_482be0647548efd0,Dark Green,9,"איזהשהו, איזושהי",un qualche / una qualche; una specie di,,0,100,solid_base_candidate,citizen_cafe_source_lineage|verified_tabular,clean_structural_candidate,src_091ead399613e5c8
cclex_b3c356c5e0d49090,Dark Green,9,איזושהי,una qualche; una specie di (femminile),,0,100,solid_base_candidate,citizen_cafe_source_lineage|verified_tabular,clean_structural_candidate,src_5ce472c77c631a32
cclex_8dec47f970507a9a,Dark Green,9,איפשהו,da qualche parte,,0,100,solid_base_candidate,citizen_cafe_source_lineage|verified_tabular,clean_structural_candidate,src_b1bd5600aaa759c7
cclex_88e8e09da65ebdde,Dark Green,9,להביך את,mettere in imbarazzo qualcuno,,0,100,solid_base_candidate,citizen_cafe_source_lineage|verified_tabular,clean_structural_candidate,src_cb12d7b13da3d8ee
cclex_8dc38df102bb610c,Dark Green,9,מביך / מביכה,imbarazzante,,0,100,solid_base_candidate,citizen_cafe_source_lineage|verified_tabular,clean_structural_candidate,src_a5814dc76693f4e1
cclex_469f560943a9637b,Dark Green,9,לרגש,emozionare; commuovere,,0,100,solid_base_candidate,citizen_cafe_source_lineage|verified_tabular,clean_structural_candidate,src_c7587d10de632872
cclex_796de392ea9cab73,Dark Green,9,מרגש / מרגשת,emozionante; commovente,,0,100,solid_base_candidate,citizen_cafe_source_lineage|verified_tabular,clean_structural_candidate,src_2ecb1d70bb258f3a
cclex_da3d4ddf7c18d034,Dark Green,9,בעיקר,soprattutto; principalmente,,0,100,solid_base_candidate,citizen_cafe_source_lineage|verified_tabular,clean_structural_candidate,src_f9247905c0e3972b
cclex_1a87e1a0ca4fa73f,Dark Green,9,לקלוט,capire; afferrare; percepire,,0,100,solid_base_candidate,citizen_cafe_source_lineage|verified_tabular,clean_structural_candidate,src_b62d47b8f11a0f88
cclex_116db088ba0e052b,Dark Green,9,באופן כללי,in generale,,0,100,solid_base_candidate,citizen_cafe_source_lineage|verified_tabular,clean_structural_candidate,src_94a6c53202c86dfe
cclex_7de35e05f3f378c6,Dark Green,9,באופן ספציפי,specificamente; in modo specifico,,0,100,solid_base_candidate,citizen_cafe_source_lineage|verified_tabular,clean_structural_candidate,src_3fdaf6596398bb23
cclex_8405a1994790ae95,Dark Green,9,באופן זמני,temporaneamente,,0,100,solid_base_candidate,citizen_cafe_source_lineage|verified_tabular,clean_structural_candidate,src_81ba578d1eb7b2a4
cclex_61ad06a835493223,Dark Green,9,באופן קבוע,regolarmente; in modo stabile,,1,100,solid_base_candidate,citizen_cafe_source_lineage|streetwise_context_match|verified_tabular,clean_structural_candidate,src_5bd02d5ed0cde0ac
cclex_d121c67844a79e6d,Dark Green,9,באופן ספונטני,spontaneamente,,0,100,solid_base_candidate,citizen_cafe_source_lineage|verified_tabular,clean_structural_candidate,src_fded73fa48a08d3b
cclex_2eba36b351e1fe91,Dark Green,9,לעשות רילוקיישן,trasferirsi; fare una relocation,,0,100,solid_base_candidate,citizen_cafe_source_lineage|verified_tabular,clean_structural_candidate,src_6b8b74f60f42c39c
cclex_e7331ff80c221279,Dark Green,9,לגרום ל,causare; provocare,,0,100,solid_base_candidate,citizen_cafe_source_lineage|verified_tabular,clean_structural_candidate,src_b04a55cefc9e517c
cclex_7cccc1332de6d2b3,Dark Green,9,"נזק, נזקים",danno; danni,,0,100,solid_base_candidate,citizen_cafe_source_lineage|verified_tabular,clean_structural_candidate,src_397ac9ada6783d88
cclex_3fc919813bd98bbd,Dark Green,9,"צעיר, צעירה, צעירים, צעירות",giovane; giovani,,0,100,solid_base_candidate,citizen_cafe_source_lineage|verified_tabular,clean_structural_candidate,src_b5cb11cee4042d73
cclex_d8c55dee893c3eec,Dark Green,9,להירדם,addormentarsi,,0,100,solid_base_candidate,citizen_cafe_source_lineage|verified_tabular,clean_structural_candidate,src_e9e0e2e3a89f6b62
cclex_8a03fc9d6e8c510f,Dark Green,9,לנהוג / לנהוג ב...,guidare,,0,100,solid_base_candidate,citizen_cafe_source_lineage|verified_tabular,clean_structural_candidate,src_299007b1ca42cdea
cclex_4df822373166fed4,Dark Green,9,נהג / נהגת,conducente; autista,,0,100,solid_base_candidate,citizen_cafe_source_lineage|verified_tabular,clean_structural_candidate,src_38254e1ac165d961
cclex_00773f9eeb3bee99,Dark Green,9,להתייאש,disperarsi; perdere le speranze; arrendersi,,0,100,solid_base_candidate,citizen_cafe_source_lineage|verified_tabular,clean_structural_candidate,src_e1fc9b12090babdb
cclex_9a91719c80460540,Dark Green,9,אל תתייאש/י!,non disperare!,,0,100,solid_base_candidate,citizen_cafe_source_lineage|verified_tabular,clean_structural_candidate,src_e6ca47c7bd5936c7
cclex_1e0acf5614d76092,Dark Green,9,"רישיון, רשיונות",licenza; permesso; autorizzazione,,0,100,solid_base_candidate,citizen_cafe_source_lineage|verified_tabular,clean_structural_candidate,src_14b8c4460eab9e88
cclex_ca9e59897ee02b82,Dark Green,9,רישיון נהיגה,patente di guida,,0,100,solid_base_candidate,citizen_cafe_source_lineage|verified_tabular,clean_structural_candidate,src_e084f26759198537
cclex_5a5dd67c62aeb76d,Dark Green,9,לערבב את,mescolare,,0,100,solid_base_candidate,citizen_cafe_source_lineage|verified_tabular,clean_structural_candidate,src_2c9ecfc34ab182a2
cclex_c8a825ffba86d8c7,Dark Green,9,עירבבת את הפסטה?,hai mescolato la pasta?,,0,100,solid_base_candidate,citizen_cafe_source_lineage|verified_tabular,clean_structural_candidate,src_fc88480348ac0382
cclex_8ebd69079393743a,Dark Green,9,?הוא ערבב את הקלפים,ha mescolato le carte?,,0,100,solid_base_candidate,citizen_cafe_source_lineage|verified_tabular,clean_structural_candidate,src_73eb974a38561198
cclex_5deaa97e05f645d5,Dark Green,9,ספל,tazza; boccale,,0,100,solid_base_candidate,citizen_cafe_source_lineage|verified_tabular,clean_structural_candidate,src_25459bf8778b5cf0
cclex_d348521252cfd700,Dark Green,9,באופן אישי / אישית,personalmente,,0,100,solid_base_candidate,citizen_cafe_source_lineage|verified_tabular,clean_structural_candidate,src_eb1d1bf6c19b6a32
cclex_e5a393a5e22159f9,Dark Green,9,באופן מפתיע,sorprendentemente,,0,100,solid_base_candidate,citizen_cafe_source_lineage|verified_tabular,clean_structural_candidate,src_3a8508a8d59ff7d1
cclex_5cc3ca4d4905f6aa,Dark Green,9,"שונא, שונאת",odio / odia (maschile/femminile),,0,100,solid_base_candidate,citizen_cafe_source_lineage|verified_tabular,clean_structural_candidate,src_a478505328ad237d
cclex_cc091b5eb82aaeb9,Dark Green,9,באופן אוטומטי,automaticamente,,0,100,solid_base_candidate,citizen_cafe_source_lineage|verified_tabular,clean_structural_candidate,src_0581dd543d1233bd
cclex_c5b8433f59dccdb4,Dark Green,9,באופן רנדומלי,in modo random; casualmente,,0,100,solid_base_candidate,citizen_cafe_source_lineage|verified_tabular,clean_structural_candidate,src_adca9ec76b06ffac
cclex_ee9a85f01484c6d3,Dark Green,9,באופן אקראי,in modo casuale,,0,100,solid_base_candidate,citizen_cafe_source_lineage|verified_tabular,clean_structural_candidate,src_68af224b9b4e4934
cclex_ea260a6d071cb62f,Dark Green,9,בכל אופן,comunque; in ogni caso,,0,100,solid_base_candidate,citizen_cafe_source_lineage|verified_tabular,clean_structural_candidate,src_de7df5336f6119c4
cclex_e51c4001e6ae582d,Dark Green,9,לנצח ב... / את...,vincere; battere qualcuno,,0,100,solid_base_candidate,citizen_cafe_source_lineage|verified_tabular,clean_structural_candidate,src_52c4feee0ca0bcdc
cclex_84db442ce39a02d5,Dark Green,9,להיכנס ל,entrare in,,0,100,solid_base_candidate,citizen_cafe_source_lineage|verified_tabular,clean_structural_candidate,src_ee109b0217bbe9ed
cclex_97298afd0cc67bfe,Dark Green,9,להכניס את / ל,inserire; mettere dentro,,0,100,solid_base_candidate,citizen_cafe_source_lineage|verified_tabular,clean_structural_candidate,src_2895cac9eeb5c245
cclex_42a90cde26dde4bc,Dark Green,9,לקפוא,gelare; congelarsi,,0,100,solid_base_candidate,citizen_cafe_source_lineage|verified_tabular,clean_structural_candidate,src_03fd0d3bb9aa6440
cclex_129322970277f1e9,Dark Green,9,להקפיא את,congelare qualcosa,,0,100,solid_base_candidate,citizen_cafe_source_lineage|verified_tabular,clean_structural_candidate,src_d9cd37a45d900e9f
cclex_c0ca74ab5f7f9f42,Dark Green,9,לדעת,sapere; conoscere,,0,100,solid_base_candidate,citizen_cafe_source_lineage|verified_tabular,clean_structural_candidate,src_913fde1f2e5d6522
cclex_df05bf2c8f6f4a0d,Dark Green,9,להוציא את הכלב,portare fuori il cane,,0,100,solid_base_candidate,citizen_cafe_source_lineage|verified_tabular,clean_structural_candidate,src_0654740d573e0e62
cclex_f7be50f43cb61046,Dark Green,9,להעיר את,svegliare qualcuno,,0,100,solid_base_candidate,citizen_cafe_source_lineage|verified_tabular,clean_structural_candidate,src_ff7bd420ce703dda
cclex_ab8bec662d9690e0,Dark Green,9,תעיר אותי כשתתעורר,svegliami quando ti svegli,,0,100,solid_base_candidate,citizen_cafe_source_lineage|verified_tabular,clean_structural_candidate,src_49894afbdfc51d89
cclex_97f5c6b479315487,Dark Green,9,קפוא לי,sto gelando; ho freddissimo,,0,100,solid_base_candidate,citizen_cafe_source_lineage|verified_tabular,clean_structural_candidate,src_882f62ea34be2c25
cclex_c6243c4a2dc31df8,Dark Green,9,הקפאת את האבוקדו?,hai congelato l'avocado?,,0,100,solid_base_candidate,citizen_cafe_source_lineage|verified_tabular,clean_structural_candidate,src_915dbdf700e8327d
cclex_53dc85215af8997e,Dark Green,9,?המצאת את הסיפור הזה,hai inventato questa storia?,,0,100,solid_base_candidate,citizen_cafe_source_lineage|verified_tabular,clean_structural_candidate,src_6b348cb8e6011caa
cclex_3ee77501b9f5a1cc,Dark Green,9,"תירוץ, תירוצים",scusa; pretesto,,0,100,solid_base_candidate,citizen_cafe_source_lineage|verified_tabular,clean_structural_candidate,src_3aa602b9243a7d8d
cclex_5090abc8136abf3d,Dark Green,9,להצליח,riuscire; avere successo,,2,100,solid_base_candidate,citizen_cafe_source_lineage|streetwise_context_match|verified_tabular,clean_structural_candidate,src_37efa3e43167733a
cclex_b11cd938f1f2ed4d,Dark Green,9,מה הסרט השני הכי מצליח של סטיבן ספילברג?,qual è il secondo film di maggior successo di Steven Spielberg?,,0,100,solid_base_candidate,citizen_cafe_source_lineage|verified_tabular,clean_structural_candidate,src_ce2e4853a0a96a88
cclex_080c96f553c0ff3d,Dark Green,9,להמציא את,inventare,,0,100,solid_base_candidate,citizen_cafe_source_lineage|verified_tabular,clean_structural_candidate,src_dc47cda024a73556
cclex_579f2754dadd9150,Dark Green,9,מין... כזה,una specie di...,,0,100,solid_base_candidate,citizen_cafe_source_lineage|verified_tabular,clean_structural_candidate,src_1998ff8f8c77062c
cclex_afae7779256e37b6,Dark Green,9,ליצור,creare,,1,100,solid_base_candidate,citizen_cafe_source_lineage|streetwise_context_match|verified_tabular,clean_structural_candidate,src_cd53ccbbdfa659cf
cclex_01d490a4ba05e08f,Dark Green,9,ליצור קשר עם,mettersi in contatto con,,0,100,solid_base_candidate,citizen_cafe_source_lineage|verified_tabular,clean_structural_candidate,src_7a189b45b8808b4b
cclex_82c1f3599a0b8be6,Dark Green,9,"אתגר, אתגרים",sfida,,0,100,solid_base_candidate,citizen_cafe_source_lineage|verified_tabular,clean_structural_candidate,src_92cf8ac6cb79ff30
cclex_0091da95faf70770,Dark Green,9,לקבל,ricevere; accettare,,1,100,solid_base_candidate,citizen_cafe_source_lineage|streetwise_context_match|verified_tabular,clean_structural_candidate,src_71b205317a3c18c7
cclex_422f90feedc77d98,Dark Green,9,...למחוק את,cancellare,,0,100,solid_base_candidate,citizen_cafe_source_lineage|verified_tabular,clean_structural_candidate,src_39ab319c27f335ed
cclex_a346eaec3ed6296a,Dark Green,9,למה מחקת את האימייל שלי?,perché hai cancellato la mia email?,,0,100,solid_base_candidate,citizen_cafe_source_lineage|verified_tabular,clean_structural_candidate,src_e38aaae8d2c1d242
cclex_b111a4d301ee155c,Dark Green,9,בטעות,per errore,,0,100,solid_base_candidate,citizen_cafe_source_lineage|verified_tabular,clean_structural_candidate,src_7968dea867d8b0c9
cclex_2fa9bf927ff809e6,Dark Green,9,"מסמך, מסמכים",documento; documenti,,0,100,solid_base_candidate,citizen_cafe_source_lineage|verified_tabular,clean_structural_candidate,src_f55e63f395fa08bf
cclex_66507485bd9fcefd,Dark Green,9,...להדביק את,incollare; contagiare/infettare,,0,100,solid_base_candidate,citizen_cafe_source_lineage|verified_tabular,clean_structural_candidate,src_522ef7d9719ff40c
cclex_6c2feba032a8c03b,Dark Green,9,"מדבקה, מדבקות",adesivo; adesivi,,0,100,solid_base_candidate,citizen_cafe_source_lineage|verified_tabular,clean_structural_candidate,src_3f4e4de6f94593a9
cclex_b176c4262a4ff74c,Dark Green,9,הדבקתי על זה מדבקה עם השם שלי,ci ho attaccato un adesivo con il mio nome,,0,100,solid_base_candidate,citizen_cafe_source_lineage|verified_tabular,clean_structural_candidate,src_ddfa9e717c942603
cclex_983c3058644d7e94,Dark Green,9,הוא נדבק ממנה בקורונה,ha preso il coronavirus da lei; è stato contagiato da lei,,0,100,solid_base_candidate,citizen_cafe_source_lineage|verified_tabular,clean_structural_candidate,src_24c20b38f8f953e9
cclex_1964c13bdd0ccb34,Dark Green,9,"סם, סמים",droga; droghe; stupefacente/i,,0,100,solid_base_candidate,citizen_cafe_source_lineage|verified_tabular,clean_structural_candidate,src_9237b4a60c8e8f62
cclex_15aaf81875e7d938,Dark Green,9,"תרופה, תרופות",farmaco; medicina,,0,100,solid_base_candidate,citizen_cafe_source_lineage|verified_tabular,clean_structural_candidate,src_de60834f524b7bb7
cclex_e02349f8ba1d6f90,Dark Green,9,גראס,marijuana; erba,,0,100,solid_base_candidate,citizen_cafe_source_lineage|verified_tabular,clean_structural_candidate,src_cecd6999d114e7f1
cclex_c5259b8e9c88979f,Dark Green,9,סגור,chiuso,,3,100,solid_base_candidate,citizen_cafe_source_lineage|streetwise_context_match|verified_tabular,clean_structural_candidate,src_47d903de0fe7e4d2
cclex_1fc482bd10fd1b17,Dark Green,9,פתוח,aperto,,0,100,solid_base_candidate,citizen_cafe_source_lineage|verified_tabular,clean_structural_candidate,src_cc119ddcf2799769
cclex_ab40a5aec33aad51,Dark Green,9,שבור,rotto,,0,100,solid_base_candidate,citizen_cafe_source_lineage|verified_tabular,clean_structural_candidate,src_23622c77f059134c
cclex_352d2f69f9f102ca,Dark Green,9,מחוק,cancellato,,2,100,solid_base_candidate,citizen_cafe_source_lineage|streetwise_context_match|verified_tabular,clean_structural_candidate,src_a63955724f3db464
cclex_51f51d1d92b6b025,Dark Green,9,דבוק,incollato; attaccato,,0,100,solid_base_candidate,citizen_cafe_source_lineage|verified_tabular,clean_structural_candidate,src_72ae15e297f5ebb4
cclex_d9fa53ef4a6c5cfd,Dark Green,9,אישיות,personalità,,0,100,solid_base_candidate,citizen_cafe_source_lineage|verified_tabular,clean_structural_candidate,src_f248e9ba919a100f
cclex_43b2f24097d25168,Dark Green,9,תחפושת,costume; travestimento,,0,100,solid_base_candidate,citizen_cafe_source_lineage|verified_tabular,clean_structural_candidate,src_853500b4c276e9b9
cclex_76a11b65a47469de,Dark Green,9,שימושי,utile,,0,100,solid_base_candidate,citizen_cafe_source_lineage|verified_tabular,clean_structural_candidate,src_2d341554d7520709
cclex_3f86aa670c770255,Dark Green,9,רכילות,pettegolezzo; gossip,,0,100,solid_base_candidate,citizen_cafe_source_lineage|verified_tabular,clean_structural_candidate,src_6057d863620386e1
cclex_7e012fdaf6161784,Dark Green,9,הוא איבד את הטלפון שלו,ha perso il telefono,,0,100,solid_base_candidate,citizen_cafe_source_lineage|verified_tabular,clean_structural_candidate,src_e0c93c6bc9e299c8
cclex_e0c9c98dcf35e564,Dark Green,9,נאבד לי הארנק,ho perso il portafoglio,,0,100,solid_base_candidate,citizen_cafe_source_lineage|verified_tabular,clean_structural_candidate,src_bf8bb8711d605355
cclex_5ce7a13b89436476,Dark Green,9,זה אבוד,è finita; è tutto perduto,,0,100,solid_base_candidate,citizen_cafe_source_lineage|verified_tabular,clean_structural_candidate,src_e9dbf9cf9c7f7ae7
cclex_502edc9a49a0a3fe,Dark Green,9,מקרה אבוד,caso disperato,,1,100,solid_base_candidate,citizen_cafe_source_lineage|streetwise_context_match|verified_tabular,clean_structural_candidate,src_b1ff81c4a3e5cc35
cclex_fb882df93d5c5cde,Dark Green,9,"סיכוי, סיכויים",possibilità; chance,,0,100,solid_base_candidate,citizen_cafe_source_lineage|verified_tabular,clean_structural_candidate,src_293a73e65fe75089
cclex_dcf6c6f5ace35f3d,Dark Green,9,יש לנו סיכוי?,abbiamo una possibilità?,,0,100,solid_base_candidate,citizen_cafe_source_lineage|verified_tabular,clean_structural_candidate,src_4debf469a0189f27
cclex_f4e12aee78e018b0,Dark Green,9,להרוס ל... / את...,distruggere; rovinare; demolire,,0,100,solid_base_candidate,citizen_cafe_source_lineage|verified_tabular,clean_structural_candidate,src_393c9e87535f97a2
cclex_3bfe81f7ade791a8,Dark Green,9,הכלב הרס את הבית,il cane ha rovinato la casa,,0,100,solid_base_candidate,citizen_cafe_source_lineage|verified_tabular,clean_structural_candidate,src_2fb7aa68ef16ba35
cclex_ce217d08ad6ae034,Dark Green,9,החיים שלו נהרסו,la sua vita è stata rovinata,,0,100,solid_base_candidate,citizen_cafe_source_lineage|verified_tabular,clean_structural_candidate,src_fd9d0f969a55010b
cclex_c683baee2e9b37dd,Dark Green,9,"אתמול הבית שלו נהרס, ועכשיו הוא הרוס",ieri la sua casa è stata distrutta e ora lui è rovinato,,0,100,solid_base_candidate,citizen_cafe_source_lineage|verified_tabular,clean_structural_candidate,src_4b2f1a5d76100927
cclex_858c0e3e3644f100,Dark Green,9,החולצה שלו הורסת,la sua camicia è stupenda (slang),,0,100,solid_base_candidate,citizen_cafe_source_lineage|verified_tabular,clean_structural_candidate,src_46c1a0744684bd8f
cclex_bc158e39736c4857,Dark Green,9,להרוג את,uccidere,,0,100,solid_base_candidate,citizen_cafe_source_lineage|verified_tabular,clean_structural_candidate,src_864dbf24d7236683
cclex_a3bc8cba2a4be0c8,Dark Green,9,"תאונה, תאונות",incidente; incidenti,,0,100,solid_base_candidate,citizen_cafe_source_lineage|verified_tabular,clean_structural_candidate,src_6addbbf254c83b74
cclex_283e6ec967ca664c,Dark Green,9,איזה שיעור! אני הרוג!,che lezione! sono morto/distrutto! (slang),,0,100,solid_base_candidate,citizen_cafe_source_lineage|verified_tabular,clean_structural_candidate,src_af74d51cfd016c42
cclex_0132cd8c6cd1ef80,Dark Green,9,"עמוד, עמודים",pagina/e; palo/i,,0,100,solid_base_candidate,citizen_cafe_source_lineage|verified_tabular,clean_structural_candidate,src_49ef1779f0466f45
cclex_e81d4cd9d99dd731,Dark Green,9,ריקוד על עמוד,pole dance; danza sul palo,,0,100,solid_base_candidate,citizen_cafe_source_lineage|verified_tabular,clean_structural_candidate,src_8853a22aa8c02931
cclex_b86a4aa8424b8e2f,Dark Green,9,לזכות ב,vincere; aggiudicarsi,,0,100,solid_base_candidate,citizen_cafe_source_lineage|verified_tabular,clean_structural_candidate,src_53698aa73709710d
cclex_ffd3a0efee2f52dd,Dark Green,9,"תחרות, תחרויות",gara; competizione,,1,100,solid_base_candidate,citizen_cafe_source_lineage|streetwise_context_match|verified_tabular,clean_structural_candidate,src_ef6d3ad305e184a7
cclex_7617986cd0ba7167,Dark Green,9,"אלוף, אלופה, אלופים, אלופות",campione; campionessa; campioni,,0,100,solid_base_candidate,citizen_cafe_source_lineage|verified_tabular,clean_structural_candidate,src_c3796566dbdd4acb
cclex_075205f267179c61,Dark Green,9,"אישה, נשים",donna; donne,,0,100,solid_base_candidate,citizen_cafe_source_lineage|verified_tabular,clean_structural_candidate,src_f5a2064a380d8fce
cclex_9e0798f7d7896d43,Dark Green,9,להראות (משהו למישהו),mostrare; dimostrare,,0,100,solid_base_candidate,citizen_cafe_source_lineage|verified_tabular,clean_structural_candidate,src_4cd8f32c3f8a9708
cclex_9774cb6d7b58d12d,Dark Green,9,נתפס לי הצואר / הגב,mi si è bloccato il collo / la schiena,,0,100,solid_base_candidate,citizen_cafe_source_lineage|verified_tabular,clean_structural_candidate,src_3e152dbc9905177d
cclex_82e7be3877ab4bd0,Dark Green,9,להרים,sollevare; alzare,,0,100,solid_base_candidate,citizen_cafe_source_lineage|verified_tabular,clean_structural_candidate,src_67df11a5e7523f39
cclex_e2d15d79b0a3183d,Dark Green,9,למדוד את,misurare; provare (un vestito),,0,100,solid_base_candidate,citizen_cafe_source_lineage|verified_tabular,clean_structural_candidate,src_960d249c258437a6
cclex_98046c5a74045557,Dark Green,9,תא מדידה,camerino,,2,100,solid_base_candidate,citizen_cafe_source_lineage|streetwise_context_match|verified_tabular,clean_structural_candidate,src_7897bce12785b51c
cclex_aaaece8bb49692c5,Dark Green,9,להתלונן,lamentarsi,,2,100,solid_base_candidate,citizen_cafe_source_lineage|streetwise_context_match|verified_tabular,clean_structural_candidate,src_fccf36b6d907e0c7
cclex_72409decc5a62593,Dark Green,9,להתמודד עם,affrontare; gestire; cavarsela con,,0,100,solid_base_candidate,citizen_cafe_source_lineage|verified_tabular,clean_structural_candidate,src_d2c74e8cc737745a
cclex_43293b66b1a38bee,Dark Green,9,להתכונן,prepararsi,,0,100,solid_base_candidate,citizen_cafe_source_lineage|verified_tabular,clean_structural_candidate,src_22bcab7a962b74c6
cclex_4108cc8029b36e80,Dark Green,9,...זה ש...לא אומר ש,il fatto che... non significa che...,,0,100,solid_base_candidate,citizen_cafe_source_lineage|verified_tabular,clean_structural_candidate,src_44e4418bb50c88b9
cclex_c44c3db0bd3fae87,Dark Green,9,להרשים את,impressionare,,0,100,solid_base_candidate,citizen_cafe_source_lineage|verified_tabular,clean_structural_candidate,src_7ff4215b5c35ab81
cclex_80a112caf3841d96,Dark Green,9,מרשים,impressionante,,1,100,solid_base_candidate,citizen_cafe_source_lineage|streetwise_context_match|verified_tabular,clean_structural_candidate,src_13c180a22b63b0de
cclex_291faa51b2051f0d,Dark Green,9,"כלי, כלים",strumento; utensile; stoviglia,,0,100,solid_base_candidate,citizen_cafe_source_lineage|verified_tabular,clean_structural_candidate,src_eb0528c9d28c3335
cclex_67d192904cbef402,Dark Green,9,לעשות כלים,lavare i piatti,,0,100,solid_base_candidate,citizen_cafe_source_lineage|verified_tabular,clean_structural_candidate,src_e8bc0c9c7b2651d6
cclex_58aada9c6a5c8c3e,Dark Green,9,כלי עבודה,attrezzo da lavoro,,0,100,solid_base_candidate,citizen_cafe_source_lineage|verified_tabular,clean_structural_candidate,src_4b118c690af4f17d
cclex_c9483132d3194577,Dark Green,9,כלי מטבח,utensile da cucina,,0,100,solid_base_candidate,citizen_cafe_source_lineage|verified_tabular,clean_structural_candidate,src_f2d946e73e2e9575
cclex_3f8868b21898f84d,Dark Green,9,כלי כתיבה,strumento per scrivere,,0,100,solid_base_candidate,citizen_cafe_source_lineage|verified_tabular,clean_structural_candidate,src_b4ea0a4db569a96d
cclex_e8d9223707d416e8,Dark Green,9,כלי נגינה,strumento musicale,,0,100,solid_base_candidate,citizen_cafe_source_lineage|verified_tabular,clean_structural_candidate,src_0231ae35ef258aa3
cclex_45572679bed31d01,Dark Green,9,להתבייש ב,vergognarsi di,,0,100,solid_base_candidate,citizen_cafe_source_lineage|verified_tabular,clean_structural_candidate,src_029e53203cfc25a1
cclex_38a3a3a46fe1791e,Dark Green,9,הוא צריך להתבייש בעצמו,dovrebbe vergognarsi di sé stesso,,0,100,solid_base_candidate,citizen_cafe_source_lineage|verified_tabular,clean_structural_candidate,src_ad6222de37fa6fd7
cclex_36ca1c7939d680ae,Dark Green,9,תסתכל / י שניה,guarda un secondo,,0,100,solid_base_candidate,citizen_cafe_source_lineage|verified_tabular,clean_structural_candidate,src_bf9b403eed93444b
cclex_c29c7706dc7dff85,Dark Green,9,לרשום,annotare; scrivere,,1,100,solid_base_candidate,citizen_cafe_source_lineage|streetwise_context_match|verified_tabular,clean_structural_candidate,src_1f299b839bcf9e78
cclex_6024122ee77a54cd,Dark Green,9,תרשום את זה,scrivilo; annotalo,,0,100,solid_base_candidate,citizen_cafe_source_lineage|verified_tabular,clean_structural_candidate,src_b7221b49bc8946e0
cclex_eee7ffd84febc537,Dark Green,9,רשמתי לי,me lo sono segnato,,0,100,solid_base_candidate,citizen_cafe_source_lineage|verified_tabular,clean_structural_candidate,src_2b6aaa8468aa59fb
cclex_ce52b39fb9e869ac,Dark Green,9,לעצור,fermarsi; fermare,,1,100,solid_base_candidate,citizen_cafe_source_lineage|streetwise_context_match|verified_tabular,clean_structural_candidate,src_ff79984fcc58b0fd
cclex_02997554ae317260,Dark Green,9,...לעצור את,arrestare,,3,100,solid_base_candidate,citizen_cafe_source_lineage|streetwise_context_match|verified_tabular,clean_structural_candidate,src_a518264c77c37ed8
cclex_aefabbd1895a8bef,Dark Green,9,המשטרה עצרה את עדן,la polizia ha arrestato Eden,,0,100,solid_base_candidate,citizen_cafe_source_lineage|verified_tabular,clean_structural_candidate,src_cba724652e7e7c50
cclex_d7304d720c24bb28,Dark Green,9,"קציצה, קציצות",polpetta; polpette,,0,100,solid_base_candidate,citizen_cafe_source_lineage|verified_tabular,clean_structural_candidate,src_4871db0b738df256
cclex_9f9ddf208401751b,Dark Green,9,"?""על מה אתה ממליץ""",che cosa consigli?,,1,100,solid_base_candidate,citizen_cafe_source_lineage|streetwise_context_match|verified_tabular,clean_structural_candidate,src_3e97cd20dfe72446
cclex_a0732c4d33c957bb,Dark Green,9,תמליץ לי על סדרה טובה,consigliami una buona serie,,0,100,solid_base_candidate,citizen_cafe_source_lineage|verified_tabular,clean_structural_candidate,src_d8f74b22757549d7
cclex_bf3c86eb514a80de,Dark Green,9,"""הוא השקיע מיליון דולר בסטארט אפ""",ha investito un milione di dollari in una start-up,,0,100,solid_base_candidate,citizen_cafe_source_lineage|verified_tabular,clean_structural_candidate,src_7c7cb9bda3b53331
cclex_70f8d1b140bbbc7a,Dark Green,9,להשקיע (ב)...,investire in; impegnarsi molto in,,0,100,solid_base_candidate,citizen_cafe_source_lineage|verified_tabular,clean_structural_candidate,src_ccad4d8749ea40f6
cclex_b7f75a1095d22361,Dark Green,9,"!""וואו, זה ממש מושקע""","wow, ci hanno messo molto impegno!",,0,100,solid_base_candidate,citizen_cafe_source_lineage|verified_tabular,clean_structural_candidate,src_9c9459effe68b6b5
cclex_9ae6c6fa653ef403,Dark Green,9,...להפתיע את,sorprendere,,0,100,solid_base_candidate,citizen_cafe_source_lineage|verified_tabular,clean_structural_candidate,src_c4be3b5fe690cd86
cclex_9edb5e027b122428,Dark Green,9,"""הוא שחקן מצליח""",è un attore di successo,,0,100,solid_base_candidate,citizen_cafe_source_lineage|verified_tabular,clean_structural_candidate,src_130d3590b56a84d7
cclex_139dcd375b3abdf0,Dark Green,9,"""סיפרתי בדיחה מוצלחת""",ho raccontato una battuta riuscita,,0,100,solid_base_candidate,citizen_cafe_source_lineage|verified_tabular,clean_structural_candidate,src_642849eb39a13848
cclex_641e270c96c7b0bb,Dark Green,9,"""היה אירוע ממש מוצלח""",è stato un evento davvero riuscito,,0,100,solid_base_candidate,citizen_cafe_source_lineage|verified_tabular,clean_structural_candidate,src_2eadb19242bfc483
cclex_ee8b851ad06e2841,Dark Green,9,להכיר - מוכר,conoscere; essere familiare/noto,,0,100,solid_base_candidate,citizen_cafe_source_lineage|verified_tabular,clean_structural_candidate,src_5113cc3ad7d10f34
cclex_ee444c096c0505b2,Dark Green,9,אתה מוכר לי מאיפשהו,mi sembri familiare; ti ho già visto da qualche parte,,0,100,solid_base_candidate,citizen_cafe_source_lineage|verified_tabular,clean_structural_candidate,src_9d04661c6368aede
cclex_cd57fe2dc085fed3,Dark Green,9,!השיר הזה ממש מוכר,questa canzone mi è molto familiare,,0,100,solid_base_candidate,citizen_cafe_source_lineage|verified_tabular,clean_structural_candidate,src_7cf09d384b3c8c16
cclex_63b24782fc3db136,Dark Green,9,להבין - מובן,capire - capito/compreso,,0,100,solid_base_candidate,citizen_cafe_source_lineage|verified_tabular,clean_structural_candidate,src_ce3bebb8cc4fbb8c
cclex_a3f4dd10d58afd03,Dark Green,9,מובן מאליו,ovvio; dato per scontato,,0,100,solid_base_candidate,citizen_cafe_source_lineage|verified_tabular,clean_structural_candidate,src_293a28c175b339bf
cclex_ad628eeb77aa6446,Dark Green,9,"תודה על העזרה, זה לא מובן מאליו","grazie per l'aiuto, non è scontato",,0,100,solid_base_candidate,citizen_cafe_source_lineage|verified_tabular,clean_structural_candidate,src_fe7aa7ca2da009e7
cclex_8365a0e98623e0c3,Dark Green,9,תפסיק לקחת הכל כמובן מאליו,smettila di dare tutto per scontato,,0,100,solid_base_candidate,citizen_cafe_source_lineage|verified_tabular,clean_structural_candidate,src_f1947ee098402e17
cclex_aa6763069ab451e1,Dark Green,9,לקחת משהו / מישהו כמובן מאליו,dare qualcosa/qualcuno per scontato,,0,100,solid_base_candidate,citizen_cafe_source_lineage|verified_tabular,clean_structural_candidate,src_ce5a1f4b8588f3b3
cclex_0a05511d7abbf5fb,Dark Green,9,"מבצע, מבצעים",offerta; promozione,,0,100,solid_base_candidate,citizen_cafe_source_lineage|verified_tabular,clean_structural_candidate,src_f7a7d0df48d5a44d
cclex_90e42ac2fd0ec5a2,Dark Green,9,לא התכוונתי,non intendevo; non volevo,,1,100,solid_base_candidate,citizen_cafe_source_lineage|streetwise_context_match|verified_tabular,clean_structural_candidate,src_381062831286cfda
cclex_202b11c14298f605,Dark Green,9,כולל,incluso; compreso,,0,100,solid_base_candidate,citizen_cafe_source_lineage|verified_tabular,clean_structural_candidate,src_6cc1782717e62d85
cclex_d80cfa283bb34f5e,Dark Green,9,"מוסיף, מוסיפה",aggiunge / aggiungo (presente),,0,100,solid_base_candidate,citizen_cafe_source_lineage|verified_tabular,clean_structural_candidate,src_80a64e89483bc54f
cclex_440215242731fea2,Dark Green,9,חינם,gratis,,0,100,solid_base_candidate,citizen_cafe_source_lineage|verified_tabular,clean_structural_candidate,src_becc1459ba1b021a
cclex_3b3a8a7bac07cb52,Dark Green,9,"אל תוסיף כלום, זה מושלם!","non aggiungere nulla, è perfetto!",,0,100,solid_base_candidate,citizen_cafe_source_lineage|verified_tabular,clean_structural_candidate,src_599c90f59dd7d48c
cclex_dc152d856ce9ee8d,Dark Green,9,תרמתי דם,ho donato sangue,,0,100,solid_base_candidate,citizen_cafe_source_lineage|verified_tabular,clean_structural_candidate,src_af09b3eb8d1e2c4d
cclex_5fa07559f838b370,Dark Green,9,תרומה,donazione; contributo,,0,100,solid_base_candidate,citizen_cafe_source_lineage|verified_tabular,clean_structural_candidate,src_62082025cd06f5da
cclex_003185c25f171220,Dark Green,9,?אולי תוותרו על השמפו,forse rinunciate allo shampoo?; magari lasciate perdere lo shampoo?,,0,100,solid_base_candidate,citizen_cafe_source_lineage|verified_tabular,clean_structural_candidate,src_cc1dc6dade17bfdf
cclex_3529e608fa1be6f1,Dark Green,9,אשמה,colpa; senso di colpa,,1,100,solid_base_candidate,citizen_cafe_source_lineage|streetwise_context_match|verified_tabular,clean_structural_candidate,src_f03c0c37eb8a88b1
cclex_75d908ba23045ea2,Dark Green,9,זאת לא אשמתו,non è colpa sua,,0,100,solid_base_candidate,citizen_cafe_source_lineage|verified_tabular,clean_structural_candidate,src_e758f2a7fdfc3aec
cclex_047e9afa49ac9f89,Dark Green,9,להתווכח עם,discutere; litigare con,,0,100,solid_base_candidate,citizen_cafe_source_lineage|verified_tabular,clean_structural_candidate,src_408dd217dd4380d5
cclex_8d5468b7004100b0,Dark Green,9,בעל הבית,proprietario; padrone di casa,,2,100,solid_base_candidate,citizen_cafe_source_lineage|streetwise_context_match|verified_tabular,clean_structural_candidate,src_9001a8a55c6f1914
cclex_d2f3f8b0f1716264,Dark Green,9,בעלים,proprietario/i,,1,100,solid_base_candidate,citizen_cafe_source_lineage|streetwise_context_match|verified_tabular,clean_structural_candidate,src_4f3f5b399215e225
cclex_e70912971b6c0c9e,Dark Green,9,הוא הבעלים של המסעדה הזאת,è il proprietario di questo ristorante,,0,100,solid_base_candidate,citizen_cafe_source_lineage|verified_tabular,clean_structural_candidate,src_37fc18d43cab2370
cclex_3e55ad3229b41db9,Dark Green,9,"הנחה, הנחות",sconto; sconti,,1,100,solid_base_candidate,citizen_cafe_source_lineage|streetwise_context_match|verified_tabular,clean_structural_candidate,src_97e9ad2dad63a6ce
cclex_848c46a2978ac122,Dark Green,9,למה קיבלת הנחה? כי אני מכירה את בעל הבית,perché hai ricevuto uno sconto? perché conosco il proprietario,,0,100,solid_base_candidate,citizen_cafe_source_lineage|verified_tabular,clean_structural_candidate,src_efde539e88bcfb24
cclex_d54dee3e3447a571,Dark Green,9,אני עפה על הסדרה הזאת,adoro questa serie,,0,100,solid_base_candidate,citizen_cafe_source_lineage|verified_tabular,clean_structural_candidate,src_f20a6bf6d9ad2210
cclex_e061a720ffae9391,Dark Green,9,הוא עף על העבודה החדשה שלו,adora il suo nuovo lavoro,,0,100,solid_base_candidate,citizen_cafe_source_lineage|verified_tabular,clean_structural_candidate,src_189ebca42dc2a068
cclex_57004cd0dc6e28f3,Dark Green,9,רמה,livello,,0,100,solid_base_candidate,citizen_cafe_source_lineage|verified_tabular,clean_structural_candidate,src_40a9d77e1f44d46c
cclex_2638dac2f63e08f8,Dark Green,9,המסעדה הזאת ממש ברמה,questo ristorante è davvero di livello,,0,100,solid_base_candidate,citizen_cafe_source_lineage|verified_tabular,clean_structural_candidate,src_50b19e317008af63
cclex_b53999380f74c3b4,Dark Green,9,"מתייחס, מתייחסת",presta attenzione / si riferisce (m./f.),,0,100,solid_base_candidate,citizen_cafe_source_lineage|verified_tabular,clean_structural_candidate,src_701f5fbbd6187123
cclex_8886612784315a44,Dark Green,9,"אל תתייחסי לזה, זה לא חשוב","non farci caso, non è importante",,0,100,solid_base_candidate,citizen_cafe_source_lineage|verified_tabular,clean_structural_candidate,src_7a0a4a3540fdcf5f
cclex_d51aaabb9a4d5477,Dark Green,9,למצות,sfruttare al massimo; esaurire,,0,100,solid_base_candidate,citizen_cafe_source_lineage|verified_tabular,clean_structural_candidate,src_cf59a04591df444a
cclex_bff2f929faf9c27f,Dark Green,9,"לבחור תבחור, בוחר ת | בחר | אבחור, בוחר",scegliere,,0,100,solid_base_candidate,citizen_cafe_source_lineage|verified_tabular,clean_structural_candidate,src_33a602730720b9d3
cclex_4df74a121af6a527,Dark Green,9,קופסה,scatola / contenitore,,0,100,solid_base_candidate,citizen_cafe_source_lineage|verified_tabular,clean_structural_candidate,src_14f7ef16af48ddf9
cclex_0a35822f569bf2a8,Dark Green,9,שטויות,sciocchezze / assurdità,,2,100,solid_base_candidate,citizen_cafe_source_lineage|streetwise_context_match|verified_tabular,clean_structural_candidate,src_f47622eacd32e493
cclex_7a7366ed4c9234c4,Dark Green,9,מציאות,realtà,,2,100,solid_base_candidate,citizen_cafe_source_lineage|streetwise_context_match|verified_tabular,clean_structural_candidate,src_67630c749233cff7
cclex_95f748678664eaee,Dark Green,9,חקלאות,agricoltura,,0,100,solid_base_candidate,citizen_cafe_source_lineage|verified_tabular,clean_structural_candidate,src_4a6f27e5261289bb
cclex_0153e7e911e4c667,Dark Green,9,משטר ה,polizia,,0,100,solid_base_candidate,citizen_cafe_source_lineage|verified_tabular,clean_structural_candidate,src_6a7bae82d386235b
cclex_3a2600bdf065d170,Dark Green,9,כביש,strada,,0,100,solid_base_candidate,citizen_cafe_source_lineage|verified_tabular,clean_structural_candidate,src_90e61171c8d9dbc3
cclex_ef0355cb4b56cdf8,Dark Green,9,משאית,camion,,0,100,solid_base_candidate,citizen_cafe_source_lineage|verified_tabular,clean_structural_candidate,src_9cdd555bcadf82ca
cclex_031ec8214be99fa5,Dark Green,9,"צעצועים, צעצוע",giocattolo,,0,100,solid_base_candidate,citizen_cafe_source_lineage|verified_tabular,clean_structural_candidate,src_55639c5dd44b1ae2
cclex_1c379ead63be5485,Dark Green,9,"קלפים, קלף",carta/e da gioco,,0,100,solid_base_candidate,citizen_cafe_source_lineage|verified_tabular,clean_structural_candidate,src_743207b490e10a37
cclex_c7cad5963e7a177c,Dark Green,9,"מדבקות, מדבקה",adesivo,,0,100,solid_base_candidate,citizen_cafe_source_lineage|verified_tabular,clean_structural_candidate,src_ab710686b80fe032
cclex_565dd7ff31d6f931,Dark Green,9,מקר ה,caso / occasione,,0,100,solid_base_candidate,citizen_cafe_source_lineage|verified_tabular,clean_structural_candidate,src_f1ec2463ef64de43
cclex_9ab3af51bfb6fcee,Dark Green,9,רגיל,abituale / solito,,0,100,solid_base_candidate,citizen_cafe_source_lineage|verified_tabular,clean_structural_candidate,src_d664c9596c39fe7d
cclex_af0ed0aeb959cb14,Dark Green,9,סיכוי,possibilità / occasione,,0,100,solid_base_candidate,citizen_cafe_source_lineage|verified_tabular,clean_structural_candidate,src_9695f59e70eafcc7
cclex_325ac9f804c9cbd5,Dark Green,9,ניסיון,esperienza,,1,100,solid_base_candidate,citizen_cafe_source_lineage|streetwise_context_match|verified_tabular,clean_structural_candidate,src_2d1c84d6d9e76195
cclex_780630f43007fbb8,Dark Green,9,איזשהו,una specie di / un qualche tipo di,,0,100,solid_base_candidate,citizen_cafe_source_lineage|verified_tabular,clean_structural_candidate,src_f793c6cdcff47c06
cclex_f2d9c79f5a064b68,Dark Green,9,איפושהו,da qualche parte,,0,100,solid_base_candidate,citizen_cafe_source_lineage|verified_tabular,clean_structural_candidate,src_dc162fa8246855ca
cclex_ff757a8f01f7ccab,Dark Green,9,מתישהו,prima o poi / qualche volta,,0,100,solid_base_candidate,citizen_cafe_source_lineage|verified_tabular,clean_structural_candidate,src_f2dcf542d905ce10
cclex_a95f898a7ca4b205,Dark Green,9,לאנשהו,verso qualche parte,,0,100,solid_base_candidate,citizen_cafe_source_lineage|verified_tabular,clean_structural_candidate,src_0da34e6ed8ae72e8
cclex_470d75f228f2f022,Dark Green,9,איכשהו,in qualche modo,,0,100,solid_base_candidate,citizen_cafe_source_lineage|verified_tabular,clean_structural_candidate,src_b1bcd7cdc089db93
cclex_59512d7697e5c49f,Dark Green,9,שלב,palcoscenico / livello,,0,100,solid_base_candidate,citizen_cafe_source_lineage|verified_tabular,clean_structural_candidate,src_270914efbdafa820
cclex_ef83cc2702db5525,Dark Green,9,בול,esattamente,,1,100,solid_base_candidate,citizen_cafe_source_lineage|streetwise_context_match|verified_tabular,clean_structural_candidate,src_39e3d38fa58cb1b4
cclex_66e8f043f31000ce,Dark Green,9,שיפור,miglioramento,,0,100,solid_base_candidate,citizen_cafe_source_lineage|verified_tabular,clean_structural_candidate,src_f8a1292e2f66ac37
cclex_37a1c99ddb5124a2,Dark Green,9,ציור,disegno,,0,100,solid_base_candidate,citizen_cafe_source_lineage|verified_tabular,clean_structural_candidate,src_570e178b34232799
cclex_626ec556eda0b897,Dark Green,9,יחסית,relativamente,,0,100,solid_base_candidate,citizen_cafe_source_lineage|verified_tabular,clean_structural_candidate,src_c46e7329f0dd3301
cclex_5c2013d5afdcd343,Dark Green,9,ברור,chiaro,,3,100,solid_base_candidate,citizen_cafe_source_lineage|streetwise_context_match|verified_tabular,clean_structural_candidate,src_0239b1947787a94e
cclex_3098af621d7f39e8,Dark Green,9,הכליחסי,tutto è relativo,,0,100,solid_base_candidate,citizen_cafe_source_lineage|verified_tabular,clean_structural_candidate,src_be724781d4a12499
cclex_149e47f7f548cf4c,Dark Green,9,כנס,conferenza,,0,100,solid_base_candidate,citizen_cafe_source_lineage|verified_tabular,clean_structural_candidate,src_ac8398b631b3822e
cclex_1f36ef8486884f5c,Dark Green,9,איזה,qualche / circa,,0,100,solid_base_candidate,citizen_cafe_source_lineage|verified_tabular,clean_structural_candidate,src_39a93bd96eea721e
cclex_0a773164c56f2b02,Dark Green,9,לדחוף,spingere,,0,100,solid_base_candidate,citizen_cafe_source_lineage|verified_tabular,clean_structural_candidate,src_f0ddb5569cea9e28
cclex_adb5ce9c2c7e6faa,Dark Green,9,ציפיות,aspettative,,0,100,solid_base_candidate,citizen_cafe_source_lineage|verified_tabular,clean_structural_candidate,src_a75f3db8237b0b2c
cclex_c53f06c05e6c38c0,Dark Green,9,מציד י,per quanto mi riguarda,,0,100,solid_base_candidate,citizen_cafe_source_lineage|verified_tabular,clean_structural_candidate,src_9176ac8b19d05dfa
cclex_43dc62e796c506df,Dark Green,9,כפול,doppio,,0,100,solid_base_candidate,citizen_cafe_source_lineage|verified_tabular,clean_structural_candidate,src_41031c06738d5043
cclex_7a7945abbc3ad16f,Dark Green,9,קסם,magia / sortilegio,,1,100,solid_base_candidate,citizen_cafe_source_lineage|streetwise_context_match|verified_tabular,clean_structural_candidate,src_6416b432469179a8
cclex_8b0ef0c5f21a5ed9,Dark Green,9,קסומה/קסום,magico / incantato,,0,100,solid_base_candidate,citizen_cafe_source_lineage|verified_tabular,clean_structural_candidate,src_2b6392d01dd851bd
cclex_5f92fb7ffd46d774,Dark Green,9,לקוח,cliente,,0,100,solid_base_candidate,citizen_cafe_source_lineage|verified_tabular,clean_structural_candidate,src_1d73761cf035eea6
cclex_64558f8afbe67eff,Dark Green,9,ר יק,vuoto,,0,100,solid_base_candidate,citizen_cafe_source_lineage|verified_tabular,clean_structural_candidate,src_62ea16976b6d735b
cclex_b76e3fde6db88244,Dark Green,9,בסךהכל,in totale / semplicemente,,0,100,solid_base_candidate,citizen_cafe_source_lineage|verified_tabular,clean_structural_candidate,src_b75c71e587248826
cclex_2054bd4bdbf1da0a,Dark Green,9,מוצר,prodotto,,2,100,solid_base_candidate,citizen_cafe_source_lineage|streetwise_context_match|verified_tabular,clean_structural_candidate,src_6b8cdf51d7121fe0
cclex_d1a5217bf735184e,Dark Green,9,אופנוע,moto,,0,100,solid_base_candidate,citizen_cafe_source_lineage|verified_tabular,clean_structural_candidate,src_e09425837c4bc645
cclex_2600568a61f5efd3,Dark Green,9,משבר,crisi,,0,100,solid_base_candidate,citizen_cafe_source_lineage|verified_tabular,clean_structural_candidate,src_0d136baa8134749f
cclex_f4d406c080f34c14,Dark Green,9,סימן,cartello / segno,,0,100,solid_base_candidate,citizen_cafe_source_lineage|verified_tabular,clean_structural_candidate,src_78b594b20436691f
cclex_ff395eedb23a5d22,Dark Green,9,זוגיות,relazione,,0,100,solid_base_candidate,citizen_cafe_source_lineage|verified_tabular,clean_structural_candidate,src_a26dbc87cc9413bd
cclex_f082ecf59e850ea1,Dark Green,9,הנחה,sconto,,1,100,solid_base_candidate,citizen_cafe_source_lineage|streetwise_context_match|verified_tabular,clean_structural_candidate,src_ac5721aecebba979
cclex_f5973d3b7d710d5c,Dark Green,9,לקרוא את,leggere,,0,100,solid_base_candidate,citizen_cafe_source_lineage|verified_tabular,clean_structural_candidate,src_907d9a66f8fbd00b
cclex_fa42938a987a7ef7,Dark Green,9,למצוא את,trovare,,0,100,solid_base_candidate,citizen_cafe_source_lineage|verified_tabular,clean_structural_candidate,src_2fc9b6416549719b
cclex_eb61d2b50bbdc988,Dark Green,9,אישית,personalmente,,0,100,solid_base_candidate,citizen_cafe_source_lineage|verified_tabular,clean_structural_candidate,src_9dc2c363598cefd3
cclex_b0f368bce488733d,Dark Green,9,לשמוע,ascoltare,,0,100,solid_base_candidate,citizen_cafe_source_lineage|verified_tabular,clean_structural_candidate,src_247bdf93ec93ce8c
cclex_f2fcc08c43e79c18,Dark Green,9,לנסוע,viaggiare,,4,100,solid_base_candidate,citizen_cafe_source_lineage|streetwise_context_match|verified_tabular,clean_structural_candidate,src_5f1ac3da46ce9bad
cclex_594cff22fe52747d,Dark Green,9,לשלוח,mandare / inviare,,0,100,solid_base_candidate,citizen_cafe_source_lineage|verified_tabular,clean_structural_candidate,src_952e5398480eaf82
cclex_e1e20acaedfdc660,Dark Green,9,לשמוח,essere felice,,1,100,solid_base_candidate,citizen_cafe_source_lineage|streetwise_context_match|verified_tabular,clean_structural_candidate,src_b3acf3080e72cdf0
cclex_41d8b194557ad707,Dark Green,9,לשאול,chiedere,,0,100,solid_base_candidate,citizen_cafe_source_lineage|verified_tabular,clean_structural_candidate,src_6c949fbe1c16ad98
cclex_acf0be82b1235c8a,Dark Green,9,זמנית,temporaneamente,,0,100,solid_base_candidate,citizen_cafe_source_lineage|verified_tabular,clean_structural_candidate,src_8743b69c8e71a252
cclex_ddca1e5c312e4974,Dark Green,9,לחסום,bloccare,,0,100,solid_base_candidate,citizen_cafe_source_lineage|verified_tabular,clean_structural_candidate,src_1bf00d3036744372
cclex_6557e3cba04c8ab6,Dark Green,9,אוטומטית,automaticamente,,0,100,solid_base_candidate,citizen_cafe_source_lineage|verified_tabular,clean_structural_candidate,src_241241e93ddefd8a
cclex_6e53641202c44124,Dark Green,9,מעוכן/לעדכן,aggiornare / aggiornato,,0,100,solid_base_candidate,citizen_cafe_source_lineage|verified_tabular,clean_structural_candidate,src_83b68b6c8bbb0941
cclex_965aa3b3b1e99e47,Dark Green,9,מוכרות/מוכר ים/מוכרת/מוכר,familiare,,0,100,solid_base_candidate,citizen_cafe_source_lineage|verified_tabular,clean_structural_candidate,src_d211b0428ba40c2e
cclex_e6798b639bf57e2d,Dark Green,9,ומצד שני... מצד אחד...,da una parte... e dall’altra,,0,100,solid_base_candidate,citizen_cafe_source_lineage|verified_tabular,clean_structural_candidate,src_7e0c5102d3691268
cclex_04776b0adb02b20a,Dark Green,9,מאתגר,impegnativo / stimolante,,0,100,solid_base_candidate,citizen_cafe_source_lineage|verified_tabular,clean_structural_candidate,src_45e4baa53f0bb192
cclex_444333f6123c1df6,Dark Green,9,צדדים,lati / parti,,0,100,solid_base_candidate,citizen_cafe_source_lineage|verified_tabular,clean_structural_candidate,src_7e9c9bfc8bef838c
cclex_08cb66c034727daf,Dark Green,9,יעיל,efficiente,,0,100,solid_base_candidate,citizen_cafe_source_lineage|verified_tabular,clean_structural_candidate,src_5485812dfe9b853a
cclex_9b06ec743e0f6402,Dark Green,9,אתגר,sfida,,0,100,solid_base_candidate,citizen_cafe_source_lineage|verified_tabular,clean_structural_candidate,src_46832e90b0084d13
cclex_2d3812761a0aaf1d,Dark Green,9,אתגרים,sfide,,0,100,solid_base_candidate,citizen_cafe_source_lineage|verified_tabular,clean_structural_candidate,src_da7c3011c29cd0c6
cclex_1bdb836adb2e5a3e,Dark Green,9,לאתגר את,sfidare / mettere alla prova,,0,100,solid_base_candidate,citizen_cafe_source_lineage|verified_tabular,clean_structural_candidate,src_7c27a170e7192f33
cclex_5fa3688fa53e6a1e,Dark Green,9,לגעת,toccare,,0,100,solid_base_candidate,citizen_cafe_source_lineage|verified_tabular,clean_structural_candidate,src_59707c126080b2d6
cclex_2d04c9667d1142ac,Dark Green,9,על תיגע,non toccare (m.),,0,100,solid_base_candidate,citizen_cafe_source_lineage|verified_tabular,clean_structural_candidate,src_96daa8c6bc1552a4
cclex_b528684599d1941e,Dark Green,9,על תיגעי,non toccare (f.),,0,100,solid_base_candidate,citizen_cafe_source_lineage|verified_tabular,clean_structural_candidate,src_7791b97145c48f5d
cclex_7719a190fed9c1b9,Dark Green,9,תר צו קינוח,volete il dessert?,,0,100,solid_base_candidate,citizen_cafe_source_lineage|verified_tabular,clean_structural_candidate,src_c54144d2afb64a1d
cclex_0ee439fc9ea63dcb,Dark Green,9,בדיחה,barzelletta / battuta,,0,100,solid_base_candidate,citizen_cafe_source_lineage|verified_tabular,clean_structural_candidate,src_9ca34e5db9138127
cclex_184fe67c3c6595bb,Dark Green,9,בדיחות,barzellette / battute,,0,100,solid_base_candidate,citizen_cafe_source_lineage|verified_tabular,clean_structural_candidate,src_69414235a410903c
cclex_2d8f22b725cb12c1,Dark Green,9,להזמין,invitare,,1,100,solid_base_candidate,citizen_cafe_source_lineage|streetwise_context_match|verified_tabular,clean_structural_candidate,src_b089e04b0aafc162
cclex_b2fca99f961b3e46,Dark Green,9,מוזמן,invitato (m.),,1,100,solid_base_candidate,citizen_cafe_source_lineage|streetwise_context_match|verified_tabular,clean_structural_candidate,src_5835ba2bd8597b09
cclex_6b08a566fb6f9d60,Dark Green,9,מוזמנת,invitata (f.),,0,100,solid_base_candidate,citizen_cafe_source_lineage|verified_tabular,clean_structural_candidate,src_00bd6883943783a9
cclex_21c89cef098e1326,Dark Green,9,להמליץ על משהו,consigliare qualcosa,,0,100,solid_base_candidate,citizen_cafe_source_lineage|verified_tabular,clean_structural_candidate,src_0063158f0b9f5e53
cclex_c7cc44bd416933ce,Dark Green,9,להמליץ על מישהו,raccomandare qualcuno,,0,100,solid_base_candidate,citizen_cafe_source_lineage|verified_tabular,clean_structural_candidate,src_ae94470b6911b029
cclex_7149e3aa357c289d,Dark Green,9,להגזים,esagerare,,0,100,solid_base_candidate,citizen_cafe_source_lineage|verified_tabular,clean_structural_candidate,src_90cec582ac2fd0c5
cclex_8740000eed943d14,Dark Green,9,מוגזם,esagerato,,1,100,solid_base_candidate,citizen_cafe_source_lineage|streetwise_context_match|verified_tabular,clean_structural_candidate,src_2818c0f6cfa76d04
cclex_14e788df35714bc2,Dark Green,9,היא הייתה מוזמנת,lei era invitata,,0,100,solid_base_candidate,citizen_cafe_source_lineage|verified_tabular,clean_structural_candidate,src_0ceed3ad19bd2375
cclex_f6d1038ac5cc978a,Dark Green,9,הוא יהיה מוזמן,lui sarà invitato,,0,100,solid_base_candidate,citizen_cafe_source_lineage|verified_tabular,clean_structural_candidate,src_07e5ab68161c162b
cclex_6784f73ae6760c17,Dark Green,9,הפתעה,sorpresa,,2,100,solid_base_candidate,citizen_cafe_source_lineage|streetwise_context_match|verified_tabular,clean_structural_candidate,src_72e63d6e3440f9b0
cclex_6ab2149b1f259171,Dark Green,9,יקב,cantina vinicola,,0,100,solid_base_candidate,citizen_cafe_source_lineage|verified_tabular,clean_structural_candidate,src_d2d15cb3699c38ad
cclex_8e56347f40721f55,Dark Green,9,יקבים,cantine vinicole,,0,100,solid_base_candidate,citizen_cafe_source_lineage|verified_tabular,clean_structural_candidate,src_309f7f1581d3e7a4
cclex_b120136bf0289cce,Dark Green,9,"כרמים, כר ם",vigneto / vigneti,,0,100,solid_base_candidate,citizen_cafe_source_lineage|verified_tabular,clean_structural_candidate,src_6ff86604ad7b2ce7
cclex_4c2317676e74b3c4,Dark Green,9,המלצה,raccomandazione / consiglio,,1,100,solid_base_candidate,citizen_cafe_source_lineage|streetwise_context_match|verified_tabular,clean_structural_candidate,src_a5fd5a1ac6639a4b
cclex_5ed6a8b6be8b6704,Dark Green,9,זה ממש מומלץ,è davvero consigliato,,0,100,solid_base_candidate,citizen_cafe_source_lineage|verified_tabular,clean_structural_candidate,src_dfcba2ecf1ab4d60
cclex_2ada8c3969a6c391,Dark Green,9,לצפותל,aspettarsi / non vedere l’ora di,,0,100,solid_base_candidate,citizen_cafe_source_lineage|verified_tabular,clean_structural_candidate,src_5c9fb7641577a06c
cclex_0b31d304ed0c7de7,Dark Green,9,אפור,grigio,,0,100,solid_base_candidate,citizen_cafe_source_lineage|verified_tabular,clean_structural_candidate,src_3a559abbd819836f
cclex_f04739df279e8663,Dark Green,9,לעזוב,lasciare / abbandonare / mollare,,1,100,solid_base_candidate,citizen_cafe_source_lineage|streetwise_context_match|verified_tabular,clean_structural_candidate,src_3f04e46b0d6287fe
cclex_362f37c9e0c1f06d,Dark Green,9,"פסים, פס",striscia / strisce,,0,100,solid_base_candidate,citizen_cafe_source_lineage|verified_tabular,clean_structural_candidate,src_89573e24fe490728
cclex_2a641afb5e630a51,Dark Green,9,בד,tessuto,,0,100,solid_base_candidate,citizen_cafe_source_lineage|verified_tabular,clean_structural_candidate,src_2431e1276f25f5a8
cclex_ef3e4c9a53f0664e,Dark Green,9,לנשום,respirare,,0,100,solid_base_candidate,citizen_cafe_source_lineage|verified_tabular,clean_structural_candidate,src_0f864bc9d016eb9d
cclex_5980b3e953b7d187,Dark Green,9,בד נושם,tessuto traspirante,,0,100,solid_base_candidate,citizen_cafe_source_lineage|verified_tabular,clean_structural_candidate,src_cca94d6d28835abe
cclex_7b49941f4c4edd70,Dark Green,9,איןליכוחלזה,non ne ho voglia / non ce la faccio,,0,100,solid_base_candidate,citizen_cafe_source_lineage|verified_tabular,clean_structural_candidate,src_71d47a1c46b82d50
cclex_20476dd1672f01dc,Dark Green,9,פח,spazzatura / cestino,,1,100,solid_base_candidate,citizen_cafe_source_lineage|streetwise_context_match|verified_tabular,clean_structural_candidate,src_d91a4a8b11a0b516
cclex_292114e555d3fcf8,Dark Green,9,"עובדות, עובד ה",fatto / fatti,,0,100,solid_base_candidate,citizen_cafe_source_lineage|verified_tabular,clean_structural_candidate,src_b7ab9d5dba493b47
cclex_533f4c78d2bb1044,Dark Green,9,להתחנן,supplicare,,0,100,solid_base_candidate,citizen_cafe_source_lineage|verified_tabular,clean_structural_candidate,src_b8de5599f38c7e55
cclex_6b6091c6a1537393,Dark Green,9,להיעלם,sparire,,1,100,solid_base_candidate,citizen_cafe_source_lineage|streetwise_context_match|verified_tabular,clean_structural_candidate,src_b97f0347ff1aa594
cclex_e3128a6186ef6c7f,Dark Green,9,להתאושש,riprendersi / recuperare,,0,100,solid_base_candidate,citizen_cafe_source_lineage|verified_tabular,clean_structural_candidate,src_c8999bd0c17b1572
cclex_d0a359a796fa0ba8,Dark Green,9,ת/אני מתאושש,mi sto riprendendo,,0,100,solid_base_candidate,citizen_cafe_source_lineage|verified_tabular,clean_structural_candidate,src_057ec209c2b29c72
cclex_aca23a6c989aa5ec,Dark Green,9,כביסה,bucato,,0,100,solid_base_candidate,citizen_cafe_source_lineage|verified_tabular,clean_structural_candidate,src_09be4580202ca28e
cclex_34892246f5cc9fe3,Dark Green,9,ל...להפוךאת...,trasformare... in...,,0,100,solid_base_candidate,citizen_cafe_source_lineage|verified_tabular,clean_structural_candidate,src_f1b7489a2c92b100
cclex_88e26ef980b65bf3,Dark Green,9,להפוך אתהדפקטלאפקט,trasformare un difetto in effetto / una debolezza in forza,,0,100,solid_base_candidate,citizen_cafe_source_lineage|verified_tabular,clean_structural_candidate,src_f18e9ccb80f4aea9
cclex_08656e48de7692b9,Dark Green,9,תאומים,gemelli,,0,100,solid_base_candidate,citizen_cafe_source_lineage|verified_tabular,clean_structural_candidate,src_ab3bd4af5381e1c0
cclex_23819ce494e315f4,Dark Green,9,להרכיב,montare / assemblare,,1,100,solid_base_candidate,citizen_cafe_source_lineage|streetwise_context_match|verified_tabular,clean_structural_candidate,src_6dbcbe94b7b6bb26
cclex_fa82d5f878c2f06d,Dark Green,9,מורכב,complesso,,2,100,solid_base_candidate,citizen_cafe_source_lineage|streetwise_context_match|verified_tabular,clean_structural_candidate,src_e88f86f78907814b
cclex_fa864ef30da758b6,Dark Green,9,?ממה פאזל מורכב,da che cosa è composto il puzzle?,,0,100,solid_base_candidate,citizen_cafe_source_lineage|verified_tabular,clean_structural_candidate,src_02762f9cd470351a
cclex_ab4f5bbce9d29b5c,Dark Green,9,בעיה מורכבת,problema complesso,,0,100,solid_base_candidate,citizen_cafe_source_lineage|verified_tabular,clean_structural_candidate,src_a59a0e89194de8e2
cclex_6cc124c888b9811f,Dark Green,9,"אבל מצד שני זה, מצד אחד זה פשוט מורכב","da una parte è semplice, dall’altra è complesso",,0,100,solid_base_candidate,citizen_cafe_source_lineage|verified_tabular,clean_structural_candidate,src_4e50c61f6214c26e
cclex_f7f4695cad90a913,Dark Green,9,?למה היית מופתע,perché eri sorpreso?,,0,100,solid_base_candidate,citizen_cafe_source_lineage|verified_tabular,clean_structural_candidate,src_f10e1de5ce6e93e6
cclex_d36cd4524f137ed9,Dark Green,9,להבין,capire,,0,100,solid_base_candidate,citizen_cafe_source_lineage|verified_tabular,clean_structural_candidate,src_883d2a0e5559e19c
cclex_0831d1d90400924a,Dark Green,9,לקחת (משהו או מישהו)כמובןמאליו,dare qualcuno/qualcosa per scontato,,0,100,solid_base_candidate,citizen_cafe_source_lineage|verified_tabular,clean_structural_candidate,src_5f7f14b443647cc5
cclex_250e26c7ea2b21b6,Dark Green,9,גבולות/גבול,confine / limite,,0,100,solid_base_candidate,citizen_cafe_source_lineage|verified_tabular,clean_structural_candidate,src_4a8b0b6590d1f376
cclex_1b8ccb269a4092b1,Dark Green,9,השמיםהםהגבול,il cielo è il limite!,,0,100,solid_base_candidate,citizen_cafe_source_lineage|verified_tabular,clean_structural_candidate,src_0e5d20f1005e6560
cclex_05b7afb84ca8bf68,Dark Green,9,להגביל,limitare,,1,100,solid_base_candidate,citizen_cafe_source_lineage|streetwise_context_match|verified_tabular,clean_structural_candidate,src_f8e3fcba04fe452c
cclex_aee43d1b6432a0f3,Dark Green,9,תקציב מוגבל,budget limitato,,0,100,solid_base_candidate,citizen_cafe_source_lineage|verified_tabular,clean_structural_candidate,src_307b4a681091f436
cclex_2c3d32336d50ef12,Dark Green,9,זמן מוגבל,tempo limitato,,1,100,solid_base_candidate,citizen_cafe_source_lineage|streetwise_context_match|verified_tabular,clean_structural_candidate,src_3baab9a52d3d9e2f
cclex_1d9a3e78484e5747,Dark Green,9,אפשרות מוגבלת,possibilità limitata,,0,100,solid_base_candidate,citizen_cafe_source_lineage|verified_tabular,clean_structural_candidate,src_8370e985f550c981
cclex_826c45debe3c77ef,Dark Green,9,אפשרויות מוגבלות,possibilità limitate,,0,100,solid_base_candidate,citizen_cafe_source_lineage|verified_tabular,clean_structural_candidate,src_b49ca90c92f1126a
cclex_254da07cc041eeaa,Dark Green,9,לא זה אלא זה,"non questo, ma quello",,0,100,solid_base_candidate,citizen_cafe_source_lineage|verified_tabular,clean_structural_candidate,src_a65fe16260afb57f
cclex_e01cbd0a0ed2cc70,Dark Green,9,לא רק זה אלא גם זה,"non solo questo, ma anche quello",,0,100,solid_base_candidate,citizen_cafe_source_lineage|verified_tabular,clean_structural_candidate,src_fb6bc0c93aabdc43
cclex_f5a7db947f131906,Dark Green,9,איכות,qualità,,0,100,solid_base_candidate,citizen_cafe_source_lineage|verified_tabular,clean_structural_candidate,src_563a5d6a89ce8561
cclex_bcec46ef7c6d74a8,Dark Green,9,חלון,finestra,,0,100,solid_base_candidate,citizen_cafe_source_lineage|verified_tabular,clean_structural_candidate,src_8515989ccb0df0e2
cclex_69c32e7f93276828,Dark Green,9,זכרון,memoria / ricordo,,0,100,solid_base_candidate,citizen_cafe_source_lineage|verified_tabular,clean_structural_candidate,src_0c0404e99817993c
cclex_c4033bd361dac456,Dark Green,9,ראיון,intervista,,0,100,solid_base_candidate,citizen_cafe_source_lineage|verified_tabular,clean_structural_candidate,src_283c7a23a31c5a16
cclex_303446e08acaf58a,Dark Green,9,לשבור,rompere,,1,100,solid_base_candidate,citizen_cafe_source_lineage|streetwise_context_match|verified_tabular,clean_structural_candidate,src_71c9692f77f171fe
cclex_771c71be148ded06,Dark Green,9,לבוא,venire,,2,100,solid_base_candidate,citizen_cafe_source_lineage|streetwise_context_match|verified_tabular,clean_structural_candidate,src_3c2605f3535cb67b
cclex_3784a5a909291be2,Dark Green,9,לחזור,tornare,,2,100,solid_base_candidate,citizen_cafe_source_lineage|streetwise_context_match|verified_tabular,clean_structural_candidate,src_1eff441b971ec0ac
cclex_44ae3d02f89d0399,Dark Green,9,להזיז את,muoversi (transitive),,0,100,solid_base_candidate,citizen_cafe_source_lineage|verified_tabular,clean_structural_candidate,src_3cf4b073bc48b14a
cclex_ea4dbf56a7f8ccd5,Dark Green,9,לזוז,muoversi,,0,100,solid_base_candidate,citizen_cafe_source_lineage|verified_tabular,clean_structural_candidate,src_a5306a06ef2e0d5f
cclex_e2896b331b6f7567,Dark Green,9,לבחור,scegliere,,0,100,solid_base_candidate,citizen_cafe_source_lineage|verified_tabular,clean_structural_candidate,src_eb7cc9f92b41c8d7
cclex_a5536c614d73f862,Dark Green,9,את ר,sito web,,0,100,solid_base_candidate,citizen_cafe_source_lineage|verified_tabular,clean_structural_candidate,src_83989303d33441d0
cclex_1fc708c7d265392d,Dark Green,9,להוד יע,aggiornare,,0,100,solid_base_candidate,citizen_cafe_source_lineage|verified_tabular,clean_structural_candidate,src_fde903f07bca5049
cclex_42613c072d7993bc,Dark Green,9,להתאהבב,innamorarsi,,0,100,solid_base_candidate,citizen_cafe_source_lineage|verified_tabular,clean_structural_candidate,src_8687ff3618537a6e
cclex_3d79c464c65300ae,Dark Green,9,ארוחת בוקר,colazione,,2,100,solid_base_candidate,citizen_cafe_source_lineage|streetwise_context_match|verified_tabular,clean_structural_candidate,src_869f0864ea4abb7e
cclex_17fad092bdb5fa8c,Dark Green,9,בלת יאפשר י,impossibile,,0,100,solid_base_candidate,citizen_cafe_source_lineage|verified_tabular,clean_structural_candidate,src_44e0a43536ff476e
cclex_219d298209d68663,Dark Green,9,לוות ר,rinunciare,,0,100,solid_base_candidate,citizen_cafe_source_lineage|verified_tabular,clean_structural_candidate,src_1a0d02acc3ed66f5
cclex_07af5463be96dffb,Dark Green,9,להתיאש,rinunciare,,0,100,solid_base_candidate,citizen_cafe_source_lineage|verified_tabular,clean_structural_candidate,src_0b906d182def2100
cclex_de2c0d87f952d14c,Dark Green,9,מגבת,asciugamano,,0,100,solid_base_candidate,citizen_cafe_source_lineage|verified_tabular,clean_structural_candidate,src_0b512307a3ad59e1
cclex_33c52ad1d5705eab,Dark Green,9,מתולתלת/מתולתל,riccio,,0,100,solid_base_candidate,citizen_cafe_source_lineage|verified_tabular,clean_structural_candidate,src_6fe99de2ab3a09b9
cclex_14d69f7fcb888f9b,Dark Green,9,תלתלים,ricci,,0,100,solid_base_candidate,citizen_cafe_source_lineage|verified_tabular,clean_structural_candidate,src_b4a869d3364d6e05
cclex_760bbb136df1ba62,Dark Green,9,השאר,il resto,,2,100,solid_base_candidate,citizen_cafe_source_lineage|streetwise_context_match|verified_tabular,clean_structural_candidate,src_a79b45a586e4cb68
cclex_688a3a4b1a703a18,Dark Green,9,כל השאר,tutto il resto,,0,100,solid_base_candidate,citizen_cafe_source_lineage|verified_tabular,clean_structural_candidate,src_145dd9b124ffd62e
cclex_138279df2f731f7d,Dark Green,9,מרפסת,balcone,,0,100,solid_base_candidate,citizen_cafe_source_lineage|verified_tabular,clean_structural_candidate,src_46eb73432a5c85e3
cclex_98c55cd32787543a,Dark Green,9,לספר,raccontare / dire,,0,100,solid_base_candidate,citizen_cafe_source_lineage|verified_tabular,clean_structural_candidate,src_1d4891003f1b2810
cclex_e91e2a1a1b045539,Dark Green,9,"בפרטיפרטים-פרטים, פר ט",dettaglio/i (nei minimi dettagli),,0,100,solid_base_candidate,citizen_cafe_source_lineage|verified_tabular,clean_structural_candidate,src_6c568985eb0f92e3
cclex_2356f28243563185,Dark Green,9,להיכנס\לרד תלפרטים,entrare nei dettagli,,0,100,solid_base_candidate,citizen_cafe_source_lineage|verified_tabular,clean_structural_candidate,src_c17df9fcca1c3592
cclex_5d261fdc354573ba,Dark Green,9,עזבו/!עזבי/!!עזוב,lascia perdere!,,0,100,solid_base_candidate,citizen_cafe_source_lineage|verified_tabular,clean_structural_candidate,src_2de4ecc5f8a938c5
cclex_0b752490b81ac9d3,Dark Green,9,"כללים, כלל","regola, regole",,0,100,solid_base_candidate,citizen_cafe_source_lineage|verified_tabular,clean_structural_candidate,src_df73914e66ef8784
cclex_1c8780b31e3702bd,Dark Green,9,לעדכן,aggiornare,,0,100,solid_base_candidate,citizen_cafe_source_lineage|verified_tabular,clean_structural_candidate,src_0dfb8c015377afe5
cclex_23b0eb4b110003de,Dark Green,9,טבע,natura,,0,100,solid_base_candidate,citizen_cafe_source_lineage|verified_tabular,clean_structural_candidate,src_ca2f02bb7650dfa5
cclex_960bf595819c4eb5,Dark Green,9,תרבות,cultura,,0,100,solid_base_candidate,citizen_cafe_source_lineage|verified_tabular,clean_structural_candidate,src_2697c6948d96e702
cclex_6f653eb2fd9c42fa,Dark Green,9,לחבר,collegare / attaccare alla presa,,1,100,solid_base_candidate,citizen_cafe_source_lineage|streetwise_context_match|verified_tabular,clean_structural_candidate,src_3c6a932e4dba3ee6
cclex_c40b8e5a4c57e516,Dark Green,9,מחוברות/מחוברים/מחוברת/מחובר,collegato / attaccato,,0,100,solid_base_candidate,citizen_cafe_source_lineage|verified_tabular,clean_structural_candidate,src_77c38ced9c5f754f
cclex_b18f2cbddf87666a,Dark Green,9,לנת ק,scollegare / staccare,,0,100,solid_base_candidate,citizen_cafe_source_lineage|verified_tabular,clean_structural_candidate,src_1deae3ccc147293c
cclex_ecd21104cbb743fa,Dark Green,9,מנותקות/מנותקים/מנותקת/מנותק,scollegato / staccato,,0,100,solid_base_candidate,citizen_cafe_source_lineage|verified_tabular,clean_structural_candidate,src_6117b5ea9b9b573e
cclex_2ed169c12cf0cbd7,Dark Green,9,לפנק,viziare / coccolare,,0,100,solid_base_candidate,citizen_cafe_source_lineage|verified_tabular,clean_structural_candidate,src_c97453ea3d19587a
cclex_3839ae203e1a3978,Dark Green,9,מפונקות/מפונקים/מפונקת/מפונק,viziato / coccolato,,0,100,solid_base_candidate,citizen_cafe_source_lineage|verified_tabular,clean_structural_candidate,src_e91785359e530c14
cclex_62c93fb059b706d2,Dark Green,9,להיגמר,finire / essere finito,,2,100,solid_base_candidate,citizen_cafe_source_lineage|streetwise_context_match|verified_tabular,clean_structural_candidate,src_e2de28f6f9ba8fce
cclex_c2143882eff98dc2,Dark Green,9,נגמרות/נגמר ים/נגמר ת/נגמר,che finisce / finito,,0,100,solid_base_candidate,citizen_cafe_source_lineage|verified_tabular,clean_structural_candidate,src_6964c12a844373f2
cclex_8e44ce2d29a2da3d,Dark Green,9,גמור,finito / completato,,0,100,solid_base_candidate,citizen_cafe_source_lineage|verified_tabular,clean_structural_candidate,src_632e6da0d23e4dcf
cclex_a12f6bc806fdcd38,Dark Green,9,אחריות,responsabilità,,0,100,solid_base_candidate,citizen_cafe_source_lineage|verified_tabular,clean_structural_candidate,src_dd24991bf7e95a5e
cclex_75eebb129ca7571a,Dark Green,9,אחראיות- אחראים- אחראית- אחראי,persona responsabile,,0,100,solid_base_candidate,citizen_cafe_source_lineage|verified_tabular,clean_structural_candidate,src_bf8e984244ee9d68
cclex_9385df2a00074527,Dark Green,9,לחפור,insistere / rompere (colloq.),,1,100,solid_base_candidate,citizen_cafe_source_lineage|streetwise_context_match|verified_tabular,clean_structural_candidate,src_51ffb6a5835a5266
cclex_37e302de8dbcbd7a,Dark Green,9,חופרות- חופרים- חופרת- חופר,insistere / rompere (presente),,0,100,solid_base_candidate,citizen_cafe_source_lineage|verified_tabular,clean_structural_candidate,src_de3381d81976ff8a
cclex_2e89b4026efc7c2d,Dark Green,9,תחפרו- תחפרי- תחפור,insisti! / rompi! (imperativo),,0,100,solid_base_candidate,citizen_cafe_source_lineage|verified_tabular,clean_structural_candidate,src_c91bd25ce75ed3b1
cclex_f9c36cd14f4d0d02,Dark Green,9,לחסום את,bloccare,,1,100,solid_base_candidate,citizen_cafe_source_lineage|streetwise_context_match|verified_tabular,clean_structural_candidate,src_7187458276304fb9
cclex_4c36480e77112645,Dark Green,9,חוסמות- חוסמים- חוסמת- חוסם,bloccare (present tense sing. and plural),,0,100,solid_base_candidate,citizen_cafe_source_lineage|verified_tabular,clean_structural_candidate,src_476fb317b8c795cd
cclex_e719920b06239af9,Dark Green,9,תחסמו- תחסמי- תחסום,bloccare (imperative singular m.f and plural),,0,100,solid_base_candidate,citizen_cafe_source_lineage|verified_tabular,clean_structural_candidate,src_5afd4d3b35731c99
cclex_1d97930826c61ba2,Dark Green,9,לסמוךעל,fidarsi di / contare su,,0,100,solid_base_candidate,citizen_cafe_source_lineage|verified_tabular,clean_structural_candidate,src_5f324ad642e34fa9
cclex_7721427eae9d7cbe,Dark Green,9,סומכות ( על- סומכים- סומכת- סומך,fidarsi / avere fiducia,,0,100,solid_base_candidate,citizen_cafe_source_lineage|verified_tabular,clean_structural_candidate,src_5cf2de32d95cf92d
cclex_d1af3aecd8992459,Dark Green,9,תסמוך תסמכי תסמכו,fidati / fidatevi (imperativo),,0,100,solid_base_candidate,citizen_cafe_source_lineage|verified_tabular,clean_structural_candidate,src_390ae82c16fbf0fa
cclex_12bb3d395fce8583,Dark Green,9,לתרגם,tradurre,,2,100,solid_base_candidate,citizen_cafe_source_lineage|streetwise_context_match|verified_tabular,clean_structural_candidate,src_0d5b52cc85976a09
cclex_e748650c1b4c1849,Dark Green,9,תרגום,traduzione,,1,100,solid_base_candidate,citizen_cafe_source_lineage|streetwise_context_match|verified_tabular,clean_structural_candidate,src_d7102dcf97aac4dc
cclex_f0e1b94ac6dc51ea,Dark Green,9,להתלונןעל,lamentarsi di,,0,100,solid_base_candidate,citizen_cafe_source_lineage|verified_tabular,clean_structural_candidate,src_4ee0b59b5b9f6dde
cclex_f81ef4a2b70be335,Dark Green,9,לד מייןאת,immaginare,,0,100,solid_base_candidate,citizen_cafe_source_lineage|verified_tabular,clean_structural_candidate,src_9d03730380dcedf6
cclex_210fd12bca7fbe0b,Dark Green,9,ד מיון,immaginazione,,0,100,solid_base_candidate,citizen_cafe_source_lineage|verified_tabular,clean_structural_candidate,src_a3272299b3375d79
cclex_935fb43008f2c80e,Dark Green,9,לעצבן,dare fastidio / irritare,,1,100,solid_base_candidate,citizen_cafe_source_lineage|streetwise_context_match|verified_tabular,clean_structural_candidate,src_e30bc360ccf56d42
cclex_802eb7f5581558e4,Dark Green,9,לתקן את,sistemare / riparare,,1,100,solid_base_candidate,citizen_cafe_source_lineage|streetwise_context_match|verified_tabular,clean_structural_candidate,src_b00186355f9f7dc3
cclex_ef3cc595763fec96,Dark Green,9,תיקון עולם,riparare il mondo,,1,100,solid_base_candidate,citizen_cafe_source_lineage|streetwise_context_match|verified_tabular,clean_structural_candidate,src_0a85b00907eee6f3
cclex_370c0373a7a42575,Dark Green,9,מותר,essere permesso,,1,100,solid_base_candidate,citizen_cafe_source_lineage|streetwise_context_match|verified_tabular,clean_structural_candidate,src_1f0440f0c4d4bbb2
cclex_2834a91c0f52f905,Dark Green,9,לנסות,provare,,1,100,solid_base_candidate,citizen_cafe_source_lineage|streetwise_context_match|verified_tabular,clean_structural_candidate,src_6021d995ae91f4e7
cclex_7bb055d5587b4cd1,Dark Green,9,להנות,godersi / divertirsi,,0,100,solid_base_candidate,citizen_cafe_source_lineage|verified_tabular,clean_structural_candidate,src_9975bc35f0677775
cclex_91c6e7cebc008383,Dark Green,9,מה אכפת לי,che me ne importa,,0,100,solid_base_candidate,citizen_cafe_source_lineage|verified_tabular,clean_structural_candidate,src_7c16b09927900f86
cclex_942e69bf4e6d75e1,Dark Green,9,לתאר את,descrivere,,1,100,solid_base_candidate,citizen_cafe_source_lineage|streetwise_context_match|verified_tabular,clean_structural_candidate,src_8239e77e8d1e77bb
cclex_e64695216c08225b,Dark Green,9,ביטוי,espressione,,0,100,solid_base_candidate,citizen_cafe_source_lineage|verified_tabular,clean_structural_candidate,src_01d3e99a3c1ecc3b
cclex_8db32119703d4534,Dark Green,9,מצב כלכלי,situazione economica,,0,100,solid_base_candidate,citizen_cafe_source_lineage|verified_tabular,clean_structural_candidate,src_212a25076c552654
cclex_4f8cb3f3380e4b18,Dark Green,9,את- ללכלך על,sparlare di / sporcare qualcosa,,0,100,solid_base_candidate,citizen_cafe_source_lineage|verified_tabular,clean_structural_candidate,src_bd002f7067bd8a58
cclex_99554e02f0ef0c39,Dark Green,9,יתרון,vantaggio,,0,100,solid_base_candidate,citizen_cafe_source_lineage|verified_tabular,clean_structural_candidate,src_470d0855f8397d98
cclex_1886dce905200bcd,Dark Green,9,חסרון,svantaggio,,0,100,solid_base_candidate,citizen_cafe_source_lineage|verified_tabular,clean_structural_candidate,src_8848d4ee985db98c
cclex_2bb6e27deed2db09,Dark Green,9,לנצח את,vincere,,0,100,solid_base_candidate,citizen_cafe_source_lineage|verified_tabular,clean_structural_candidate,src_abcf36d155b84b10
cclex_a71b136bf84c676a,Dark Green,9,למרות ש...,anche se,,0,100,solid_base_candidate,citizen_cafe_source_lineage|verified_tabular,clean_structural_candidate,src_75cbf6776cfe2e40
cclex_1ae1df46ca932664,Dark Green,9,דחוף,urgente,,0,100,solid_base_candidate,citizen_cafe_source_lineage|verified_tabular,clean_structural_candidate,src_53e2305efb3e2222
cclex_3b4635c55efc2caf,Dark Green,9,לדחוף את,spingere,,0,100,solid_base_candidate,citizen_cafe_source_lineage|verified_tabular,clean_structural_candidate,src_476d74f3394bfb8c
cclex_6b7056c978e9b90e,Dark Green,9,לפטר את,licenziare / cacciare da,,0,100,solid_base_candidate,citizen_cafe_source_lineage|verified_tabular,clean_structural_candidate,src_214dba7a04a049d1
cclex_f2f3153c75293da6,Dark Green,9,פטרו אותי,mi hanno licenziato,,0,100,solid_base_candidate,citizen_cafe_source_lineage|verified_tabular,clean_structural_candidate,src_4ccb919d52f010e3
cclex_69145dce59638dc0,Dark Green,9,ציבור י,pubblico,,0,100,solid_base_candidate,citizen_cafe_source_lineage|verified_tabular,clean_structural_candidate,src_ce2ad8308d2d8fec
cclex_698f5a629667bed7,Dark Green,9,מערכת,sistema,,1,100,solid_base_candidate,citizen_cafe_source_lineage|streetwise_context_match|verified_tabular,clean_structural_candidate,src_404b287638bf4f84
cclex_7186702ac2d932f4,Dark Green,9,להשתלטעל,prendere il controllo,,0,100,solid_base_candidate,citizen_cafe_source_lineage|verified_tabular,clean_structural_candidate,src_d21418c5a143e499
cclex_26fe3ee3bfb93e9f,Dark Green,9,לפרוץ,irrompere / scassinare,,1,100,solid_base_candidate,citizen_cafe_source_lineage|streetwise_context_match|verified_tabular,clean_structural_candidate,src_0ba16578029506f6
cclex_dc5f3a7efdba8827,Dark Green,9,פור ץ,ladro / scassinatore,,0,100,solid_base_candidate,citizen_cafe_source_lineage|verified_tabular,clean_structural_candidate,src_158ee4b77ef274b9
cclex_f780a088001cd739,Dark Green,9,מאכל,piatto / pasto,,0,100,solid_base_candidate,citizen_cafe_source_lineage|verified_tabular,clean_structural_candidate,src_a11e690a695abe90
cclex_9d90f3c7a3e5e9e0,Dark Green,9,להגיעל...,raggiungere,,0,100,solid_base_candidate,citizen_cafe_source_lineage|verified_tabular,clean_structural_candidate,src_8b8cdcfe3801d429
cclex_0404a42641d9c29b,Dark Green,9,להחזיר,riportare / restituire qualcosa,,0,100,solid_base_candidate,citizen_cafe_source_lineage|verified_tabular,clean_structural_candidate,src_431e16562947c4cf
cclex_33a657fcff01fe47,Dark Green,9,מזומן,contanti,,2,100,solid_base_candidate,citizen_cafe_source_lineage|streetwise_context_match|verified_tabular,clean_structural_candidate,src_b5c9ad4081b10ce4
cclex_ed4d7af87a9ea3d5,Dark Green,9,תוכנה,software,,1,100,solid_base_candidate,citizen_cafe_source_lineage|streetwise_context_match|verified_tabular,clean_structural_candidate,src_1724f018094e0640
cclex_60599e0a420d7aac,Dark Green,9,מעודכן,aggiornato,,0,100,solid_base_candidate,citizen_cafe_source_lineage|verified_tabular,clean_structural_candidate,src_a46cc3a930926391
cclex_a91a848051e06310,Dark Green,9,אתר,sito web,,0,100,solid_base_candidate,citizen_cafe_source_lineage|verified_tabular,clean_structural_candidate,src_a08aaaabe3073e33
cclex_a0b0b6eb4b2bb012,Dark Green,9,חיסרון,svantaggio,,0,100,solid_base_candidate,citizen_cafe_source_lineage|verified_tabular,clean_structural_candidate,src_c696774859da9588
cclex_c2bcd1a0c1c3dcd2,Dark Green,9,לתסכל את,frustrare,,0,100,solid_base_candidate,citizen_cafe_source_lineage|verified_tabular,clean_structural_candidate,src_1ea92eb90657f253
cclex_6d8b58362c2b7fca,Dark Green,9,כתבה,articolo,,0,100,solid_base_candidate,citizen_cafe_source_lineage|verified_tabular,clean_structural_candidate,src_b6f6061d95d6d972
cclex_3576b48fceae1dba,Dark Green,9,המצאה,invenzione,,1,100,solid_base_candidate,citizen_cafe_source_lineage|streetwise_context_match|verified_tabular,clean_structural_candidate,src_d55ea0f5fc992055
cclex_586fe539bd781491,Dark Green,9,להחליט,decidere,,1,100,solid_base_candidate,citizen_cafe_source_lineage|streetwise_context_match|verified_tabular,clean_structural_candidate,src_e4865c315e24f569
cclex_5e2869c22efe78cd,Dark Green,9,בלעדיך,senza di te / senza di voi,,0,100,solid_base_candidate,citizen_cafe_source_lineage|verified_tabular,clean_structural_candidate,src_09bf3a1cccab5a3f
cclex_8f5c91ac62646ae1,Dark Green,9,לשחרר,liberare,,1,100,solid_base_candidate,citizen_cafe_source_lineage|streetwise_context_match|verified_tabular,clean_structural_candidate,src_e400dd315e822d0a
cclex_f60a8306ee82676b,Dark Green,9,"נשבר, להישבר","rompere, rotto",,0,100,solid_base_candidate,citizen_cafe_source_lineage|verified_tabular,clean_structural_candidate,src_02f798e0a851c784
cclex_b421e964a6d634ec,Dark Green,9,מיש...,chiunque,,0,100,solid_base_candidate,citizen_cafe_source_lineage|verified_tabular,clean_structural_candidate,src_dfaf1b22b0dd4b2d
cclex_2db170421a729487,Dark Green,9,יחס,relazione,,1,100,solid_base_candidate,citizen_cafe_source_lineage|streetwise_context_match|verified_tabular,clean_structural_candidate,src_56f31d2bfb33680e
cclex_1bc807a7c92df3c6,Dark Green,9,לנשק את,baciare,,0,100,solid_base_candidate,citizen_cafe_source_lineage|verified_tabular,clean_structural_candidate,src_c240a68ef250fa81
cclex_22394a5f8979b2bf,Dark Green,9,לחבק את,abbracciare,,0,100,solid_base_candidate,citizen_cafe_source_lineage|verified_tabular,clean_structural_candidate,src_d8c286d27d360915
cclex_66bd67bf601f4726,Dark Green,9,לסמס ל...,mandare un messaggio,,0,100,solid_base_candidate,citizen_cafe_source_lineage|verified_tabular,clean_structural_candidate,src_c7ebd3c04bd2028c
cclex_c40f48f823dc2656,Dark Green,9,להתחתן עם,sposarsi,,0,100,solid_base_candidate,citizen_cafe_source_lineage|verified_tabular,clean_structural_candidate,src_68b3e9bb715fd153
cclex_bcf34ba521583523,Turquoise,10,להלחיץ,mettere sotto stress qualcuno / agitare qualcuno,,0,100,solid_base_candidate,citizen_cafe_review_zip|citizen_cafe_source_lineage,clean_structural_candidate,src_03a770abe13ac1d7
cclex_4abe43c023ddf9b8,Turquoise,10,נשואים,sposati,,0,100,solid_base_candidate,citizen_cafe_review_zip|citizen_cafe_source_lineage,clean_structural_candidate,src_e7f86c93c49cae24
cclex_444ef6abd15eb056,Turquoise,10,לכוון,dirigere / orientare,,0,100,solid_base_candidate,citizen_cafe_review_zip|citizen_cafe_source_lineage,clean_structural_candidate,src_aefbfd0f7cee7666
cclex_eadd9172c367dc31,Turquoise,10,משמעותי,significativo,,0,100,solid_base_candidate,citizen_cafe_review_zip|citizen_cafe_source_lineage,clean_structural_candidate,src_b41cd8753fd2179a
cclex_56a15da57c21eed8,Turquoise,10,במהלך,durante / nel corso di,,0,100,solid_base_candidate,citizen_cafe_review_zip|citizen_cafe_source_lineage,clean_structural_candidate,src_a6a2c29b314ef69c
cclex_65f25c6d701f9f19,Turquoise,10,סכו''ם,posate,,0,100,solid_base_candidate,citizen_cafe_review_zip|citizen_cafe_source_lineage,clean_structural_candidate,src_f4e909b759a677c1
cclex_ba73cf6c10e39c0a,Turquoise,10,לגרד,grattare,,0,100,solid_base_candidate,citizen_cafe_review_zip|citizen_cafe_source_lineage,clean_structural_candidate,src_698a39f9f170c19e
cclex_d51a973a6b1c6552,Turquoise,10,גירוד,grattamento / sfregamento,,0,100,solid_base_candidate,citizen_cafe_review_zip|citizen_cafe_source_lineage,clean_structural_candidate,src_99cbf4262ac0111b
cclex_a6532b10229f2754,Turquoise,10,לאמץ את,adottare,,1,100,solid_base_candidate,citizen_cafe_review_zip|citizen_cafe_source_lineage|streetwise_context_match,clean_structural_candidate,src_5884c9722bc68d67
cclex_59413b1608acc4b8,Turquoise,10,פינוק,coccola / vizio / indulgenza,,1,100,solid_base_candidate,citizen_cafe_review_zip|citizen_cafe_source_lineage|streetwise_context_match,clean_structural_candidate,src_7970a1be2ddc441b
cclex_903baa6a2f42b02e,Turquoise,10,להודות ב,ammettere / ringraziare,,0,100,solid_base_candidate,citizen_cafe_review_zip|citizen_cafe_source_lineage,clean_structural_candidate,src_9139e4d903fac375
cclex_f16f67113de03c34,Turquoise,10,בממוצע,in media,,0,100,solid_base_candidate,citizen_cafe_review_zip|citizen_cafe_source_lineage,clean_structural_candidate,src_5645f00bc110083c
cclex_c42bd9fbcc6fc82e,Turquoise,10,מדי יום,ogni giorno,,0,100,solid_base_candidate,citizen_cafe_review_zip|citizen_cafe_source_lineage,clean_structural_candidate,src_e72754e5279e0df9
cclex_09b629e0edb7c38c,Turquoise,10,לגרום ל,causare; provocare,,0,100,solid_base_candidate,citizen_cafe_review_zip|citizen_cafe_source_lineage,clean_structural_candidate,src_8e43458c5dd5b5d7
cclex_6923b1277b1eda82,Turquoise,10,משחרר,liberating,,0,100,solid_base_candidate,citizen_cafe_review_zip|citizen_cafe_source_lineage,clean_structural_candidate,src_41d8b147d47fa0fa
cclex_1faaab9e46d3a3c3,Turquoise,10,הגדרות,settings,,0,100,solid_base_candidate,citizen_cafe_review_zip|citizen_cafe_source_lineage,clean_structural_candidate,src_a7b9a3b10b6fb04d
cclex_da05d2e674b35c5a,Turquoise,10,באופנה,fashion,,0,100,solid_base_candidate,citizen_cafe_review_zip|citizen_cafe_source_lineage,clean_structural_candidate,src_75f5a6ce4322c6f6
cclex_ad66e60a790b3640,Turquoise,10,אופי,carattere / personalità,,0,100,solid_base_candidate,citizen_cafe_review_zip|citizen_cafe_source_lineage,clean_structural_candidate,src_80ba65ce5ba2dc71
cclex_5d5167f2adfc8167,Turquoise,10,להיעלם,sparire,,1,100,solid_base_candidate,citizen_cafe_review_zip|citizen_cafe_source_lineage|streetwise_context_match,clean_structural_candidate,src_bbf76b0caf6b6aa1
cclex_e9e200bb1fa7b1a7,Turquoise,10,לחשוד,suspect,,0,100,solid_base_candidate,citizen_cafe_review_zip|citizen_cafe_source_lineage,clean_structural_candidate,src_f8b59cc0147908ef
cclex_8934a4df4fe1edae,Turquoise,10,ליצור,creare,,1,100,solid_base_candidate,citizen_cafe_review_zip|citizen_cafe_source_lineage|streetwise_context_match,clean_structural_candidate,src_ad51ad72c5d6c8f1
cclex_de831710f8fb87c0,Turquoise,10,לצערי,unfortunately,,0,100,solid_base_candidate,citizen_cafe_review_zip|citizen_cafe_source_lineage,clean_structural_candidate,src_1951ae2c9d3f8855
cclex_db1325442ea7cc62,Turquoise,10,הפסד שלו,peggio per lui / ci perde lui,,0,100,solid_base_candidate,citizen_cafe_review_zip|citizen_cafe_source_lineage,clean_structural_candidate,src_440b40f253d82add
cclex_884eab868256bb9e,Turquoise,10,מושך,attractive,,0,100,solid_base_candidate,citizen_cafe_review_zip|citizen_cafe_source_lineage,clean_structural_candidate,src_82101e4d11dbc5bd
cclex_7dd88079d44ef9ea,Turquoise,10,חצוף,rude,,0,100,solid_base_candidate,citizen_cafe_review_zip|citizen_cafe_source_lineage,clean_structural_candidate,src_a3d0d5d792d3189a
cclex_826e04f05e5f5d49,Turquoise,10,לחוות,experience,,0,100,solid_base_candidate,citizen_cafe_review_zip|citizen_cafe_source_lineage,clean_structural_candidate,src_75792407d2da108b
cclex_8ba82ea22fb94853,Turquoise,10,לעקוב,follow,,0,100,solid_base_candidate,citizen_cafe_review_zip|citizen_cafe_source_lineage,clean_structural_candidate,src_fcdcb18568326f96
cclex_01bbf1fbbb9d8e41,Turquoise,10,אומנות,art omanoot,,0,100,solid_base_candidate,citizen_cafe_review_zip|citizen_cafe_source_lineage,clean_structural_candidate,src_1a1daaafcfc620d7
cclex_4ee1c368814b3258,Turquoise,10,חד משמעית,definitely,,1,100,solid_base_candidate,citizen_cafe_review_zip|citizen_cafe_source_lineage|streetwise_context_match,clean_structural_candidate,src_d8a37ab065d0fa8c
cclex_ffdfd818840232db,Turquoise,10,מאתגר,impegnativo / stimolante,,0,100,solid_base_candidate,citizen_cafe_review_zip|citizen_cafe_source_lineage,clean_structural_candidate,src_60608d5dd4bcbcfc
cclex_93ee341bdafcd897,Turquoise,10,הצטלם,essere photographed,,0,100,solid_base_candidate,citizen_cafe_review_zip|citizen_cafe_source_lineage,clean_structural_candidate,src_59c40a6ae4282b79
cclex_6abb7ca5f9133370,Turquoise,10,לוהט,fiery,,0,100,solid_base_candidate,citizen_cafe_review_zip|citizen_cafe_source_lineage,clean_structural_candidate,src_cd37fb1eddb46e6b
cclex_021c6650d20dcad7,Turquoise,10,צלקת,scar,,0,100,solid_base_candidate,citizen_cafe_review_zip|citizen_cafe_source_lineage,clean_structural_candidate,src_ee9dffa2d7be7bae
cclex_fc6ce881bfd379cf,Turquoise,10,שאיפה,aspiration,,0,100,solid_base_candidate,citizen_cafe_review_zip|citizen_cafe_source_lineage,clean_structural_candidate,src_97fa702ca8ee7fa3
cclex_db087b9c21bb3233,Turquoise,10,קדימה,go venire on,,3,100,solid_base_candidate,citizen_cafe_review_zip|citizen_cafe_source_lineage|streetwise_context_match,clean_structural_candidate,src_4afb42ef98c91e1e
cclex_0fb9fdd39eeba764,Turquoise,10,בני נוער,teenagers,,0,100,solid_base_candidate,citizen_cafe_review_zip|citizen_cafe_source_lineage,clean_structural_candidate,src_8092260697c11cc0
cclex_bc851a046de48908,Turquoise,10,מטייף,tiring,,0,100,solid_base_candidate,citizen_cafe_review_zip|citizen_cafe_source_lineage,clean_structural_candidate,src_e589e291fa7f238b
cclex_03f4fef97c4e813b,Turquoise,10,יקום,universe,,1,100,solid_base_candidate,citizen_cafe_review_zip|citizen_cafe_source_lineage|streetwise_context_match,clean_structural_candidate,src_e049631ff17e8591
cclex_6a737b03a77ef660,Turquoise,10,סקרן,curious,,0,100,solid_base_candidate,citizen_cafe_review_zip|citizen_cafe_source_lineage,clean_structural_candidate,src_d21348d282a93e23
cclex_a98bfd9977988bb6,Turquoise,10,מכוער,ugly,,0,100,solid_base_candidate,citizen_cafe_review_zip|citizen_cafe_source_lineage,clean_structural_candidate,src_15bc5bf40753c6e6
cclex_db6e25bf64a74e7e,Turquoise,10,חתיך,handsome,,1,100,solid_base_candidate,citizen_cafe_review_zip|citizen_cafe_source_lineage|streetwise_context_match,clean_structural_candidate,src_21037773aaf97ca2
cclex_425154accf982380,Turquoise,10,פסים,stripes,,0,100,solid_base_candidate,citizen_cafe_review_zip|citizen_cafe_source_lineage,clean_structural_candidate,src_3b3a104c7d4f8e07
cclex_b8441858d32fa910,Turquoise,10,לגעת,toccare,,0,100,solid_base_candidate,citizen_cafe_review_zip|citizen_cafe_source_lineage,clean_structural_candidate,src_e6e40d97de115a0a
cclex_6e3ff87ae71acd67,Turquoise,10,ניתוח,surgery,,0,100,solid_base_candidate,citizen_cafe_review_zip|citizen_cafe_source_lineage,clean_structural_candidate,src_6db3478e9de74ecc
cclex_10b7e65eaea98f10,Turquoise,10,הוגן,fair,,0,100,solid_base_candidate,citizen_cafe_review_zip|citizen_cafe_source_lineage,clean_structural_candidate,src_73b4ce3e7ce1977c
cclex_598d61847bb13fee,Turquoise,10,מסובך,complicato,,2,100,solid_base_candidate,citizen_cafe_review_zip|citizen_cafe_source_lineage|streetwise_context_match,clean_structural_candidate,src_ef90bd04aba6ea25
cclex_b049b883aeb2a756,Turquoise,10,מה זה,so much slang,,0,100,solid_base_candidate,citizen_cafe_review_zip|citizen_cafe_source_lineage,clean_structural_candidate,src_49501edb09253498
cclex_0744f5e7445d5860,Turquoise,10,להריח,smell qualcosa,,0,100,solid_base_candidate,citizen_cafe_review_zip|citizen_cafe_source_lineage,clean_structural_candidate,src_d030c568d5fa13e3
cclex_3fdb3619dbd55849,Turquoise,10,נוח,comodo / confortevole,,0,100,solid_base_candidate,citizen_cafe_review_zip|citizen_cafe_source_lineage,clean_structural_candidate,src_53f77f9c145b3e91
cclex_a824c8463a079db0,Turquoise,10,להכיר,conoscere / incontrare romanticamente per la prima volta,,0,100,solid_base_candidate,citizen_cafe_review_zip|citizen_cafe_source_lineage,clean_structural_candidate,src_59e12b0706402616
cclex_5c3d614f3c0d6427,Turquoise,10,באתי,stare per / sul punto di (colloquiale),,0,100,solid_base_candidate,citizen_cafe_review_zip|citizen_cafe_source_lineage,clean_structural_candidate,src_183388709229312a
cclex_3e85333c942e9bc0,Indigo,11,במה,palco / scena,,0,100,solid_base_candidate,citizen_cafe_source_lineage|verified_tabular,clean_structural_candidate,src_90e8b988f6efbd12
cclex_10b9847cb85f64a8,Indigo,11,פחד במה,paura del palcoscenico,,0,100,solid_base_candidate,citizen_cafe_source_lineage|verified_tabular,clean_structural_candidate,src_9d6af14aa59a3bcc
cclex_ad4b0b792b3a1e80,Indigo,11,צומת,incrocio / crocevia,,0,100,solid_base_candidate,citizen_cafe_source_lineage|verified_tabular,clean_structural_candidate,src_69b40245ba95292a
cclex_778886cf4f7982db,Indigo,11,לעלות על (מישהו),scoprire qualcosa / cogliere qualcuno in flagrante,,0,100,solid_base_candidate,citizen_cafe_source_lineage|verified_tabular,clean_structural_candidate,src_f8d23d0053b8c6c2
cclex_69da869383397ae6,Indigo,11,שיער פזור,capelli sciolti,,0,100,solid_base_candidate,citizen_cafe_source_lineage|verified_tabular,clean_structural_candidate,src_267209ab9b5c3da2
cclex_1fc36b9094bd6f81,Indigo,11,שיער אסוף,capelli raccolti,,2,100,solid_base_candidate,citizen_cafe_source_lineage|streetwise_context_match|verified_tabular,clean_structural_candidate,src_e32b33735ed53a0d
cclex_f72b4bca04b1f073,Indigo,11,מקצועי,professionale,,0,100,solid_base_candidate,citizen_cafe_source_lineage|verified_tabular,clean_structural_candidate,src_58f332951ba605b7
cclex_a5b7295339a4f0f7,Indigo,11,הופעה,concerto / esibizione musicale,,0,100,solid_base_candidate,citizen_cafe_source_lineage|verified_tabular,clean_structural_candidate,src_af440d04da30b663
cclex_733d2d0810e8ef8c,Indigo,11,הצגה,spettacolo teatrale / rappresentazione,,0,100,solid_base_candidate,citizen_cafe_source_lineage|verified_tabular,clean_structural_candidate,src_05567bac39ad6c32
cclex_63ceaf94c86b82b2,Indigo,11,מופע,spettacolo / performance,,0,100,solid_base_candidate,citizen_cafe_source_lineage|verified_tabular,clean_structural_candidate,src_1bb80003dd8077db
cclex_38492dfd585acda4,Indigo,11,לשמור את,conservare / salvare,,0,100,solid_base_candidate,citizen_cafe_source_lineage|verified_tabular,clean_structural_candidate,src_93c646c3902e1b12
cclex_00daefd05ef0144a,Indigo,11,משמרת,turno,,0,100,solid_base_candidate,citizen_cafe_source_lineage|verified_tabular,clean_structural_candidate,src_0373cb4d8653db2a
cclex_5ed698b0edd093d2,Indigo,11,לעלות על,capire / rendersi conto,,0,100,solid_base_candidate,citizen_cafe_source_lineage|verified_tabular,clean_structural_candidate,src_1e1e780166fb9a6b
cclex_bd65ee339108767f,Indigo,11,סקר,sondaggio,,0,100,solid_base_candidate,citizen_cafe_source_lineage|verified_tabular,clean_structural_candidate,src_c44252bc181ae302
cclex_8faa813417a55f74,Indigo,11,רווחי,redditizio,,1,100,solid_base_candidate,citizen_cafe_source_lineage|streetwise_context_match|verified_tabular,clean_structural_candidate,src_62de3b2f8342d9d8
cclex_4aa453e149c90176,Indigo,11,להרוויח,guadagnare / trarre profitto,,1,100,solid_base_candidate,citizen_cafe_source_lineage|streetwise_context_match|verified_tabular,clean_structural_candidate,src_9dc37e9ae68d4f80
cclex_48c7d5b8436f0e95,Indigo,11,להופיע ב...,esibirsi / andare in scena,,0,100,solid_base_candidate,citizen_cafe_source_lineage|verified_tabular,clean_structural_candidate,src_6d65f2112cba8c22
cclex_20304c521dd45b85,Indigo,11,ישיר,diretto,,0,100,solid_base_candidate,citizen_cafe_source_lineage|verified_tabular,clean_structural_candidate,src_b895f9545374cdfb
cclex_5071a8850dfcd54e,Indigo,11,אופי,carattere / personalità,,0,100,solid_base_candidate,citizen_cafe_source_lineage|verified_tabular,clean_structural_candidate,src_f0debeb1dcdbcbf1
cclex_764838ba8d7fbd5c,Indigo,11,חמוץ,acido / aspro,,0,100,solid_base_candidate,citizen_cafe_source_lineage|verified_tabular,clean_structural_candidate,src_45c28dcc5d561ea9
cclex_80c80de000f3a7ce,Indigo,11,מסוגל,capace / in grado,,0,100,solid_base_candidate,citizen_cafe_source_lineage|verified_tabular,clean_structural_candidate,src_2ad05ea775ecac1f
cclex_b9700625018865ba,Indigo,11,בתמורה,in cambio / in cambio di,,0,100,solid_base_candidate,citizen_cafe_source_lineage|verified_tabular,clean_structural_candidate,src_d6d0a5ecfeeb3062
cclex_11846cabfe538697,Indigo,11,טיסה ישירה,volo diretto,,0,100,solid_base_candidate,citizen_cafe_source_lineage|verified_tabular,clean_structural_candidate,src_07e962eeef0f3915
cclex_3d371b1cdf9dc2eb,Indigo,11,קונקשן,volo con scalo / coincidenza,,0,100,solid_base_candidate,citizen_cafe_source_lineage|verified_tabular,clean_structural_candidate,src_47e1a515de36882e
cclex_1a5eacbeb227e9cf,Indigo,11,משכורת / משכורות,stipendio / stipendi,,0,100,solid_base_candidate,citizen_cafe_source_lineage|verified_tabular,clean_structural_candidate,src_141847e66a4904a6
cclex_201598b7642ce8b5,Indigo,11,שכר,salario / paga,,0,100,solid_base_candidate,citizen_cafe_source_lineage|verified_tabular,clean_structural_candidate,src_0db48c477e6f8bf5
cclex_88cc41c0b50af0b0,Indigo,11,להבריז ל... / מ...,marinare / saltare / assentarsi dal lavoro,,0,100,solid_base_candidate,citizen_cafe_source_lineage|verified_tabular,clean_structural_candidate,src_d3b3ac4d31f2cd78
cclex_85a569cfbc849efe,Indigo,11,בדחיפות (=דחוף),urgentemente,,0,100,solid_base_candidate,citizen_cafe_source_lineage|verified_tabular,clean_structural_candidate,src_f87a0cd077fa1fd7
cclex_105754e8c1c74a3e,Indigo,11,להתייעץ עם...,consultarsi con...,,0,100,solid_base_candidate,citizen_cafe_source_lineage|verified_tabular,clean_structural_candidate,src_2d7a728c08ded640
cclex_dd3c65ff54a5db36,Indigo,11,לנסח את...,formulare / mettere in parole,,0,100,solid_base_candidate,citizen_cafe_source_lineage|verified_tabular,clean_structural_candidate,src_e9924a10555b9a66
cclex_5719de7e2d4dec49,Indigo,11,פרידה / פרידות,separazione / congedo / rottura,,1,100,solid_base_candidate,citizen_cafe_source_lineage|streetwise_context_match|verified_tabular,clean_structural_candidate,src_a3cbfea459528462
cclex_d3dfcbb666b11bd7,Indigo,11,תוכנה,software,,1,100,solid_base_candidate,citizen_cafe_source_lineage|streetwise_context_match|verified_tabular,clean_structural_candidate,src_d5e78c98d0e8a1b4
cclex_44ea2f123d3aaa9c,Indigo,11,להשפיל את,umiliare qualcuno,,0,100,solid_base_candidate,citizen_cafe_source_lineage|verified_tabular,clean_structural_candidate,src_b1596639e892f709
cclex_81e65ae9b8768b57,Indigo,11,משפיל,umiliante,,0,100,solid_base_candidate,citizen_cafe_source_lineage|verified_tabular,clean_structural_candidate,src_4dc6a478e7a7158d
cclex_482ddaedb891f1b5,Indigo,11,להתחרט על,pentirsi di,,0,100,solid_base_candidate,citizen_cafe_source_lineage|verified_tabular,clean_structural_candidate,src_1f3b31b6a93795ec
cclex_efc4b79c8c6d2e78,Indigo,11,לעבור על החוק,violare la legge,,1,100,solid_base_candidate,citizen_cafe_source_lineage|streetwise_context_match|verified_tabular,clean_structural_candidate,src_72072dce58f0b476
cclex_7a5b30e57405fcce,Indigo,11,עבריינית / עבריין,criminale / delinquente,,0,100,solid_base_candidate,citizen_cafe_source_lineage|verified_tabular,clean_structural_candidate,src_df796eddf38438f2
cclex_2db49ee267df5bf2,Indigo,11,לנהוג,guidare,,1,100,solid_base_candidate,citizen_cafe_source_lineage|streetwise_context_match|verified_tabular,clean_structural_candidate,src_5e54caa7ae113bda
cclex_e7400cdfa625071f,Indigo,11,רשימה,lista / elenco,,1,100,solid_base_candidate,citizen_cafe_source_lineage|streetwise_context_match|verified_tabular,clean_structural_candidate,src_c85f37d50915dac3
cclex_f87f13f8bb18e574,Indigo,11,רישיון נהיגה,patente di guida,,0,100,solid_base_candidate,citizen_cafe_source_lineage|verified_tabular,clean_structural_candidate,src_0d052f905bbba5fd
cclex_ac9594992e75bcc5,Indigo,11,מחקרים / מחקר,ricerca / studio,,0,100,solid_base_candidate,citizen_cafe_source_lineage|verified_tabular,clean_structural_candidate,src_561dfee238aaa7a9
cclex_03cf99f21af6a72d,Indigo,11,לקבוע פגישה עם,fissare un incontro con,,0,100,solid_base_candidate,citizen_cafe_source_lineage|verified_tabular,clean_structural_candidate,src_5635a0ae495578c8
cclex_8b950cdbf3deb3df,Indigo,11,לקבוע תור ל,prendere appuntamento con / presso,,0,100,solid_base_candidate,citizen_cafe_source_lineage|verified_tabular,clean_structural_candidate,src_9d4966cea3d927db
cclex_14b5f2ad8568f7d3,Indigo,11,הרוב קובע,decide la maggioranza,,0,100,solid_base_candidate,citizen_cafe_source_lineage|verified_tabular,clean_structural_candidate,src_eb18989902c4d7a6
cclex_f889d906d1660936,Indigo,11,רשמתי לי,me lo sono annotato,,0,100,solid_base_candidate,citizen_cafe_source_lineage|verified_tabular,clean_structural_candidate,src_9fae719fc45bc613
cclex_1293064e8369e864,Indigo,11,דמויות / דמות,personaggio,,0,100,solid_base_candidate,citizen_cafe_source_lineage|verified_tabular,clean_structural_candidate,src_0f6c4520dfac494c
cclex_9466cf00638b55fd,Indigo,11,ראשי / ראשית,principale,,1,100,solid_base_candidate,citizen_cafe_source_lineage|streetwise_context_match|verified_tabular,clean_structural_candidate,src_2dceb82790c06e4f
cclex_46a042ae50cf887e,Indigo,11,הדמות הראשית,il/la protagonista / il personaggio principale,,0,100,solid_base_candidate,citizen_cafe_source_lineage|verified_tabular,clean_structural_candidate,src_2b1be6873c55b13d
cclex_7b1860cdcb2ccbbc,Indigo,11,אחראי / אחראית / אחראיים,responsabile,,0,100,solid_base_candidate,citizen_cafe_source_lineage|verified_tabular,clean_structural_candidate,src_1aec40494bcf4478
cclex_dc423325a854df1d,Indigo,11,אני אחראי על היין,sono responsabile del vino,,0,100,solid_base_candidate,citizen_cafe_source_lineage|verified_tabular,clean_structural_candidate,src_a1885828fc316629
cclex_e5213bfaedccf00f,Indigo,11,לסמוך על,fidarsi di qualcuno,,1,100,solid_base_candidate,citizen_cafe_source_lineage|streetwise_context_match|verified_tabular,clean_structural_candidate,src_2e244e9faba586c4
cclex_e40e389731b89753,Indigo,11,קינאתי בו,ero geloso di lui,,0,100,solid_base_candidate,citizen_cafe_source_lineage|verified_tabular,clean_structural_candidate,src_a938c26094e29035
cclex_540599ed9abf94e9,Indigo,11,זה הרס לי את היום,mi ha rovinato la giornata,,0,100,solid_base_candidate,citizen_cafe_source_lineage|verified_tabular,clean_structural_candidate,src_73551a0f74df91d6
cclex_c1fa662099d5004c,Indigo,11,קנאה,gelosia,,0,100,solid_base_candidate,citizen_cafe_source_lineage|verified_tabular,clean_structural_candidate,src_96aff5fe625fb61f
cclex_e09683599909fd35,Indigo,11,לאו דווקא,non necessariamente,,1,100,solid_base_candidate,citizen_cafe_source_lineage|streetwise_context_match|verified_tabular,clean_structural_candidate,src_b5e34c422f095362
cclex_4b8c39a70796bf26,Indigo,11,לא טוב לי,non sto bene / non mi fa bene,,0,100,solid_base_candidate,citizen_cafe_source_lineage|verified_tabular,clean_structural_candidate,src_b43b8a1fa017d331
cclex_b6581f1cee3d389f,Indigo,11,"מצליחה, מצליח",avere successo / stare riuscendo (processo in corso),,0,100,solid_base_candidate,citizen_cafe_source_lineage|verified_tabular,clean_structural_candidate,src_455683dab2736c4b
cclex_cbd23ebc6d1bcf47,Indigo,11,"זזנו, זזתי (""לזוז"" בעבר)",ci siamo mossi/siamo partiti; mi sono mosso/sono partito,,0,100,solid_base_candidate,citizen_cafe_source_lineage|verified_tabular,clean_structural_candidate,src_ca5c11f7c8b5fa93
cclex_47478b0b3aa5eafa,Indigo,11,לעכב את...,ritardare qualcosa o qualcuno,,0,100,solid_base_candidate,citizen_cafe_source_lineage|verified_tabular,clean_structural_candidate,src_5815e751843629ec
cclex_3fa9bd0d99e91685,Indigo,11,"קוסמת, קוסם",mago / maga,,0,100,solid_base_candidate,citizen_cafe_source_lineage|verified_tabular,clean_structural_candidate,src_14e699d05afe10cb
cclex_675321ab6fc981c6,Indigo,11,לכבד את...,rispettare,,0,100,solid_base_candidate,citizen_cafe_source_lineage|verified_tabular,clean_structural_candidate,src_c77eff6b06753ffe
cclex_3fc5b6c26f8068d8,Indigo,11,להתגבר על...,superare,,0,100,solid_base_candidate,citizen_cafe_source_lineage|verified_tabular,clean_structural_candidate,src_2237015c2125eb24
cclex_fec54461c1e4f756,Indigo,11,להודות ב... / ש...,ammettere / riconoscere,,0,100,solid_base_candidate,citizen_cafe_source_lineage|verified_tabular,clean_structural_candidate,src_c6786a1d6bf4df7d
cclex_397eb190787c75a1,Indigo,11,לעבור באדום / בירוק,passare col rosso / col verde,,0,100,solid_base_candidate,citizen_cafe_source_lineage|verified_tabular,clean_structural_candidate,src_e8b64c054568003f
cclex_89a29b820cd70ea0,Indigo,11,קנס,multa / sanzione,,0,100,solid_base_candidate,citizen_cafe_source_lineage|verified_tabular,clean_structural_candidate,src_3d976663c513a00e
cclex_6bcef026f9db61f6,Indigo,11,לשלול את,revocare / negare / respingere,,0,100,solid_base_candidate,citizen_cafe_source_lineage|verified_tabular,clean_structural_candidate,src_123694e728c6f879
cclex_0009907eacf51e4f,Indigo,11,שללו לו את הרישיון,gli hanno revocato la patente,,0,100,solid_base_candidate,citizen_cafe_source_lineage|verified_tabular,clean_structural_candidate,src_33499d4021039296
cclex_68eb3f67be585e03,Indigo,11,לחטוף את,rapire / strappare; prendersi qualcosa di brutto,,0,100,solid_base_candidate,citizen_cafe_source_lineage|verified_tabular,clean_structural_candidate,src_366c70c2975fa7fe
cclex_5fe3959dd72dd444,Indigo,11,חטפתי שפעת,mi sono preso l'influenza,,0,100,solid_base_candidate,citizen_cafe_source_lineage|verified_tabular,clean_structural_candidate,src_208c1f64dbf3b92f
cclex_9be304d87edbf13b,Indigo,11,צינון,raffreddore,,0,100,solid_base_candidate,citizen_cafe_source_lineage|verified_tabular,clean_structural_candidate,src_fc0925411f480751
cclex_14563ddafc87880e,Indigo,11,להתעכב ב,essere in ritardo / subire un ritardo,,0,100,solid_base_candidate,citizen_cafe_source_lineage|verified_tabular,clean_structural_candidate,src_c50f3ba7399c8579
cclex_041098d8096a5bcf,Indigo,11,להתעכב על,soffermarsi su,,0,100,solid_base_candidate,citizen_cafe_source_lineage|verified_tabular,clean_structural_candidate,src_ba78bc53e701d483
cclex_0f28eba11818ea90,Indigo,11,למה הרמזור לא מתחלף?,perché il semaforo non cambia?,,0,100,solid_base_candidate,citizen_cafe_source_lineage|verified_tabular,clean_structural_candidate,src_c8b67ea621010111
cclex_b47615527cff00aa,Indigo,11,להחליף את,cambiare / sostituire qualcosa,,1,100,solid_base_candidate,citizen_cafe_source_lineage|streetwise_context_match|verified_tabular,clean_structural_candidate,src_658352b34659eb40
cclex_c16cd8509ccda721,Indigo,11,נורה,lampadina,,0,100,solid_base_candidate,citizen_cafe_source_lineage|verified_tabular,clean_structural_candidate,src_0ff28429abb93cb6
cclex_d19e016d6cfe71fb,Indigo,11,להזהיר את,avvertire / mettere in guardia,,0,100,solid_base_candidate,citizen_cafe_source_lineage|verified_tabular,clean_structural_candidate,src_ba366a9657fcfd27
cclex_00219617cc221050,Indigo,11,להתערב ב,immischiarsi in / interferire con,,0,100,solid_base_candidate,citizen_cafe_source_lineage|verified_tabular,clean_structural_candidate,src_9e3eb1ad5957c2bf
cclex_6f08d7110bf4f496,Indigo,11,להבהב,lampeggiare,,0,100,solid_base_candidate,citizen_cafe_source_lineage|verified_tabular,clean_structural_candidate,src_28577323683c5251
cclex_ce40cda8e06f974d,Indigo,11,תוך,entro / nel giro di,,0,100,solid_base_candidate,citizen_cafe_source_lineage|verified_tabular,clean_structural_candidate,src_775599dff49d5497
cclex_cc0f135ac6705f39,Indigo,11,האוכל יגיע תוך שעה,il cibo arriverà entro un'ora,,0,100,solid_base_candidate,citizen_cafe_source_lineage|verified_tabular,clean_structural_candidate,src_de241850f4bbf2a2
cclex_46eb4f32b2b02fa0,Indigo,11,להיתקע ב,rimanere bloccato in / urtare contro qualcosa,,0,100,solid_base_candidate,citizen_cafe_source_lineage|verified_tabular,clean_structural_candidate,src_3ae4dc5f1b7ce012
cclex_20d2e4714c3fd0d3,Indigo,11,להתחכם,fare il furbo / cercare di essere più furbo,,0,100,solid_base_candidate,citizen_cafe_source_lineage|verified_tabular,clean_structural_candidate,src_94d97e2d1018728b
cclex_9911c83b6cf6cc59,Indigo,11,לשחרר את,liberare / rilasciare,,1,100,solid_base_candidate,citizen_cafe_source_lineage|streetwise_context_match|verified_tabular,clean_structural_candidate,src_c0c36021b8a44866
cclex_ca77f37451233c2b,Indigo,11,ילדותית / ילדותי,infantile,,0,100,solid_base_candidate,citizen_cafe_source_lineage|verified_tabular,clean_structural_candidate,src_ba3e384e12d658b4
cclex_062ef5ad304a4abb,Indigo,11,ליצור את,creare / produrre / generare,,0,100,solid_base_candidate,citizen_cafe_source_lineage|verified_tabular,clean_structural_candidate,src_37edc89c2c8f6d48
cclex_ec50d8a2e38224c7,Indigo,11,ליצור קשר עם,mettersi in contatto con,,0,100,solid_base_candidate,citizen_cafe_source_lineage|verified_tabular,clean_structural_candidate,src_e620a5f50c946e7c
cclex_c502bb6cf453f486,Indigo,11,יצירה,creazione / opera,,1,100,solid_base_candidate,citizen_cafe_source_lineage|streetwise_context_match|verified_tabular,clean_structural_candidate,src_0f32ed6a9036b274
cclex_b92cd3c2ef48abef,Indigo,11,יצירתיות,creatività,,1,100,solid_base_candidate,citizen_cafe_source_lineage|streetwise_context_match|verified_tabular,clean_structural_candidate,src_e8427b02bd4cd060
cclex_66462ae7fda48b16,Indigo,11,לבטא את,esprimere / pronunciare,,0,100,solid_base_candidate,citizen_cafe_source_lineage|verified_tabular,clean_structural_candidate,src_8966c534b7ab29d1
cclex_696a553c7a8c74f2,Indigo,11,תחום,ambito / campo di studio,,0,100,solid_base_candidate,citizen_cafe_source_lineage|verified_tabular,clean_structural_candidate,src_d85e9a2b35a0254c
cclex_9c87da4e3ea15c3d,Indigo,11,לחסום את,bloccare,,1,100,solid_base_candidate,citizen_cafe_source_lineage|streetwise_context_match|verified_tabular,clean_structural_candidate,src_ed219344ccea92b4
cclex_2f92134a48f58efc,Indigo,11,קשה לי לבטא את עצמי בעברית,mi è difficile esprimermi in ebraico,,0,100,solid_base_candidate,citizen_cafe_source_lineage|verified_tabular,clean_structural_candidate,src_bc0fba7899a8fe1d
cclex_b4c4331ead1bad94,Indigo,11,להפך,al contrario / opposto,,1,100,solid_base_candidate,citizen_cafe_source_lineage|streetwise_context_match|verified_tabular,clean_structural_candidate,src_43597c152bdc8f2d
cclex_d07dc0dfb1c8f9bc,Indigo,11,חנות חומרה,ferramenta,,0,100,solid_base_candidate,citizen_cafe_source_lineage|verified_tabular,clean_structural_candidate,src_bbc6e59b6fe11877
cclex_4dc33417c5e5299b,Indigo,11,מסגרת,cornice / struttura / contesto,,0,100,solid_base_candidate,citizen_cafe_source_lineage|verified_tabular,clean_structural_candidate,src_107ea978e8b78e28
cclex_39519fd3b1cf9d19,Indigo,11,ריכוז,concentrazione / attenzione,,1,100,solid_base_candidate,citizen_cafe_source_lineage|streetwise_context_match|verified_tabular,clean_structural_candidate,src_4dd140c5fcae3276
cclex_b457e659fbcaf16c,Indigo,11,איבדתי ריכוז,ho perso la concentrazione,,0,100,solid_base_candidate,citizen_cafe_source_lineage|verified_tabular,clean_structural_candidate,src_136a723577718649
cclex_336dbf072248bc56,Indigo,11,תשמור על ריכוז!,resta concentrato! / mantieni la concentrazione!,,0,100,solid_base_candidate,citizen_cafe_source_lineage|verified_tabular,clean_structural_candidate,src_06940120331cfcdb
cclex_b5dd361bd97382d8,Indigo,11,פסקה,paragrafo,,1,100,solid_base_candidate,citizen_cafe_source_lineage|streetwise_context_match|verified_tabular,clean_structural_candidate,src_51ecf52a34deec82
cclex_4aa1dcfc078e95e9,Indigo,11,להביע את,esprimere un sentimento o un'idea,,0,100,solid_base_candidate,citizen_cafe_source_lineage|verified_tabular,clean_structural_candidate,src_2c38893b1c96fe3b
cclex_0404ddf15ed0a3b3,Indigo,11,ביטוי,espressione,,0,100,solid_base_candidate,citizen_cafe_source_lineage|verified_tabular,clean_structural_candidate,src_be11f9b3adb655e6
cclex_0ec936e74f2f709d,Indigo,11,לבוא לידי ביטוי,manifestarsi / trovare espressione,,0,100,solid_base_candidate,citizen_cafe_source_lineage|verified_tabular,clean_structural_candidate,src_cc08e869f15f511a
cclex_49eb705e9462a73b,Indigo,11,להתבייש ב,vergognarsi di / essere imbarazzato per,,0,100,solid_base_candidate,citizen_cafe_source_lineage|verified_tabular,clean_structural_candidate,src_ce5f263a5643b8a4
cclex_2ea5e7d35b6e478f,Indigo,11,להביך את,imbarazzare,,0,100,solid_base_candidate,citizen_cafe_source_lineage|verified_tabular,clean_structural_candidate,src_c5c9dd22f8b8d1b4
cclex_5b485830a92b3eb3,Indigo,11,מביכה / מביך,imbarazzante,,0,100,solid_base_candidate,citizen_cafe_source_lineage|verified_tabular,clean_structural_candidate,src_cf22d54126ca015b
cclex_2ae6f9da182e1bdd,Indigo,11,מידה,taglia / misura,,1,100,solid_base_candidate,citizen_cafe_source_lineage|streetwise_context_match|verified_tabular,clean_structural_candidate,src_c635f029ff2d2f28
cclex_f58f692ca4621628,Indigo,11,באותה מידה,nella stessa misura / allo stesso modo,,0,100,solid_base_candidate,citizen_cafe_source_lineage|verified_tabular,clean_structural_candidate,src_6f10ff1e186f636c
cclex_4050c66c3c2e660c,Indigo,11,במידה ו...,se / qualora,,0,100,solid_base_candidate,citizen_cafe_source_lineage|verified_tabular,clean_structural_candidate,src_235ac603b53c39af
cclex_bdc5e653d3933255,Indigo,11,לקשור את...,legare / annodare,,0,100,solid_base_candidate,citizen_cafe_source_lineage|verified_tabular,clean_structural_candidate,src_cd888ecb63fcfc4e
cclex_f69f5e83e0de7169,Indigo,11,שרוכים,lacci,,0,100,solid_base_candidate,citizen_cafe_source_lineage|verified_tabular,clean_structural_candidate,src_0b0308fcdc6e9995
cclex_25aad8a1dbb017e6,Indigo,11,טיפוס,tipo / personaggio; tifo (malattia),,0,100,solid_base_candidate,citizen_cafe_source_lineage|verified_tabular,clean_structural_candidate,src_af38cc6ac6cbadd2
cclex_ec8453c7e4e7998e,Indigo,11,לגלות את...,scoprire qualcosa,,0,100,solid_base_candidate,citizen_cafe_source_lineage|verified_tabular,clean_structural_candidate,src_9916521b76a8cbc6
cclex_2d6a3ebe4c462d9b,Indigo,11,רקע,sfondo / contesto,,0,100,solid_base_candidate,citizen_cafe_source_lineage|verified_tabular,clean_structural_candidate,src_7dee8dce645124b1
cclex_c46c16997286ea54,Indigo,11,לזהות את...,identificare / riconoscere,,1,100,solid_base_candidate,citizen_cafe_source_lineage|streetwise_context_match|verified_tabular,clean_structural_candidate,src_cb444404a20f86d8
cclex_b7ac3977b9212e60,Indigo,11,הוכחות / הוכחה,prova / prove,,0,100,solid_base_candidate,citizen_cafe_source_lineage|verified_tabular,clean_structural_candidate,src_825b29b8fafc8bf9
cclex_90227e1aa9a46e01,Indigo,11,החלל,lo spazio,,0,100,solid_base_candidate,citizen_cafe_source_lineage|verified_tabular,clean_structural_candidate,src_cce24eb7f18c4226
cclex_82e13b4c38bbfce7,Indigo,11,תחביב / תחביבים,hobby / passatempi,,0,100,solid_base_candidate,citizen_cafe_source_lineage|verified_tabular,clean_structural_candidate,src_ca267899721f95c9
cclex_5a6c54ea3f7bf9cd,Indigo,11,נתון / נתונים,dato/i / statistiche,,0,100,solid_base_candidate,citizen_cafe_source_lineage|verified_tabular,clean_structural_candidate,src_f6b81f6126116fa8
cclex_4f6e9242543c4baa,Indigo,11,להסתובב,girarsi / andare in giro,,1,100,solid_base_candidate,citizen_cafe_source_lineage|streetwise_context_match|verified_tabular,clean_structural_candidate,src_e1e8d88ecc012c39
cclex_385f17ab81fa05c5,Indigo,11,"תסתובב, אני מאחוריך!","girati, sono dietro di te!",,0,100,solid_base_candidate,citizen_cafe_source_lineage|verified_tabular,clean_structural_candidate,src_629b7517c287b5dc
cclex_5116562a480f9351,Indigo,11,מכסה / מכסים,coperchio / tappo,,0,100,solid_base_candidate,citizen_cafe_source_lineage|verified_tabular,clean_structural_candidate,src_b1c4410118e9e28b
cclex_ad659f12997bf002,Indigo,11,מחסן,magazzino / deposito,,0,100,solid_base_candidate,citizen_cafe_source_lineage|verified_tabular,clean_structural_candidate,src_dd0d81e5f00b5a27
cclex_de3c33dc5ca8d002,Indigo,11,חייזר / חייזרים,alieno/i,,0,100,solid_base_candidate,citizen_cafe_source_lineage|verified_tabular,clean_structural_candidate,src_a0d74b6f38c9faa4
cclex_8cefe829721059f9,Indigo,11,אחרת,diversamente / altrimenti,,0,100,solid_base_candidate,citizen_cafe_source_lineage|verified_tabular,clean_structural_candidate,src_226ec7f7d94ddfe2
cclex_f9eb2b7d088fe3a8,Indigo,11,הרבה אנשים חושבים אחרת,molte persone la pensano diversamente,,0,100,solid_base_candidate,citizen_cafe_source_lineage|verified_tabular,clean_structural_candidate,src_5d71ea8757e53ce2
cclex_e3110411ef5e0234,Indigo,11,תווית,etichetta,,0,100,solid_base_candidate,citizen_cafe_source_lineage|verified_tabular,clean_structural_candidate,src_63a64688fcffc791
cclex_68766ea25936f27a,Indigo,11,זה לא מוכיח כלום!,questo non dimostra nulla!,,0,100,solid_base_candidate,citizen_cafe_source_lineage|verified_tabular,clean_structural_candidate,src_3da9f97bb8e131ef
cclex_7909fa0559fbb030,Indigo,11,במשך,durante / per un periodo di tempo,,0,100,solid_base_candidate,citizen_cafe_source_lineage|verified_tabular,clean_structural_candidate,src_70236286e785fc5d
cclex_850576b5d187ce67,Indigo,11,במשך שנים לא ראיתי אותו,per molti anni non l'ho visto,,0,100,solid_base_candidate,citizen_cafe_source_lineage|verified_tabular,clean_structural_candidate,src_5f3c7cddfb0927e1
cclex_cc27e8b3bc75cf12,Indigo,11,אף על פי (=למרות),sebbene / benché / nonostante,,0,100,solid_base_candidate,citizen_cafe_source_lineage|verified_tabular,clean_structural_candidate,src_a565051b743d63fa
cclex_ce0bd2668e01ae5d,Indigo,11,בהחלט,certamente / assolutamente,,1,100,solid_base_candidate,citizen_cafe_source_lineage|streetwise_context_match|verified_tabular,clean_structural_candidate,src_e1dc66ef204df249
cclex_8ce19063c635751b,Indigo,11,יצא לי,mi è capitato di / ho avuto l'occasione di,,1,100,solid_base_candidate,citizen_cafe_source_lineage|streetwise_context_match|verified_tabular,clean_structural_candidate,src_706b44696c857a55
cclex_f4c6a410b407df2d,Indigo,11,לברוח מ...,scappare da / fuggire da,,0,100,solid_base_candidate,citizen_cafe_source_lineage|verified_tabular,clean_structural_candidate,src_706c3646df1af024
cclex_0699f43568eba38d,Indigo,11,אל תברחי מהבעיות שלך,non scappare dai tuoi problemi,,0,100,solid_base_candidate,citizen_cafe_source_lineage|verified_tabular,clean_structural_candidate,src_5b1e4a6b3e1030e4
cclex_20451616ff10ddce,Indigo,11,רגש / רגשות,emozione/i,,2,100,solid_base_candidate,citizen_cafe_source_lineage|streetwise_context_match|verified_tabular,clean_structural_candidate,src_caf240a0771505ff
cclex_af3481f9b256cedd,Indigo,11,הרגשות / הרגשה,sentimento/i / sensazione/i,,0,92,solid_base_candidate,citizen_cafe_source_lineage|verified_tabular,many_translation_alternatives,src_3c145b0078b4d8b8
cclex_b8aaa8b220967cea,Indigo,11,הליכה,passeggiata / camminata,,0,100,solid_base_candidate,citizen_cafe_source_lineage|verified_tabular,clean_structural_candidate,src_8fcd71d230c1ee4a
cclex_0280f33b2ce97057,Indigo,11,מבצע,promozione / saldo; campagna o operazione militare,,2,100,solid_base_candidate,citizen_cafe_source_lineage|streetwise_context_match|verified_tabular,clean_structural_candidate,src_5b5a7ea0533464bc
cclex_f542b4bbbc2d63ae,Indigo,11,אחריות,responsabilità,,0,100,solid_base_candidate,citizen_cafe_source_lineage|verified_tabular,clean_structural_candidate,src_8e2564209fa949fd
cclex_f9652454620a4e36,Indigo,11,לקחת אחריות על...,assumersi la responsabilità di,,0,100,solid_base_candidate,citizen_cafe_source_lineage|verified_tabular,clean_structural_candidate,src_3626b87cf6d7be36
cclex_9013b9eda8523439,Indigo,11,להכריז,dichiarare / annunciare,,0,100,solid_base_candidate,citizen_cafe_source_lineage|verified_tabular,clean_structural_candidate,src_17f0e86e043d5702
cclex_6a067ddc0269f9ad,Indigo,11,במקרה,per caso / casualmente,,1,100,solid_base_candidate,citizen_cafe_source_lineage|streetwise_context_match|verified_tabular,clean_structural_candidate,src_d337d64c1dc40109
cclex_1b08ced21deec938,Indigo,11,בכוונה,apposta / intenzionalmente,,0,100,solid_base_candidate,citizen_cafe_source_lineage|verified_tabular,clean_structural_candidate,src_f6ab86a197dcf9ff
cclex_e950d1b96539f0f6,Indigo,11,"סורי, זה לא היה בכוונה","scusa, non era intenzionale",,0,100,solid_base_candidate,citizen_cafe_source_lineage|verified_tabular,clean_structural_candidate,src_49777877cdd0492d
cclex_3ccfd875bfbc27f6,Indigo,11,תכף,tra poco / subito,,0,100,solid_base_candidate,citizen_cafe_source_lineage|verified_tabular,clean_structural_candidate,src_ad5fcf9c92c935e8
cclex_2364279ebd866a2d,Indigo,11,מיד,subito / immediatamente,,0,100,solid_base_candidate,citizen_cafe_source_lineage|verified_tabular,clean_structural_candidate,src_007bcd290d5be909
cclex_d15d24f661a17bf3,Indigo,11,להפסיד ל...,perdere contro qualcuno,,0,100,solid_base_candidate,citizen_cafe_source_lineage|verified_tabular,clean_structural_candidate,src_f9c013792c81240b
cclex_1804727ee16e8e4d,Indigo,11,להפסיד את...,perdere / mancare,,0,100,solid_base_candidate,citizen_cafe_source_lineage|verified_tabular,clean_structural_candidate,src_5568f90c0731987a
cclex_a2a70f763a8e2832,Indigo,11,להילחץ מ...,stressarsi / andare in panico,,0,100,solid_base_candidate,citizen_cafe_source_lineage|verified_tabular,clean_structural_candidate,src_1c7faa8fd685aea3
cclex_4901ca00878e084b,Indigo,11,"אני לא יודעת למה אמרתי את זה, פשוט נלחצתי","non so perché l'ho detto, mi sono semplicemente agitata",,0,100,solid_base_candidate,citizen_cafe_source_lineage|verified_tabular,clean_structural_candidate,src_1dc86f8cc7dfc3b5
cclex_3e4d2d013af39c9b,Indigo,11,צמרמורת / צמרמורות,brividi / pelle d'oca,,0,100,solid_base_candidate,citizen_cafe_source_lineage|verified_tabular,clean_structural_candidate,src_4630121a828d8a67
cclex_e17bf7aac7ea6dfd,Indigo,11,לנצח ב...,vincere,,0,100,solid_base_candidate,citizen_cafe_source_lineage|verified_tabular,clean_structural_candidate,src_6f6792e604baba98
cclex_6057bd1294608d42,Indigo,11,הם הפסידו ואנחנו נצחנו,loro hanno perso e noi abbiamo vinto,,0,100,solid_base_candidate,citizen_cafe_source_lineage|verified_tabular,clean_structural_candidate,src_a66b49c80ff4af42
cclex_17c8f1e2446dabf9,Indigo,11,ניצחנו בתחרות,abbiamo vinto la gara,,0,100,solid_base_candidate,citizen_cafe_source_lineage|verified_tabular,clean_structural_candidate,src_0b2b26255b9bd429
cclex_13570c7899eced06,Indigo,11,לסבול מ...,soffrire di,,0,100,solid_base_candidate,citizen_cafe_source_lineage|verified_tabular,clean_structural_candidate,src_068fd0898cae87f0
cclex_35c4511bb1ddea42,Indigo,11,לסבול את...,sopportare / tollerare,,0,100,solid_base_candidate,citizen_cafe_source_lineage|verified_tabular,clean_structural_candidate,src_020f541470fb39f8
cclex_e49be0f2ea4c14b4,Indigo,11,בלתי נסבל,insopportabile,,1,100,solid_base_candidate,citizen_cafe_source_lineage|streetwise_context_match|verified_tabular,clean_structural_candidate,src_47adc1996e937ba1
cclex_b533bafaa92c408d,Indigo,11,בלתי רגיל,straordinario / insolito,,0,100,solid_base_candidate,citizen_cafe_source_lineage|verified_tabular,clean_structural_candidate,src_405860561500c378
cclex_1df012fb6d7775a5,Indigo,11,בלתי נשכח,indimenticabile,,0,100,solid_base_candidate,citizen_cafe_source_lineage|verified_tabular,clean_structural_candidate,src_10423908977ff865
cclex_890a1c97b6573b8d,Indigo,11,לגלגל את...,arrotolare / far rotolare,,0,100,solid_base_candidate,citizen_cafe_source_lineage|verified_tabular,clean_structural_candidate,src_e1b060a71a1470c8
cclex_fc7262664fbab1d7,Indigo,11,משימה / משימות,compito / missione,,0,100,solid_base_candidate,citizen_cafe_source_lineage|verified_tabular,clean_structural_candidate,src_2ae872af0f7abda3
cclex_2515bc5b45224878,Indigo,11,גיל ההתבגרות,adolescenza / pubertà,,0,100,solid_base_candidate,citizen_cafe_source_lineage|verified_tabular,clean_structural_candidate,src_0bd2ec33c552f632
cclex_a52caea71597bec1,Indigo,11,הסביבה,l'ambiente,,0,100,solid_base_candidate,citizen_cafe_source_lineage|verified_tabular,clean_structural_candidate,src_5824c2b3d0bfa085
cclex_b79d63cb65101cf1,Indigo,11,סביבה,ambiente / dintorni,,1,100,solid_base_candidate,citizen_cafe_source_lineage|streetwise_context_match|verified_tabular,clean_structural_candidate,src_3bb817b8b88a67d6
cclex_4d232c631b437d7d,Indigo,11,לטפל ב,occuparsi di / prendersi cura di,,0,100,solid_base_candidate,citizen_cafe_source_lineage|verified_tabular,clean_structural_candidate,src_4d8ad8b676721578
cclex_f2694aba010c52d1,Indigo,11,אני אטפל בזה,me ne occuperò io,,0,100,solid_base_candidate,citizen_cafe_source_lineage|verified_tabular,clean_structural_candidate,src_c8e5a5eed5c05366
cclex_32f26ca3cd440d76,Indigo,11,בעיקרון,in linea di principio,,0,100,solid_base_candidate,citizen_cafe_source_lineage|verified_tabular,clean_structural_candidate,src_9bd0587b54704e48
cclex_812944bf7a958547,Indigo,11,"בעיקרון כיף ללכת לקולג׳, אבל צריך גם ללמוד","in linea di principio andare al college è divertente, ma bisogna anche studiare",,0,100,solid_base_candidate,citizen_cafe_source_lineage|verified_tabular,clean_structural_candidate,src_914f9ad8afa34f0b
cclex_cd9f9c8b1acec6bb,Indigo,11,מדע,scienza,,0,100,solid_base_candidate,citizen_cafe_source_lineage|verified_tabular,clean_structural_candidate,src_1528c12cd3e049f6
cclex_cfa9016448a5d27d,Indigo,11,ניסיון,esperienza,,1,100,solid_base_candidate,citizen_cafe_source_lineage|streetwise_context_match|verified_tabular,clean_structural_candidate,src_ed79b13074708a49
cclex_87b0f22b7dae9b7e,Indigo,11,מניסיוני,per esperienza / dalla mia esperienza,,0,100,solid_base_candidate,citizen_cafe_source_lineage|verified_tabular,clean_structural_candidate,src_20ec060f22613476
cclex_7a3651753c5380c0,Indigo,11,"מניסיוני, כדאי לך ללכת לשם מוקדם","per esperienza, ti conviene andare lì presto",,0,100,solid_base_candidate,citizen_cafe_source_lineage|verified_tabular,clean_structural_candidate,src_47cb7653f3ccba3f
cclex_dada47a797ad3091,Indigo,11,מטופל / מטופלת / מטופלים / מטופלות,paziente/i / assistito/i / cliente/i,,0,92,solid_base_candidate,citizen_cafe_source_lineage|verified_tabular,many_translation_alternatives,src_6e19472fd4ce921b
cclex_8af4d13f2a923be3,Indigo,11,להתאהב ב,innamorarsi di,,0,100,solid_base_candidate,citizen_cafe_source_lineage|verified_tabular,clean_structural_candidate,src_7fa5ea24fa42acfc
cclex_fdaa46de468a6e1f,Indigo,11,הוא התאהב בה,lui si è innamorato di lei,,0,100,solid_base_candidate,citizen_cafe_source_lineage|verified_tabular,clean_structural_candidate,src_c728af912a694bbf
cclex_5718fd94569407d0,Indigo,11,נשימה,respiro,,0,100,solid_base_candidate,citizen_cafe_source_lineage|verified_tabular,clean_structural_candidate,src_3e8fa75b0fb27d98
cclex_3a362a6f152b200b,Indigo,11,קח נשימה עמוקה,fai un respiro profondo,,0,100,solid_base_candidate,citizen_cafe_source_lineage|verified_tabular,clean_structural_candidate,src_1b37b4349c7d123c
cclex_f4af36831e3eaed3,Indigo,11,דורות / דור,generazione/i,,0,100,solid_base_candidate,citizen_cafe_source_lineage|verified_tabular,clean_structural_candidate,src_3c1c81e1a9f638f3
cclex_2acee044b3641a8a,Indigo,11,אדיש / אדישה,indifferente,,0,100,solid_base_candidate,citizen_cafe_source_lineage|verified_tabular,clean_structural_candidate,src_f7af7edd2d55554d
cclex_b17e52d3735115c9,Indigo,11,מפעל,fabbrica / stabilimento,,0,100,solid_base_candidate,citizen_cafe_source_lineage|verified_tabular,clean_structural_candidate,src_1ef09e600a35017c
cclex_afb255e55751b146,Indigo,11,ענק / ענקית,gigante / enorme,,0,100,solid_base_candidate,citizen_cafe_source_lineage|verified_tabular,clean_structural_candidate,src_394408efe1d5141e
cclex_d3cb4403a3d82773,Indigo,11,מזון,cibo / alimento / pasto,,0,100,solid_base_candidate,citizen_cafe_source_lineage|verified_tabular,clean_structural_candidate,src_0d95a9c469c33b61
cclex_f71fba440848d6f5,Indigo,11,לפרוש מ...,andare in pensione / lasciare / dimettersi da,,0,100,solid_base_candidate,citizen_cafe_source_lineage|verified_tabular,clean_structural_candidate,src_1e324410b35d3a83
cclex_04ddc308da153312,Indigo,11,להקים את...,fondare / istituire,,0,100,solid_base_candidate,citizen_cafe_source_lineage|verified_tabular,clean_structural_candidate,src_c2210de1aca21052
cclex_0229047aea7cb508,Indigo,11,לחשוף את...,esporre / rivelare,,1,100,solid_base_candidate,citizen_cafe_source_lineage|streetwise_context_match|verified_tabular,clean_structural_candidate,src_abda155c09a3b3e3
cclex_9a4a573adea5f67a,Indigo,11,לטגן את...,friggere,,0,100,solid_base_candidate,citizen_cafe_source_lineage|verified_tabular,clean_structural_candidate,src_5efe3ae447402b49
cclex_ae82966bfadc7089,Indigo,11,מטוגן,fritto,,0,100,solid_base_candidate,citizen_cafe_source_lineage|verified_tabular,clean_structural_candidate,src_b066d8f76f10929c
cclex_968fa83e74aec6b5,Indigo,11,אני מתלבטת בין המכונית הזאת למכונית השנייה,sono indecisa tra questa macchina e l'altra macchina,,0,100,solid_base_candidate,citizen_cafe_source_lineage|verified_tabular,clean_structural_candidate,src_e42da9dc8916cd1c
cclex_8d1612d876114b87,Indigo,11,"לא חם פה, להפך! ממש קר פה","qui non fa caldo, al contrario! Fa davvero freddo",,0,100,solid_base_candidate,citizen_cafe_source_lineage|verified_tabular,clean_structural_candidate,src_5bb7cc06e0ca9e46
cclex_52ac6abc6f164095,Indigo,11,לנתק את...,scollegare / staccare,,0,100,solid_base_candidate,citizen_cafe_source_lineage|verified_tabular,clean_structural_candidate,src_55dcc1438567f610
cclex_4f3b0e04846d722b,Indigo,11,"הוא ממש מנותק, אין לו מושג מה קורה בעולם",è davvero fuori dal mondo; non ha idea di cosa stia succedendo nel mondo,,0,100,solid_base_candidate,citizen_cafe_source_lineage|verified_tabular,clean_structural_candidate,src_eddf630e77fa1708
cclex_e0e704c158d5f7fb,Indigo,11,איזה מנותק,che persona fuori dal mondo / quanto è scollegato,,0,100,solid_base_candidate,citizen_cafe_source_lineage|verified_tabular,clean_structural_candidate,src_4b33095c5a4ef699
cclex_96a5fc5514a1bf3f,Indigo,11,אין לי זמן להתעסק בזה כרגע,non ho tempo di occuparmene adesso,,0,100,solid_base_candidate,citizen_cafe_source_lineage|verified_tabular,clean_structural_candidate,src_c26cf6d74222047f
cclex_9168db8b196a2e8e,Indigo,11,אני לא יכולה להתעסק בדברים האלה,non posso occuparmi di queste cose,,0,100,solid_base_candidate,citizen_cafe_source_lineage|verified_tabular,clean_structural_candidate,src_b5f574b6a483a3a9
cclex_cb43c12f3bd21051,Indigo,11,הוא בן אדם ממש אמיץ,è una persona davvero coraggiosa,,0,100,solid_base_candidate,citizen_cafe_source_lineage|verified_tabular,clean_structural_candidate,src_2e763c3c18878735
cclex_a62c7c92b514ed5c,Indigo,11,לשתוק,tacere / stare zitto,,1,100,solid_base_candidate,citizen_cafe_source_lineage|streetwise_context_match|verified_tabular,clean_structural_candidate,src_f08b448951e7e2da
cclex_533c47395f413d3d,Indigo,11,"אם אין לך משהו חכם להגיד, עדיף לשתוק","se non hai qualcosa di intelligente da dire, è meglio tacere",,0,100,solid_base_candidate,citizen_cafe_source_lineage|verified_tabular,clean_structural_candidate,src_9dc5bee6459ef555
cclex_8706223b2c730642,Indigo,11,לאמץ את...,adottare,,1,100,solid_base_candidate,citizen_cafe_source_lineage|streetwise_context_match|verified_tabular,clean_structural_candidate,src_a587ee5c43cf3ca9
cclex_76f13176591dd173,Indigo,11,הם אימצו את הבן שלהם,hanno adottato loro figlio,,0,100,solid_base_candidate,citizen_cafe_source_lineage|verified_tabular,clean_structural_candidate,src_2c047865cc2d9672
cclex_b66e6a00eb8f55e6,Indigo,11,לשפוך את...,versare / rovesciare,,0,100,solid_base_candidate,citizen_cafe_source_lineage|verified_tabular,clean_structural_candidate,src_c118b78a23645b26
cclex_2f3a361b3b05011e,Indigo,11,בטעות שפכתי את הקפה שלי על כל החולצה,per sbaglio ho rovesciato il caffè su tutta la maglietta,,0,100,solid_base_candidate,citizen_cafe_source_lineage|verified_tabular,clean_structural_candidate,src_7302f6dd979f562d
cclex_8829ccf04ed47ad5,Indigo,11,לא בוכים על חלב שנשפך,inutile piangere sul latte versato,,0,100,solid_base_candidate,citizen_cafe_source_lineage|verified_tabular,clean_structural_candidate,src_cfeaddbf916ee124
cclex_eb50c6cde6649786,Indigo,11,איכות,qualità,,0,100,solid_base_candidate,citizen_cafe_source_lineage|verified_tabular,clean_structural_candidate,src_b1fa8681ecac6594
cclex_4a64f2d3cea74131,Indigo,11,יציב,stabile (masch. sing.),,0,100,solid_base_candidate,citizen_cafe_source_lineage|verified_tabular,clean_structural_candidate,src_99df8161bc3ac2a5
cclex_bc8e798363730b6b,Indigo,11,לדמין את...,immaginare (something),,0,100,solid_base_candidate,citizen_cafe_source_lineage|verified_tabular,clean_structural_candidate,src_f16bba9e304e10c1
cclex_8faabc013defc75a,Indigo,11,נת/מדמיין,immaginare (masc / fem),,0,100,solid_base_candidate,citizen_cafe_source_lineage|verified_tabular,clean_structural_candidate,src_d14ceb2c09f24626
cclex_c69208da6aa98047,Indigo,11,לאומי-בין,internazionale,,0,100,solid_base_candidate,citizen_cafe_source_lineage|verified_tabular,clean_structural_candidate,src_2bfc0df911d34135
cclex_dffd2436b5e3337a,Indigo,11,אזור,area / zona,,0,100,solid_base_candidate,citizen_cafe_source_lineage|verified_tabular,clean_structural_candidate,src_8c4cf338b7a3d093
cclex_c8c5aa0534373e76,Indigo,11,שיא,record / picco / culmine,,0,100,solid_base_candidate,citizen_cafe_source_lineage|verified_tabular,clean_structural_candidate,src_c310c966142c598a
cclex_164223193e1e7a59,Indigo,11,קליטה,ricezione / copertura / assorbimento / segnale,,0,92,solid_base_candidate,citizen_cafe_source_lineage|verified_tabular,many_translation_alternatives,src_8ffb29579a0bc6ea
cclex_a852e58322d8bc37,Indigo,11,חברה,società / azienda,,1,100,solid_base_candidate,citizen_cafe_source_lineage|streetwise_context_match|verified_tabular,clean_structural_candidate,src_29ef37ad85230aa3
cclex_1601999758ea8da4,Indigo,11,שותף,coinquilino / socio,,0,100,solid_base_candidate,citizen_cafe_source_lineage|verified_tabular,clean_structural_candidate,src_d963340be0cc1b25
cclex_c1e467f601f6f40c,Indigo,11,לשנות את,cambiare,,1,100,solid_base_candidate,citizen_cafe_source_lineage|streetwise_context_match|verified_tabular,clean_structural_candidate,src_05dda9163872c1b3
cclex_5acb411d5dc09891,Indigo,11,להשתנות,cambiare (oneself),,1,100,solid_base_candidate,citizen_cafe_source_lineage|streetwise_context_match|verified_tabular,clean_structural_candidate,src_23224a7b3049358f
cclex_a6876942734c58f3,Indigo,11,כיףברמות,divertentissimo (colloquiale),,0,100,solid_base_candidate,citizen_cafe_source_lineage|verified_tabular,clean_structural_candidate,src_dac88e03098ac1e8
cclex_aa9ae6e6b1db99ac,Indigo,11,רמות,livelli,,0,100,solid_base_candidate,citizen_cafe_source_lineage|verified_tabular,clean_structural_candidate,src_33722fc47c61eef4
cclex_37a8b5e465ee5a2b,Indigo,11,דמות,personaggio / carattere,,0,100,solid_base_candidate,citizen_cafe_source_lineage|verified_tabular,clean_structural_candidate,src_37088c4f2f9ed2eb
cclex_c1bbd579be3f62eb,Indigo,11,חיוור,pallido,,0,100,solid_base_candidate,citizen_cafe_source_lineage|verified_tabular,clean_structural_candidate,src_943acfa2b49d3c61
cclex_2607553e1774acd0,Indigo,11,אבטיח,anguria,,0,100,solid_base_candidate,citizen_cafe_source_lineage|verified_tabular,clean_structural_candidate,src_d85c7ac28d6f65dd
cclex_27aaa7322981051b,Indigo,11,הזויה/הזוי,strano / fuori di testa (slang),,0,100,solid_base_candidate,citizen_cafe_source_lineage|verified_tabular,clean_structural_candidate,src_5ed85220ff8a047f
cclex_fdf70e3f4827bdf8,Indigo,11,משבר,crisi,,0,100,solid_base_candidate,citizen_cafe_source_lineage|verified_tabular,clean_structural_candidate,src_164c38faebdf44ac
cclex_4b44ba50d8296e0d,Indigo,11,סימן,cartello / segno,,0,100,solid_base_candidate,citizen_cafe_source_lineage|verified_tabular,clean_structural_candidate,src_b417c0f8889d1123
cclex_ce344e513f92cf8c,Indigo,11,מציאות,realtà,,2,100,solid_base_candidate,citizen_cafe_source_lineage|streetwise_context_match|verified_tabular,clean_structural_candidate,src_c1f8a97cd5025fd3
cclex_5787d69c2df73521,Indigo,11,מרשימה/מרשים,impressionante,,0,100,solid_base_candidate,citizen_cafe_source_lineage|verified_tabular,clean_structural_candidate,src_98110db7f14ec8e4
cclex_048f5ad8c2d6fa97,Indigo,11,סיוט,incubo,,2,100,solid_base_candidate,citizen_cafe_source_lineage|streetwise_context_match|verified_tabular,clean_structural_candidate,src_9174e72c1b227310
cclex_c9ce28340cfdad06,Indigo,11,להתרגש מ...,essere emozionato,,0,100,solid_base_candidate,citizen_cafe_source_lineage|verified_tabular,clean_structural_candidate,src_9622b752e6817812
cclex_2b8d36c8893dd5ca,Indigo,11,"אחראית, אחראי",responsabile,,0,100,solid_base_candidate,citizen_cafe_source_lineage|verified_tabular,clean_structural_candidate,src_2ef307ebecf79128
cclex_029a4c8330ddd502,Indigo,11,לוותר על...,rinunciare,,0,100,solid_base_candidate,citizen_cafe_source_lineage|verified_tabular,clean_structural_candidate,src_6cb3b9684c072c11
cclex_f3f224515acc0534,Indigo,11,לזכות ב...,vincere,,0,100,solid_base_candidate,citizen_cafe_source_lineage|verified_tabular,clean_structural_candidate,src_a1784ced94308eb8
cclex_b31ff8902bccf88f,Indigo,11,מוצלחת/מוצלח,riuscito / di successo,,0,100,solid_base_candidate,citizen_cafe_source_lineage|verified_tabular,clean_structural_candidate,src_1bd85af0a387e33a
cclex_adbba9fcbeb9214f,Purple,12,"נחף, חפה",a piedi nudi; scalzo,,0,100,solid_base_candidate,citizen_cafe_source_lineage|citizen_cafe_text_export_import,clean_structural_candidate,src_b865eab1a5712ebb
cclex_759145e7dcf5629f,Purple,12,לרתוח על,ribollire; essere furioso per,,0,100,solid_base_candidate,citizen_cafe_source_lineage|citizen_cafe_text_export_import,clean_structural_candidate,src_80c050be78efa5d4
cclex_98d2f8d7d582f170,Purple,12,לבעור,bruciare; essere in fiamme,,0,100,solid_base_candidate,citizen_cafe_source_lineage|citizen_cafe_text_export_import,clean_structural_candidate,src_4e9030b621ac13b7
cclex_f9dc928316bb88ab,Purple,12,"סואן, סואנים",affollato; trafficato (strada/città),,0,100,solid_base_candidate,citizen_cafe_source_lineage|citizen_cafe_text_export_import,clean_structural_candidate,src_93b509a2ae0b8a1e
cclex_959f230f924cf6e3,Purple,12,"צדפה, צדפות",conchiglie; vongole (f.),,0,100,solid_base_candidate,citizen_cafe_source_lineage|citizen_cafe_text_export_import,clean_structural_candidate,src_bdc1fd1c7c701c7a
cclex_6b441fb731b3c78e,Purple,12,שפיץ,bordo tagliente; punta (f.),,0,100,solid_base_candidate,citizen_cafe_source_lineage|citizen_cafe_text_export_import,clean_structural_candidate,src_049b1f04e4b953b5
cclex_6b5f4758636d876e,Purple,12,ללוות - מלווה,accompagnare; accompagnato,,0,100,solid_base_candidate,citizen_cafe_source_lineage|citizen_cafe_text_export_import,clean_structural_candidate,src_914e87d81fe347cc
cclex_316bebc2544f0712,Purple,12,"לפנות - מפונה, מפונה, מפונים",evacuare; sfollare,,0,100,solid_base_candidate,citizen_cafe_source_lineage|citizen_cafe_text_export_import,clean_structural_candidate,src_f2cea921327b09ef
cclex_352d3ffc2927d07f,Purple,12,שלל ה... ₪5 (= הרבה),un'abbondanza di; molti,mojibake_or_extraction_symbol,0,20,quarantine,citizen_cafe_source_lineage|citizen_cafe_text_export_import,blocking_quality_flag,src_61c8d09b4d81f8b0
cclex_1a47d3d53f534e33,Purple,12,לדרוך,calpestare; percorrere a piedi,,0,100,solid_base_candidate,citizen_cafe_source_lineage|citizen_cafe_text_export_import,clean_structural_candidate,src_63a4129111cca68d
cclex_da22cc7024260971,Purple,12,לצעוד,camminare; fare un passo,,1,100,solid_base_candidate,citizen_cafe_source_lineage|citizen_cafe_text_export_import|streetwise_context_match,clean_structural_candidate,src_369d7c3f5ec77e8e
cclex_078ed2708e7a5439,Purple,12,"מוזר, משונה",strano; insolito; bizzarro,,2,100,solid_base_candidate,citizen_cafe_source_lineage|citizen_cafe_text_export_import|streetwise_context_match,clean_structural_candidate,src_977e54112d5fcc13
cclex_3b98a8d31fddc0f3,Purple,12,פומבי,pubblico (m.); pubblico (agg.),,0,100,solid_base_candidate,citizen_cafe_source_lineage|citizen_cafe_text_export_import,clean_structural_candidate,src_ed7ed1aee888b4c1
cclex_2227fafb187c9381,Purple,12,סנדלר,calzolaio (m.); ciabattino (m.),,0,100,solid_base_candidate,citizen_cafe_source_lineage|citizen_cafe_text_export_import,clean_structural_candidate,src_9b4b30f82a533580
cclex_a658c31a1db42254,Purple,12,מנוסה,esperto; navigato; con esperienza,,1,100,solid_base_candidate,citizen_cafe_source_lineage|citizen_cafe_text_export_import|streetwise_context_match,clean_structural_candidate,src_92a19a14bac7f40b
cclex_1249b6520b29fadf,Purple,12,לבלום,frenare; bloccare; freno (m.),,0,100,solid_base_candidate,citizen_cafe_source_lineage|citizen_cafe_text_export_import,clean_structural_candidate,src_ffc7eb4eedec1354
cclex_76a79394cc9206f6,Purple,12,חספוס,scurrilità (f.); irregolarità (f.),,0,100,solid_base_candidate,citizen_cafe_source_lineage|citizen_cafe_text_export_import,clean_structural_candidate,src_312731b395b2af59
cclex_ab4a927a7360e8c7,Purple,12,מחוספס,ruvido; scabro; con texture,,0,100,solid_base_candidate,citizen_cafe_source_lineage|citizen_cafe_text_export_import,clean_structural_candidate,src_bd696bafb5f7428e
cclex_07bcd45fc880110c,Purple,12,"מגע, מגעים",contatto (m.); tocco (m.); discussione (f.),,0,100,solid_base_candidate,citizen_cafe_source_lineage|citizen_cafe_text_export_import,clean_structural_candidate,src_a12e0e9f40226d33
cclex_c8434fcecfa60920,Purple,12,לעטוף את,avvolgere; incartare; fasciare,,0,100,solid_base_candidate,citizen_cafe_source_lineage|citizen_cafe_text_export_import,clean_structural_candidate,src_b4e06715bd67551c
cclex_d27af414dd4e942d,Purple,12,"מושבע, מושבעת",giurato; fedele; leale,,0,100,solid_base_candidate,citizen_cafe_source_lineage|citizen_cafe_text_export_import,clean_structural_candidate,src_48d941142d5ddb0d
cclex_0205eed7b1d26e0b,Purple,12,חבר מושבעים,giuria (f.); tribunale popolare,,0,100,solid_base_candidate,citizen_cafe_source_lineage|citizen_cafe_text_export_import,clean_structural_candidate,src_61933d7c5c4aa9c0
cclex_4e366fc3b30383ec,Purple,12,₪ לחלוץ נעליים,togliersi le scarpe; calzarsi,mojibake_or_extraction_symbol,0,20,quarantine,citizen_cafe_source_lineage|citizen_cafe_text_export_import,blocking_quality_flag,src_8d456c7706a28a8d
cclex_5ae7f06a8cd36233,Purple,12,"גירוי, גירויים",stimolo (m.); irritazione (f.),,0,100,solid_base_candidate,citizen_cafe_source_lineage|citizen_cafe_text_export_import,clean_structural_candidate,src_4b9f6e3c40abee53
cclex_fc2a192871b6b3fd,Purple,12,"חנפן, חנפנית",adulatore (m.); favorito (m.) dell'insegnante,,0,100,solid_base_candidate,citizen_cafe_source_lineage|citizen_cafe_text_export_import,clean_structural_candidate,src_aa7a4dfd057d22a0
cclex_52d4d1b2e04c1dd5,Purple,12,חלוק,diviso; spaccato,,0,100,solid_base_candidate,citizen_cafe_source_lineage|citizen_cafe_text_export_import,clean_structural_candidate,src_9caa521858a93d8d
cclex_457e15c444c389de,Purple,12,"חד משמעי, חד משמעית",conclusivo; univoco; definitivo,,1,100,solid_base_candidate,citizen_cafe_source_lineage|citizen_cafe_text_export_import|streetwise_context_match,clean_structural_candidate,src_2fa2beca9199bf14
cclex_a7cff884f1dbc678,Purple,12,!חד משמעית,totalmente; completamente; veramente,,1,100,solid_base_candidate,citizen_cafe_source_lineage|citizen_cafe_text_export_import|streetwise_context_match,clean_structural_candidate,src_ca10261fe046be8b
cclex_86649bd2d872878e,Purple,12,להגביר את,amplificare; intensificare,,0,100,solid_base_candidate,citizen_cafe_source_lineage|citizen_cafe_text_export_import,clean_structural_candidate,src_4bacf360b5be8ba4
cclex_88cecff3c8475463,Purple,12,נגיעה,un pizzico / un goccio,,1,100,solid_base_candidate,citizen_cafe_source_lineage|citizen_cafe_text_export_import|streetwise_context_match,clean_structural_candidate,src_413e43581048e797
cclex_b03b79fe56c499db,Purple,12,טור,colonna (f.); rubrica (f.),,0,100,solid_base_candidate,citizen_cafe_source_lineage|citizen_cafe_text_export_import,clean_structural_candidate,src_f7efc7bbe64cc612
cclex_2f5ef5383ac4a45e,Purple,12,להיסחף,essere trasportato; essere travolto,,0,100,solid_base_candidate,citizen_cafe_source_lineage|citizen_cafe_text_export_import,clean_structural_candidate,src_39c921abc1a325dc
cclex_214e95ee2c25dbc8,Purple,12,לסחוף את,trascinare; essere carismatico,,0,100,solid_base_candidate,citizen_cafe_source_lineage|citizen_cafe_text_export_import,clean_structural_candidate,src_8986aa712047883b
cclex_40303aad8c7aab0e,Purple,12,...להדביק את... ב,incollare; attaccare; infettare qualcuno,,0,100,solid_base_candidate,citizen_cafe_source_lineage|citizen_cafe_text_export_import,clean_structural_candidate,src_64ef49c723e7563d
cclex_d41565897feca34d,Purple,12,"""אין לי טענות""",non avere lamentele; accontentarsi,,1,100,solid_base_candidate,citizen_cafe_source_lineage|citizen_cafe_text_export_import|streetwise_context_match,clean_structural_candidate,src_115fda6512b501da
cclex_53cb22daca6ec707,Purple,12,...אל... בטענות/-לבוא ל,correre da qualcuno per lamentarsi,,0,100,solid_base_candidate,citizen_cafe_source_lineage|citizen_cafe_text_export_import,clean_structural_candidate,src_a7f5997dbd21ab18
cclex_12e658d6d023dbb0,Purple,12,"...מסומם, מסוממת, מסוממים",fatto; ebbro di vita,,0,100,solid_base_candidate,citizen_cafe_source_lineage|citizen_cafe_text_export_import,clean_structural_candidate,src_60a90733e9b14aa1
cclex_7915caee3258f48d,Purple,12,"₪ עז, עזה",forte; intenso; potente,mojibake_or_extraction_symbol,0,20,quarantine,citizen_cafe_source_lineage|citizen_cafe_text_export_import,blocking_quality_flag,src_8f361c7cf4f44040
cclex_dd294fe653577900,Purple,12,נדנדה,altalena (f.); oscillare,,0,100,solid_base_candidate,citizen_cafe_source_lineage|citizen_cafe_text_export_import,clean_structural_candidate,src_3ebcb31a49ae9fc1
cclex_e04dc309f5fc8428,Purple,12,לטלטל את,scuotere; sorprendere; sconvolgere,,0,100,solid_base_candidate,citizen_cafe_source_lineage|citizen_cafe_text_export_import,clean_structural_candidate,src_6563d439349ab9de
cclex_c627ffd087301547,Purple,12,"מטלטל, מטלטלת",scioccante; sconcertante; inquietante,,0,100,solid_base_candidate,citizen_cafe_source_lineage|citizen_cafe_text_export_import,clean_structural_candidate,src_d3f9a71f8be57e55
cclex_d2d6830089ce9e04,Purple,12,"עילאי, עילאית",trascendente; supremo; sublime,,0,100,solid_base_candidate,citizen_cafe_source_lineage|citizen_cafe_text_export_import,clean_structural_candidate,src_f37989991249e854
cclex_36505eff5a89625a,Purple,12,...מהול ב,condito con; mescolato con,,0,100,solid_base_candidate,citizen_cafe_source_lineage|citizen_cafe_text_export_import,clean_structural_candidate,src_42751fc10e838cfd
cclex_f60d996fd4be9280,Purple,12,לדלל את,diluire; indebolire,,0,100,solid_base_candidate,citizen_cafe_source_lineage|citizen_cafe_text_export_import,clean_structural_candidate,src_5c791efc72e2aa6a
cclex_6480c98a2164f567,Purple,12,תפנית,torsione (f.); colpo di scena; punto di svolta,,0,100,solid_base_candidate,citizen_cafe_source_lineage|citizen_cafe_text_export_import,clean_structural_candidate,src_9a2f39114b2493bc
cclex_5782f1932d4ca2df,Purple,12,עלילה,trama (f.); complotto (m.),,0,100,solid_base_candidate,citizen_cafe_source_lineage|citizen_cafe_text_export_import,clean_structural_candidate,src_842979aeed2287f9
cclex_2fa6d66cc5134cf9,Purple,12,להתרסק,schiacciare; smaccare; stritolare,,0,100,solid_base_candidate,citizen_cafe_source_lineage|citizen_cafe_text_export_import,clean_structural_candidate,src_176e92e4bfe645b9
cclex_7e8ed30356b9caac,Purple,12,"מרוסק, מרוסקת",schiacciato; distrutto; stanco,,0,100,solid_base_candidate,citizen_cafe_source_lineage|citizen_cafe_text_export_import,clean_structural_candidate,src_ff79d20d575c9404
cclex_e08479649c6fdc99,Purple,12,לרסק את,schiacciare; distruggere,,0,100,solid_base_candidate,citizen_cafe_source_lineage|citizen_cafe_text_export_import,clean_structural_candidate,src_94489f9c0033fb66
cclex_fc96176a5de5b38f,Purple,12,"משותק, משותקת",paralizzato; bloccato emotivamente,,0,100,solid_base_candidate,citizen_cafe_source_lineage|citizen_cafe_text_export_import,clean_structural_candidate,src_a634da2e2c8cecb3
cclex_3a969c2d1f861fe6,Purple,12,...לסלק את,espellere qualcuno; bandire; eliminare,,1,100,solid_base_candidate,citizen_cafe_source_lineage|citizen_cafe_text_export_import|streetwise_context_match,clean_structural_candidate,src_a421dd940c0436bb
cclex_747ac42b1560ec26,Purple,12,להכיל את,contenere; accettare; non giudicare,,0,100,solid_base_candidate,citizen_cafe_source_lineage|citizen_cafe_text_export_import,clean_structural_candidate,src_e147082ed21988ae
cclex_06f7e3c8230db15f,Purple,12,...להתעלם מ,ignorare; non considerare,,0,100,solid_base_candidate,citizen_cafe_source_lineage|citizen_cafe_text_export_import,clean_structural_candidate,src_e968abff8698ab8b
cclex_7e7dccdba5760de7,Purple,12,הארה,risveglio (m.); epifania; illuminazione (f.),,1,100,solid_base_candidate,citizen_cafe_source_lineage|citizen_cafe_text_export_import|streetwise_context_match,clean_structural_candidate,src_d2ef49683c9cfe0f
cclex_1be1c16506b613bb,Purple,12,לקוי-ראייה,ipovedente; non vedente,,0,100,solid_base_candidate,citizen_cafe_source_lineage|citizen_cafe_text_export_import,clean_structural_candidate,src_4bb1571c4aeb8cf2
cclex_8de85398bb18ad44,Purple,12,ליקוי ₪5 (=תקלה),menomazione (f.); difetto (m.),mojibake_or_extraction_symbol,0,20,quarantine,citizen_cafe_source_lineage|citizen_cafe_text_export_import,blocking_quality_flag,src_5adefde0bb11b287
cclex_d82b7ce3560beae9,Purple,12,בעיות קשב וריכוז,ADHD (f.),,0,100,solid_base_candidate,citizen_cafe_source_lineage|citizen_cafe_text_export_import,clean_structural_candidate,src_c8ac42779dbb43ed
cclex_74a57f7f714e8ab1,Purple,12,לסגור מעגל,creare chiusura; sistemare la situazione,,0,100,solid_base_candidate,citizen_cafe_source_lineage|citizen_cafe_text_export_import,clean_structural_candidate,src_3a2e3e1fa723b0f1
cclex_b6e9e65b269ed080,Purple,12,סגירת-מעגל,chiusura (f.); conclusione (f.),,0,100,solid_base_candidate,citizen_cafe_source_lineage|citizen_cafe_text_export_import,clean_structural_candidate,src_3e3723aa00ad8961
cclex_0858f74a454484e3,Purple,12,"תובנה, תובנות",intuizione (f.); comprensione profonda,,0,100,solid_base_candidate,citizen_cafe_source_lineage|citizen_cafe_text_export_import,clean_structural_candidate,src_4a15156f2962bd14
cclex_a0a19482b3b49b94,Purple,12,לרכוש ₪5 את,acquisire; comprare; acquistare,mojibake_or_extraction_symbol,0,20,quarantine,citizen_cafe_source_lineage|citizen_cafe_text_export_import,blocking_quality_flag,src_47544078ec4dd8f6
cclex_45c32740cd821db4,Purple,12,...לרשת את,ereditare; ricevere in eredità,,0,100,solid_base_candidate,citizen_cafe_source_lineage|citizen_cafe_text_export_import,clean_structural_candidate,src_73a573751bb4838e
cclex_45214f7f870fdf0d,Purple,12,ירושה,eredità (f.); lascito (m.),,0,100,solid_base_candidate,citizen_cafe_source_lineage|citizen_cafe_text_export_import,clean_structural_candidate,src_ad1a837eaa6153a8
cclex_966253f9267934a4,Purple,12,"""כל מקרה לגופו""",ogni situazione è unica; caso per caso,,0,100,solid_base_candidate,citizen_cafe_source_lineage|citizen_cafe_text_export_import,clean_structural_candidate,src_82564e7aead6b97b
cclex_196492eaea1f6463,Purple,12,"נהיה, נהיית",diventare; appropriato,,0,100,solid_base_candidate,citizen_cafe_source_lineage|citizen_cafe_text_export_import,clean_structural_candidate,src_b56cd6b3aa7e5928
cclex_df8678bdf139acde,Purple,12,"הוא נהיה, היא נהייתה",lui/lei è diventato,,0,100,solid_base_candidate,citizen_cafe_source_lineage|citizen_cafe_text_export_import,clean_structural_candidate,src_a74a1d35bd83bb40
cclex_17b3e31cdc21c0de,Purple,12,להשפיל את,umiliare; mortificare,,0,100,solid_base_candidate,citizen_cafe_source_lineage|citizen_cafe_text_export_import,clean_structural_candidate,src_a77880aa12f3d72d
cclex_2b23fd909b3fd33f,Purple,12,משפיל,umiliante; degradante,,0,100,solid_base_candidate,citizen_cafe_source_lineage|citizen_cafe_text_export_import,clean_structural_candidate,src_27aa3f407e4460d9
cclex_69c15029699301e4,Purple,12,...לרמוז ל,alludere; far capire indirettamente,,0,100,solid_base_candidate,citizen_cafe_source_lineage|citizen_cafe_text_export_import,clean_structural_candidate,src_75a0b86cdfbab46d
cclex_fe625ab04c79080b,Purple,12,לנדנד את,spingere un'altalena,,0,100,solid_base_candidate,citizen_cafe_source_lineage|citizen_cafe_text_export_import,clean_structural_candidate,src_463d60a84bf129b3
cclex_52de3451bbb2dc4b,Purple,12,...לנדנד ל,lamentarsi; infastidire; molestare,,0,100,solid_base_candidate,citizen_cafe_source_lineage|citizen_cafe_text_export_import,clean_structural_candidate,src_c0d61ae6272f51d7
cclex_ec694be8a3001fc9,Purple,12,להתנדנד,oscillare; dondolare,,0,100,solid_base_candidate,citizen_cafe_source_lineage|citizen_cafe_text_export_import,clean_structural_candidate,src_104fd46a6de225bf
cclex_b0ee3ea4dd1c538c,Purple,12,להוביל,aprire la strada; guidare una competizione,,0,100,solid_base_candidate,citizen_cafe_source_lineage|citizen_cafe_text_export_import,clean_structural_candidate,src_4d96ff202133d799
cclex_f59d6004ab07689a,Purple,12,להוביל את,trasportare; portare,,0,100,solid_base_candidate,citizen_cafe_source_lineage|citizen_cafe_text_export_import,clean_structural_candidate,src_4c1fd31f136b308b
cclex_1bdfcd06964fd3db,Purple,12,הובלה,atto del movimento; trasporto (m.),,0,100,solid_base_candidate,citizen_cafe_source_lineage|citizen_cafe_text_export_import,clean_structural_candidate,src_0b128b78cda9efe1
cclex_98f6899a0a94d38b,Purple,12,תקרית,incidente (m.); episodio (m.),,1,100,solid_base_candidate,citizen_cafe_source_lineage|citizen_cafe_text_export_import|streetwise_context_match,clean_structural_candidate,src_8b76b5b53a53cb22
cclex_5f62972d51067e7a,Purple,12,תקרית בינלאומית,incidente internazionale,,0,100,solid_base_candidate,citizen_cafe_source_lineage|citizen_cafe_text_export_import,clean_structural_candidate,src_861945ed803a7930
cclex_057957fd8a17d11b,Purple,12,"בולט, בולטת",spicca; prominente; evidente,,0,100,solid_base_candidate,citizen_cafe_source_lineage|citizen_cafe_text_export_import,clean_structural_candidate,src_63aaacbd28813d98
cclex_c60d72dbdc4cfc20,Purple,12,חצ'קון (פצעון),brufolo (m.); foruncolo (m.),,0,100,solid_base_candidate,citizen_cafe_source_lineage|citizen_cafe_text_export_import,clean_structural_candidate,src_989101dea7bb260f
cclex_f826917e399c7ef8,Purple,12,להפיץ את,diffondere una voce; divulgare notizie,,0,100,solid_base_candidate,citizen_cafe_source_lineage|citizen_cafe_text_export_import,clean_structural_candidate,src_169d17715087dcf9
cclex_4db58582aff4865f,Purple,12,להרים ל... (מישהו),costruire su qualcuno; complimentare,,0,100,solid_base_candidate,citizen_cafe_source_lineage|citizen_cafe_text_export_import,clean_structural_candidate,src_3f72ec82a50b6d71
cclex_3900d12ab5f4fcc4,Purple,12,= דאז,allora; in quel periodo,,0,100,solid_base_candidate,citizen_cafe_source_lineage|citizen_cafe_text_export_import,clean_structural_candidate,src_b7ff93e527030518
cclex_39181b874e598f75,Purple,12,מסמר הערב,anima della festa; persona divertente,,0,100,solid_base_candidate,citizen_cafe_source_lineage|citizen_cafe_text_export_import,clean_structural_candidate,src_36309e681c770560
cclex_a18bbfc134aa8796,Purple,12,"צלול, צלולה",chiaro; lucido; perspicace,,0,100,solid_base_candidate,citizen_cafe_source_lineage|citizen_cafe_text_export_import,clean_structural_candidate,src_3240b31d206aa85b
cclex_725aedfd75b93319,Purple,12,...לצלול ל,tuffarsi; immergersi,,0,100,solid_base_candidate,citizen_cafe_source_lineage|citizen_cafe_text_export_import,clean_structural_candidate,src_0a7a46cacab2979d
cclex_d24796dcc86de5e6,Purple,12,עכור,torbido; cupo; lugubre,,0,100,solid_base_candidate,citizen_cafe_source_lineage|citizen_cafe_text_export_import,clean_structural_candidate,src_2c474398408f0b46
cclex_e81412f9c1845f66,Purple,12,לאבחן את,diagnosticare; identificare,,0,100,solid_base_candidate,citizen_cafe_source_lineage|citizen_cafe_text_export_import,clean_structural_candidate,src_bd2fade13062c881
cclex_758dfd1166664250,Purple,12,מאובחן,diagnosticato; riconosciuto,,0,100,solid_base_candidate,citizen_cafe_source_lineage|citizen_cafe_text_export_import,clean_structural_candidate,src_c2c837aadb420dee
cclex_a55e31e5a50647c8,Purple,12,לזעזע את,shockare; scandalizz are; sorprendere,,0,100,solid_base_candidate,citizen_cafe_source_lineage|citizen_cafe_text_export_import,clean_structural_candidate,src_a847f1b479a12211
cclex_ff642f71a1791add,Purple,12,"מזועזע, מזועזעת",scioccato; sorpreso; scandolizzato,,0,100,solid_base_candidate,citizen_cafe_source_lineage|citizen_cafe_text_export_import,clean_structural_candidate,src_89eef6c22aa1d947
cclex_2b306678304d94bb,Purple,12,...להזדעזע מ,essere scioccato; rimanere scioccato,,0,100,solid_base_candidate,citizen_cafe_source_lineage|citizen_cafe_text_export_import,clean_structural_candidate,src_0ae144685ba9ebce
cclex_5720d4d99679d0d0,Purple,12,פדיחה,situazione imbarazzante,,0,100,solid_base_candidate,citizen_cafe_source_lineage|citizen_cafe_text_export_import,clean_structural_candidate,src_a4b0a06d895b3ea2
cclex_fb03e2c600756832,Purple,12,...להתפדח מ,essere imbarazzato a causa di,,0,100,solid_base_candidate,citizen_cafe_source_lineage|citizen_cafe_text_export_import,clean_structural_candidate,src_95bfc5ee07f392a0
cclex_0ccfba2b08f61e7a,Purple,12,"מפדח, מפדחת",imbarazzante; sconveniente,,0,100,solid_base_candidate,citizen_cafe_source_lineage|citizen_cafe_text_export_import,clean_structural_candidate,src_7f76eb680ef690c0
cclex_c862ddd923176a1e,Purple,12,לחצות את,tagliare; recidere,,0,100,solid_base_candidate,citizen_cafe_source_lineage|citizen_cafe_text_export_import,clean_structural_candidate,src_96797d956d698d8f
cclex_27dcae42467c0fcc,Purple,12,...להיחצות ל,essere diviso; essere tagliato,,0,100,solid_base_candidate,citizen_cafe_source_lineage|citizen_cafe_text_export_import,clean_structural_candidate,src_197bd902fb3bebbc
cclex_a53869df05f606e2,Purple,12,"ראוי, ראויה",degno; idoneo; appropriato,,0,100,solid_base_candidate,citizen_cafe_source_lineage|citizen_cafe_text_export_import,clean_structural_candidate,src_33ea6acdd7edb0f7
cclex_39ac5c2550134301,Purple,12,...להזדהות עם,identificarsi con; riconoscersi in,,1,100,solid_base_candidate,citizen_cafe_source_lineage|citizen_cafe_text_export_import|streetwise_context_match,clean_structural_candidate,src_760098b34e37a039
cclex_e460f2a57a1dc6a4,Purple,12,מעורר הזדהות,relazionabile; con cui identificarsi,,0,100,solid_base_candidate,citizen_cafe_source_lineage|citizen_cafe_text_export_import,clean_structural_candidate,src_b0b12ac02b473c7e
cclex_ccef1ecb7c80c31c,Purple,12,הכללה,generalizzazione (f.); affermazione generica,,1,100,solid_base_candidate,citizen_cafe_source_lineage|citizen_cafe_text_export_import|streetwise_context_match,clean_structural_candidate,src_fd51976caf52c227
cclex_783d0a7c08dde64b,Purple,12,מגווון,vario; diversificato; variegato,,0,100,solid_base_candidate,citizen_cafe_source_lineage|citizen_cafe_text_export_import,clean_structural_candidate,src_13762bb72a6f077a
cclex_ab8d435d1056a4f4,Purple,12,לעוף על,essere pazzo di; impazzare per,,1,100,solid_base_candidate,citizen_cafe_source_lineage|citizen_cafe_text_export_import|streetwise_context_match,clean_structural_candidate,src_27988ae56dbb977d
cclex_ba0730e5f8b4aa3c,Purple,12,מגיש חדשות,giornalista televisivo; annunciatore (m.),,0,100,solid_base_candidate,citizen_cafe_source_lineage|citizen_cafe_text_export_import,clean_structural_candidate,src_2215c2525dc6be15
cclex_612a60bf78f88866,Purple,12,לעומק,profondamente; intensamente,,0,100,solid_base_candidate,citizen_cafe_source_lineage|citizen_cafe_text_export_import,clean_structural_candidate,src_6053176bacb61fca
cclex_c13f41fdbd5daf24,Purple,12,לזכות ב,vincere un premio; aggiudicarsi,,0,100,solid_base_candidate,citizen_cafe_source_lineage|citizen_cafe_text_export_import,clean_structural_candidate,src_59c7201547aa7469
cclex_9b69a901066d8b48,Purple,12,לזכות ל,avere il privilegio; avere l'onore,,0,100,solid_base_candidate,citizen_cafe_source_lineage|citizen_cafe_text_export_import,clean_structural_candidate,src_5a1355646057706b
cclex_7b89622be54c3125,Purple,12,להצטיין,eccellere; superare,,0,100,solid_base_candidate,citizen_cafe_source_lineage|citizen_cafe_text_export_import,clean_structural_candidate,src_115f27fcc69ce35d
cclex_d8ee526f22b55952,Purple,12,ץ-ל א לזגזג בין,saltare da un progetto all'altro; zigzagare,,0,100,solid_base_candidate,citizen_cafe_source_lineage|citizen_cafe_text_export_import,clean_structural_candidate,src_71dfcd9f28f9c8bc
cclex_ad18c20b2a0b220a,Purple,12,להתנשא על,condiscendere; trattare con aria di superiorità,,0,100,solid_base_candidate,citizen_cafe_source_lineage|citizen_cafe_text_export_import,clean_structural_candidate,src_1d4d5aaec4dc061b
cclex_a28361bbb20a6333,Purple,12,לפנות,girare; voltare; trasformare,,3,100,solid_base_candidate,citizen_cafe_source_lineage|citizen_cafe_text_export_import|streetwise_context_match,clean_structural_candidate,src_6f59be39910ec1d0
cclex_cb68751e6f1421ba,Purple,12,באיזשהו אופן,in qualche modo; in un certo senso,,0,100,solid_base_candidate,citizen_cafe_source_lineage|citizen_cafe_text_export_import,clean_structural_candidate,src_7aaeaea7b7f89088
cclex_75ccca0232ca840a,Purple,12,להסיח את הדעת,distrarre; deviare,,0,100,solid_base_candidate,citizen_cafe_source_lineage|citizen_cafe_text_export_import,clean_structural_candidate,src_31aceca72609068b
cclex_d824415651a42f47,Purple,12,קורע,esilarante; divertentissimo,,0,100,solid_base_candidate,citizen_cafe_source_lineage|citizen_cafe_text_export_import,clean_structural_candidate,src_825c4cdf73bbdb05
cclex_cb439ad36bd82c45,Purple,12,לחתוך מ,smettere; andarsene; lasciare,,0,100,solid_base_candidate,citizen_cafe_source_lineage|citizen_cafe_text_export_import,clean_structural_candidate,src_d7237c7d82757511
cclex_264dfc469e1c56a0,Purple,12,לפטפט עם,chiacchierare; conversare,,0,100,solid_base_candidate,citizen_cafe_source_lineage|citizen_cafe_text_export_import,clean_structural_candidate,src_866740523fff4bb2
cclex_ed5d53924a5c0466,Purple,12,₪ קלות,un po'; poco; un tantino,mojibake_or_extraction_symbol,0,20,quarantine,citizen_cafe_source_lineage|citizen_cafe_text_export_import,blocking_quality_flag,src_5f51b76f671cc3ad
cclex_f1a620df64677427,Purple,12,להתייפייף,essere autocompiaciuto; essere presuntuoso,,0,100,solid_base_candidate,citizen_cafe_source_lineage|citizen_cafe_text_export_import,clean_structural_candidate,src_15572664a6899680
cclex_41cac2eb2a132679,Purple,12,להשמיץ את,calunniare; diffamare,,0,100,solid_base_candidate,citizen_cafe_source_lineage|citizen_cafe_text_export_import,clean_structural_candidate,src_0d6c9aaceac80517
cclex_41745eb1e95cdda8,Purple,12,לפסול,squalificare; invalidare; escludere,,0,100,solid_base_candidate,citizen_cafe_source_lineage|citizen_cafe_text_export_import,clean_structural_candidate,src_95a2ca7e640617cd
cclex_fd68e5233f9a3592,Purple,12,להתמצא ב,orientarsi; essere competente,,0,100,solid_base_candidate,citizen_cafe_source_lineage|citizen_cafe_text_export_import,clean_structural_candidate,src_a6ebcb061b2c30a5
cclex_1471ecc429839346,Purple,12,להנהן,annuire; fare un cenno con la testa,,0,100,solid_base_candidate,citizen_cafe_source_lineage|citizen_cafe_text_export_import,clean_structural_candidate,src_807cd44b95d37b82
cclex_1e421ee9692350bf,Purple,12,ניתוח,analisi (f.); chirurgia (f.),,0,100,solid_base_candidate,citizen_cafe_source_lineage|citizen_cafe_text_export_import,clean_structural_candidate,src_ae807eba476c1235
cclex_3ae1c00a87b6a29b,Purple,12,"ח""כ, חכים",membro della Knesset; deputato (m.),,0,100,solid_base_candidate,citizen_cafe_source_lineage|citizen_cafe_text_export_import,clean_structural_candidate,src_1b85424176eedda3
cclex_5ad89e19f1b5f5e7,Purple,12,₪ להרים את,sollevare il morale; incoraggiare,mojibake_or_extraction_symbol,0,20,quarantine,citizen_cafe_source_lineage|citizen_cafe_text_export_import,blocking_quality_flag,src_485f1f6ca22270a3
cclex_b94f0a6f231516a3,Purple,12,לעודד את,incoraggiare; tifare per,,1,100,solid_base_candidate,citizen_cafe_source_lineage|citizen_cafe_text_export_import|streetwise_context_match,clean_structural_candidate,src_3312eb57e05b7716
cclex_a7bd66c8ec720f24,Purple,12,צביעות,ipocrisia (f.); falsità (f.),,0,100,solid_base_candidate,citizen_cafe_source_lineage|citizen_cafe_text_export_import,clean_structural_candidate,src_c600fe124a2fdb74
cclex_98bd80e2fb7890fe,Purple,12,צבוע,ipocrita; falso,,0,100,solid_base_candidate,citizen_cafe_source_lineage|citizen_cafe_text_export_import,clean_structural_candidate,src_4772d7e5a6cacda1
cclex_c1d56c688698926b,Purple,12,הכשרה,formazione professionale; addestramento,,1,100,solid_base_candidate,citizen_cafe_source_lineage|citizen_cafe_text_export_import|streetwise_context_match,clean_structural_candidate,src_f60a1033c4f655c7
cclex_6b59c92ee14c2b33,Purple,12,מוכשר,talentuoso; dotato; allenato,,0,100,solid_base_candidate,citizen_cafe_source_lineage|citizen_cafe_text_export_import,clean_structural_candidate,src_0c4a3613e4a5c1a0
cclex_b2b1a2aaaac099f6,Purple,12,להתכופף,piegarsi; chinarsi,,0,100,solid_base_candidate,citizen_cafe_source_lineage|citizen_cafe_text_export_import,clean_structural_candidate,src_da26ce98d2d426dc
cclex_f4e3cbe76fa38ed5,Purple,12,להדגים,dimostrare; manifestare,,1,100,solid_base_candidate,citizen_cafe_source_lineage|citizen_cafe_text_export_import|streetwise_context_match,clean_structural_candidate,src_dca6e4a44a471a87
cclex_8f5f22c710ff4e9b,Purple,12,:₪ להמחיש,illustrare; chiarire con esempi,mojibake_or_extraction_symbol,0,20,quarantine,citizen_cafe_source_lineage|citizen_cafe_text_export_import,blocking_quality_flag,src_ae990fc7ec32bd10
cclex_f8d6185b36c0c3bd,Purple,12,באמצעות,per mezzo di; tramite,,0,100,solid_base_candidate,citizen_cafe_source_lineage|citizen_cafe_text_export_import,clean_structural_candidate,src_db2c35b2075043bf
cclex_ff5b6dba7632d751,Purple,12,אמצעים,mezzi (m.); misure (f.); provvedimenti (m.),,0,100,solid_base_candidate,citizen_cafe_source_lineage|citizen_cafe_text_export_import,clean_structural_candidate,src_02f08a3938401eac
cclex_9b44eb2a865680e5,Purple,12,סמכות,autorità (f.); potere (m.),,1,100,solid_base_candidate,citizen_cafe_source_lineage|citizen_cafe_text_export_import|streetwise_context_match,clean_structural_candidate,src_001c16322c635fc0
cclex_e345fdf984680b05,Purple,12,בלתי אפשרי,impossibile; inconcepibile,,0,100,solid_base_candidate,citizen_cafe_source_lineage|citizen_cafe_text_export_import,clean_structural_candidate,src_222cc5157a574511
cclex_423e39591ed7942e,Purple,12,בלתי נשכח,indimenticabile; memorabile,,0,100,solid_base_candidate,citizen_cafe_source_lineage|citizen_cafe_text_export_import,clean_structural_candidate,src_3d99f1e9e5bfd30a
cclex_d258386f8f0bd019,Purple,12,בלתי נסבל,insopportabile; intollerabile,,1,100,solid_base_candidate,citizen_cafe_source_lineage|citizen_cafe_text_export_import|streetwise_context_match,clean_structural_candidate,src_0b413a37a1bb0241
cclex_dadcb8f9c46e5522,Purple,12,בלתי מנוצח,invincibile; imbattibile,,0,100,solid_base_candidate,citizen_cafe_source_lineage|citizen_cafe_text_export_import,clean_structural_candidate,src_1aa9df8ceb0b44a9
cclex_97e958b09fdee158,Purple,12,בלתי נתפס,incomprensibile; inimmaginabile,,1,100,solid_base_candidate,citizen_cafe_source_lineage|citizen_cafe_text_export_import|streetwise_context_match,clean_structural_candidate,src_ed8a12bfd6df87ee
cclex_3cccc2abad2e9247,Purple,12,₪ בלתי,920) 'N'72,mojibake_or_extraction_symbol|semantic_review|suspicious_translation_payload,0,20,quarantine,citizen_cafe_source_lineage|citizen_cafe_text_export_import,blocking_quality_flag,src_1637eb6a7af06fea
cclex_849290c4fd7ae532,Purple,12,להפיל,goccia (f.); caduta (f.),,1,100,solid_base_candidate,citizen_cafe_source_lineage|citizen_cafe_text_export_import|streetwise_context_match,clean_structural_candidate,src_b5fa5e96ee63c8c5
cclex_2c940bdb32b9e109,Purple,12,שאלה מכשילה,domanda ingannevole; domanda trabocchetto,,0,100,solid_base_candidate,citizen_cafe_source_lineage|citizen_cafe_text_export_import,clean_structural_candidate,src_22508570047baaa1
cclex_543ae4e532949398,Purple,12,להיכשל,fallire; vacillare; inciampare,,0,100,solid_base_candidate,citizen_cafe_source_lineage|citizen_cafe_text_export_import,clean_structural_candidate,src_4f889767ce758493
cclex_ee268f6fa5d392c7,Purple,12,להכשיל את,bocciare; fare fallire qualcuno,,0,100,solid_base_candidate,citizen_cafe_source_lineage|citizen_cafe_text_export_import,clean_structural_candidate,src_265430c24160d17b
cclex_c55c34226681f90a,Purple,12,חוסר אונים,indifeso; disperato; senza speranza,,0,100,solid_base_candidate,citizen_cafe_source_lineage|citizen_cafe_text_export_import,clean_structural_candidate,src_5245010d979f5dc9
cclex_2988e26fde53afd8,Purple,12,"דתל""ש, דתל""שית",non più religioso; laico,,0,100,solid_base_candidate,citizen_cafe_source_lineage|citizen_cafe_text_export_import,clean_structural_candidate,src_0a7c790115bc09d4
cclex_67190baf3ca71e58,Purple,12,משני,secondario; minore; sussidiario,,0,100,solid_base_candidate,citizen_cafe_source_lineage|citizen_cafe_text_export_import,clean_structural_candidate,src_71d4f9dc2438b6b6
cclex_6c7229cbbd56d28b,Purple,12,כותרת משנה,titolo secondario; sottotitolo (m.),,0,100,solid_base_candidate,citizen_cafe_source_lineage|citizen_cafe_text_export_import,clean_structural_candidate,src_60e74caaae97259f
cclex_184eecacf6ae60bc,Purple,12,מקריות,coincidenza (f.); caso (m.),,1,100,solid_base_candidate,citizen_cafe_source_lineage|citizen_cafe_text_export_import|streetwise_context_match,clean_structural_candidate,src_b7c22ba2fc8a4fc2
cclex_2d98244e75b7eae7,Purple,12,מסר,messaggio (m.); morale (m.),,1,100,solid_base_candidate,citizen_cafe_source_lineage|citizen_cafe_text_export_import|streetwise_context_match,clean_structural_candidate,src_2f53473d2c726d6f
cclex_c5a8d3d7b215c862,Purple,12,למסירה,omaggio (m.); lotto di premi; regalistica (f.),,0,100,solid_base_candidate,citizen_cafe_source_lineage|citizen_cafe_text_export_import,clean_structural_candidate,src_c55260851f1e7c1d
cclex_da4abee1af2d5f48,Purple,12,לכאורה,apparentemente; presumibilmente; a quanto pare,,0,100,solid_base_candidate,citizen_cafe_source_lineage|citizen_cafe_text_export_import,clean_structural_candidate,src_23caa5a833c08852
cclex_3cc59e613f1f914e,Purple,12,ניתן,possibile; fattibile,,0,100,solid_base_candidate,citizen_cafe_source_lineage|citizen_cafe_text_export_import,clean_structural_candidate,src_2310f64d0094b7cf
cclex_e283c2780891292e,Purple,12,להתחרפן,impazzire; diventare pazzo,,0,100,solid_base_candidate,citizen_cafe_source_lineage|citizen_cafe_text_export_import,clean_structural_candidate,src_983b861ab62ec476
cclex_a320ad9e5ff5cd79,Purple,12,מחדל,errore grave; negligenza (f.),,0,100,solid_base_candidate,citizen_cafe_source_lineage|citizen_cafe_text_export_import,clean_structural_candidate,src_2d66731f427d3e58
cclex_d7ff61f81c20de82,Purple,12,חריג,eccezionale; insolito; straordinario,,0,100,solid_base_candidate,citizen_cafe_source_lineage|citizen_cafe_text_export_import,clean_structural_candidate,src_3210e4c1a328b500
cclex_8b3d4976ccacb731,Purple,12,מתבקש,si impone / viene spontaneo / è richiesto,,0,100,solid_base_candidate,citizen_cafe_source_lineage|citizen_cafe_text_export_import,clean_structural_candidate,src_c548b58e02fc7fdc
cclex_37d80f357d0f011f,Purple,12,על הבוקר,al mattino presto; di buon'ora,,0,100,solid_base_candidate,citizen_cafe_source_lineage|citizen_cafe_text_export_import,clean_structural_candidate,src_6e4e41c0f75aa213
cclex_2608eebac401cc02,Purple,12,לעמוד בזמנים,essere puntuale; arrivare in orario,,0,100,solid_base_candidate,citizen_cafe_source_lineage|citizen_cafe_text_export_import,clean_structural_candidate,src_1a274e9feb58dee6
cclex_252f8f1f2f3ae481,Purple,12,לעמוד ב,resistere; sostenere; appoggiare,,0,100,solid_base_candidate,citizen_cafe_source_lineage|citizen_cafe_text_export_import,clean_structural_candidate,src_e9d74e3672d024dc
cclex_806b24d9791e65cc,Purple,12,לעמוד במשימה,essere all'altezza; essere capace,,0,100,solid_base_candidate,citizen_cafe_source_lineage|citizen_cafe_text_export_import,clean_structural_candidate,src_23568e34a39c790c
cclex_3eb6c02c2bde6504,Purple,12,ליתר דיוק,per essere precisi; per l'esattezza,,0,100,solid_base_candidate,citizen_cafe_source_lineage|citizen_cafe_text_export_import,clean_structural_candidate,src_d739106dd061542e
cclex_18420b6912e6ee37,Purple,12,לתאם,coordinare; fissare un appuntamento; sincronizzare,,0,100,solid_base_candidate,citizen_cafe_source_lineage|citizen_cafe_text_export_import,clean_structural_candidate,src_86486804d2f05279
cclex_cffc74840993be00,Purple,12,להקפיד,essere rigoroso; fare le cose per bene,,0,100,solid_base_candidate,citizen_cafe_source_lineage|citizen_cafe_text_export_import,clean_structural_candidate,src_5e17628ff4273d5d
cclex_c156d60af59b43a7,Purple,12,₪ בשל,ra; sole (m.),mojibake_or_extraction_symbol,0,20,quarantine,citizen_cafe_source_lineage|citizen_cafe_text_export_import,blocking_quality_flag,src_72e32cc25cac92a3
cclex_66250aade014d18a,Purple,12,להדביק את,infettare qualcuno; contagiare,,0,100,solid_base_candidate,citizen_cafe_source_lineage|citizen_cafe_text_export_import,clean_structural_candidate,src_c6272099837b7843
cclex_a0c10deadca55843,Purple,12,להידבק מ,essere infettato da; contrarre (malattia),,0,100,solid_base_candidate,citizen_cafe_source_lineage|citizen_cafe_text_export_import,clean_structural_candidate,src_fa0e8e0b401837ae
cclex_5fcf37630c12674b,Purple,12,להתפשר,compromesso; transare; scendere a compromessi,,0,100,solid_base_candidate,citizen_cafe_source_lineage|citizen_cafe_text_export_import,clean_structural_candidate,src_ea9a5d43c14b8ffb
cclex_948e945128690d3e,Purple,12,להתנהל,comportarsi; gestirsi,,0,100,solid_base_candidate,citizen_cafe_source_lineage|citizen_cafe_text_export_import,clean_structural_candidate,src_3fff4f9f87a72c9c
cclex_cc84655e77d2902d,Purple,12,קלקול קיבה,intossicazione alimentare; avvelenamento,,0,100,solid_base_candidate,citizen_cafe_source_lineage|citizen_cafe_text_export_import,clean_structural_candidate,src_3b595c07066a83d4
cclex_880332485e843fa7,Purple,12,מלכתחילה,innanzitutto; da sempre; fin dall'inizio,,0,100,solid_base_candidate,citizen_cafe_source_lineage|citizen_cafe_text_export_import,clean_structural_candidate,src_33fada1e3ec35064
cclex_c90ae2077f2cd32e,Purple,12,משק,un'economia; un'azienda agricola,,0,100,solid_base_candidate,citizen_cafe_source_lineage|citizen_cafe_text_export_import,clean_structural_candidate,src_3b90567eafd0ada1
cclex_96c9a197abb3211a,Purple,12,משק בית,lavori domestici; faccende domestiche,,0,100,solid_base_candidate,citizen_cafe_source_lineage|citizen_cafe_text_export_import,clean_structural_candidate,src_f3ed25840e740726
cclex_3f34a61156d93319,Purple,12,משק עבודה,mercato del lavoro,,0,100,solid_base_candidate,citizen_cafe_source_lineage|citizen_cafe_text_export_import,clean_structural_candidate,src_3d9f9dbdf11d878b
cclex_08f0a0665cde8209,Purple,12,להתאשפז,essere ricoverato; entrare in ospedale,,0,100,solid_base_candidate,citizen_cafe_source_lineage|citizen_cafe_text_export_import,clean_structural_candidate,src_bcf0598a7948eb45
cclex_e3239482609da079,Purple,12,מזווית אחרת,da un altro angolo; da un'altra prospettiva,,0,100,solid_base_candidate,citizen_cafe_source_lineage|citizen_cafe_text_export_import,clean_structural_candidate,src_3b512385a545c849
cclex_03ac164d6834f710,Purple,12,מנקודת מבט אחרת,da un altro punto di vista,,0,100,solid_base_candidate,citizen_cafe_source_lineage|citizen_cafe_text_export_import,clean_structural_candidate,src_e42cd2671b9fe54b
cclex_062e917d9d6130ab,Purple,12,תרגום מילולי,traduzione letterale,,0,100,solid_base_candidate,citizen_cafe_source_lineage|citizen_cafe_text_export_import,clean_structural_candidate,src_665e428960dfd788
cclex_ef721a885d2aaba6,Purple,12,בקטנה,niente di grave; non è importante,,2,100,solid_base_candidate,citizen_cafe_source_lineage|citizen_cafe_text_export_import|streetwise_context_match,clean_structural_candidate,src_f273b3c0acfebc7d
cclex_2fc2602b8864c134,Purple,12,= כיום,oggigiorno; al giorno d'oggi,,0,100,solid_base_candidate,citizen_cafe_source_lineage|citizen_cafe_text_export_import,clean_structural_candidate,src_46a15eb6acb49fa3
cclex_125048d1cd6ea50d,Purple,12,...מודע ל,consapevole; informato,,0,100,solid_base_candidate,citizen_cafe_source_lineage|citizen_cafe_text_export_import,clean_structural_candidate,src_06a24daf83697913
cclex_19923507c6217224,Purple,12,להיאלץ,essere forzato; essere costretto,,0,100,solid_base_candidate,citizen_cafe_source_lineage|citizen_cafe_text_export_import,clean_structural_candidate,src_c2f8c16272765ef1
cclex_fc06ffd43e4a9d23,Purple,12,תכונות,caratteristiche; proprietà (f.),,0,100,solid_base_candidate,citizen_cafe_source_lineage|citizen_cafe_text_export_import,clean_structural_candidate,src_dc7e1f9ebf464bbc
cclex_1061631ab34a0c35,Purple,12,עקרוני,per principio; per questione di principio,,0,100,solid_base_candidate,citizen_cafe_source_lineage|citizen_cafe_text_export_import,clean_structural_candidate,src_0e98e1f8c79682d9
cclex_e04436cb5ef676ae,Purple,12,להתעסק,affrontare; occuparsi di,,1,100,solid_base_candidate,citizen_cafe_source_lineage|citizen_cafe_text_export_import|streetwise_context_match,clean_structural_candidate,src_7343dce91d9fec4a
cclex_912f1d4523082738,Purple,12,הארה,epifania; illuminazione (f.),,1,100,solid_base_candidate,citizen_cafe_source_lineage|citizen_cafe_text_export_import|streetwise_context_match,clean_structural_candidate,src_165c84be5e34258c
cclex_cb6180d725702c05,Purple,12,לא יקום ולא יהיה,in nessun caso; per nulla al mondo,,0,100,solid_base_candidate,citizen_cafe_source_lineage|citizen_cafe_text_export_import,clean_structural_candidate,src_0cf1c1bb51697cf0
cclex_e4db0f001a2d2356,Purple,12,מיטב כספי,bei soldi; soldi che valga la pena,,0,100,solid_base_candidate,citizen_cafe_source_lineage|citizen_cafe_text_export_import,clean_structural_candidate,src_d62197090eb4880e
cclex_f6b492d14d3a20ff,Purple,12,יסודי (בית ספר),scuola elementare,,0,100,solid_base_candidate,citizen_cafe_source_lineage|citizen_cafe_text_export_import,clean_structural_candidate,src_e641bdfdab83726a
cclex_597e5beec57a3a74,Purple,12,יסודי,minuzioso; approfondito; scrupoloso,,0,100,solid_base_candidate,citizen_cafe_source_lineage|citizen_cafe_text_export_import,clean_structural_candidate,src_df3b1d53f9082298
cclex_b0429756c656b95f,Purple,12,קלמר,astuccio (m.); portamatite (m.),,0,100,solid_base_candidate,citizen_cafe_source_lineage|citizen_cafe_text_export_import,clean_structural_candidate,src_753b1d4b5311bca5
cclex_351c0c7ee593f7fa,Purple,12,להתרוקן,diventare vuoto; svuotarsi,,0,100,solid_base_candidate,citizen_cafe_source_lineage|citizen_cafe_text_export_import,clean_structural_candidate,src_2d144eea3e422a83
cclex_cc3b8437b9c085ea,Purple,12,לרוקן את,vuoto; deserto,,0,100,solid_base_candidate,citizen_cafe_source_lineage|citizen_cafe_text_export_import,clean_structural_candidate,src_a69eae19ee25d107
cclex_dc99f32f8cc4b6d2,Purple,12,לסתום,sigillare; tappare; stappare,,0,100,solid_base_candidate,citizen_cafe_source_lineage|citizen_cafe_text_export_import,clean_structural_candidate,src_32877e10c127c6e1
cclex_bac8f79c25aa02cf,Purple,12,לנער את,scuotere; agitare; tremato,,0,100,solid_base_candidate,citizen_cafe_source_lineage|citizen_cafe_text_export_import,clean_structural_candidate,src_f9f19141b6a6410e
cclex_b96b9d987dcf5b8a,Purple,12,בריונות,bullismo (m.); molestia (f.),,1,100,solid_base_candidate,citizen_cafe_source_lineage|citizen_cafe_text_export_import|streetwise_context_match,clean_structural_candidate,src_87d4fbe5ef8d65b0
cclex_e64fed4de77068c7,Purple,12,בן לילה,durante la notte; all'improvviso,,0,100,solid_base_candidate,citizen_cafe_source_lineage|citizen_cafe_text_export_import,clean_structural_candidate,src_749b19951d57f996
cclex_35f0f9d9adf02cab,Purple,12,תביעה,causa (f.); azione legale,,0,100,solid_base_candidate,citizen_cafe_source_lineage|citizen_cafe_text_export_import,clean_structural_candidate,src_950fad8e65927fc4
