verb_id,root,binyan,italian,forms_total,forms_unique,help_matched_unique,help_match_ratio,median_frequency,median_ld_mean_rt,median_ld_accuracy,median_naming_mean_rt,median_naming_accuracy,flags,help_context_flags,matched_forms,missing_from_help_forms,non_hebrew_forms,shared_forms_within_verb
hebverb_001,אכל,pa'al,mangiare,26,20,5,0.25,32.41165462,547.9485714285714,0.9714285714285714,486.7142857142857,1.0,,,אוכל | אוכלים | אכלתי | נאכל | תאכלי,אוכלות | אוכלת | אכל | אכלה | אכלו | אכלנו | אכלת | אכלתם | אכלתן | יאכל | יאכלו | לאכול | תאכל | תאכלו | תאכלנה,,אוכל | אכלת | אכל | אכלו | תאכל | תאכלנה
hebverb_002,סבר,hiph'il,spiegare,25,21,2,0.0952,54.065914448499996,560.4054054054054,0.9864864864864865,,,,,הסבירה | להסביר,אסביר | הסביר | הסבירו | הסברנו | הסברת | הסברתי | הסברתם | הסברתן | יסביר | יסבירו | מסביר | מסבירה | מסבירות | מסבירים | נסביר | תסביר | תסבירו | תסבירי | תסברנה,,הסברת | הסבירו | תסביר | תסברנה
hebverb_003,דבר,pi'el,parlare,35,29,13,0.4483,46.88623265,557.627027027027,0.9428571428571428,459.05128205128204,1.0,,,דבר | דיבר | דיברה | דיברת | דיברתי | דיברתם | ידברו | מדבר | מדברים | נדבר | תדבר | תדברו | תדברי,אדבר | דברה | דברו | דברנו | דברת | דברתי | דברתם | דברתן | דיברו | דיברנו | דיברתן | ידבר | לדבר | מדברות | מדברת | תדברנה,,דיברת | דברת | דיברו | דברו | תדבר | תדברנה
hebverb_004,ראה,pa'al,vedere,25,20,12,0.6,158.9656737,552.967030075188,0.8973684210526316,478.969696969697,1.0,,,יראה | נראה | ראה | ראו | ראינו | ראית | ראיתי | ראתה | רואים | תראה | תראו | תראי,אראה | יראו | לראות | ראיתם | ראיתן | רואה | רואות | תראינה,,רואה | ראית | ראו | תראה | תראינה
hebverb_005,הלך,pa'al,andare / camminare,25,21,8,0.381,44.76992443,544.4183397683398,0.9319548872180451,452.725,1.0,,,הולך | הלך | הלכו | הלכנו | הלכת | ילך | נלך | תלכו,אלך | הולכות | הולכים | הולכת | הלכה | הלכתי | הלכתם | הלכתן | ילכו | ללכת | תלך | תלכי | תלכנה,,הלכת | הלכו | תלך | תלכנה
hebverb_006,כתב,pa'al,scrivere,32,26,5,0.1923,30.69556514,535.3257142571429,0.9166666666666666,481.2972972972973,1.0,,,כותב | כתב | כתבת | כתבתי | נכתב,אכתב | אכתוב | יכתב | יכתבו | יכתוב | כותבות | כותבים | כותבת | כתבה | כתבו | כתבנו | כתבתם | כתבתן | לכתוב | נכתוב | תכתב | תכתבו | תכתבי | תכתבנה | תכתוב | תכתובנה,,כתבת | כתבו | תכתוב | תכתב | תכתובנה | תכתבנה
hebverb_007,חכה,pi'el,aspettare,35,28,4,0.1429,72.512360325,565.9033088235294,0.9146341463414634,461.6545454545454,0.9736842105263157,,,אחכה | חכה | יחכה | מחכה,חיכה | חיכו | חיכינו | חיכית | חיכיתי | חיכיתם | חיכיתן | חיכתה | חכו | חכינו | חכית | חכיתי | חכיתם | חכיתן | חכתה | יחכו | לחכות | מחכות | מחכים | נחכה | תחכה | תחכו | תחכי | תחכינה,,מחכה | חיכית | חכית | חיכו | חכו | תחכה | תחכינה
hebverb_008,בוא,pa'al,venire,27,20,7,0.35,60.87569705,556.9228571428571,0.9444444444444444,465.3030303030303,0.9864864864864865,,,באים | באנו | באת | באתי | יבוא | יבואו | תבוא,אבוא | בא | באה | באו | באות | באתם | באתן | לבוא | נבוא | תבאנה | תבואו | תבואי | תבואנה,,בא | באה | באת | באו | תבוא | תבואנה | תבאנה
hebverb_009,אהב,pa'al,amare,26,20,7,0.35,43.61171563,586.335,0.9428571428571428,462.62857142857143,1.0,,,אהבה | אהבת | אוהבת | יאהב | לאהוב | נאהב | תאהבו,אהב | אהבו | אהבנו | אהבתי | אהבתם | אהבתן | אוהב | אוהבות | אוהבים | יאהבו | תאהב | תאהבי | תאהבנה,,אוהב | אהבת | אהב | אהבו | תאהב | תאהבנה
hebverb_010,שתה,pa'al,bere,25,20,5,0.25,12.18848004,572.9200000000001,0.9,512.85,0.9705882352941176,,,לשתות | שותה | שתתה | תשתה | תשתו,אשתה | ישתה | ישתו | נשתה | שותות | שותים | שתה | שתו | שתינו | שתית | שתיתי | שתיתם | שתיתן | תשתי | תשתינה,,שותה | שתית | שתו | תשתה | תשתינה
hebverb_011,קרא,pa'al,leggere / chiamare,25,21,5,0.2381,40.88295144,592.5222222222222,0.8947368421052632,508.62417763157896,0.9571428571428571,,,אקרא | יקרא | נקרא | קוראת | קראת,יקראו | לקרוא | קורא | קוראות | קוראים | קרא | קראה | קראו | קראנו | קראתי | קראתם | קראתן | תקרא | תקראו | תקראי | תקראנה,,קראת | קראו | תקרא | תקראנה
hebverb_012,רצה,pa'al,volere,25,20,8,0.4,36.75038968,578.3703947500001,0.8999999999999999,474.72027972027973,1.0,,,ארצה | ירצו | לרצות | נרצה | רוצות | רצה | רצתה | תרצו,ירצה | רוצה | רוצים | רצו | רצינו | רצית | רציתי | רציתם | רציתן | תרצה | תרצי | תרצינה,,רוצה | רצית | רצו | תרצה | תרצינה
hebverb_013,בשל,pi'el,cucinare,35,29,1,0.0345,1.237039765,659.0971428571429,0.8857142857142857,435.2758620689655,0.9393939393939394,,,בשלו,אבשל | בישל | בישלה | בישלו | בישלנו | בישלת | בישלתי | בישלתם | בישלתן | בשל | בשלה | בשלנו | בשלת | בשלתי | בשלתם | בשלתן | יבשל | יבשלו | לבשל | מבשל | מבשלות | מבשלים | מבשלת | נבשל | תבשל | תבשלו | תבשלי | תבשלנה,,בישלת | בשלת | בישלו | בשלו | תבשל | תבשלנה
hebverb_014,אפה,pa'al,cuocere al forno,26,19,1,0.0526,1.02480255,628.2552631578948,0.8157894736842105,557.0666666666667,1.0,,,אופים,אופה | אופות | אפה | אפו | אפינו | אפית | אפיתי | אפיתם | אפיתן | אפתה | יאפה | יאפו | לאפות | נאפה | תאפה | תאפו | תאפי | תאפינה,,אופה | אפית | אפה | אפו | תאפה | תאפינה
hebverb_015,לבש,pa'al,indossare,25,21,4,0.1905,21.5481412,602.3458333333333,0.9030888030888031,451.05882352941177,1.0,,,לבש | לבשה | לובש | לובשת,אלבש | ילבש | ילבשו | לבשו | לבשנו | לבשת | לבשתי | לבשתם | לבשתן | לובשות | לובשים | ללבוש | נלבש | תלבש | תלבשו | תלבשי | תלבשנה,,לבשת | לבשו | תלבש | תלבשנה
hebverb_016,נעל,pa'al,calzare / mettersi le scarpe,32,26,4,0.1538,10.1055233745,582.3148648648648,0.9579150579150579,455.97647527910686,0.8330827067669173,,,נעל | נעלה | נעלת | תנעלי,אנעול | אנעל | ינעול | ינעל | ינעלו | לנעל | נועל | נועלות | נועלים | נועלת | ננעול | ננעל | נעלו | נעלנו | נעלתי | נעלתם | נעלתן | תנעול | תנעולנה | תנעל | תנעלו | תנעלנה,,נעלת | נעלו | תנעל | תנעול | תנעלנה | תנעולנה
hebverb_017,חבש,pa'al,portare un cappello,32,26,0,0.0,,,,,,,no_help_match_context_only,,אחבוש | אחבש | חבש | חבשה | חבשו | חבשנו | חבשת | חבשתי | חבשתם | חבשתן | חובש | חובשות | חובשים | חובשת | יחבוש | יחבש | יחבשו | לחבש | נחבוש | נחבש | תחבוש | תחבושנה | תחבש | תחבשו | תחבשי | תחבשנה,,חבשת | חבשו | תחבש | תחבוש | תחבשנה | תחבושנה
hebverb_018,ענד,pa'al,portare un anello,32,26,2,0.0769,1.355286213,647.6245614035088,0.5850202429149798,,,,,ענדה | תענוד,אענד | אענוד | יענד | יענדו | יענוד | לענד | נענד | נענוד | עונד | עונדות | עונדים | עונדת | ענד | ענדו | ענדנו | ענדת | ענדתי | ענדתם | ענדתן | תענד | תענדו | תענדי | תענדנה | תענודנה,,ענדת | ענדו | תענד | תענוד | תענדנה | תענודנה
hebverb_019,שים,pa'al,mettere,25,19,10,0.5263,46.68005936,557.9724812030074,0.9339285714285714,505.6764705882353,1.0,,,ישים | ישימו | לשים | נשים | שם | שמה | שמים | שמתי | תשימו | תשימי,אשים | שמו | שמות | שמנו | שמת | שמתם | שמתן | תשים | תשמנה,,שם | שמה | שמת | שמו | תשים | תשמנה
hebverb_020,רכב,hiph'il,portare gli occhiali,25,21,1,0.0476,3.323028388,570.9973684473684,0.8947368421052632,496.5135135135135,0.9743589743589743,,,הרכיב,ארכיב | הרכבנו | הרכבת | הרכבתי | הרכבתם | הרכבתן | הרכיבה | הרכיבו | ירכיב | ירכיבו | להרכיב | מרכיב | מרכיבה | מרכיבות | מרכיבים | נרכיב | תרכבנה | תרכיב | תרכיבו | תרכיבי,,הרכבת | הרכיבו | תרכיב | תרכבנה
hebverb_021,גרב,pa'al,mettersi i calzini,32,26,0,0.0,,,,,,,no_help_match_context_only,,אגרב | אגרוב | גורב | גורבות | גורבים | גורבת | גרב | גרבה | גרבו | גרבנו | גרבת | גרבתי | גרבתם | גרבתן | יגרב | יגרבו | יגרוב | לגרוב | נגרב | נגרוב | תגרב | תגרבו | תגרבי | תגרבנה | תגרוב | תגרובנה,,גרבת | גרבו | תגרוב | תגרב | תגרובנה | תגרבנה
hebverb_022,צבע,pa'al,dipingere,25,21,2,0.0952,18.7951213285,566.8841430630905,0.9089068825910931,494.13513513513516,1.0,,,אצבע | צבעתי,יצבע | יצבעו | לצבוע | נצבע | צבע | צבעה | צבעו | צבענו | צבעת | צבעתם | צבעתן | צובע | צובעות | צובעים | צובעת | תצבע | תצבעו | תצבעי | תצבענה,,צבעת | צבעו | תצבע | תצבענה
hebverb_023,ספר,pa'al,contare,32,26,7,0.2692,30.6227981,561.9594595405406,0.9428571428571428,514.5547235023041,0.8970588235294117,,,אספר | יספר | ספר | ספרנו | ספרת | תספר | תספרי,אספור | יספור | יספרו | לספור | נספור | נספר | סופר | סופרות | סופרים | סופרת | ספרה | ספרו | ספרתי | ספרתם | ספרתן | תספור | תספורנה | תספרו | תספרנה,,ספרת | ספרו | תספור | תספר | תספורנה | תספרנה
hebverb_024,שאל,pa'al,chiedere,25,21,11,0.5238,19.45305669,558.2342105263158,0.9444444444444444,487.2,0.972473604826546,,,ישאל | ישאלו | לשאול | נשאל | שאלה | שאלנו | שאלת | שאלתי | שואל | שואלים | תשאלו,אשאל | שאל | שאלו | שאלתם | שאלתן | שואלות | שואלת | תשאל | תשאלי | תשאלנה,,שאלת | שאלו | תשאל | תשאלנה
hebverb_025,ענה,pa'al,rispondere,25,20,3,0.15,18.16144165,562.1743588974359,0.9487179487179487,443.34375,0.9705882352941176,,,לענות | ענה | ענית,אענה | יענה | יענו | נענה | עונה | עונות | עונים | ענו | ענינו | עניתי | עניתם | עניתן | ענתה | תענה | תענו | תעני | תענינה,,עונה | ענית | ענו | תענה | תענינה
hebverb_026,למד,pa'al,studiare / imparare,25,21,6,0.2857,10.399623514,556.3407894868421,0.9319548872180451,469.9301801801802,0.9571428571428571,,,ילמד | ללמוד | למדה | למדו | למדנו | למדתי,אלמד | ילמדו | לומד | לומדות | לומדים | לומדת | למד | למדת | למדתם | למדתן | נלמד | תלמד | תלמדו | תלמדי | תלמדנה,,למדת | למדו | תלמד | תלמדנה
hebverb_027,למד,pi'el,insegnare,35,29,7,0.2414,9.320245679,571.7914285714286,0.868421052631579,470.02702702702703,0.9142857142857143,,,ילמד | לימד | לימדה | למדה | למדו | למדנו | למדתי,אלמד | ילמדו | לימדו | לימדנו | לימדת | לימדתי | לימדתם | לימדתן | ללמד | למד | למדת | למדתם | למדתן | מלמד | מלמדות | מלמדים | מלמדת | נלמד | תלמד | תלמדו | תלמדי | תלמדנה,,לימדת | למדת | לימדו | למדו | תלמד | תלמדנה
hebverb_028,תרגל,pi'el,esercitarsi,35,29,1,0.0345,2.18907527,557.25,0.975,507.2162162162162,1.0,,,מתרגלים,אתרגל | יתרגל | יתרגלו | לתרגל | מתרגל | מתרגלות | מתרגלת | נתרגל | תירגל | תירגלה | תירגלו | תירגלנו | תירגלת | תירגלתי | תירגלתם | תירגלתן | תרגל | תרגלה | תרגלו | תרגלנו | תרגלת | תרגלתי | תרגלתם | תרגלתן | תתרגל | תתרגלו | תתרגלי | תתרגלנה,,תירגלת | תרגלת | תירגלו | תרגלו | תתרגל | תתרגלנה
hebverb_029,טיל,pi'el,viaggiare / passeggiare,49,41,2,0.0488,7.0674992445,584.7249999999999,0.9473684210526315,,,,,מטייל | מטיל,אטייל | אטיל | טייל | טיילה | טיילו | טיילנו | טיילת | טיילתי | טיילתם | טיילתן | טיל | טילה | טילו | טילנו | טילת | טילתי | טילתם | טילתן | יטייל | יטיילו | יטיל | יטילו | לטיל | מטיילות | מטיילים | מטיילת | מטילות | מטילים | מטילת | נטייל | נטיל | תטייל | תטיילו | תטיילי | תטיילנה | תטיל | תטילו | תטילי | תטילנה,,טילת | טיילת | טילו | טיילו | תטיל | תטייל | תטילנה | תטיילנה
hebverb_030,רכב,pa'al,cavalcare / andare in,25,21,6,0.2857,3.577713045,569.9747635,0.8157894736842105,515.921052631579,1.0,,,ארכב | רוכב | רוכבת | רכב | רכבה | רכבו,ירכב | ירכבו | לרכב | נרכב | רוכבות | רוכבים | רכבנו | רכבת | רכבתי | רכבתם | רכבתן | תרכב | תרכבו | תרכבי | תרכבנה,,רכבת | רכבו | תרכב | תרכבנה
hebverb_031,נהג,pa'al,guidare,25,21,4,0.1905,15.629754874,583.9639090431773,0.7421052631578948,476.72727272727275,0.9736842105263158,,,אנהג | ינהג | נהגתי | נוהג,ינהגו | לנהוג | נהג | נהגה | נהגו | נהגנו | נהגת | נהגתם | נהגתן | נוהגות | נוהגים | נוהגת | ננהג | תנהג | תנהגו | תנהגי | תנהגנה,,נהגת | נהגו | תנהג | תנהגנה
hebverb_032,שוט,pa'al,navigare,27,20,0,0.0,,,,,,,no_help_match_context_only,,אשוט | ישוט | ישוטו | לשוט | נשוט | שט | שטה | שטו | שטות | שטים | שטנו | שטת | שטתי | שטתם | שטתן | תשוט | תשוטו | תשוטי | תשוטנה | תשטנה,,שט | שטה | שטת | שטו | תשוט | תשוטנה | תשטנה
hebverb_033,טוס,pa'al,volare,27,20,2,0.1,19.2681071215,605.4732843276144,0.803088803088803,469.258064516129,1.0,,,טס | נטוס,אטוס | טסה | טסו | טסות | טסים | טסנו | טסת | טסתי | טסתם | טסתן | יטוס | יטוסו | לטוס | תטוס | תטוסו | תטוסי | תטוסנה | תטסנה,,טס | טסה | טסת | טסו | תטוס | תטוסנה | תטסנה
hebverb_034,נסע,pa'al,viaggiare in,34,27,9,0.3333,10.31472863,566.4472222222222,0.9166666666666666,483.45714285714286,0.9743589743589743,,,אסע | נוסע | נוסעים | נסע | נסעתי | תיסע | תיסעו | תיסעי | תסע,ייסע | ייסעו | יסע | יסעו | לנסע | נוסעות | נוסעת | ניסע | נסעה | נסעו | נסענו | נסעת | נסעתם | נסעתן | תיסענה | תסעו | תסעי | תסענה,,נסעת | נסע | נסעו | תסע | תיסע | תסענה | תיסענה
hebverb_035,פלג,hiph'il,navigare,25,21,3,0.1429,2.055669021,604.9529411764706,0.9714285714285714,464.0257352941177,0.9857142857142858,,,להפליג | מפליג | תפליג,אפליג | הפלגנו | הפלגת | הפלגתי | הפלגתם | הפלגתן | הפליג | הפליגה | הפליגו | יפליג | יפליגו | מפליגה | מפליגות | מפליגים | נפליג | תפלגנה | תפליגו | תפליגי,,הפלגת | הפליגו | תפליג | תפלגנה
hebverb_036,שחה,pa'al,nuotare,25,20,0,0.0,,,,,,,no_help_match_context_only,,אשחה | ישחה | ישחו | לשחות | נשחה | שוחה | שוחות | שוחים | שחה | שחו | שחינו | שחית | שחיתי | שחיתם | שחיתן | שחתה | תשחה | תשחו | תשחי | תשחינה,,שוחה | שחית | שחו | תשחה | תשחינה
hebverb_037,אמר,pa'al,dire,26,20,8,0.4,186.45342495,549.993277027027,0.932967032967033,475.13662239089183,0.9714285714285714,,,אומר | אומרים | אומרת | אמרה | אמרו | אמרנו | אמרתם | נאמר,אומרות | אמר | אמרת | אמרתי | אמרתן | יאמר | יאמרו | לומר | תאמר | תאמרו | תאמרי | תאמרנה,,אומר | אמרת | אמר | אמרו | תאמר | תאמרנה
hebverb_038,נגע,pa'al,toccare,34,27,9,0.3333,3.783886339,586.0857142857143,0.8974358974358975,462.8954326923077,0.9609038737446198,,,אגע | יגע | לגעת | נגע | נגעו | נגענו | נוגע | תגעו | תיגע,יגעו | ייגע | ייגעו | נגעה | נגעת | נגעתי | נגעתם | נגעתן | נוגעות | נוגעים | נוגעת | ניגע | תגע | תגעי | תגענה | תיגעו | תיגעי | תיגענה,,נגעת | נגע | נגעו | תגע | תיגע | תגענה | תיגענה
hebverb_039,ישן,pa'al,dormire,25,18,4,0.2222,27.023861335,573.9591071803571,0.9462406015037594,464.7878787878788,0.9411764705882353,,,ישנה | ישנים | ישנתי | תישן,אישן | יישן | יישנו | ישן | ישנו | ישנות | ישנת | ישנתם | ישנתן | לישון | נישן | תישנה | תישנו | תישני,,ישן | ישנה | ישנת | ישנו | תישן | תישנה
hebverb_040,שמע,pa'al,sentire / ascoltare,25,21,10,0.4762,25.947515455,581.7378378378379,0.9459459459459459,494.4416221033868,0.9358974358974359,,,נשמע | שומע | שומעות | שומעת | שמעה | שמענו | שמעתם | תשמע | תשמעו | תשמעי,אשמע | ישמע | ישמעו | לשמוע | שומעים | שמע | שמעו | שמעת | שמעתי | שמעתן | תשמענה,,שמעת | שמעו | תשמע | תשמענה
hebverb_041,עבד,pa'al,lavorare,32,26,6,0.2308,79.21299241,555.3174341980264,0.9342105263157894,492.7702702702703,0.9743589743589743,,,לעבוד | עבדו | עבדתי | עבדתם | עובד | עובדים,אעבד | אעבוד | יעבד | יעבדו | יעבוד | נעבד | נעבוד | עבד | עבדה | עבדנו | עבדת | עבדתן | עובדות | עובדת | תעבד | תעבדו | תעבדי | תעבדנה | תעבוד | תעבודנה,,עבדת | עבדו | תעבוד | תעבד | תעבודנה | תעבדנה
hebverb_042,מצא,pa'al,trovare,25,21,8,0.381,37.78732007,558.1438827710623,0.9444015444015443,,,,,ימצא | מוצאים | מוצאת | מצא | מצאה | נמצא | תמצאו | תמצאי,אמצא | ימצאו | למצוא | מוצא | מוצאות | מצאו | מצאנו | מצאת | מצאתי | מצאתם | מצאתן | תמצא | תמצאנה,,מצאת | מצאו | תמצא | תמצאנה
hebverb_043,עשה,pa'al,fare,25,20,9,0.45,181.0807915,564.8135135405405,0.9024390243902439,447.825513196481,1.0,,,אעשה | יעשו | לעשות | עשה | עשו | עשינו | עשיתי | תעשה | תעשי,יעשה | נעשה | עושה | עושות | עושים | עשית | עשיתם | עשיתן | עשתה | תעשו | תעשינה,,עושה | עשית | עשו | תעשה | תעשינה
hebverb_044,תמך,pa'al,sostenere,32,26,3,0.1154,1.89800709,551.8142857142857,0.9210526315789473,479.8181818181818,1.0,,,יתמוך | לתמוך | תמכה,אתמוך | אתמך | יתמך | יתמכו | נתמוך | נתמך | תומך | תומכות | תומכים | תומכת | תמך | תמכו | תמכנו | תמכת | תמכתי | תמכתם | תמכתן | תתמוך | תתמוכנה | תתמך | תתמכו | תתמכי | תתמכנה,,תמכת | תמכו | תתמוך | תתמך | תתמוכנה | תתמכנה
hebverb_045,לקח,pa'al,prendere,34,27,9,0.3333,57.13425816,547.2552631578948,0.9210526315789473,484.79566563467495,1.0,,,ייקח | ייקחו | יקח | לוקחת | לקחו | לקחנו | לקחת | ניקח | תיקח,אקח | יקחו | לוקח | לוקחות | לוקחים | לקח | לקחה | לקחתי | לקחתם | לקחתן | נקח | תיקחו | תיקחי | תיקחנה | תקח | תקחו | תקחי | תקחנה,,לקחת | לקחו | תקח | תיקח | תקחנה | תיקחנה
hebverb_046,ידע,pa'al,sapere / conoscere,25,19,5,0.2632,156.9039408,576.8,0.918918918918919,478.42424242424244,0.9705882352941176,,,ידע | ידעה | יודעות | יודעים | לדעת,אדע | ידעו | ידענו | ידעת | ידעתי | ידעתם | ידעתן | יודע | יודעת | נדע | תדע | תדעו | תדעי | תדענה,,ידעת | ידע | ידעו | תדע | תדענה
hebverb_047,מכר,pa'al,vendere,32,26,4,0.1538,8.180228640500001,588.6237301587303,0.9045112781954887,482.38461538461536,1.0,,,למכור | מכרו | מכרת | תמכור,אמכור | אמכר | ימכור | ימכר | ימכרו | מוכר | מוכרות | מוכרים | מוכרת | מכר | מכרה | מכרנו | מכרתי | מכרתם | מכרתן | נמכור | נמכר | תמכורנה | תמכר | תמכרו | תמכרי | תמכרנה,,מכרת | מכרו | תמכור | תמכר | תמכורנה | תמכרנה
hebverb_048,קנה,pa'al,comprare,25,20,3,0.15,19.62891039,587.78,0.95,504.8125,1.0,,,קונה | קונים | תקנה,אקנה | יקנה | יקנו | לקנות | נקנה | קונות | קנה | קנו | קנינו | קנית | קניתי | קניתם | קניתן | קנתה | תקנו | תקני | תקנינה,,קונה | קנית | קנו | תקנה | תקנינה
hebverb_049,רשם,pa'al,annotare / registrare,32,26,4,0.1538,3.150206656,579.2098841698842,0.9428571428571428,469.67857142857144,0.9502567394094994,,,נרשום | רשמה | רשמת | רשמתי,ארשום | ארשם | ירשום | ירשם | ירשמו | לרשום | נרשם | רושם | רושמות | רושמים | רושמת | רשם | רשמו | רשמנו | רשמתם | רשמתן | תרשום | תרשומנה | תרשם | תרשמו | תרשמי | תרשמנה,,רשמת | רשמו | תרשום | תרשם | תרשומנה | תרשמנה
hebverb_050,כאב,pa'al,fare male,25,21,3,0.1429,61.73677375,558.2621621351351,0.918918918918919,486.05263157894734,1.0,,,כאב | כאבו | כואב,אכאב | יכאב | יכאבו | כאבה | כאבנו | כאבת | כאבתי | כאבתם | כאבתן | כואבות | כואבים | כואבת | לכאוב | נכאב | תכאב | תכאבו | תכאבי | תכאבנה,,כאבת | כאבו | תכאב | תכאבנה
hebverb_051,פתח,pa'al,aprire,25,21,5,0.2381,26.5842271,607.8657894736842,0.9428571428571428,493.3142857142857,0.9736842105263158,,,לפתוח | פותח | פתחנו | פתחת | תפתח,אפתח | יפתח | יפתחו | נפתח | פותחות | פותחים | פותחת | פתח | פתחה | פתחו | פתחתי | פתחתם | פתחתן | תפתחו | תפתחי | תפתחנה,,פתחת | פתחו | תפתח | תפתחנה
hebverb_052,נתן,pa'al,dare,34,26,9,0.3462,52.02237325,587.872972972973,0.8947368421052632,464.20757575757574,1.0,,,ייתנו | נותן | נותנת | נתן | נתנה | נתתי | תיתן | תיתני | תתן,אתן | ייתן | יתן | יתנו | לתת | נותנות | נותנים | ניתן | נתנו | נתת | נתתם | נתתן | תיתנה | תיתנו | תתנה | תתנו | תתני,,נתת | נתן | נתנו | תיתן | תתן | תיתנה | תתנה
hebverb_053,סגר,pa'al,chiudere,32,26,4,0.1538,15.402357855,543.4585850433227,0.9722007722007722,,,,,לסגור | נסגר | סגרנו | סוגרים,אסגור | אסגר | יסגור | יסגר | יסגרו | נסגור | סגר | סגרה | סגרו | סגרת | סגרתי | סגרתם | סגרתן | סוגר | סוגרות | סוגרת | תסגור | תסגורנה | תסגר | תסגרו | תסגרי | תסגרנה,,סגרת | סגרו | תסגור | תסגר | תסגורנה | תסגרנה
hebverb_054,כעס,pa'al,arrabbiarsi,25,21,3,0.1429,20.49605101,549.3685714285715,0.9428571428571428,464.6800573888092,1.0,,,כועסת | כעס | כעסה,אכעס | יכעס | יכעסו | כועס | כועסות | כועסים | כעסו | כעסנו | כעסת | כעסתי | כעסתם | כעסתן | לכעוס | נכעס | תכעס | תכעסו | תכעסי | תכעסנה,,כעסת | כעסו | תכעס | תכעסנה
hebverb_055,שמר,pa'al,custodire / conservare,32,26,8,0.3077,21.73005881,564.606097574489,0.9201465201465202,490.5806451612903,0.9705882352941176,,,אשמור | ישמור | לשמור | נשמר | שומר | שומרת | שמר | שמרת,אשמר | ישמר | ישמרו | נשמור | שומרות | שומרים | שמרה | שמרו | שמרנו | שמרתי | שמרתם | שמרתן | תשמור | תשמורנה | תשמר | תשמרו | תשמרי | תשמרנה,,שמרת | שמרו | תשמור | תשמר | תשמורנה | תשמרנה
hebverb_056,חשב,pa'al,pensare,32,26,10,0.3846,30.68040534,570.8778449366998,0.9199857752489331,492.6842105263158,0.9736842105263158,,,אחשוב | חושב | חושבות | חושבים | חושבת | חשבה | חשבו | חשבתם | יחשוב | תחשבי,אחשב | חשב | חשבנו | חשבת | חשבתי | חשבתן | יחשב | יחשבו | לחשוב | נחשב | נחשוב | תחשב | תחשבו | תחשבנה | תחשוב | תחשובנה,,חשבת | חשבו | תחשוב | תחשב | תחשובנה | תחשבנה
hebverb_057,חזר,pa'al,tornare / ripetere,32,26,7,0.2692,45.13982357,548.9885714285714,0.9459459459459459,494.0571428571429,1.0,,,חוזרים | חוזרת | חזר | חזרת | יחזור | יחזרו | תחזרו,אחזור | אחזר | חוזר | חוזרות | חזרה | חזרו | חזרנו | חזרתי | חזרתם | חזרתן | יחזר | לחזור | נחזור | נחזר | תחזור | תחזורנה | תחזר | תחזרי | תחזרנה,,חזרת | חזרו | תחזור | תחזר | תחזורנה | תחזרנה
hebverb_058,זכר,pa'al,ricordare,32,26,7,0.2692,24.72866746,555.472972972973,0.9428571428571428,500.4117647058824,0.9444444444444444,,,אזכר | זוכרים | זוכרת | זכרתי | לזכור | תזכור | תזכרו,אזכור | זוכר | זוכרות | זכר | זכרה | זכרו | זכרנו | זכרת | זכרתם | זכרתן | יזכור | יזכר | יזכרו | נזכור | נזכר | תזכורנה | תזכר | תזכרי | תזכרנה,,זכרת | זכרו | תזכור | תזכר | תזכורנה | תזכרנה
hebverb_059,רוץ,pa'al,correre,27,20,5,0.25,47.52900822,547.6342104736841,0.8857142857142857,470.1169117647059,1.0,,,לרוץ | רץ | רצה | רצות | תרוצי,ארוץ | ירוץ | ירוצו | נרוץ | רצו | רצים | רצנו | רצת | רצתי | רצתם | רצתן | תרוץ | תרוצו | תרוצנה | תרצנה,,רץ | רצה | רצת | רצו | תרוץ | תרוצנה | תרצנה
hebverb_060,כלל,pa'al,includere,32,26,2,0.0769,88.739411359,527.3771428571429,0.9714285714285714,,,,,כוללת | כלל,אכלול | אכלל | יכלול | יכלל | יכללו | כולל | כוללות | כוללים | כללה | כללו | כללנו | כללת | כללתי | כללתם | כללתן | לכלל | נכלול | נכלל | תכלול | תכלולנה | תכלל | תכללו | תכללי | תכללנה,,כללת | כללו | תכלל | תכלול | תכללנה | תכלולנה
hebverb_061,נוח,pa'al,riposare,25,19,4,0.2105,8.668374233,558.17492481203,0.9319548872180451,460.1388888888889,0.9736842105263158,,,אנוח | לנוח | נחת | תנוחי,ינוח | ינוחו | נח | נחה | נחו | נחות | נחים | נחנו | נחתי | נחתם | נחתן | ננוח | תנוח | תנוחו | תנחנה,,נח | נחה | נחת | נחו | תנוח | תנחנה
hebverb_062,שיר,pa'al,cantare,25,19,4,0.2105,4.0931462805,607.9440055311851,0.8421052631578947,502.45714285714286,0.9714285714285714,,,אשיר | ישירו | שר | שרתי,ישיר | לשיר | נשיר | שרה | שרו | שרות | שרים | שרנו | שרת | שרתם | שרתן | תשיר | תשירו | תשירי | תשרנה,,שר | שרה | שרת | שרו | תשיר | תשרנה
hebverb_063,רקד,pa'al,ballare,32,26,2,0.0769,2.9591931625,555.3198535054945,0.9029304029304028,,,,,רקד | תרקוד,ארקד | ארקוד | ירקד | ירקדו | ירקוד | לרקוד | נרקד | נרקוד | רוקד | רוקדות | רוקדים | רוקדת | רקדה | רקדו | רקדנו | רקדת | רקדתי | רקדתם | רקדתן | תרקד | תרקדו | תרקדי | תרקדנה | תרקודנה,,רקדת | רקדו | תרקוד | תרקד | תרקודנה | תרקדנה
hebverb_064,עזר,pa'al,aiutare,32,26,6,0.2308,26.95109429,559.9966447493421,0.9355263157894737,448.896875,0.9857142857142858,,,אעזור | לעזור | עוזר | עזרנו | עזרת | עזרתי,אעזר | יעזור | יעזר | יעזרו | נעזור | נעזר | עוזרות | עוזרים | עוזרת | עזר | עזרה | עזרו | עזרתם | עזרתן | תעזור | תעזורנה | תעזר | תעזרו | תעזרי | תעזרנה,,עזרת | עזרו | תעזור | תעזר | תעזורנה | תעזרנה
hebverb_065,שנא,pa'al,odiare,25,21,3,0.1429,2.686316744,593.814705882353,0.9142857142857143,475.73849206349206,0.9746469833119384,,,ישנא | שונאות | שנאה,אשנא | ישנאו | לשנוא | נשנא | שונא | שונאים | שונאת | שנא | שנאו | שנאנו | שנאת | שנאתי | שנאתם | שנאתן | תשנא | תשנאו | תשנאי | תשנאנה,,שנאת | שנאו | תשנא | תשנאנה
hebverb_066,עזב,pa'al,lasciare / partire,32,26,7,0.2692,30.39843304,583.7131578947368,0.8947368421052632,470.49242424242425,0.9857142857142858,,,אעזוב | עוזבים | עוזבת | עזבה | עזבו | עזבתי | תעזוב,אעזב | יעזב | יעזבו | יעזוב | לעזוב | נעזב | נעזוב | עוזב | עוזבות | עזב | עזבנו | עזבת | עזבתם | עזבתן | תעזב | תעזבו | תעזבי | תעזבנה | תעזובנה,,עזבת | עזבו | תעזוב | תעזב | תעזובנה | תעזבנה
hebverb_067,שקל,pa'al,considerare,32,26,3,0.1154,3.450370717,568.5485714285714,0.8378378378378378,504.6923076923077,0.9512195121951219,,,ישקול | לשקול | תשקול,אשקול | אשקל | ישקל | ישקלו | נשקול | נשקל | שוקל | שוקלות | שוקלים | שוקלת | שקל | שקלה | שקלו | שקלנו | שקלת | שקלתי | שקלתם | שקלתן | תשקולנה | תשקל | תשקלו | תשקלי | תשקלנה,,שקלת | שקלו | תשקול | תשקל | תשקולנה | תשקלנה
hebverb_068,חתם,pa'al,firmare,32,26,1,0.0385,6.773399104,637.2571428571429,0.9428571428571428,474.8857142857143,1.0,,,חתמתי,אחתום | אחתם | חותם | חותמות | חותמים | חותמת | חתם | חתמה | חתמו | חתמנו | חתמת | חתמתם | חתמתן | יחתום | יחתם | יחתמו | לחתם | נחתום | נחתם | תחתום | תחתומנה | תחתם | תחתמו | תחתמי | תחתמנה,,חתמת | חתמו | תחתם | תחתום | תחתמנה | תחתומנה
hebverb_069,עמד,pa'al,stare in piedi,32,26,7,0.2692,20.30200555,561.1257142857143,0.9210526315789473,433.2368421052632,0.9512195121951219,,,לעמוד | עומדות | עומדת | עמדו | עמדתי | תעמדי | תעמוד,אעמד | אעמוד | יעמד | יעמדו | יעמוד | נעמד | נעמוד | עומד | עומדים | עמד | עמדה | עמדנו | עמדת | עמדתם | עמדתן | תעמד | תעמדו | תעמדנה | תעמודנה,,עמדת | עמדו | תעמוד | תעמד | תעמודנה | תעמדנה
hebverb_070,ישב,pa'al,sedersi / stare seduto,25,19,7,0.3684,20.65371294,563.2088235294117,0.918918918918919,483.6542792792793,0.9871794871794872,,,יושב | יושבים | יושבת | ישב | ישבה | ישבנו | תשב,אשב | יושבות | ישבו | ישבת | ישבתי | ישבתם | ישבתן | לשבת | נשב | תשבו | תשבי | תשבנה,,ישבת | ישב | ישבו | תשב | תשבנה
hebverb_071,שכח,pa'al,dimenticare,25,21,1,0.0476,66.65461321,551.8583333333333,0.9722222222222222,470.38235294117646,1.0,,,שכחתי,אשכח | ישכח | ישכחו | לשכוח | נשכח | שוכח | שוכחות | שוכחים | שוכחת | שכח | שכחה | שכחו | שכחנו | שכחת | שכחתם | שכחתן | תשכח | תשכחו | תשכחי | תשכחנה,,שכחת | שכחו | תשכח | תשכחנה
hebverb_072,חתך,pa'al,tagliare,32,26,3,0.1154,1.952582374,682.9114285714286,0.9142857142857143,501.18918918918916,0.926829268292683,,,נחתך | תחתכו | תחתכי,אחתוך | אחתך | חותך | חותכות | חותכים | חותכת | חתך | חתכה | חתכו | חתכנו | חתכת | חתכתי | חתכתם | חתכתן | יחתוך | יחתך | יחתכו | לחתוך | נחתוך | תחתוך | תחתוכנה | תחתך | תחתכנה,,חתכת | חתכו | תחתוך | תחתך | תחתוכנה | תחתכנה
hebverb_073,יצר,pa'al,creare,35,27,3,0.1111,5.039117865,588.1850000249999,0.9,462.26292335115863,0.9705882352941176,,,ליצור | נצר | תיצור,אצור | אצר | יוצר | יוצרות | יוצרים | יוצרת | ייצור | ייצרו | יצר | יצרה | יצרו | יצרנו | יצרת | יצרתי | יצרתם | יצרתן | ניצור | תיצורנה | תיצרו | תיצרי | תצר | תצרו | תצרי | תצרנה,,יצרת | יצר | יצרו | תיצור | תצר | תיצורנה | תצרנה
hebverb_074,גדל,pa'al,crescere / far crescere,25,19,4,0.2105,19.516727855,561.080547652916,0.9864864864864865,470.20512820512823,0.975609756097561,,,גדל | גדלתי | לגדול | נגדל,אגדל | גדלה | גדלו | גדלות | גדלים | גדלנו | גדלת | גדלתם | גדלתן | יגדל | יגדלו | תגדל | תגדלו | תגדלי | תגדלנה,,גדל | גדלה | גדלת | גדלו | תגדל | תגדלנה
hebverb_075,בהה,pa'al,fissare,25,20,0,0.0,,,,,,,no_help_match_context_only,,אבהה | בהה | בהו | בהינו | בהית | בהיתי | בהיתם | בהיתן | בהתה | בוהה | בוהות | בוהים | יבהה | יבהו | לבהות | נבהה | תבהה | תבהו | תבהי | תבהינה,,בוהה | בהית | בהו | תבהה | תבהינה
hebverb_076,בדק,pa'al,controllare,32,26,7,0.2692,19.75625271,587.7128205384615,0.925,479.6270053475936,0.9857142857142858,,,בדקו | בודק | יבדקו | לבדוק | נבדוק | תבדוק | תבדקו,אבדוק | אבדק | בדק | בדקה | בדקנו | בדקת | בדקתי | בדקתם | בדקתן | בודקות | בודקים | בודקת | יבדוק | יבדק | נבדק | תבדוקנה | תבדק | תבדקי | תבדקנה,,בדקת | בדקו | תבדוק | תבדק | תבדוקנה | תבדקנה
hebverb_077,שלח,pa'al,mandare,25,21,7,0.3333,9.362693122,566.9875,0.8974358974358975,483.10526315789474,1.0,,,ישלחו | לשלוח | שלחו | שלחנו | שלחתי | שלחתם | תשלחי,אשלח | ישלח | נשלח | שולח | שולחות | שולחים | שולחת | שלח | שלחה | שלחת | שלחתן | תשלח | תשלחו | תשלחנה,,שלחת | שלחו | תשלח | תשלחנה
hebverb_078,שכר,pa'al,affittare,32,26,5,0.1923,1.940454533,623.1342105263158,0.8947368421052632,505.37975243147656,0.8088235294117647,,,אשכור | נשכר | שוכר | שכר | תשכור,אשכר | ישכור | ישכר | ישכרו | לשכר | נשכור | שוכרות | שוכרים | שוכרת | שכרה | שכרו | שכרנו | שכרת | שכרתי | שכרתם | שכרתן | תשכורנה | תשכר | תשכרו | תשכרי | תשכרנה,,שכרת | שכרו | תשכר | תשכור | תשכרנה | תשכורנה
hebverb_079,יצא,pa'al,uscire,25,19,9,0.4737,49.18445849,556.2513513243243,0.9428571428571428,451.85,1.0,,,יוצא | יוצאים | יוצאת | יצא | יצאה | יצאו | יצאנו | יצאתי | נצא,אצא | יוצאות | יצאת | יצאתם | יצאתן | לצאת | תצא | תצאו | תצאי | תצאנה,,יצאת | יצא | יצאו | תצא | תצאנה
hebverb_080,צפה,pa'al,guardare,25,20,5,0.25,19.39848141,596.007499975,0.9428571428571428,575.6944444444445,0.9743589743589743,,,לצפות | צופה | צפיתי | תצפה | תצפי,אצפה | יצפה | יצפו | נצפה | צופות | צופים | צפה | צפו | צפינו | צפית | צפיתם | צפיתן | צפתה | תצפו | תצפינה,,צופה | צפית | צפו | תצפה | תצפינה
hebverb_081,נכר,hiph'il,sapere / conoscere,25,21,6,0.2857,18.52527687,567.8204116059379,0.915079365079365,494.83452950558217,0.9871794871794872,,,הכירו | הכרת | יכירו | מכירה | מכירים | תכירו,אכיר | הכיר | הכירה | הכרנו | הכרתי | הכרתם | הכרתן | יכיר | להכיר | מכיר | מכירות | נכיר | תכיר | תכירי | תכרנה,,הכרת | הכירו | תכיר | תכרנה
hebverb_082,הפך,pa'al,diventare,32,26,7,0.2692,21.45415043,573.0742857142857,0.8947368421052632,471.5092905405405,0.9558823529411764,,,הופך | הופכות | הופכים | הפך | יהפוך | תהפוך | תהפכו,אהפוך | אהפך | הופכת | הפכה | הפכו | הפכנו | הפכת | הפכתי | הפכתם | הפכתן | יהפך | יהפכו | להפוך | נהפוך | נהפך | תהפוכנה | תהפך | תהפכי | תהפכנה,,הפכת | הפכו | תהפוך | תהפך | תהפוכנה | תהפכנה
hebverb_083,שבר,pa'al,rompere,32,26,8,0.3077,4.1355937234999995,567.4770580553306,0.9368589743589744,509.65625,1.0,,,אשבור | ישבר | ישברו | לשבור | נשבור | נשבר | שברו | שוברת,אשבר | ישבור | שבר | שברה | שברנו | שברת | שברתי | שברתם | שברתן | שובר | שוברות | שוברים | תשבור | תשבורנה | תשבר | תשברו | תשברי | תשברנה,,שברת | שברו | תשבור | תשבר | תשבורנה | תשברנה
hebverb_084,גנב,pa'al,rubare,32,26,5,0.1923,3.426115035,639.66,0.868421052631579,454.125,0.9878048780487805,,,אגנוב | גנבו | גנבת | גנבתם | יגנוב,אגנב | גונב | גונבות | גונבים | גונבת | גנב | גנבה | גנבנו | גנבתי | גנבתן | יגנב | יגנבו | לגנוב | נגנב | נגנוב | תגנב | תגנבו | תגנבי | תגנבנה | תגנוב | תגנובנה,,גנבת | גנבו | תגנוב | תגנב | תגנובנה | תגנבנה
hebverb_085,ברח,pa'al,scappare,25,21,4,0.1905,12.5432193805,557.8689706007353,0.9324324324324325,468.55996621621625,0.9428571428571428,,,בורח | ברחה | ברחתי | תברח,אברח | בורחות | בורחים | בורחת | ברח | ברחו | ברחנו | ברחת | ברחתם | ברחתן | יברח | יברחו | לברוח | נברח | תברחו | תברחי | תברחנה,,ברחת | ברחו | תברח | תברחנה
hebverb_086,בקש,pi'el,chiedere / richiedere,35,29,10,0.3448,19.265075160000002,572.4986841973684,0.9158730158730158,487.22222222222223,0.975609756097561,,,ביקש | ביקשו | ביקשנו | ביקשת | ביקשתי | בקשו | בקשת | לבקש | מבקשות | מבקשים,אבקש | ביקשה | ביקשתם | ביקשתן | בקש | בקשה | בקשנו | בקשתי | בקשתם | בקשתן | יבקש | יבקשו | מבקש | מבקשת | נבקש | תבקש | תבקשו | תבקשי | תבקשנה,,ביקשת | בקשת | ביקשו | בקשו | תבקש | תבקשנה
hebverb_087,שלם,pi'el,pagare,35,29,8,0.2759,23.62503394,569.6830561871102,0.948582729070534,462.3723484848485,0.9609038737446198,,,אשלם | לשלם | משלמים | שילם | שילמנו | שילמתי | שלם | תשלם,ישלם | ישלמו | משלם | משלמות | משלמת | נשלם | שילמה | שילמו | שילמת | שילמתם | שילמתן | שלמה | שלמו | שלמנו | שלמת | שלמתי | שלמתם | שלמתן | תשלמו | תשלמי | תשלמנה,,שילמת | שלמת | שילמו | שלמו | תשלם | תשלמנה
hebverb_088,פספס,pi'el,perdere / mancare,35,29,4,0.1379,4.5873557945000005,601.4175289575289,0.9166023166023166,487.5151515151515,1.0,,,מפספסים | פיספס | פספס | פספסתי,אפספס | יפספס | יפספסו | לפספס | מפספס | מפספסות | מפספסת | נפספס | פיספסה | פיספסו | פיספסנו | פיספסת | פיספסתי | פיספסתם | פיספסתן | פספסה | פספסו | פספסנו | פספסת | פספסתם | פספסתן | תפספס | תפספסו | תפספסי | תפספסנה,,פיספסת | פספסת | פיספסו | פספסו | תפספס | תפספסנה
hebverb_089,שחק,pi'el,recitare / giocare,35,29,8,0.2759,20.71132018,570.5485714285714,0.9285714285714286,467.0291666666667,0.9739159891598916,,,אשחק | לשחק | משחק | משחקים | משחקת | נשחק | שיחקו | תשחקי,ישחק | ישחקו | משחקות | שחק | שחקה | שחקו | שחקנו | שחקת | שחקתי | שחקתם | שחקתן | שיחק | שיחקה | שיחקנו | שיחקת | שיחקתי | שיחקתם | שיחקתן | תשחק | תשחקו | תשחקנה,,שיחקת | שחקת | שיחקו | שחקו | תשחק | תשחקנה
hebverb_090,ספר,pi'el,raccontare,35,29,13,0.4483,58.12874111,565.0250000277778,0.9210526315789473,502.0882352941176,1.0,,,אספר | יספר | מספר | סיפר | סיפרה | סיפרת | סיפרתי | סיפרתם | ספר | ספרנו | ספרת | תספר | תספרי,יספרו | לספר | מספרות | מספרים | מספרת | נספר | סיפרו | סיפרנו | סיפרתן | ספרה | ספרו | ספרתי | ספרתם | ספרתן | תספרו | תספרנה,,סיפרת | ספרת | סיפרו | ספרו | תספר | תספרנה
hebverb_091,עצב,pi'el,progettare / disegnare,35,29,4,0.1379,3.395795433,615.1606563841699,0.9045112781954887,489.65395894428156,0.9848484848484849,,,לעצב | מעצבת | עיצבה | עיצבתי,אעצב | יעצב | יעצבו | מעצב | מעצבות | מעצבים | נעצב | עיצב | עיצבו | עיצבנו | עיצבת | עיצבתם | עיצבתן | עצב | עצבה | עצבו | עצבנו | עצבת | עצבתי | עצבתם | עצבתן | תעצב | תעצבו | תעצבי | תעצבנה,,עיצבת | עצבת | עיצבו | עצבו | תעצב | תעצבנה
hebverb_092,שנה,pi'el,cambiare,35,28,8,0.2857,89.4155385,561.2230921052632,0.9199857752489331,471.3030303030303,1.0,,,ישנה | לשנות | משנה | משנות | שינה | שינו | שנה | שניתן,אשנה | ישנו | משנים | נשנה | שינינו | שינית | שיניתי | שיניתם | שיניתן | שינתה | שנו | שנינו | שנית | שניתי | שניתם | שנתה | תשנה | תשנו | תשני | תשנינה,,משנה | שינית | שנית | שינו | שנו | תשנה | תשנינה
hebverb_093,נסה,pi'el,provare,35,28,12,0.4286,42.914364785000004,564.4946078431373,0.9436507936507936,473.1905075807515,1.0,,,אנסה | ינסה | לנסות | מנסה | מנסים | ניסו | ניסינו | ניסית | ניסיתם | ננסה | נסה | תנסה,ינסו | מנסות | ניסה | ניסיתי | ניסיתן | ניסתה | נסו | נסינו | נסית | נסיתי | נסיתם | נסיתן | נסתה | תנסו | תנסי | תנסינה,,מנסה | ניסית | נסית | ניסו | נסו | תנסה | תנסינה
hebverb_094,קוה,pi'el,sperare,46,36,5,0.1389,17.51260216,591.2025,0.8888888888888888,507.52773109243697,0.9871794871794872,,,מקווה | מקווים | קיוו | קיווינו | תקווה,אקוה | אקווה | יקוה | יקוו | יקווה | לקוות | מקוה | מקוות | מקוים | נקוה | נקווה | קוה | קוו | קוינו | קוית | קויתי | קויתם | קויתן | קותה | קיווה | קיווית | קיוויתי | קיוויתם | קיוויתן | קיוותה | תקוה | תקוו | תקווי | תקווינה | תקוי | תקוינה,,מקוה | מקווה | קוית | קיווית | קוו | קיוו | תקוה | תקווה | תקוינה | תקווינה
hebverb_095,חפש,pi'el,cercare,35,29,3,0.1034,34.90998983,567.4138888888889,0.9428571428571428,507.0810810810811,1.0,,,חיפשתי | חפש | מחפשת,אחפש | חיפש | חיפשה | חיפשו | חיפשנו | חיפשת | חיפשתם | חיפשתן | חפשה | חפשו | חפשנו | חפשת | חפשתי | חפשתם | חפשתן | יחפש | יחפשו | לחפש | מחפש | מחפשות | מחפשים | נחפש | תחפש | תחפשו | תחפשי | תחפשנה,,חיפשת | חפשת | חיפשו | חפשו | תחפש | תחפשנה
hebverb_096,גדל,pi'el,crescere / far crescere,35,29,9,0.3103,4.929967298,561.8114285714286,0.972972972972973,477.94079939668177,0.9735191637630662,,,גדל | גדלתי | גידל | גידלת | לגדל | מגדל | מגדלים | מגדלת | נגדל,אגדל | גדלה | גדלו | גדלנו | גדלת | גדלתם | גדלתן | גידלה | גידלו | גידלנו | גידלתי | גידלתם | גידלתן | יגדל | יגדלו | מגדלות | תגדל | תגדלו | תגדלי | תגדלנה,,גידלת | גדלת | גידלו | גדלו | תגדל | תגדלנה
hebverb_097,סמן,pi'el,"DA_RIVEDERE: ב mark, ל signal",35,27,2,0.0741,5.788012037,594.2884467265726,0.897625160462131,476.0,1.0,,,לסמן | מסמן,אסמן | יסמן | יסמנו | מסמנות | מסמנים | מסמנת | נסמן | סימן | סימנה | סימנו | סימנת | סימנתי | סימנתם | סימנתן | סמן | סמנה | סמנו | סמנת | סמנתי | סמנתם | סמנתן | תסמן | תסמנה | תסמנו | תסמני,,סימנת | סמנת | סימנו | סמנו | תסמן | תסמנה
hebverb_098,אחל,pi'el,augurare,35,29,1,0.0345,25.95357938,533.32,0.9714285714285714,,,,,אחלה,אאחל | אחל | אחלו | אחלנו | אחלת | אחלתי | אחלתם | אחלתן | איחל | איחלה | איחלו | איחלנו | איחלת | איחלתי | איחלתם | איחלתן | יאחל | יאחלו | לאחל | מאחל | מאחלות | מאחלים | מאחלת | נאחל | תאחל | תאחלו | תאחלי | תאחלנה,,אחלת | איחלת | אחלו | איחלו | תאחל | תאחלנה
hebverb_099,ערבב,pi'el,mescolare,35,29,2,0.069,3.3745717115,601.6893274853801,0.9042397660818713,473.5410714285714,0.9,,,לערבב | תערבב,אערבב | יערבב | יערבבו | מערבב | מערבבות | מערבבים | מערבבת | נערבב | עירבב | עירבבה | עירבבו | עירבבנו | עירבבת | עירבבתי | עירבבתם | עירבבתן | ערבב | ערבבה | ערבבו | ערבבנו | ערבבת | ערבבתי | ערבבתם | ערבבתן | תערבבו | תערבבי | תערבבנה,,ערבבת | עירבבת | ערבבו | עירבבו | תערבב | תערבבנה
hebverb_100,כבד,pi'el,rispettare,35,29,3,0.1034,1.255231526,551.7714285714286,0.9142857142857143,484.47058823529414,0.9411764705882353,,,כבד | כיבד | תכבדי,אכבד | יכבד | יכבדו | כבדה | כבדו | כבדנו | כבדת | כבדתי | כבדתם | כבדתן | כיבדה | כיבדו | כיבדנו | כיבדת | כיבדתי | כיבדתם | כיבדתן | לכבד | מכבד | מכבדות | מכבדים | מכבדת | נכבד | תכבד | תכבדו | תכבדנה,,כיבדת | כבדת | כיבדו | כבדו | תכבד | תכבדנה
hebverb_101,סדר,pi'el,organizzare,35,29,5,0.1724,11.09091044,579.672972972973,0.9444444444444444,506.27777777777777,0.9743589743589743,,,מסדר | סדרה | סדרתי | סידר | סידרו,אסדר | יסדר | יסדרו | לסדר | מסדרות | מסדרים | מסדרת | נסדר | סדר | סדרו | סדרנו | סדרת | סדרתם | סדרתן | סידרה | סידרנו | סידרת | סידרתי | סידרתם | סידרתן | תסדר | תסדרו | תסדרי | תסדרנה,,סידרת | סדרת | סידרו | סדרו | תסדר | תסדרנה
hebverb_102,יבש,pi'el,asciugare,47,37,2,0.0541,4.826880651,557.0315057915058,0.876061776061776,447.44736842105266,1.0,,,יבשה | יבשת,איבש | אייבש | יבש | יבשו | יבשנו | יבשתי | יבשתם | יבשתן | ייבש | ייבשה | ייבשו | ייבשנו | ייבשת | ייבשתי | ייבשתם | ייבשתן | ליבש | מיבש | מיבשות | מיבשים | מיבשת | מייבש | מייבשות | מייבשים | מייבשת | ניבש | נייבש | תיבש | תיבשו | תיבשי | תיבשנה | תייבש | תייבשו | תייבשי | תייבשנה,,יבשת | ייבשת | ייבש | יבשו | ייבשו | תיבש | תייבש | תיבשנה | תייבשנה
hebverb_103,יבא,pi'el,importare,47,37,0,0.0,,,,,,,no_help_match_context_only,,איבא | אייבא | יבא | יבאה | יבאו | יבאנו | יבאת | יבאתי | יבאתם | יבאתן | ייבא | ייבאה | ייבאו | ייבאנו | ייבאת | ייבאתי | ייבאתם | ייבאתן | ליבא | מיבא | מיבאות | מיבאים | מיבאת | מייבא | מייבאות | מייבאים | מייבאת | ניבא | נייבא | תיבא | תיבאו | תיבאי | תיבאנה | תייבא | תייבאו | תייבאי | תייבאנה,,יבאת | ייבאת | ייבא | יבאו | ייבאו | תיבא | תייבא | תיבאנה | תייבאנה
hebverb_104,חמם,pi'el,scaldare,35,29,2,0.069,1.0854417539999999,636.1367953667955,0.544015444015444,465.3859649122807,0.8658536585365854,,,אחמם | יחמם,חימם | חיממה | חיממו | חיממנו | חיממת | חיממתי | חיממתם | חיממתן | חמם | חממה | חממו | חממנו | חממת | חממתי | חממתם | חממתן | יחממו | לחמם | מחמם | מחממות | מחממים | מחממת | נחמם | תחמם | תחממו | תחממי | תחממנה,,חיממת | חממת | חיממו | חממו | תחמם | תחממנה
hebverb_105,מלא,pi'el,riempire,35,29,8,0.2759,2.868234357,609.4782706766917,0.7688644688644688,478.73569157392683,0.9583931133428981,,,ימלא | מילאו | מילאתי | מלאה | ממלאים | ממלאת | נמלא | תמלאי,אמלא | ימלאו | למלא | מילא | מילאה | מילאנו | מילאת | מילאתם | מילאתן | מלא | מלאו | מלאנו | מלאת | מלאתי | מלאתם | מלאתן | ממלא | ממלאות | תמלא | תמלאו | תמלאנה,,מילאת | מלאת | מילאו | מלאו | תמלא | תמלאנה
hebverb_106,בזבז,pi'el,sprecare,35,29,5,0.1724,2.61961362,564.7853658780488,0.8536585365853658,479.56669207317077,0.9730989956958394,,,בזבזנו | ביזבזת | לבזבז | מבזבז | תבזבזו,אבזבז | בזבז | בזבזה | בזבזו | בזבזת | בזבזתי | בזבזתם | בזבזתן | ביזבז | ביזבזה | ביזבזו | ביזבזנו | ביזבזתי | ביזבזתם | ביזבזתן | יבזבז | יבזבזו | מבזבזות | מבזבזים | מבזבזת | נבזבז | תבזבז | תבזבזי | תבזבזנה,,ביזבזת | בזבזת | ביזבזו | בזבזו | תבזבז | תבזבזנה
hebverb_107,בקר,pi'el,DA_RIVEDERE: visit ב criticize את,35,29,2,0.069,40.785928717000004,530.7153528528529,0.8940256045519204,463.2121212121212,1.0,,,לבקר | תבקר,אבקר | ביקר | ביקרה | ביקרו | ביקרנו | ביקרת | ביקרתי | ביקרתם | ביקרתן | בקר | בקרה | בקרו | בקרנו | בקרת | בקרתי | בקרתם | בקרתן | יבקר | יבקרו | מבקר | מבקרות | מבקרים | מבקרת | נבקר | תבקרו | תבקרי | תבקרנה,,ביקרת | בקרת | ביקרו | בקרו | תבקר | תבקרנה
hebverb_108,קבל,pi'el,ricevere,35,29,10,0.3448,50.227452799999995,563.4988644688644,0.9339285714285714,486.7878787878788,0.975609756097561,,,אקבל | יקבל | מקבל | מקבלת | נקבל | קבלו | קבלת | קיבל | קיבלנו | קיבלת,יקבלו | לקבל | מקבלות | מקבלים | קבל | קבלה | קבלנו | קבלתי | קבלתם | קבלתן | קיבלה | קיבלו | קיבלתי | קיבלתם | קיבלתן | תקבל | תקבלו | תקבלי | תקבלנה,,קיבלת | קבלת | קיבלו | קבלו | תקבל | תקבלנה
hebverb_109,רחם,pi'el,avere compassione,35,29,2,0.069,2.9986086455,592.4625735419118,0.7785714285714285,,,,,רחם | ריחם,ארחם | ירחם | ירחמו | לרחם | מרחם | מרחמות | מרחמים | מרחמת | נרחם | רחמה | רחמו | רחמנו | רחמת | רחמתי | רחמתם | רחמתן | ריחמה | ריחמו | ריחמנו | ריחמת | ריחמתי | ריחמתם | ריחמתן | תרחם | תרחמו | תרחמי | תרחמנה,,רחמת | ריחמת | רחמו | ריחמו | תרחם | תרחמנה
hebverb_110,קנא,pi'el,essere geloso,35,29,3,0.1034,3.35941191,622.5731707317074,0.8571428571428571,464.34285714285716,0.9736842105263158,,,מקנא | מקנאת | קינאתי,אקנא | יקנא | יקנאו | לקנא | מקנאות | מקנאים | נקנא | קינא | קינאה | קינאו | קינאנו | קינאת | קינאתם | קינאתן | קנא | קנאה | קנאו | קנאנו | קנאת | קנאתי | קנאתם | קנאתן | תקנא | תקנאו | תקנאי | תקנאנה,,קינאת | קנאת | קינאו | קנאו | תקנא | תקנאנה
hebverb_111,טפס,pi'el,arrampicarsi,35,29,0,0.0,,,,,,,no_help_match_context_only,,אטפס | טיפס | טיפסה | טיפסו | טיפסנו | טיפסת | טיפסתי | טיפסתם | טיפסתן | טפס | טפסה | טפסו | טפסנו | טפסת | טפסתי | טפסתם | טפסתן | יטפס | יטפסו | לטפס | מטפס | מטפסות | מטפסים | מטפסת | נטפס | תטפס | תטפסו | תטפסי | תטפסנה,,טיפסת | טפסת | טיפסו | טפסו | תטפס | תטפסנה
hebverb_112,נצח,pi'el,vincere,35,29,3,0.1034,9.023113579,557.8368421052631,0.9166666666666666,457.913025210084,0.9714285714285714,,,אנצח | ניצח | ניצחתי,ינצח | ינצחו | לנצח | מנצח | מנצחות | מנצחים | מנצחת | ניצחה | ניצחו | ניצחנו | ניצחת | ניצחתם | ניצחתן | ננצח | נצח | נצחה | נצחו | נצחנו | נצחת | נצחתי | נצחתם | נצחתן | תנצח | תנצחו | תנצחי | תנצחנה,,ניצחת | נצחת | ניצחו | נצחו | תנצח | תנצחנה
hebverb_113,אמן,pi'el,allenare,35,27,4,0.1481,2.374024843,583.3186466296993,0.8770676691729323,,,,,אימן | אמנה | מאמן | תאמן,אאמן | אימנה | אימנו | אימנת | אימנתי | אימנתם | אימנתן | אמן | אמנו | אמנת | אמנתי | אמנתם | אמנתן | יאמן | יאמנו | לאמן | מאמנות | מאמנים | מאמנת | נאמן | תאמנה | תאמנו | תאמני,,אמנת | אימנת | אמנו | אימנו | תאמן | תאמנה
hebverb_114,שקר,pi'el,mentire,35,29,10,0.3448,19.183212235,577.5436344374111,0.9324324324324325,486.9128024193549,0.956876456876457,,,ישקר | לשקר | משקר | משקרים | משקרת | שיקר | שיקרה | שיקרת | שקרה | תשקרי,אשקר | ישקרו | משקרות | נשקר | שיקרו | שיקרנו | שיקרתי | שיקרתם | שיקרתן | שקר | שקרו | שקרנו | שקרת | שקרתי | שקרתם | שקרתן | תשקר | תשקרו | תשקרנה,,שיקרת | שקרת | שיקרו | שקרו | תשקר | תשקרנה
hebverb_115,אחר,pi'el,fare tardi,35,29,4,0.1379,2.989512765,574.8285714285714,0.9457875457875458,469.25,1.0,,,אחרת | איחרנו | יאחר | תאחר,אאחר | אחר | אחרה | אחרו | אחרנו | אחרתי | אחרתם | אחרתן | איחר | איחרה | איחרו | איחרת | איחרתי | איחרתם | איחרתן | יאחרו | לאחר | מאחר | מאחרות | מאחרים | מאחרת | נאחר | תאחרו | תאחרי | תאחרנה,,איחרת | אחרת | איחרו | אחרו | תאחר | תאחרנה
hebverb_116,ספק,pi'el,soddisfare,35,29,8,0.2759,5.2028437165,542.168918918919,0.8745173745173744,482.0,0.9090909090909091,,,אספק | יספק | לספק | מספק | מספקות | סיפק | סיפקו | ספק,יספקו | מספקים | מספקת | נספק | סיפקה | סיפקנו | סיפקת | סיפקתי | סיפקתם | סיפקתן | ספקה | ספקו | ספקנו | ספקת | ספקתי | ספקתם | ספקתן | תספק | תספקו | תספקי | תספקנה,,סיפקת | ספקת | סיפקו | ספקו | תספק | תספקנה
hebverb_117,סים,pi'el,finire,49,41,6,0.1463,14.471546071499999,570.9743243378379,0.9428571428571428,492.72727272727275,0.975609756097561,,,יסיים | סיים | סיימנו | סיימת | סיימתם | תסיימי,אסיים | אסים | יסיימו | יסים | יסימו | לסיים | מסיים | מסיימות | מסיימים | מסיימת | מסים | מסימות | מסימים | מסימת | נסיים | נסים | סיימה | סיימו | סיימתי | סיימתן | סים | סימה | סימו | סימנו | סימת | סימתי | סימתם | סימתן | תסיים | תסיימו | תסיימנה | תסים | תסימו | תסימי | תסימנה,,סיימת | סימת | סיימו | סימו | תסיים | תסים | תסיימנה | תסימנה
hebverb_118,שכנע,pi'el,convincere,35,29,4,0.1379,4.9481590595,618.2693233082707,0.8913533834586467,497.35578747628085,0.9852941176470589,,,לשכנע | שיכנע | שכנע | תשכנעי,אשכנע | ישכנע | ישכנעו | משכנע | משכנעות | משכנעים | משכנעת | נשכנע | שיכנעה | שיכנעו | שיכנענו | שיכנעת | שיכנעתי | שיכנעתם | שיכנעתן | שכנעה | שכנעו | שכנענו | שכנעת | שכנעתי | שכנעתם | שכנעתן | תשכנע | תשכנעו | תשכנענה,,שכנעת | שיכנעת | שכנעו | שיכנעו | תשכנע | תשכנענה
hebverb_119,אבד,pi'el,perdere,35,29,10,0.3448,14.362395504999999,577.7771428428571,0.9199857752489331,472.65625,1.0,,,אבד | אבדנו | אבדת | איבד | איבדה | איבדנו | איבדתם | לאבד | מאבד | נאבד,אאבד | אבדה | אבדו | אבדתי | אבדתם | אבדתן | איבדו | איבדת | איבדתי | איבדתן | יאבד | יאבדו | מאבדות | מאבדים | מאבדת | תאבד | תאבדו | תאבדי | תאבדנה,,איבדת | אבדת | איבדו | אבדו | תאבד | תאבדנה
hebverb_120,צלם,pi'el,fotografare,35,29,2,0.069,1.9040710105,579.7614285714286,0.9571428571428571,479.5833333333333,0.9473684210526315,,,צילמנו | צלמת,אצלם | יצלם | יצלמו | לצלם | מצלם | מצלמות | מצלמים | מצלמת | נצלם | צילם | צילמה | צילמו | צילמת | צילמתי | צילמתם | צילמתן | צלם | צלמה | צלמו | צלמנו | צלמתי | צלמתם | צלמתן | תצלם | תצלמו | תצלמי | תצלמנה,,צילמת | צלמת | צילמו | צלמו | תצלם | תצלמנה
hebverb_121,אמץ,pi'el,adottare,35,29,1,0.0345,4.717730083,531.9657894736843,0.9210526315789473,486.60526315789474,0.9743589743589743,,,מאמצים,אאמץ | אימץ | אימצה | אימצו | אימצנו | אימצת | אימצתי | אימצתם | אימצתן | אמץ | אמצה | אמצו | אמצנו | אמצת | אמצתי | אמצתם | אמצתן | יאמץ | יאמצו | לאמץ | מאמץ | מאמצות | מאמצת | נאמץ | תאמץ | תאמצו | תאמצי | תאמצנה,,אימצת | אמצת | אימצו | אמצו | תאמץ | תאמצנה
hebverb_122,פחד,pi'el,DA_RIVEDERE: scared of מ that ש,35,29,3,0.1034,25.48059359,545.2457142857144,0.9210526315789473,507.7261513157895,1.0,,,לפחד | פחדת | פחדתי,אפחד | יפחד | יפחדו | מפחד | מפחדות | מפחדים | מפחדת | נפחד | פחד | פחדה | פחדו | פחדנו | פחדתם | פחדתן | פיחד | פיחדה | פיחדו | פיחדנו | פיחדת | פיחדתי | פיחדתם | פיחדתן | תפחד | תפחדו | תפחדי | תפחדנה,,פיחדת | פחדת | פיחדו | פחדו | תפחד | תפחדנה
hebverb_123,אשר,pi'el,approvare,35,29,5,0.1724,3.614096568,600.5114285714285,0.8857142857142857,440.6011586452763,0.986842105263158,,,אאשר | יאשרו | לאשר | מאשר | מאשרים,אישר | אישרה | אישרו | אישרנו | אישרת | אישרתי | אישרתם | אישרתן | אשר | אשרה | אשרו | אשרנו | אשרת | אשרתי | אשרתם | אשרתן | יאשר | מאשרות | מאשרת | נאשר | תאשר | תאשרו | תאשרי | תאשרנה,,אישרת | אשרת | אישרו | אשרו | תאשר | תאשרנה
hebverb_124,גלה,pi'el,scoprire,35,28,6,0.2143,21.878624860000002,551.4936996336996,0.9571428571428571,468.3,1.0,,,גילה | גילו | גילית | לגלות | נגלה | תגלה,אגלה | גילינו | גיליתי | גיליתם | גיליתן | גילתה | גלה | גלו | גלינו | גלית | גליתי | גליתם | גליתן | גלתה | יגלה | יגלו | מגלה | מגלות | מגלים | תגלו | תגלי | תגלינה,,מגלה | גילית | גלית | גילו | גלו | תגלה | תגלינה
hebverb_125,גלח,pi'el,radere,35,29,0,0.0,,,,,,,no_help_match_context_only,,אגלח | גילח | גילחה | גילחו | גילחנו | גילחת | גילחתי | גילחתם | גילחתן | גלח | גלחה | גלחו | גלחנו | גלחת | גלחתי | גלחתם | גלחתן | יגלח | יגלחו | לגלח | מגלח | מגלחות | מגלחים | מגלחת | נגלח | תגלח | תגלחו | תגלחי | תגלחנה,,גילחת | גלחת | גילחו | גלחו | תגלח | תגלחנה
hebverb_126,חדש,pi'el,rinnovare,35,29,1,0.0345,198.9875484,546.8368420789474,0.8421052631578947,,,,,מחדש,אחדש | חדש | חדשה | חדשו | חדשנו | חדשת | חדשתי | חדשתם | חדשתן | חידש | חידשה | חידשו | חידשנו | חידשת | חידשתי | חידשתם | חידשתן | יחדש | יחדשו | לחדש | מחדשות | מחדשים | מחדשת | נחדש | תחדש | תחדשו | תחדשי | תחדשנה,,חידשת | חדשת | חידשו | חדשו | תחדש | תחדשנה
hebverb_127,ברך,pi'el,benedire / salutare,35,29,2,0.069,5.742532635,619.9328947500001,0.9342105263157894,454.88235294117646,1.0,,,בירכתי | יברך,אברך | בירך | בירכה | בירכו | בירכנו | בירכת | בירכתם | בירכתן | ברך | ברכה | ברכו | ברכנו | ברכת | ברכתי | ברכתם | ברכתן | יברכו | לברך | מברך | מברכות | מברכים | מברכת | נברך | תברך | תברכו | תברכי | תברכנה,,בירכת | ברכת | בירכו | ברכו | תברך | תברכנה
hebverb_128,תאר,pi'el,descrivere,35,29,2,0.069,16.0754530205,599.4796558836033,0.8842105263157896,526.3125,0.9393939393939394,,,לתאר | תיארת,אתאר | יתאר | יתארו | מתאר | מתארות | מתארים | מתארת | נתאר | תאר | תארה | תארו | תארנו | תארת | תארתי | תארתם | תארתן | תיאר | תיארה | תיארו | תיארנו | תיארתי | תיארתם | תיארתן | תתאר | תתארו | תתארי | תתארנה,,תיארת | תארת | תיארו | תארו | תתאר | תתארנה
hebverb_129,תקן,pi'el,riparare,35,27,6,0.2222,12.221831600000002,599.6943268846154,0.9089068825910931,481.61297640653356,1.0,,,לתקן | מתקן | מתקנים | תיקנת | תקנה | תתקני,אתקן | יתקן | יתקנו | מתקנות | מתקנת | נתקן | תיקן | תיקנה | תיקנו | תיקנתי | תיקנתם | תיקנתן | תקן | תקנו | תקנת | תקנתי | תקנתם | תקנתן | תתקן | תתקנה | תתקנו,,תיקנת | תקנת | תיקנו | תקנו | תתקן | תתקנה
hebverb_130,היה,pa'al,essere,28,23,7,0.3043,1088.479779,553.0564102564102,0.8717948717948718,468.45075757575756,0.9705882352941176,,,היית | הייתה | הייתי | יהיה | להיות | נהיה | תהיי,אהיה | הווה | הווים | הוות | היה | היו | היינו | הייתם | הייתן | היתה | יהא | יהיו | תהא | תהיה | תהיו | תהיינה,,הווה | היית | היו | תהיה | תהיינה
hebverb_131,קשב,hiph'il,ascoltare,25,21,2,0.0952,3.456434637,575.0000000131579,0.8947368421052632,493.6511164274322,0.9696969696969697,,,אקשיב | יקשיבו,הקשבנו | הקשבת | הקשבתי | הקשבתם | הקשבתן | הקשיב | הקשיבה | הקשיבו | יקשיב | להקשיב | מקשיב | מקשיבה | מקשיבות | מקשיבים | נקשיב | תקשבנה | תקשיב | תקשיבו | תקשיבי,,הקשבת | הקשיבו | תקשיב | תקשבנה
hebverb_132,ראה,hiph'il,mostrare,25,20,9,0.45,152.926009,554.3609756097561,0.9142857142857143,482.1707779886148,1.0,,,הראית | יראה | להראות | מראה | מראות | נראה | תראה | תראו | תראי,אראה | הראה | הראו | הראינו | הראיתי | הראיתם | הראיתן | הראתה | יראו | מראים | תראינה,,מראה | הראית | הראו | תראה | תראינה
hebverb_133,אזן,hiph'il,ascoltare musica,25,21,0,0.0,,,,,,,no_help_match_context_only,,אאזין | האזין | האזינה | האזינו | האזנו | האזנת | האזנתי | האזנתם | האזנתן | יאזין | יאזינו | להאזין | מאזין | מאזינה | מאזינות | מאזינים | נאזין | תאזין | תאזינו | תאזיני | תאזנה,,האזנת | האזינו | תאזין | תאזנה
hebverb_134,יצע,hiph'il,proporre,25,21,6,0.2857,26.15065679,560.4053014546084,0.9142857142857143,492.21875,0.972972972972973,,,הציע | יציעו | להציע | מציע | מציעה | תציע,אציע | הציעה | הציעו | הצענו | הצעת | הצעתי | הצעתם | הצעתן | יציע | מציעות | מציעים | נציע | תציעו | תציעי | תצענה,,הצעת | הציעו | תציע | תצענה
hebverb_135,רגש,hiph'il,sentire / provare,25,21,5,0.2381,10.94537635,567.7184210526316,0.8947368421052632,464.9032258064516,0.926829268292683,,,הרגישו | הרגשת | ירגיש | ירגישו | מרגישה,ארגיש | הרגיש | הרגישה | הרגשנו | הרגשתי | הרגשתם | הרגשתן | להרגיש | מרגיש | מרגישות | מרגישים | נרגיש | תרגיש | תרגישו | תרגישי | תרגשנה,,הרגשת | הרגישו | תרגיש | תרגשנה
hebverb_136,כון,hiph'il,preparare / fare,25,21,7,0.3333,18.67687488,593.9057142857143,0.8947368421052632,474.40414746543775,0.9579365079365079,,,אכין | הכינה | הכנתי | יכין | מכין | מכינה | מכינים,הכין | הכינו | הכנו | הכנת | הכנתם | הכנתן | יכינו | להכין | מכינות | נכין | תכין | תכינו | תכיני | תכנה,,הכנת | הכינו | תכין | תכנה
hebverb_137,אמן,hiph'il,credere,25,21,5,0.2381,28.76117453,540.263157868421,0.9736842105263158,468.4375,1.0,,,האמנתי | להאמין | מאמינים | תאמינו | תאמיני,אאמין | האמין | האמינה | האמינו | האמנו | האמנת | האמנתם | האמנתן | יאמין | יאמינו | מאמין | מאמינה | מאמינות | נאמין | תאמין | תאמנה,,האמנת | האמינו | תאמין | תאמנה
hebverb_138,סכם,hiph'il,essere d'accordo,25,21,4,0.1905,15.496348625,553.1547490347491,0.9733285917496444,473.625,0.9736842105263158,,,אסכים | הסכמתי | להסכים | מסכימים,הסכים | הסכימה | הסכימו | הסכמנו | הסכמת | הסכמתם | הסכמתן | יסכים | יסכימו | מסכים | מסכימה | מסכימות | נסכים | תסכים | תסכימו | תסכימי | תסכמנה,,הסכמת | הסכימו | תסכים | תסכמנה
hebverb_139,תחל,hiph'il,iniziare,25,21,10,0.4762,62.16731210499999,544.0018018659043,0.9480431848852902,498.43589743589746,1.0,,,אתחיל | התחיל | התחילו | התחלנו | התחלתי | להתחיל | מתחיל | מתחילה | מתחילים | תתחילי,התחילה | התחלת | התחלתם | התחלתן | יתחיל | יתחילו | מתחילות | נתחיל | תתחיל | תתחילו | תתחלנה,,התחלת | התחילו | תתחיל | תתחלנה
hebverb_140,נגע,hiph'il,arrivare,25,21,9,0.4286,69.00741433,541.6447368421053,0.9473684210526315,457.0571428571429,1.0,,,הגיעו | הגעתי | יגיע | יגיעו | להגיע | מגיעה | מגיעות | נגיע | תגיעו,אגיע | הגיע | הגיעה | הגענו | הגעת | הגעתם | הגעתן | מגיע | מגיעים | תגיע | תגיעי | תגענה,,הגעת | הגיעו | תגיע | תגענה
hebverb_141,ידה,hiph'il,ringraziare,25,20,4,0.2,65.7632169155,570.0355263157895,0.9078947368421053,476.8086890243902,1.0,,,הודתה | להודות | תודה | תודי,אודה | הודה | הודו | הודינו | הודית | הודיתי | הודיתם | הודיתן | יודה | יודו | מודה | מודות | מודים | נודה | תודו | תודינה,,מודה | הודית | הודו | תודה | תודינה
hebverb_142,עבר,hiph'il,passare,25,21,2,0.0952,14.7262307315,584.7185714285714,0.9443223443223443,452.21139705882354,0.9852941176470589,,,העבירה | מעביר,אעביר | העביר | העבירו | העברנו | העברת | העברתי | העברתם | העברתן | יעביר | יעבירו | להעביר | מעבירה | מעבירות | מעבירים | נעביר | תעביר | תעבירו | תעבירי | תעברנה,,העברת | העבירו | תעביר | תעברנה
hebverb_143,צלח,hiph'il,riuscire,25,21,10,0.4762,27.98802468,549.9068253968253,0.9451127819548872,491.54545454545456,1.0,,,אצליח | הצליח | הצליחה | יצליח | יצליחו | להצליח | מצליחה | נצליח | תצליח | תצליחו,הצלחנו | הצלחת | הצלחתי | הצלחתם | הצלחתן | הצליחו | מצליח | מצליחות | מצליחים | תצלחנה | תצליחי,,הצלחת | הצליחו | תצליח | תצלחנה
hebverb_144,חזר,hiph'il,tornare / ripetere,25,21,7,0.3333,20.30806947,575.2075,0.925,470.89260249554366,1.0,,,אחזיר | החזיר | החזרתי | יחזיר | יחזירו | להחזיר | תחזיר,החזירה | החזירו | החזרנו | החזרת | החזרתם | החזרתן | מחזיר | מחזירה | מחזירות | מחזירים | נחזיר | תחזירו | תחזירי | תחזרנה,,החזרת | החזירו | תחזיר | תחזרנה
hebverb_145,נשג,hiph'il,ottenere / raggiungere,25,21,5,0.2381,25.80804529,560.6285714285714,0.918918918918919,,,,,אשיג | השגתי | להשיג | משיג | משיגה,השגנו | השגת | השגתם | השגתן | השיג | השיגה | השיגו | ישיג | ישיגו | משיגות | משיגים | נשיג | תשגנה | תשיג | תשיגו | תשיגי,,השגת | השיגו | תשיג | תשגנה
hebverb_146,שכר,hiph'il,dare in affitto,25,21,2,0.0952,3.4170191544999997,566.7114285714285,0.9571428571428571,428.8787878787879,1.0,,,להשכיר | משכיר,אשכיר | השכיר | השכירה | השכירו | השכרנו | השכרת | השכרתי | השכרתם | השכרתן | ישכיר | ישכירו | משכירה | משכירות | משכירים | נשכיר | תשכיר | תשכירו | תשכירי | תשכרנה,,השכרת | השכירו | תשכיר | תשכרנה
hebverb_147,מלץ,hiph'il,raccomandare,25,21,3,0.1429,5.051245706,550.2605263157895,0.9736842105263158,482.299786628734,1.0,,,להמליץ | ממליץ | ממליצים,אמליץ | המליץ | המליצה | המליצו | המלצנו | המלצת | המלצתי | המלצתם | המלצתן | ימליץ | ימליצו | ממליצה | ממליצות | נמליץ | תמליץ | תמליצו | תמליצי | תמלצנה,,המלצת | המליצו | תמליץ | תמלצנה
hebverb_148,חזק,hiph'il,tenere,25,21,5,0.2381,22.6911902,566.971052631579,0.9024390243902439,470.0474789915966,0.9878048780487805,,,אחזיק | החזיקו | להחזיק | מחזיקה | מחזיקים,החזיק | החזיקה | החזקנו | החזקת | החזקתי | החזקתם | החזקתן | יחזיק | יחזיקו | מחזיק | מחזיקות | נחזיק | תחזיק | תחזיקו | תחזיקי | תחזקנה,,החזקת | החזיקו | תחזיק | תחזקנה
hebverb_149,נפק,hiph'il,produrre,25,21,1,0.0476,2.267906235,568.1891891891892,0.8157894736842105,546.0285714285715,1.0,,,מפיקים,אפיק | הפיק | הפיקה | הפיקו | הפקנו | הפקת | הפקתי | הפקתם | הפקתן | יפיק | יפיקו | להפיק | מפיק | מפיקה | מפיקות | נפיק | תפיק | תפיקו | תפיקי | תפקנה,,הפקת | הפיקו | תפיק | תפקנה
hebverb_150,נוח,hiph'il,deporre / supporre,25,21,4,0.1905,3.7323430159999997,593.9287500125,0.889329268292683,461.88947368421054,1.0,,,הנחנו | הנחתי | יניח | יניחו,אניח | הנחת | הנחתם | הנחתן | הניח | הניחה | הניחו | להניח | מניח | מניחה | מניחות | מניחים | נניח | תנחנה | תניח | תניחו | תניחי,,הנחת | הניחו | תניח | תנחנה
hebverb_151,יפע,hiph'il,apparire / esibirsi,25,21,4,0.1905,20.8689821105,592.5234375,0.8591269841269842,527.8869778869779,0.9714285714285714,,,הופיע | מופיע | נופיע | תופיע,אופיע | הופיעה | הופיעו | הופענו | הופעת | הופעתי | הופעתם | הופעתן | יופיע | יופיעו | להופיע | מופיעה | מופיעות | מופיעים | תופיעו | תופיעי | תופענה,,הופעת | הופיעו | תופיע | תופענה
hebverb_152,יסף,hiph'il,aggiungere,25,21,4,0.1905,2.2102989915,554.8461257309941,0.9459459459459459,474.41008403361343,0.9857142857142858,,,הוסיפו | הוספנו | להוסיף | תוסיפי,אוסיף | הוסיף | הוסיפה | הוספת | הוספתי | הוספתם | הוספתן | יוסיף | יוסיפו | מוסיף | מוסיפה | מוסיפות | מוסיפים | נוסיף | תוסיף | תוסיפו | תוספנה,,הוספת | הוסיפו | תוסיף | תוספנה
hebverb_153,נגש,hiph'il,servire / presentare,25,21,5,0.2381,9.174711589,565.0444444444445,0.918918918918919,440.57575757575756,0.9722222222222222,,,אגיש | הגישה | הגשנו | להגיש | מגיש,הגיש | הגישו | הגשת | הגשתי | הגשתם | הגשתן | יגיש | יגישו | מגישה | מגישות | מגישים | נגיש | תגיש | תגישו | תגישי | תגשנה,,הגשת | הגישו | תגיש | תגשנה
hebverb_154,משך,hiph'il,continuare,25,21,6,0.2857,17.830957985,583.871865093254,0.9319548872180451,488.45454545454544,0.9696969696969697,,,המשיך | המשיכה | המשכת | תמשיך | תמשיכו | תמשיכי,אמשיך | המשיכו | המשכנו | המשכתי | המשכתם | המשכתן | ימשיך | ימשיכו | להמשיך | ממשיך | ממשיכה | ממשיכות | ממשיכים | נמשיך | תמשכנה,,המשכת | המשיכו | תמשיך | תמשכנה
hebverb_155,יצג,hiph'il,presentare,25,21,2,0.0952,28.548937316499998,552.9025987390853,0.9608454608454609,479.7142857142857,1.0,,,להציג | תציגי,אציג | הצגנו | הצגת | הצגתי | הצגתם | הצגתן | הציג | הציגה | הציגו | יציג | יציגו | מציג | מציגה | מציגות | מציגים | נציג | תצגנה | תציג | תציגו,,הצגת | הציגו | תציג | תצגנה
hebverb_156,כרז,hiph'il,annunciare,25,21,3,0.1429,1.31587073,578.88,0.8947368421052632,470.125,1.0,,,הכרזת | נכריז | תכריז,אכריז | הכרזנו | הכרזתי | הכרזתם | הכרזתן | הכריז | הכריזה | הכריזו | יכריז | יכריזו | להכריז | מכריז | מכריזה | מכריזות | מכריזים | תכרזנה | תכריזו | תכריזי,,הכרזת | הכריזו | תכריז | תכרזנה
hebverb_157,זמן,hiph'il,invitare / ordinare,25,21,6,0.2857,8.983698096,586.0471804511278,0.9319548872180451,462.5151515151515,1.0,,,הזמנת | הזמנתם | להזמין | מזמינה | תזמין | תזמינו,אזמין | הזמין | הזמינה | הזמינו | הזמנו | הזמנתי | הזמנתן | יזמין | יזמינו | מזמין | מזמינות | מזמינים | נזמין | תזמיני | תזמנה,,הזמנת | הזמינו | תזמין | תזמנה
hebverb_158,רשה,hiph'il,permettere,25,20,7,0.35,17.15483086,592.6829268780488,0.8,450.1,1.0,,,הרשית | ירשה | להרשות | מרשה | מרשים | תרשה | תרשי,ארשה | הרשה | הרשו | הרשינו | הרשיתי | הרשיתם | הרשיתן | הרשתה | ירשו | מרשות | נרשה | תרשו | תרשינה,,מרשה | הרשית | הרשו | תרשה | תרשינה
hebverb_159,זכר,hiph'il,ricordare a qualcuno,25,21,4,0.1905,25.4169224215,533.9689189189189,0.9451737451737452,448.30555555555554,0.9428571428571428,,,אזכיר | להזכיר | מזכיר | מזכירים,הזכיר | הזכירה | הזכירו | הזכרנו | הזכרת | הזכרתי | הזכרתם | הזכרתן | יזכיר | יזכירו | מזכירה | מזכירות | נזכיר | תזכיר | תזכירו | תזכירי | תזכרנה,,הזכרת | הזכירו | תזכיר | תזכרנה
hebverb_160,עדף,hiph'il,preferire,25,21,3,0.1429,11.52144879,546.1428571428571,0.9428571428571428,423.45714285714286,0.9722222222222222,,,יעדיף | מעדיפה | מעדיפים,אעדיף | העדיף | העדיפה | העדיפו | העדפנו | העדפת | העדפתי | העדפתם | העדפתן | יעדיפו | להעדיף | מעדיף | מעדיפות | נעדיף | תעדיף | תעדיפו | תעדיפי | תעדפנה,,העדפת | העדיפו | תעדיף | תעדפנה
hebverb_161,תאם,hiph'il,andare bene / essere adatto,25,21,5,0.2381,8.871515568,617.2184210263158,0.8918918918918919,448.9142857142857,0.972972972972973,,,התאמנו | יתאים | יתאימו | מתאים | מתאימה,אתאים | התאים | התאימה | התאימו | התאמת | התאמתי | התאמתם | התאמתן | להתאים | מתאימות | מתאימים | נתאים | תתאים | תתאימו | תתאימי | תתאמנה,,התאמת | התאימו | תתאים | תתאמנה
hebverb_162,חלט,hiph'il,decidere,25,21,2,0.0952,3.64744813,583.8484708396159,0.9733285917496444,,,,,מחליטים | תחליטו,אחליט | החלטנו | החלטת | החלטתי | החלטתם | החלטתן | החליט | החליטה | החליטו | יחליט | יחליטו | להחליט | מחליט | מחליטה | מחליטות | נחליט | תחלטנה | תחליט | תחליטי,,החלטת | החליטו | תחליט | תחלטנה
hebverb_163,בין,hiph'il,capire,25,21,6,0.2857,27.630253375,552.7647222222222,0.925,460.2717803030303,1.0,,,אבין | הבנת | הבנתי | יבין | מבין | תביני,הבין | הבינה | הבינו | הבנו | הבנתם | הבנתן | יבינו | להבין | מבינה | מבינות | מבינים | נבין | תבין | תבינו | תבנה,,הבנת | הבינו | תבין | תבנה
hebverb_164,כול,hiph'il,contenere,25,21,1,0.0476,2.049605101,635.8108108378378,0.8918918918918919,459.25,0.9024390243902439,,,הכיל,אכיל | הכילה | הכילו | הכלנו | הכלת | הכלתי | הכלתם | הכלתן | יכיל | יכילו | להכיל | מכיל | מכילה | מכילות | מכילים | נכיל | תכיל | תכילו | תכילי | תכלנה,,הכלת | הכילו | תכיל | תכלנה
hebverb_165,חלף,hiph'il,sostituire,25,21,3,0.1429,6.99776416,575.722499975,0.9714285714285714,484.1515151515151,1.0,,,מחליף | מחליפה | תחליפו,אחליף | החליף | החליפה | החליפו | החלפנו | החלפת | החלפתי | החלפתם | החלפתן | יחליף | יחליפו | להחליף | מחליפות | מחליפים | נחליף | תחליף | תחליפי | תחלפנה,,החלפת | החליפו | תחליף | תחלפנה
hebverb_166,ערך,hiph'il,apprezzare,25,21,3,0.1429,14.92330814,568.1394736842105,0.9210526315789473,451.9816176470588,0.9579365079365079,,,הערכת | להעריך | מעריכים,אעריך | העריך | העריכה | העריכו | הערכנו | הערכתי | הערכתם | הערכתן | יעריך | יעריכו | מעריך | מעריכה | מעריכות | נעריך | תעריך | תעריכו | תעריכי | תערכנה,,הערכת | העריכו | תעריך | תערכנה
hebverb_167,בוא,hiph'il,portare,25,21,8,0.381,58.801836269999995,561.7023475609757,0.8902255639097745,458.21428571428567,1.0,,,אביא | הבאת | הביא | הביאו | יביא | להביא | מביאים | תביא,הבאנו | הבאתי | הבאתם | הבאתן | הביאה | יביאו | מביא | מביאה | מביאות | נביא | תבאנה | תביאו | תביאי,,הבאת | הביאו | תביא | תבאנה
hebverb_168,נגד,hiph'il,dire / raccontare,25,21,1,0.0476,392.4326736,526.7114285714287,0.9428571428571428,442.6829268292683,0.975609756097561,,,תגיד,אגיד | הגדנו | הגדת | הגדתי | הגדתם | הגדתן | הגיד | הגידה | הגידו | יגיד | יגידו | להגיד | מגיד | מגידה | מגידות | מגידים | נגיד | תגדנה | תגידו | תגידי,,הגדת | הגידו | תגיד | תגדנה
hebverb_169,גור,pa'al,abitare / vivere,27,20,5,0.25,2.831850834,599.9394736842105,0.8974358974358975,503.6793611793612,0.9743589743589743,,,אגור | גרה | גרים | יגור | תגור,גר | גרו | גרות | גרנו | גרת | גרתי | גרתם | גרתן | יגורו | לגור | נגור | תגורו | תגורי | תגורנה | תגרנה,,גר | גרה | גרת | גרו | תגור | תגורנה | תגרנה
hebverb_170,סבל,pa'al,soffrire,32,26,6,0.2308,10.881705186,578.5448648648648,0.932967032967033,500.24220374220374,1.0,,,יסבול | לסבול | סבל | סובלות | סובלת | תסבלי,אסבול | אסבל | יסבל | יסבלו | נסבול | נסבל | סבלה | סבלו | סבלנו | סבלת | סבלתי | סבלתם | סבלתן | סובל | סובלים | תסבול | תסבולנה | תסבל | תסבלו | תסבלנה,,סבלת | סבלו | תסבול | תסבל | תסבולנה | תסבלנה
hebverb_171,מנע,pa'al,impedire,25,21,4,0.1905,3.5140418810000003,595.7813447715887,0.8478818998716302,498.57894736842104,0.975609756097561,,,למנוע | מנע | מנעת | מנעתי,אמנע | ימנע | ימנעו | מונע | מונעות | מונעים | מונעת | מנעה | מנעו | מנענו | מנעתם | מנעתן | נמנע | תמנע | תמנעו | תמנעי | תמנענה,,מנעת | מנעו | תמנע | תמנענה
hebverb_172,ציר,pi'el,disegnare,49,41,1,0.0244,1.182464481,549.2055555833334,0.8648648648648649,,,,,ציירו,אצייר | אציר | יצייר | יציירו | יציר | יצירו | לצייר | מצייר | מציירות | מציירים | מציירת | מציר | מצירות | מצירים | מצירת | נצייר | נציר | צייר | ציירה | ציירנו | ציירת | ציירתי | ציירתם | ציירתן | ציר | צירה | צירו | צירנו | צירת | צירתי | צירתם | צירתן | תצייר | תציירו | תציירי | תציירנה | תציר | תצירו | תצירי | תצירנה,,ציירת | צירת | ציירו | צירו | תצייר | תציר | תציירנה | תצירנה
hebverb_173,שפע,hiph'il,influenzare,25,21,3,0.1429,1.867687488,569.1358974102563,0.8857142857142857,,,,,השפיע | משפיעות | תשפיע,אשפיע | השפיעה | השפיעו | השפענו | השפעת | השפעתי | השפעתם | השפעתן | ישפיע | ישפיעו | להשפיע | משפיע | משפיעה | משפיעים | נשפיע | תשפיעו | תשפיעי | תשפענה,,השפעת | השפיעו | תשפיע | תשפענה
hebverb_174,גדל,hiph'il,aumentare,25,21,1,0.0476,1.691833796,614.5083333611111,0.972972972972973,,,,,מגדיל,אגדיל | הגדיל | הגדילה | הגדילו | הגדלנו | הגדלת | הגדלתי | הגדלתם | הגדלתן | יגדיל | יגדילו | להגדיל | מגדילה | מגדילות | מגדילים | נגדיל | תגדיל | תגדילו | תגדילי | תגדלנה,,הגדלת | הגדילו | תגדיל | תגדלנה
hebverb_175,שפר,pi'el,migliorare,35,29,0,0.0,,,,,,,no_help_match_context_only,,אשפר | ישפר | ישפרו | לשפר | משפר | משפרות | משפרים | משפרת | נשפר | שיפר | שיפרה | שיפרו | שיפרנו | שיפרת | שיפרתי | שיפרתם | שיפרתן | שפר | שפרה | שפרו | שפרנו | שפרת | שפרתי | שפרתם | שפרתן | תשפר | תשפרו | תשפרי | תשפרנה,,שיפרת | שפרת | שיפרו | שפרו | תשפר | תשפרנה
hebverb_176,גדר,hiph'il,definire,25,21,0,0.0,,,,,,,no_help_match_context_only,,אגדיר | הגדיר | הגדירה | הגדירו | הגדרנו | הגדרת | הגדרתי | הגדרתם | הגדרתן | יגדיר | יגדירו | להגדיר | מגדיר | מגדירה | מגדירות | מגדירים | נגדיר | תגדיר | תגדירו | תגדירי | תגדרנה,,הגדרת | הגדירו | תגדיר | תגדרנה
hebverb_177,כסה,pi'el,coprire,35,28,5,0.1786,3.2078139,612.3842105526315,0.8947368421052632,498.9032258064516,0.9705882352941176,,,יכסה | כיסו | כיסיתי | מכסה | מכסים,אכסה | יכסו | כיסה | כיסינו | כיסית | כיסיתם | כיסיתן | כיסתה | כסה | כסו | כסינו | כסית | כסיתי | כסיתם | כסיתן | כסתה | לכסות | מכסות | נכסה | תכסה | תכסו | תכסי | תכסינה,,מכסה | כיסית | כסית | כיסו | כסו | תכסה | תכסינה
hebverb_178,אפשר,pi'el,permettere,35,29,6,0.2069,3.9172925885,591.5417763157895,0.9042397660818713,500.94736842105266,1.0,,,אפשרה | אפשרתי | יאפשרו | לאפשר | מאפשר | מאפשרים,אאפשר | איפשר | איפשרה | איפשרו | איפשרנו | איפשרת | איפשרתי | איפשרתם | איפשרתן | אפשר | אפשרו | אפשרנו | אפשרת | אפשרתם | אפשרתן | יאפשר | מאפשרות | מאפשרת | נאפשר | תאפשר | תאפשרו | תאפשרי | תאפשרנה,,אפשרת | איפשרת | אפשרו | איפשרו | תאפשר | תאפשרנה
hebverb_179,פתח,pi'el,sviluppare,35,29,4,0.1379,5.54545522,612.1086090225564,0.9033834586466165,510.59999999999997,0.9746469833119384,,,פיתחו | פתחנו | פתחת | תפתח,אפתח | יפתח | יפתחו | לפתח | מפתח | מפתחות | מפתחים | מפתחת | נפתח | פיתח | פיתחה | פיתחנו | פיתחת | פיתחתי | פיתחתם | פיתחתן | פתח | פתחה | פתחו | פתחתי | פתחתם | פתחתן | תפתחו | תפתחי | תפתחנה,,פתחת | פיתחת | פתחו | פיתחו | תפתח | תפתחנה
hebverb_180,מות,pa'al,DA_RIVEDERE: die,27,19,5,0.2632,22.87310781,602.2157895,0.9428571428571428,476.3225806451613,0.9714285714285714,,,אמות | ימות | ימותו | נמות | תמותי,למות | מת | מתה | מתו | מתות | מתי | מתים | מתם | מתן | מתנו | תמות | תמותו | תמותנה | תמתנה,,מת | מתה | מתו | תמות | תמתנה | תמותנה
hebverb_181,גוב,hiph'il,"DA_RIVEDERE: respond, react",25,21,3,0.1429,5.609126385,537.6305555833334,0.9459459459459459,,,,,יגיב | מגיבה | מגיבים,אגיב | הגבנו | הגבת | הגבתי | הגבתם | הגבתן | הגיב | הגיבה | הגיבו | יגיבו | להגיב | מגיב | מגיבות | נגיב | תגבנה | תגיב | תגיבו | תגיבי,,הגבת | הגיבו | תגיב | תגבנה
hebverb_182,פסד,hiph'il,perdere,25,21,5,0.2381,6.154879222,547.4864864864865,0.918918918918919,489.8648897058823,1.0,,,הפסדנו | הפסדתי | הפסיד | הפסידו | תפסידי,אפסיד | הפסדת | הפסדתם | הפסדתן | הפסידה | יפסיד | יפסידו | להפסיד | מפסיד | מפסידה | מפסידות | מפסידים | נפסיד | תפסדנה | תפסיד | תפסידו,,הפסדת | הפסידו | תפסיד | תפסדנה
hebverb_183,שמש,hitpa'el,usare,25,21,4,0.1905,40.455445055,583.3840222575517,0.908445945945946,469.2733590733591,0.9736842105263157,,,השתמשו | להשתמש | משתמשים | תשתמש,אשתמש | השתמש | השתמשה | השתמשנו | השתמשת | השתמשתי | השתמשתם | השתמשתן | ישתמש | ישתמשו | משתמש | משתמשות | משתמשת | נשתמש | תשתמשו | תשתמשי | תשתמשנה,,השתמשת | השתמשו | תשתמש | תשתמשנה
hebverb_184,אשש,hitpa'el,DA_RIVEDERE: recover,25,21,1,0.0476,6.621801094,580.3567567567568,0.868421052631579,466.46875,1.0,,,להתאושש,אתאושש | התאושש | התאוששה | התאוששו | התאוששנו | התאוששת | התאוששתי | התאוששתם | התאוששתן | יתאושש | יתאוששו | מתאושש | מתאוששות | מתאוששים | מתאוששת | נתאושש | תתאושש | תתאוששו | תתאוששי | תתאוששנה,,התאוששת | התאוששו | תתאושש | תתאוששנה
hebverb_185,פגש,pa'al,incontrarsi,32,26,5,0.1923,20.20498283,520.6342105,0.8947368421052632,597.3939393939394,0.9696969696969697,,,אפגוש | פגשת | פוגש | פוגשים | תפגשו,אפגש | יפגוש | יפגש | יפגשו | לפגוש | נפגוש | נפגש | פגש | פגשה | פגשו | פגשנו | פגשתי | פגשתם | פגשתן | פוגשות | פוגשת | תפגוש | תפגושנה | תפגש | תפגשי | תפגשנה,,פגשת | פגשו | תפגוש | תפגש | תפגושנה | תפגשנה
hebverb_186,עצר,pa'al,DA_RIVEDERE: stop,32,26,5,0.1923,16.17853967,584.9100000000001,0.9210526315789473,463.15749601275917,1.0,,,נעצור | עוצר | עצרנו | עצרתם | תעצור,אעצור | אעצר | יעצור | יעצר | יעצרו | לעצור | נעצר | עוצרות | עוצרים | עוצרת | עצר | עצרה | עצרו | עצרת | עצרתי | עצרתן | תעצורנה | תעצר | תעצרו | תעצרי | תעצרנה,,עצרת | עצרו | תעצור | תעצר | תעצורנה | תעצרנה
hebverb_187,שאר,nif'al,"DA_RIVEDERE: stay, remain",34,25,11,0.44,25.56548847,548.3305555555555,0.9714285714285714,491.5,0.9714285714285714,,,אשאר | יישאר | יישארו | להישאר | נשארו | נשארות | נשארים | נשארת | נשארתי | תישארי | תשאר,ישאר | ישארו | נישאר | נשאר | נשארה | נשארנו | נשארתם | נשארתן | תישאר | תישארו | תישארנה | תשארו | תשארי | תשארנה,,נשאר | נשארת | נשארו | תישאר | תשאר | תישארנה | תשארנה
hebverb_188,בנה,pa'al,DA_RIVEDERE: build,25,20,4,0.2,52.246738300000004,554.6344239107398,0.9451737451737452,447.35,1.0,,,בנו | בנינו | לבנות | נבנה,אבנה | בונה | בונות | בונים | בנה | בנית | בניתי | בניתם | בניתן | בנתה | יבנה | יבנו | תבנה | תבנו | תבני | תבנינה,,בונה | בנית | בנו | תבנה | תבנינה
hebverb_189,גרם,nif'al,DA_RIVEDERE: caused by,34,25,2,0.08,7.8891604614999995,578.1325746799431,0.8947368421052632,481.0,0.9743589743589743,,,יגרמו | תגרמי,אגרם | יגרם | ייגרם | ייגרמו | להגרם | נגרם | נגרמה | נגרמו | נגרמות | נגרמים | נגרמנו | נגרמת | נגרמתי | נגרמתם | נגרמתן | ניגרם | תגרם | תגרמו | תגרמנה | תיגרם | תיגרמו | תיגרמי | תיגרמנה,,נגרם | נגרמת | נגרמו | תגרם | תיגרם | תגרמנה | תיגרמנה
hebverb_190,חמץ,hiph'il,perdere / mancare,25,21,5,0.2381,1.60693891,581.7615384358975,0.9473684210526315,495.44444444444446,0.9743589743589743,,,החמיץ | החמיצו | מחמיץ | מחמיצה | נחמיץ,אחמיץ | החמיצה | החמצנו | החמצת | החמצתי | החמצתם | החמצתן | יחמיץ | יחמיצו | להחמיץ | מחמיצות | מחמיצים | תחמיץ | תחמיצו | תחמיצי | תחמצנה,,החמצת | החמיצו | תחמיץ | תחמצנה
hebverb_191,נפל,pa'al,DA_RIVEDERE: fall,35,28,7,0.25,11.88528401,566.1131578947368,0.9210526315789473,491.34375,1.0,,,אפל | ייפול | נופלים | נפל | נפלו | נפלתי | תיפלי,אפול | ייפלו | יפל | יפלו | לפל | נופל | נופלות | נופלת | ניפול | נפלה | נפלנו | נפלת | נפלתם | נפלתן | תיפול | תיפולנה | תיפלו | תפל | תפלו | תפלי | תפלנה,,נפלת | נפל | נפלו | תפל | תיפול | תפלנה | תיפולנה
hebverb_192,קפץ,pa'al,DA_RIVEDERE: jump,32,26,5,0.1923,6.239774108,571.2578947368421,0.8947368421052632,509.48387096774195,0.9705882352941176,,,אקפוץ | קופצות | קפץ | קפצה | תקפצי,אקפץ | יקפוץ | יקפץ | יקפצו | לקפץ | נקפוץ | נקפץ | קופץ | קופצים | קופצת | קפצו | קפצנו | קפצת | קפצתי | קפצתם | קפצתן | תקפוץ | תקפוצנה | תקפץ | תקפצו | תקפצנה,,קפצת | קפצו | תקפץ | תקפוץ | תקפצנה | תקפוצנה
hebverb_193,קלח,hitpa'el,DA_RIVEDERE: shower,25,21,1,0.0476,1.042994312,649.1,0.8947368421052632,,,,,תתקלח,אתקלח | התקלח | התקלחה | התקלחו | התקלחנו | התקלחת | התקלחתי | התקלחתם | התקלחתן | יתקלח | יתקלחו | להתקלח | מתקלח | מתקלחות | מתקלחים | מתקלחת | נתקלח | תתקלחו | תתקלחי | תתקלחנה,,התקלחת | התקלחו | תתקלח | תתקלחנה
hebverb_194,גלח,hitpa'el,radere,25,21,0,0.0,,,,,,,no_help_match_context_only,,אתגלח | התגלח | התגלחה | התגלחו | התגלחנו | התגלחת | התגלחתי | התגלחתם | התגלחתן | יתגלח | יתגלחו | להתגלח | מתגלח | מתגלחות | מתגלחים | מתגלחת | נתגלח | תתגלח | תתגלחו | תתגלחי | תתגלחנה,,התגלחת | התגלחו | תתגלח | תתגלחנה
hebverb_195,ספר,hitpa'el,DA_RIVEDERE: get haircut,25,21,0,0.0,,,,,,,no_help_match_context_only,,אסתפר | הסתפר | הסתפרה | הסתפרו | הסתפרנו | הסתפרת | הסתפרתי | הסתפרתם | הסתפרתן | יסתפר | יסתפרו | להסתפר | מסתפר | מסתפרות | מסתפרים | מסתפרת | נסתפר | תסתפר | תסתפרו | תסתפרי | תסתפרנה,,הסתפרת | הסתפרו | תסתפר | תסתפרנה
hebverb_196,סכל,hitpa'el,DA_RIVEDERE: look,25,21,7,0.3333,27.22700267,602.4526315526316,0.9428571428571428,508.1504464285714,0.986842105263158,,,הסתכל | הסתכלת | הסתכלתי | יסתכל | להסתכל | מסתכלים | תסתכל,אסתכל | הסתכלה | הסתכלו | הסתכלנו | הסתכלתם | הסתכלתן | יסתכלו | מסתכל | מסתכלות | מסתכלת | נסתכל | תסתכלו | תסתכלי | תסתכלנה,,הסתכלת | הסתכלו | תסתכל | תסתכלנה
hebverb_197,קשר,hitpa'el,DA_RIVEDERE: call,25,21,6,0.2857,42.74760697000001,583.0771428571429,0.9319548872180451,536.3,0.9714285714285714,,,התקשר | התקשרה | התקשרת | להתקשר | מתקשר | מתקשרות,אתקשר | התקשרו | התקשרנו | התקשרתי | התקשרתם | התקשרתן | יתקשר | יתקשרו | מתקשרים | מתקשרת | נתקשר | תתקשר | תתקשרו | תתקשרי | תתקשרנה,,התקשרת | התקשרו | תתקשר | תתקשרנה
hebverb_198,חזק,hitpa'el,DA_RIVEDERE: get stronger,25,21,0,0.0,,,,,,,no_help_match_context_only,,אתחזק | התחזק | התחזקה | התחזקו | התחזקנו | התחזקת | התחזקתי | התחזקתם | התחזקתן | יתחזק | יתחזקו | להתחזק | מתחזק | מתחזקות | מתחזקים | מתחזקת | נתחזק | תתחזק | תתחזקו | תתחזקי | תתחזקנה,,התחזקת | התחזקו | תתחזק | תתחזקנה
hebverb_199,אמן,hitpa'el,"DA_RIVEDERE: train, practice",25,20,3,0.15,3.001640606,619.2236842105264,0.9459459459459459,486.48387096774195,1.0,,,התאמן | התאמנו | מתאמן,אתאמן | התאמנה | התאמנת | התאמנתי | התאמנתם | התאמנתן | יתאמן | יתאמנו | להתאמן | מתאמנות | מתאמנים | מתאמנת | נתאמן | תתאמן | תתאמנה | תתאמנו | תתאמני,,התאמנת | התאמנו | תתאמן | תתאמנה
hebverb_200,קרב,hitpa'el,DA_RIVEDERE: get closer,25,21,4,0.1905,10.990855754999998,641.7057142857143,0.9285714285714286,484.11764705882354,0.9705882352941176,,,יתקרבו | מתקרב | מתקרבות | מתקרבים,אתקרב | התקרב | התקרבה | התקרבו | התקרבנו | התקרבת | התקרבתי | התקרבתם | התקרבתן | יתקרב | להתקרב | מתקרבת | נתקרב | תתקרב | תתקרבו | תתקרבי | תתקרבנה,,התקרבת | התקרבו | תתקרב | תתקרבנה
hebverb_201,חנך,hitpa'el,DA_RIVEDERE: get educated,25,21,0,0.0,,,,,,,no_help_match_context_only,,אתחנך | התחנך | התחנכה | התחנכו | התחנכנו | התחנכת | התחנכתי | התחנכתם | התחנכתן | יתחנך | יתחנכו | להתחנך | מתחנך | מתחנכות | מתחנכים | מתחנכת | נתחנך | תתחנך | תתחנכו | תתחנכי | תתחנכנה,,התחנכת | התחנכו | תתחנך | תתחנכנה
hebverb_202,חנן,hitpa'el,DA_RIVEDERE: beg,25,20,2,0.1,1.5978430295,607.8517823639775,0.9249530956848031,516.4,0.9024390243902439,,,התחננו | תתחנן,אתחנן | התחנן | התחננה | התחננת | התחננתי | התחננתם | התחננתן | יתחנן | יתחננו | להתחנן | מתחנן | מתחננות | מתחננים | מתחננת | נתחנן | תתחננה | תתחננו | תתחנני,,התחננת | התחננו | תתחנן | תתחננה
hebverb_203,גבר,hitpa'el,DA_RIVEDERE: overcome,25,21,3,0.1429,1.661514194,590.7621621621622,0.9428571428571428,,,,,להתגבר | מתגברת | תתגברי,אתגבר | התגבר | התגברה | התגברו | התגברנו | התגברת | התגברתי | התגברתם | התגברתן | יתגבר | יתגברו | מתגבר | מתגברות | מתגברים | נתגבר | תתגבר | תתגברו | תתגברנה,,התגברת | התגברו | תתגבר | תתגברנה
hebverb_204,סים,hitpa'el,DA_RIVEDERE: end,49,41,3,0.0732,7.313088021,559.7810810810811,0.9428571428571428,,,,,הסתיימו | מסתיים | מסתיימות,אסתיים | אסתים | הסתיים | הסתיימה | הסתיימנו | הסתיימת | הסתיימתי | הסתיימתם | הסתיימתן | הסתים | הסתימה | הסתימו | הסתימנו | הסתימת | הסתימתי | הסתימתם | הסתימתן | יסתיים | יסתיימו | יסתים | יסתימו | להסתים | מסתיימים | מסתיימת | מסתים | מסתימות | מסתימים | מסתימת | נסתיים | נסתים | תסתיים | תסתיימו | תסתיימי | תסתיימנה | תסתים | תסתימו | תסתימי | תסתימנה,,הסתימת | הסתיימת | הסתימו | הסתיימו | תסתים | תסתיים | תסתימנה | תסתיימנה
hebverb_205,געגע,hitpa'el,perdere / mancare,25,21,2,0.0952,13.646852897,627.7436210509694,0.938109756097561,475.575,1.0,,,התגעגעת | מתגעגעת,אתגעגע | התגעגע | התגעגעה | התגעגעו | התגעגענו | התגעגעתי | התגעגעתם | התגעגעתן | יתגעגע | יתגעגעו | להתגעגע | מתגעגע | מתגעגעות | מתגעגעים | נתגעגע | תתגעגע | תתגעגעו | תתגעגעי | תתגעגענה,,התגעגעת | התגעגעו | תתגעגע | תתגעגענה
hebverb_206,סבב,hitpa'el,DA_RIVEDERE: turn around,25,21,5,0.2381,2.304289758,593.927027027027,0.9142857142857143,465.38235294117646,0.9714285714285714,,,אסתובב | הסתובב | הסתובבו | הסתובבתי | נסתובב,הסתובבה | הסתובבנו | הסתובבת | הסתובבתם | הסתובבתן | יסתובב | יסתובבו | להסתובב | מסתובב | מסתובבות | מסתובבים | מסתובבת | תסתובב | תסתובבו | תסתובבי | תסתובבנה,,הסתובבת | הסתובבו | תסתובב | תסתובבנה
hebverb_207,קרר,hitpa'el,DA_RIVEDERE: get cool,25,21,0,0.0,,,,,,,no_help_match_context_only,,אתקרר | התקרר | התקררה | התקררו | התקררנו | התקררת | התקררתי | התקררתם | התקררתן | יתקרר | יתקררו | להתקרר | מתקרר | מתקררות | מתקררים | מתקררת | נתקרר | תתקרר | תתקררו | תתקררי | תתקררנה,,התקררת | התקררו | תתקרר | תתקררנה
hebverb_208,חמם,hitpa'el,DA_RIVEDERE: get hot,25,21,1,0.0476,6.627865014,572.2944444444444,0.9444444444444444,428.6764705882353,1.0,,,להתחמם,אתחמם | התחמם | התחממה | התחממו | התחממנו | התחממת | התחממתי | התחממתם | התחממתן | יתחמם | יתחממו | מתחמם | מתחממות | מתחממים | מתחממת | נתחמם | תתחמם | תתחממו | תתחממי | תתחממנה,,התחממת | התחממו | תתחמם | תתחממנה
hebverb_209,זקן,hitpa'el,DA_RIVEDERE: get old,25,20,1,0.05,3.371539751,611.7973684210526,0.9210526315789473,,,,,להזדקן,אזדקן | הזדקן | הזדקנה | הזדקנו | הזדקנת | הזדקנתי | הזדקנתם | הזדקנתן | יזדקן | יזדקנו | מזדקן | מזדקנות | מזדקנים | מזדקנת | נזדקן | תזדקן | תזדקנה | תזדקנו | תזדקני,,הזדקנת | הזדקנו | תזדקן | תזדקנה
hebverb_210,חבא,hitpa'el,DA_RIVEDERE: hide,25,21,1,0.0476,1.346190332,692.1617647058823,0.7714285714285715,,,,,התחבאת,אתחבא | התחבא | התחבאה | התחבאו | התחבאנו | התחבאתי | התחבאתם | התחבאתן | יתחבא | יתחבאו | להתחבא | מתחבא | מתחבאות | מתחבאים | מתחבאת | נתחבא | תתחבא | תתחבאו | תתחבאי | תתחבאנה,,התחבאת | התחבאו | תתחבא | תתחבאנה
hebverb_211,שכר,hitpa'el,DA_RIVEDERE: get drunk,25,21,3,0.1429,1.224911924,593.0857142857143,0.9714285714285714,,,,,משתכר | משתכרים | נשתכר,אשתכר | השתכר | השתכרה | השתכרו | השתכרנו | השתכרת | השתכרתי | השתכרתם | השתכרתן | ישתכר | ישתכרו | להשתכר | משתכרות | משתכרת | תשתכר | תשתכרו | תשתכרי | תשתכרנה,,השתכרת | השתכרו | תשתכר | תשתכרנה
hebverb_212,שנה,hitpa'el,DA_RIVEDERE: change oneself,25,20,2,0.1,14.089519083999999,593.3179605394737,0.9618421052631578,496.88235294117646,1.0,,,להשתנות | משתנות,אשתנה | השתנה | השתנו | השתנינו | השתנית | השתניתי | השתניתם | השתניתן | השתנתה | ישתנה | ישתנו | משתנה | משתנים | נשתנה | תשתנה | תשתנו | תשתני | תשתנינה,,משתנה | השתנית | השתנו | תשתנה | תשתנינה
hebverb_213,אחד,hitpa'el,DA_RIVEDERE: unite,25,21,0,0.0,,,,,,,no_help_match_context_only,,אתאחד | התאחד | התאחדה | התאחדו | התאחדנו | התאחדת | התאחדתי | התאחדתם | התאחדתן | יתאחד | יתאחדו | להתאחד | מתאחד | מתאחדות | מתאחדים | מתאחדת | נתאחד | תתאחד | תתאחדו | תתאחדי | תתאחדנה,,התאחדת | התאחדו | תתאחד | תתאחדנה
hebverb_214,חבר,hitpa'el,collegare,25,21,2,0.0952,14.210797493500001,557.2054993636978,0.9220647773279352,,,,,להתחבר | מתחבר,אתחבר | התחבר | התחברה | התחברו | התחברנו | התחברת | התחברתי | התחברתם | התחברתן | יתחבר | יתחברו | מתחברות | מתחברים | מתחברת | נתחבר | תתחבר | תתחברו | תתחברי | תתחברנה,,התחברת | התחברו | תתחבר | תתחברנה
hebverb_215,נתק,hitpa'el,DA_RIVEDERE: disconnect,25,21,1,0.0476,1.370446014,579.7454545454545,0.9428571428571428,492.0769230769231,0.9512195121951219,,,התנתק,אתנתק | התנתקה | התנתקו | התנתקנו | התנתקת | התנתקתי | התנתקתם | התנתקתן | יתנתק | יתנתקו | להתנתק | מתנתק | מתנתקות | מתנתקים | מתנתקת | נתנתק | תתנתק | תתנתקו | תתנתקי | תתנתקנה,,התנתקת | התנתקו | תתנתק | תתנתקנה
hebverb_216,יעצ,hitpa'el,DA_RIVEDERE: consult with,49,41,0,0.0,,,,,,,no_help_match_context_only,,אתייעץ | אתיעץ | התייעץ | התייעצה | התייעצו | התייעצנו | התייעצת | התייעצתי | התייעצתם | התייעצתן | התיעץ | התיעצה | התיעצו | התיעצנו | התיעצת | התיעצתי | התיעצתם | התיעצתן | יתייעץ | יתייעצו | יתיעץ | יתיעצו | להתיעץ | מתייעץ | מתייעצות | מתייעצים | מתייעצת | מתיעץ | מתיעצות | מתיעצים | מתיעצת | נתייעץ | נתיעץ | תתייעץ | תתייעצו | תתייעצי | תתייעצנה | תתיעץ | תתיעצו | תתיעצי | תתיעצנה,,התיעצת | התייעצת | התיעצו | התייעצו | תתיעץ | תתייעץ | תתיעצנה | תתייעצנה
hebverb_217,כון,hitpa'el,DA_RIVEDERE: prepare,25,20,1,0.05,8.228740004,575.8315789473684,0.9736842105263158,,,,,תתכונן,אתכונן | התכונן | התכוננה | התכוננו | התכוננת | התכוננתי | התכוננתם | התכוננתן | יתכונן | יתכוננו | להתכונן | מתכונן | מתכוננות | מתכוננים | מתכוננת | נתכונן | תתכוננה | תתכוננו | תתכונני,,התכוננת | התכוננו | תתכונן | תתכוננה
hebverb_218,צרף,hitpa'el,unirsi,25,21,3,0.1429,4.262936052,620.7342105263158,0.972972972972973,,,,,הצטרף | הצטרפה | תצטרפי,אצטרף | הצטרפו | הצטרפנו | הצטרפת | הצטרפתי | הצטרפתם | הצטרפתן | יצטרף | יצטרפו | להצטרף | מצטרף | מצטרפות | מצטרפים | מצטרפת | נצטרף | תצטרף | תצטרפו | תצטרפנה,,הצטרפת | הצטרפו | תצטרף | תצטרפנה
hebverb_219,מדד,hitpa'el,DA_RIVEDERE: cope,25,21,5,0.2381,8.998857897,560.3052631578947,0.9210526315789473,512.4103896103896,0.9585326953748006,,,התמודדה | מתמודד | מתמודדים | מתמודדת | תתמודדי,אתמודד | התמודד | התמודדו | התמודדנו | התמודדת | התמודדתי | התמודדתם | התמודדתן | יתמודד | יתמודדו | להתמודד | מתמודדות | נתמודד | תתמודד | תתמודדו | תתמודדנה,,התמודדת | התמודדו | תתמודד | תתמודדנה
hebverb_220,עלם,hitpa'el,DA_RIVEDERE: ignore,25,21,3,0.1429,1.885879249,582.1710526578947,0.95,514.4871794871794,0.9487179487179487,,,אתעלם | מתעלם | נתעלם,התעלם | התעלמה | התעלמו | התעלמנו | התעלמת | התעלמתי | התעלמתם | התעלמתן | יתעלם | יתעלמו | להתעלם | מתעלמות | מתעלמים | מתעלמת | תתעלם | תתעלמו | תתעלמי | תתעלמנה,,התעלמת | התעלמו | תתעלם | תתעלמנה
hebverb_221,פלל,hitpa'el,pregare,25,21,2,0.0952,8.9351867335,595.0683193134455,0.9285714285714286,563.483870967742,0.9705882352941176,,,התפללתי | מתפלל,אתפלל | התפלל | התפללה | התפללו | התפללנו | התפללת | התפללתם | התפללתן | יתפלל | יתפללו | להתפלל | מתפללות | מתפללים | מתפללת | נתפלל | תתפלל | תתפללו | תתפללי | תתפללנה,,התפללת | התפללו | תתפלל | תתפללנה
hebverb_222,נצל,hitpa'el,DA_RIVEDERE: apologize,25,21,1,0.0476,40.62826679,559.7763157894736,0.9210526315789473,,,,,להתנצל,אתנצל | התנצל | התנצלה | התנצלו | התנצלנו | התנצלת | התנצלתי | התנצלתם | התנצלתן | יתנצל | יתנצלו | מתנצל | מתנצלות | מתנצלים | מתנצלת | נתנצל | תתנצל | תתנצלו | תתנצלי | תתנצלנה,,התנצלת | התנצלו | תתנצל | תתנצלנה
hebverb_223,בלבל,hitpa'el,confondersi,25,21,2,0.0952,1.4947563824999999,659.4077606177606,0.915057915057915,,,,,להתבלבל | מתבלבלת,אתבלבל | התבלבל | התבלבלה | התבלבלו | התבלבלנו | התבלבלת | התבלבלתי | התבלבלתם | התבלבלתן | יתבלבל | יתבלבלו | מתבלבל | מתבלבלות | מתבלבלים | נתבלבל | תתבלבל | תתבלבלו | תתבלבלי | תתבלבלנה,,התבלבלת | התבלבלו | תתבלבל | תתבלבלנה
hebverb_224,עמל,hitpa'el,DA_RIVEDERE: exercise,25,21,1,0.0476,1.146080959,603.2666666666667,0.8888888888888888,494.0,0.8974358974358975,,,מתעמלת,אתעמל | התעמל | התעמלה | התעמלו | התעמלנו | התעמלת | התעמלתי | התעמלתם | התעמלתן | יתעמל | יתעמלו | להתעמל | מתעמל | מתעמלות | מתעמלים | נתעמל | תתעמל | תתעמלו | תתעמלי | תתעמלנה,,התעמלת | התעמלו | תתעמל | תתעמלנה
hebverb_225,בחר,pa'al,DA_RIVEDERE: choose,25,21,5,0.2381,21.67245157,590.4842105789473,0.9473684210526315,501.1216216216216,0.9848484848484849,,,בוחר | בוחרת | בחרת | בחרתי | תבחרו,אבחר | בוחרות | בוחרים | בחר | בחרה | בחרו | בחרנו | בחרתם | בחרתן | יבחר | יבחרו | לבחור | נבחר | תבחר | תבחרי | תבחרנה,,בחרת | בחרו | תבחר | תבחרנה
hebverb_226,ראה,nif'al,DA_RIVEDERE: looks,35,26,9,0.3462,152.926009,554.3609756097561,0.8974358974358975,481.8709677419355,1.0,,,ייראה | יראה | נראה | נראים | נראית | תיראי | תראה | תראו | תראי,איראה | אראה | ייראו | יראו | להיראות | ניראה | נראו | נראות | נראינו | נראיתי | נראיתם | נראיתן | נראתה | תיראה | תיראו | תיראינה | תראינה,,נראה | נראית | נראו | תיראה | תראה | תיראינה | תראינה
hebverb_227,כשל,nif'al,DA_RIVEDERE: fail,34,25,3,0.12,5.68795735,558.5500000000001,0.9210526315789473,509.94594594594594,1.0,,,אכשל | נכשל | נכשלתי,ייכשל | ייכשלו | יכשל | יכשלו | להיכשל | ניכשל | נכשלה | נכשלו | נכשלות | נכשלים | נכשלנו | נכשלת | נכשלתם | נכשלתן | תיכשל | תיכשלו | תיכשלי | תיכשלנה | תכשל | תכשלו | תכשלי | תכשלנה,,נכשל | נכשלת | נכשלו | תיכשל | תכשל | תיכשלנה | תכשלנה
hebverb_228,גמר,nif'al,DA_RIVEDERE: end,34,25,5,0.2,2.207267031,575.0400000000001,0.9428571428571428,477.91728701406123,0.9735191637630662,,,יגמרו | נגמרה | נגמרו | נגמרות | ניגמר,אגמר | יגמר | ייגמר | ייגמרו | להיגמר | נגמר | נגמרים | נגמרנו | נגמרת | נגמרתי | נגמרתם | נגמרתן | תגמר | תגמרו | תגמרי | תגמרנה | תיגמר | תיגמרו | תיגמרי | תיגמרנה,,נגמר | נגמרת | נגמרו | תיגמר | תגמר | תיגמרנה | תגמרנה
hebverb_229,כנס,nif'al,DA_RIVEDERE: enter,34,25,9,0.36,26.25071148,549.8945946486486,0.9473684210526315,497.6235144312394,0.9604582409460458,,,להיכנס | ניכנס | נכנס | נכנסה | נכנסים | נכנסנו | נכנסת | תיכנסי | תכנס,אכנס | ייכנס | ייכנסו | יכנס | יכנסו | נכנסו | נכנסות | נכנסתי | נכנסתם | נכנסתן | תיכנס | תיכנסו | תיכנסנה | תכנסו | תכנסי | תכנסנה,,נכנס | נכנסת | נכנסו | תיכנס | תכנס | תיכנסנה | תכנסנה
hebverb_230,שמע,nif'al,DA_RIVEDERE: heard,34,25,5,0.2,22.53352826,586.2135135135136,0.9459459459459459,503.1459827833573,0.975609756097561,,,נשמע | נשמעתי | תשמע | תשמעו | תשמעי,אשמע | יישמע | יישמעו | ישמע | ישמעו | להישמע | נישמע | נשמעה | נשמעו | נשמעות | נשמעים | נשמענו | נשמעת | נשמעתם | נשמעתן | תישמע | תישמעו | תישמעי | תישמענה | תשמענה,,נשמע | נשמעת | נשמעו | תישמע | תשמע | תישמענה | תשמענה
hebverb_231,סגר,nif'al,DA_RIVEDERE: closed,34,25,2,0.08,10.714947375,552.8078571428571,0.9857142857142858,,,,,נסגר | נסגרים,אסגר | ייסגר | ייסגרו | יסגר | יסגרו | להיסגר | ניסגר | נסגרה | נסגרו | נסגרות | נסגרנו | נסגרת | נסגרתי | נסגרתם | נסגרתן | תיסגר | תיסגרו | תיסגרי | תיסגרנה | תסגר | תסגרו | תסגרי | תסגרנה,,נסגר | נסגרת | נסגרו | תיסגר | תסגר | תיסגרנה | תסגרנה
hebverb_232,פתח,nif'al,DA_RIVEDERE: is opened,34,25,3,0.12,2.886426118,616.3514285714285,0.918918918918919,523.16866359447,0.986842105263158,,,נפתחו | נפתחים | תפתח,אפתח | ייפתח | ייפתחו | יפתח | יפתחו | להפתח | ניפתח | נפתח | נפתחה | נפתחות | נפתחנו | נפתחת | נפתחתי | נפתחתם | נפתחתן | תיפתח | תיפתחו | תיפתחי | תיפתחנה | תפתחו | תפתחי | תפתחנה,,נפתח | נפתחת | נפתחו | תפתח | תיפתח | תפתחנה | תיפתחנה
hebverb_233,אכל,nif'al,DA_RIVEDERE: eaten,35,26,2,0.0769,15.79044876,557.63,0.9857142857142858,455.25,1.0,,,נאכל | תאכלי,אאכל | איאכל | יאכל | יאכלו | ייאכל | ייאכלו | להיאכל | נאכלה | נאכלו | נאכלות | נאכלים | נאכלנו | נאכלת | נאכלתי | נאכלתם | נאכלתן | ניאכל | תאכל | תאכלו | תאכלנה | תיאכל | תיאכלו | תיאכלי | תיאכלנה,,נאכל | נאכלת | נאכלו | תיאכל | תאכל | תיאכלנה | תאכלנה
hebverb_234,כתב,nif'al,DA_RIVEDERE: written,34,25,1,0.04,12.94040617,535.3257142571429,1.0,,,,,נכתב,אכתב | ייכתב | ייכתבו | יכתב | יכתבו | להיכתב | ניכתב | נכתבה | נכתבו | נכתבות | נכתבים | נכתבנו | נכתבת | נכתבתי | נכתבתם | נכתבתן | תיכתב | תיכתבו | תיכתבי | תיכתבנה | תכתב | תכתבו | תכתבי | תכתבנה,,נכתב | נכתבת | נכתבו | תיכתב | תכתב | תיכתבנה | תכתבנה
hebverb_235,קרא,nif'al,"DA_RIVEDERE: read, called",34,25,4,0.16,17.9643642295,596.0047794117647,0.8642857142857143,536.40625,0.9428571428571428,,,אקרא | יקרא | נקרא | תיקרא,ייקרא | ייקראו | יקראו | להיקרא | ניקרא | נקראה | נקראו | נקראות | נקראים | נקראנו | נקראת | נקראתי | נקראתם | נקראתן | תיקראו | תיקראי | תיקראנה | תקרא | תקראו | תקראי | תקראנה,,נקרא | נקראת | נקראו | תיקרא | תקרא | תיקראנה | תקראנה
hebverb_236,פגש,nif'al,DA_RIVEDERE: met,34,25,4,0.16,27.24216247,554.6171052763158,0.9466571834992887,563.5719696969697,0.9545454545454546,,,להיפגש | נפגשים | נפגשנו | תפגשו,אפגש | ייפגש | ייפגשו | יפגש | יפגשו | ניפגש | נפגש | נפגשה | נפגשו | נפגשות | נפגשת | נפגשתי | נפגשתם | נפגשתן | תיפגש | תיפגשו | תיפגשי | תיפגשנה | תפגש | תפגשי | תפגשנה,,נפגש | נפגשת | נפגשו | תיפגש | תפגש | תיפגשנה | תפגשנה
hebverb_237,שאל,nif'al,DA_RIVEDERE: asked,34,25,5,0.2,6.912869274,576.7657895,0.9142857142857143,488.8285714285714,0.9743589743589743,,,ישאל | ישאלו | נשאל | נשאלת | תשאלו,אשאל | יישאל | יישאלו | להשאל | נישאל | נשאלה | נשאלו | נשאלות | נשאלים | נשאלנו | נשאלתי | נשאלתם | נשאלתן | תישאל | תישאלו | תישאלי | תישאלנה | תשאל | תשאלי | תשאלנה,,נשאל | נשאלת | נשאלו | תשאל | תישאל | תשאלנה | תישאלנה
hebverb_238,עשה,nif'al,DA_RIVEDERE: done,35,26,5,0.1923,83.7306131,563.13,0.9024390243902439,447.825513196481,0.7941176470588236,,,אעשה | יעשו | נעשינו | תעשה | תעשי,איעשה | ייעשה | ייעשו | יעשה | להיעשות | ניעשה | נעשה | נעשו | נעשות | נעשים | נעשית | נעשיתי | נעשיתם | נעשיתן | נעשתה | תיעשה | תיעשו | תיעשי | תיעשינה | תעשו | תעשינה,,נעשה | נעשית | נעשו | תיעשה | תעשה | תיעשינה | תעשינה
hebverb_239,נתן,nif'al,DA_RIVEDERE: given,48,34,3,0.0882,51.25225535,626.9707317073171,0.9512195121951219,475.77007575757574,0.9878048780487805,,,ניתנה | נתן | נתנה,אנתן | יינתן | יינתנו | ינתן | ינתנו | להינתן | נינתן | ניתן | ניתנו | ניתנות | ניתנים | ניתנת | ניתנתי | ניתנתם | ניתנתן | ננתן | נתנו | נתנות | נתנים | נתנת | נתנתי | נתנתם | נתנתן | תינתן | תינתנה | תינתנו | תינתני | תנתן | תנתנה | תנתנו | תנתני,,ניתן | נתן | ניתנת | נתנת | ניתנו | נתנו | תינתן | תנתן | תינתנה | תנתנה
hebverb_240,עלם,nif'al,DA_RIVEDERE: disappear,35,26,1,0.0385,13.46796724,509.06216216216217,0.972972972972973,,,,,נעלמת,איעלם | אעלם | ייעלם | ייעלמו | יעלם | יעלמו | להיעלם | ניעלם | נעלם | נעלמה | נעלמו | נעלמות | נעלמים | נעלמנו | נעלמתי | נעלמתם | נעלמתן | תיעלם | תיעלמו | תיעלמי | תיעלמנה | תעלם | תעלמו | תעלמי | תעלמנה,,נעלם | נעלמת | נעלמו | תיעלם | תעלם | תיעלמנה | תעלמנה
hebverb_241,פרד,nif'al,"DA_RIVEDERE: break up, part",34,25,1,0.04,12.54625134,603.5236842368422,1.0,,,,,נפרדים,אפרד | ייפרד | ייפרדו | יפרד | יפרדו | להיפרד | ניפרד | נפרד | נפרדה | נפרדו | נפרדות | נפרדנו | נפרדת | נפרדתי | נפרדתם | נפרדתן | תיפרד | תיפרדו | תיפרדי | תיפרדנה | תפרד | תפרדו | תפרדי | תפרדנה,,נפרד | נפרדת | נפרדו | תיפרד | תפרד | תיפרדנה | תפרדנה
hebverb_242,שרף,nif'al,DA_RIVEDERE: burnt,34,25,1,0.04,3.820269862,612.2684210526317,0.9210526315789473,,,,,נשרפה,אשרף | יישרף | יישרפו | ישרף | ישרפו | להישרף | נישרף | נשרף | נשרפו | נשרפות | נשרפים | נשרפנו | נשרפת | נשרפתי | נשרפתם | נשרפתן | תישרף | תישרפו | תישרפי | תישרפנה | תשרף | תשרפו | תשרפי | תשרפנה,,נשרף | נשרפת | נשרפו | תישרף | תשרף | תישרפנה | תשרפנה
hebverb_243,שלח,nif'al,DA_RIVEDERE: sent,34,25,4,0.16,4.942095139,577.2292763157895,0.9092442645074224,521.50935828877,1.0,,,ישלחו | נשלחנו | תישלח | תשלחי,אשלח | יישלח | יישלחו | ישלח | להשלח | נישלח | נשלח | נשלחה | נשלחו | נשלחות | נשלחים | נשלחת | נשלחתי | נשלחתם | נשלחתן | תישלחו | תישלחי | תישלחנה | תשלח | תשלחו | תשלחנה,,נשלח | נשלחת | נשלחו | תשלח | תישלח | תשלחנה | תישלחנה
hebverb_244,פגע,nif'al,fare male,34,25,3,0.12,8.962474374,521.3971428571429,0.9444444444444444,492.6586452762923,1.0,,,יפגע | נפגעים | נפגעת,אפגע | ייפגע | ייפגעו | יפגעו | להיפגע | ניפגע | נפגע | נפגעה | נפגעו | נפגעות | נפגענו | נפגעתי | נפגעתם | נפגעתן | תיפגע | תיפגעו | תיפגעי | תיפגענה | תפגע | תפגעו | תפגעי | תפגענה,,נפגע | נפגעת | נפגעו | תיפגע | תפגע | תיפגענה | תפגענה
hebverb_245,אמר,nif'al,DA_RIVEDERE: said,35,26,2,0.0769,27.991056639500002,563.1847795163585,0.8392603129445235,485.7142857142857,0.9428571428571428,,,ייאמר | נאמר,"אאמר | איאמר | יאמר | יאמרו | ייאמרו | להאמר | נאמרה | נאמרו | נאמרות | נאמרים | נאמרנו | נאמרת | נאמרתי | נאמרתם | נאמרתן | ניאמר | תאמר | תאמרו | תאמרי | תאמרנה, תאמרנה | תיאמר | תיאמרו | תיאמרי | תיאמרנה",,"נאמר | נאמרת | נאמרו | תאמר | תיאמר | תאמרנה, תאמרנה | תיאמרנה"
hebverb_246,הנה,nif'al,"DA_RIVEDERE: have fun, enjoy",35,26,8,0.3077,10.4238791965,602.7789829167853,0.8928571428571428,460.7618595825427,0.9878048780487805,,,יהנה | ייהנו | ליהנות | נהנה | נהנית | ניהנה | תהנה | תהני,אהנה | איהנה | יהנו | ייהנה | נהנו | נהנות | נהנים | נהנינו | נהניתי | נהניתם | נהניתן | נהנתה | תהנו | תהנינה | תיהנה | תיהנו | תיהני | תיהנינה,,נהנה | נהנית | נהנו | תיהנה | תהנה | תיהנינה | תהנינה
hebverb_247,פצץ,hitpa'el,DA_RIVEDERE: explode,25,21,2,0.0952,8.9685382945,571.0321428571428,0.9045112781954887,484.85858585858585,0.972473604826546,,,התפוצצו | להתפוצץ,אתפוצץ | התפוצץ | התפוצצה | התפוצצנו | התפוצצת | התפוצצתי | התפוצצתם | התפוצצתן | יתפוצץ | יתפוצצו | מתפוצץ | מתפוצצות | מתפוצצים | מתפוצצת | נתפוצץ | תתפוצץ | תתפוצצו | תתפוצצי | תתפוצצנה,,התפוצצת | התפוצצו | תתפוצץ | תתפוצצנה
hebverb_248,חתן,hitpa'el,DA_RIVEDERE: get married,25,20,2,0.1,6.139719421000001,588.113195474436,0.9736842105263157,,,,,התחתן | נתחתן,אתחתן | התחתנה | התחתנו | התחתנת | התחתנתי | התחתנתם | התחתנתן | יתחתן | יתחתנו | להתחתן | מתחתן | מתחתנות | מתחתנים | מתחתנת | תתחתן | תתחתנה | תתחתנו | תתחתני,,התחתנת | התחתנו | תתחתן | תתחתנה
hebverb_249,לון,hitpa'el,DA_RIVEDERE: complain,25,20,3,0.15,3.407923274,600.2449999749999,0.9487179487179487,497.70588235294116,0.8823529411764706,,,התלונן | התלוננה | להתלונן,אתלונן | התלוננו | התלוננת | התלוננתי | התלוננתם | התלוננתן | יתלונן | יתלוננו | מתלונן | מתלוננות | מתלוננים | מתלוננת | נתלונן | תתלונן | תתלוננה | תתלוננו | תתלונני,,התלוננת | התלוננו | תתלונן | תתלוננה
hebverb_250,פשט,hitpa'el,DA_RIVEDERE: get undressed,25,21,3,0.1429,3.614096568,608.4447368421053,0.8378378378378378,510.5220588235294,0.9861111111111112,,,התפשט | התפשטו | מתפשטת,אתפשט | התפשטה | התפשטנו | התפשטת | התפשטתי | התפשטתם | התפשטתן | יתפשט | יתפשטו | להתפשט | מתפשט | מתפשטות | מתפשטים | נתפשט | תתפשט | תתפשטו | תתפשטי | תתפשטנה,,התפשטת | התפשטו | תתפשט | תתפשטנה
hebverb_251,רחץ,hitpa'el,"DA_RIVEDERE: wash oneself, bathe",25,21,0,0.0,,,,,,,no_help_match_context_only,,אתרחץ | התרחץ | התרחצה | התרחצו | התרחצנו | התרחצת | התרחצתי | התרחצתם | התרחצתן | יתרחץ | יתרחצו | להתרחץ | מתרחץ | מתרחצות | מתרחצים | מתרחצת | נתרחץ | תתרחץ | תתרחצו | תתרחצי | תתרחצנה,,התרחצת | התרחצו | תתרחץ | תתרחצנה
hebverb_252,פסק,hiph'il,DA_RIVEDERE: stop,25,21,7,0.3333,22.86704389,566.13,0.975,496.8475609756098,0.9730989956958394,,,הפסיק | הפסקנו | הפסקת | יפסיקו | מפסיקות | תפסיקו | תפסיקי,אפסיק | הפסיקה | הפסיקו | הפסקתי | הפסקתם | הפסקתן | יפסיק | להפסיק | מפסיק | מפסיקה | מפסיקים | נפסיק | תפסיק | תפסקנה,,הפסקת | הפסיקו | תפסיק | תפסקנה
hebverb_253,נדב,hitpa'el,fare volontariato,25,21,4,0.1905,2.4437599275,642.0368420921052,0.9078947368421053,482.7492668621701,1.0,,,התנדב | התנדבת | להתנדב | מתנדבת,אתנדב | התנדבה | התנדבו | התנדבנו | התנדבתי | התנדבתם | התנדבתן | יתנדב | יתנדבו | מתנדב | מתנדבות | מתנדבים | נתנדב | תתנדב | תתנדבו | תתנדבי | תתנדבנה,,התנדבת | התנדבו | תתנדב | תתנדבנה
hebverb_254,עלל,hitpa'el,DA_RIVEDERE: abuse,25,21,0,0.0,,,,,,,no_help_match_context_only,,אתעלל | התעלל | התעללה | התעללו | התעללנו | התעללת | התעללתי | התעללתם | התעללתן | יתעלל | יתעללו | להתעלל | מתעלל | מתעללות | מתעללים | מתעללת | נתעלל | תתעלל | תתעללו | תתעללי | תתעללנה,,התעללת | התעללו | תתעלל | תתעללנה
hebverb_255,ירד,pa'al,DA_RIVEDERE: go down,25,19,2,0.1053,49.915160900000004,567.9361344537815,0.9142857142857143,,,,,לרדת | תרד,ארד | יורד | יורדות | יורדים | יורדת | ירד | ירדה | ירדו | ירדנו | ירדת | ירדתי | ירדתם | ירדתן | נרד | תרדו | תרדי | תרדנה,,ירדת | ירד | ירדו | תרד | תרדנה
hebverb_256,צער,hitpa'el,DA_RIVEDERE: be sorry,25,21,3,0.1429,5.233163319,612.028947368421,0.9473684210526315,498.7686491935484,1.0,,,להצטער | מצטערות | תצטער,אצטער | הצטער | הצטערה | הצטערו | הצטערנו | הצטערת | הצטערתי | הצטערתם | הצטערתן | יצטער | יצטערו | מצטער | מצטערים | מצטערת | נצטער | תצטערו | תצטערי | תצטערנה,,הצטערת | הצטערו | תצטער | תצטערנה
hebverb_257,עלב,nif'al,DA_RIVEDERE: get offended,35,26,1,0.0385,2.534718734,564.51,0.975,458.15625,0.9696969696969697,,,נעלב,"איעלב | אעלב | ייעלב | ייעלבו | יעלב | יעלבו | להעלב | ניעלב | נעלבה | נעלבו | נעלבות | נעלבים | נעלבנו | נעלבת | נעלבתי | נעלבתם | נעלבתן | תיעלב | תיעלבו | תיעלבי | תיעלבנה | תעלב | תעלבו | תעלבי | תעלבנה, תעלבנה",,"נעלב | נעלבת | נעלבו | תעלב | תיעלב | תעלבנה, תעלבנה | תיעלבנה"
hebverb_258,נשק,pi'el,DA_RIVEDERE: kiss,35,29,3,0.1034,41.63487757,563.5027026756758,0.9459459459459459,479.61764705882354,0.9210526315789473,,,לנשק | נישקת | נשק,אנשק | ינשק | ינשקו | מנשק | מנשקות | מנשקים | מנשקת | נישק | נישקה | נישקו | נישקנו | נישקתי | נישקתם | נישקתן | ננשק | נשקה | נשקו | נשקנו | נשקת | נשקתי | נשקתם | נשקתן | תנשק | תנשקו | תנשקי | תנשקנה,,נישקת | נשקת | נישקו | נשקו | תנשק | תנשקנה
hebverb_259,חבק,pi'el,DA_RIVEDERE: hug,35,29,2,0.069,7.213033333,532.6205409356726,0.9320175438596491,469.56439393939394,1.0,,,לחבק | מחבק,אחבק | חבק | חבקה | חבקו | חבקנו | חבקת | חבקתי | חבקתם | חבקתן | חיבק | חיבקה | חיבקו | חיבקנו | חיבקת | חיבקתי | חיבקתם | חיבקתן | יחבק | יחבקו | מחבקות | מחבקים | מחבקת | נחבק | תחבק | תחבקו | תחבקי | תחבקנה,,חיבקת | חבקת | חיבקו | חבקו | תחבק | תחבקנה
hebverb_260,נחם,pi'el,DA_RIVEDERE: comfort,35,29,0,0.0,,,,,,,no_help_match_context_only,,אנחם | ינחם | ינחמו | לנחם | מנחם | מנחמות | מנחמים | מנחמת | נחם | נחמה | נחמו | נחמנו | נחמת | נחמתי | נחמתם | נחמתן | ניחם | ניחמה | ניחמו | ניחמנו | ניחמת | ניחמתי | ניחמתם | ניחמתן | ננחם | תנחם | תנחמו | תנחמי | תנחמנה,,ניחמת | נחמת | ניחמו | נחמו | תנחם | תנחמנה
hebverb_261,בכה,pa'al,DA_RIVEDERE: cry,25,20,2,0.1,3.165366457,597.378947368421,0.9201465201465202,531.5714285714286,1.0,,,יבכה | תבכה,אבכה | בוכה | בוכות | בוכים | בכה | בכו | בכינו | בכית | בכיתי | בכיתם | בכיתן | בכתה | יבכו | לבכות | נבכה | תבכו | תבכי | תבכינה,,בוכה | בכית | בכו | תבכה | תבכינה
hebverb_262,להב,hitpa'el,"DA_RIVEDERE: enthusiastic, excited",25,21,3,0.1429,1.206720163,600.021951195122,0.9210526315789473,476.03125,0.9705882352941176,,,התלהב | מתלהב | תתלהב,אתלהב | התלהבה | התלהבו | התלהבנו | התלהבת | התלהבתי | התלהבתם | התלהבתן | יתלהב | יתלהבו | להתלהב | מתלהבות | מתלהבים | מתלהבת | נתלהב | תתלהבו | תתלהבי | תתלהבנה,,התלהבת | התלהבו | תתלהב | תתלהבנה
hebverb_263,ערץ,hiph'il,"DA_RIVEDERE: adore, admire",25,21,2,0.0952,11.882252054999999,577.2846153846153,0.9615384615384615,485.8421052631579,0.9743589743589743,,,מעריצה | מעריצים,אעריץ | העריץ | העריצה | העריצו | הערצנו | הערצת | הערצתי | הערצתם | הערצתן | יעריץ | יעריצו | להעריץ | מעריץ | מעריצות | נעריץ | תעריץ | תעריצו | תעריצי | תערצנה,,הערצת | העריצו | תעריץ | תערצנה
hebverb_264,בשל,pu'al,DA_RIVEDERE: cooked,49,41,2,0.0488,1.094537635,611.5928571428572,0.8999999999999999,450.31741821397,0.9575018477457502,non_hebrew_form,,בשלו | מבושלת,id_264 | אבושל | אבשל | בושל | בושלה | בושלו | בושלנו | בושלת | בושלתי | בושלתם | בושלתן | בשל | בשלה | בשלנו | בשלת | בשלתי | בשלתם | בשלתן | יבושל | יבושלו | יבשל | יבשלו | מבושל | מבושלות | מבושלים | מבשל | מבשלות | מבשלים | מבשלת | נבושל | נבשל | תבושל | תבושלו | תבושלי | תבושלנה | תבשל | תבשלו | תבשלי | תבשלנה,id_264,בשלת | בושלת | בשלו | בושלו | תבשל | תבושל | תבשלנה | תבושלנה
hebverb_265,קבל,hiph'il,"DA_RIVEDERE: parallel, equivalent",25,21,0,0.0,,,,,,,no_help_match_context_only,,אקביל | הקביל | הקבילה | הקבילו | הקבלנו | הקבלת | הקבלתי | הקבלתם | הקבלתן | יקביל | יקבילו | להקביל | מקביל | מקבילה | מקבילות | מקבילים | נקביל | תקביל | תקבילו | תקבילי | תקבלנה,,הקבלת | הקבילו | תקביל | תקבלנה
hebverb_266,נסה,pu'al,DA_RIVEDERE: is tried,49,39,7,0.1795,44.41215312,564.0833333333334,0.9444444444444444,473.1905075807515,1.0,non_hebrew_form,,אנסה | ינסה | מנסה | מנסים | ננסה | נסה | תנסה,id_266 | אנוסה | ינוסה | ינוסו | ינסו | מנוסה | מנוסות | מנוסים | מנסות | נוסה | נוסו | נוסינו | נוסית | נוסיתי | נוסיתם | נוסיתן | נוסתה | ננוסה | נסו | נסינו | נסית | נסיתי | נסיתם | נסיתן | נסתה | תנוסה | תנוסו | תנוסי | תנוסינה | תנסו | תנסי | תנסינה,id_266,מנוסה | מנסה | נוסית | נסית | נוסו | נסו | תנוסה | תנסה | תנוסינה | תנסינה
hebverb_267,ערבב,pu'al,DA_RIVEDERE: is mixed,49,41,1,0.0244,0.958099426,645.3444444444444,0.8611111111111112,492.45714285714286,0.8285714285714286,non_hebrew_form,,תערבב,id_267 | אעורבב | אערבב | יעורבב | יעורבבו | יערבב | יערבבו | מעורבב | מעורבבות | מעורבבים | מעורבבת | מערבב | מערבבות | מערבבים | מערבבת | נעורבב | נערבב | עורבב | עורבבה | עורבבו | עורבבנו | עורבבת | עורבבתי | עורבבתם | עורבבתן | ערבב | ערבבה | ערבבו | ערבבנו | ערבבת | ערבבתי | ערבבתם | ערבבתן | תעורבב | תעורבבו | תעורבבי | תעורבבנה | תערבבו | תערבבי | תערבבנה,id_267,ערבבת | עורבבת | ערבבו | עורבבו | תערבב | תעורבב | תערבבנה | תעורבבנה
hebverb_268,בזבז,pu'al,DA_RIVEDERE: is wasted,49,41,3,0.0732,2.61961362,562.923076948718,0.9473684210526315,504.4146341463415,0.975609756097561,non_hebrew_form,,בזבזנו | מבזבז | תבזבזו,id_268 | אבוזבז | אבזבז | בוזבז | בוזבזה | בוזבזו | בוזבזנו | בוזבזת | בוזבזתי | בוזבזתם | בוזבזתן | בזבז | בזבזה | בזבזו | בזבזת | בזבזתי | בזבזתם | בזבזתן | יבוזבז | יבוזבזו | יבזבז | יבזבזו | מבוזבז | מבוזבזות | מבוזבזים | מבוזבזת | מבזבזות | מבזבזים | מבזבזת | נבוזבז | נבזבז | תבוזבז | תבוזבזו | תבוזבזי | תבוזבזנה | תבזבז | תבזבזי | תבזבזנה,id_268,בזבזת | בוזבזת | בזבזו | בוזבזו | תבזבז | תבוזבז | תבזבזנה | תבוזבזנה
hebverb_269,שנה,pu'al,DA_RIVEDERE: is changed,49,39,6,0.1538,129.610235,552.6079959257759,0.9081774081774082,471.3030303030303,1.0,non_hebrew_form,,ישנה | משנה | משנות | שונה | שנה | שניתן,id_269 | אשונה | אשנה | ישונה | ישונו | ישנו | משונה | משונות | משונים | משנים | נשונה | נשנה | שונו | שונינו | שונית | שוניתי | שוניתם | שוניתן | שונתה | שנו | שנינו | שנית | שניתי | שניתם | שנתה | תשונה | תשונו | תשוני | תשונינה | תשנה | תשנו | תשני | תשנינה,id_269,משונה | משנה | שונית | שנית | שונו | שנו | תשונה | תשנה | תשונינה | תשנינה
hebverb_270,דבר,pu'al,DA_RIVEDERE: is spoken,49,41,9,0.2195,73.90099811,558.3621621351351,0.972972972972973,485.236866359447,0.9871794871794872,non_hebrew_form,,דבר | ידברו | מדבר | מדברים | מדובר | נדבר | תדבר | תדברו | תדברי,id_270 | אדבר | אדובר | דברה | דברו | דברנו | דברת | דברתי | דברתם | דברתן | דובר | דוברה | דוברו | דוברנו | דוברת | דוברתי | דוברתם | דוברתן | ידבר | ידובר | ידוברו | מדברות | מדברת | מדוברות | מדוברים | מדוברת | נדובר | תדברנה | תדובר | תדוברו | תדוברי | תדוברנה,id_270,דוברת | דברת | דוברו | דברו | תדובר | תדבר | תדוברנה | תדברנה
hebverb_271,סים,pu'al,DA_RIVEDERE: is finished,49,41,2,0.0488,30.74710847,542.118918972973,0.9594594594594594,464.35,0.9512195121951219,non_hebrew_form,,מסוימים | מסוימת,id_271 | אסוים | אסים | יסוים | יסוימו | יסים | יסימו | מסוים | מסוימות | מסים | מסימות | מסימים | מסימת | נסוים | נסים | סוים | סוימה | סוימו | סוימנו | סוימת | סוימתי | סוימתם | סוימתן | סים | סימה | סימו | סימנו | סימת | סימתי | סימתם | סימתן | תסוים | תסוימו | תסוימי | תסוימנה | תסים | תסימו | תסימי | תסימנה,id_271,סימת | סוימת | סימו | סוימו | תסים | תסוים | תסימנה | תסוימנה
hebverb_272,שכנע,pu'al,DA_RIVEDERE: is convinced,49,42,2,0.0476,4.475173267000001,618.2693233082707,0.8913533834586467,480.06451612903226,0.9705882352941176,non_hebrew_form,,שכנע | תשכנעי,"id_272 | אשוכנע | אשכנע | ישוכנע | ישוכנעו | ישכנע | ישכנעו | משוכנע | משוכנעות | משוכנעים | משוכנעת | משכנע | משכנעות | משכנעים | משכנעת | נשוכנע | נשכנע | שוכנע | שוכנעה | שוכנעו | שוכנענו | שוכנעת | שוכנעתי | שוכנעתם | שוכנעתן | שכנעה | שכנעו | שכנענו | שכנעת | שכנעת, שכנעת | שכנעתי | שכנעתם | שכנעתן | תשוכנע | תשוכנעו | תשוכנעי | תשוכנענה | תשכנע | תשכנעו | תשכנענה",id_272,שוכנעת | שכנעו | שוכנעו | תשכנע | תשוכנע | תשכנענה | תשוכנענה
hebverb_273,שתף,pu'al,DA_RIVEDERE: is included,49,41,3,0.0732,3.971867872,594.3628571428571,0.8571428571428571,501.14847560975613,0.7439024390243902,non_hebrew_form,,משתף | שותפו | תשתפו,id_273 | אשותף | אשתף | ישותף | ישותפו | ישתף | ישתפו | משותף | משותפות | משותפים | משותפת | משתפות | משתפים | משתפת | נשותף | נשתף | שותף | שותפה | שותפנו | שותפת | שותפתי | שותפתם | שותפתן | שתף | שתפה | שתפו | שתפנו | שתפת | שתפתי | שתפתם | שתפתן | תשותף | תשותפו | תשותפי | תשותפנה | תשתף | תשתפי | תשתפנה,id_273,שתפת | שותפת | שתפו | שותפו | תשתף | תשותף | תשתפנה | תשותפנה
hebverb_274,קבל,pu'al,DA_RIVEDERE: is received,49,41,7,0.1707,44.12714887,573.4675,0.9210526315789473,486.7878787878788,0.975609756097561,non_hebrew_form,,אקבל | יקבל | מקבל | מקבלת | נקבל | קבלו | קבלת,id_274 | אקובל | יקבלו | יקובל | יקובלו | מקבלות | מקבלים | מקובל | מקובלות | מקובלים | מקובלת | נקובל | קבל | קבלה | קבלנו | קבלתי | קבלתם | קבלתן | קובל | קובלה | קובלו | קובלנו | קובלת | קובלתי | קובלתם | קובלתן | תקבל | תקבלו | תקבלי | תקבלנה | תקובל | תקובלו | תקובלי | תקובלנה,id_274,קבלת | קובלת | קבלו | קובלו | תקבל | תקובל | תקבלנה | תקובלנה
hebverb_275,סדר,pu'al,DA_RIVEDERE: is organized,49,41,4,0.0976,11.600279754999999,580.1577364739865,0.9587087087087087,506.27777777777777,0.9743589743589743,non_hebrew_form,,מסדר | מסודרות | סדרה | סדרתי,id_275 | אסדר | אסודר | יסדר | יסדרו | יסודר | יסודרו | מסדרות | מסדרים | מסדרת | מסודר | מסודרים | מסודרת | נסדר | נסודר | סדר | סדרו | סדרנו | סדרת | סדרתם | סדרתן | סודר | סודרה | סודרו | סודרנו | סודרת | סודרתי | סודרתם | סודרתן | תסדר | תסדרו | תסדרי | תסדרנה | תסודר | תסודרו | תסודרי | תסודרנה,id_275,סדרת | סודרת | סדרו | סודרו | תסדר | תסודר | תסדרנה | תסודרנה
hebverb_276,מלא,pu'al,DA_RIVEDERE: is filled,49,41,6,0.1463,2.868234357,609.4782706766917,0.7688644688644688,484.6137750653879,0.9705882352941176,non_hebrew_form,,ימלא | מלאה | ממלאים | ממלאת | נמלא | תמלאי,id_276 | אמולא | אמלא | ימולא | ימולאו | ימלאו | מולא | מולאה | מולאו | מולאנו | מולאת | מולאתי | מולאתם | מולאתן | מלא | מלאו | מלאנו | מלאת | מלאתי | מלאתם | מלאתן | ממולא | ממולאות | ממולאים | ממולאת | ממלא | ממלאות | נמולא | תמולא | תמולאו | תמולאי | תמולאנה | תמלא | תמלאו | תמלאנה,id_276,מולאת | מלאת | מולאו | מלאו | תמולא | תמלא | תמולאנה | תמלאנה
hebverb_277,בין,huf'al,DA_RIVEDERE: is understood,25,20,2,0.1,24.05860425,567.3511636636637,0.9054054054054055,463.3243243243243,1.0,non_hebrew_form,,מובן | מובנת,id_277 | אובן | הובן | הובנה | הובנו | הובנת | הובנתי | הובנתם | הובנתן | יובן | יובנו | מובנות | מובנים | נובן | תובן | תובנה | תובנו | תובני,id_277,הובנת | הובנו | תובן | תובנה
hebverb_278,חלף,huf'al,DA_RIVEDERE: is replaced,49,41,1,0.0244,0.970227267,634.0314285714285,0.9142857142857143,456.46875,1.0,non_hebrew_form,,מוחלף,"id_278 | אוחלף | אחלף, אחלף, אחלף | הוחלף | הוחלפה | הוחלפו | הוחלפנו | הוחלפת | הוחלפתי | הוחלפתם | הוחלפתן | החלף, החלף, החלף | החלפה, החלפה, החלפה | החלפו, החלפו, החלפו | החלפנו, החלפנו, החלפנו | החלפת, החלפת, החלפת | החלפתי, החלפתי, החלפתי | החלפתם, החלפתם, החלפתם | החלפתן, החלפתן, החלפתן | יוחלף | יוחלפו | יחלף, יחלף, יחלף | יחלפו, יחלפו, יחלפו | מוחלפות | מוחלפים | מוחלפת | מחלף, מחלף, מחלף | מחלפות, מחלפות, מחלפות | מחלפים, מחלפים, מחלפים | מחלפת, מחלפת, מחלפת | נוחלף | נחלף, נחלף, נחלף | תוחלף | תוחלפו | תוחלפי | תוחלפנה | תחלף, תחלף, תחלף | תחלפו, תחלפו, תחלפו | תחלפי, תחלפי, תחלפי | תחלפנה, תחלפנה, תחלפנה",id_278,"החלפת, החלפת, החלפת | הוחלפת | החלפו, החלפו, החלפו | הוחלפו | תחלף, תחלף, תחלף | תוחלף | תחלפנה, תחלפנה, תחלפנה | תוחלפנה"
hebverb_279,רכב,huf'al,"DA_RIVEDERE: complicated, composed",49,41,1,0.0244,7.058403364,562.0944444444444,0.9459459459459459,,,non_hebrew_form,,מורכבת,"id_279 | אורכב | ארכב, ארכב | הורכב | הורכבה | הורכבו | הורכבנו | הורכבת | הורכבתי | הורכבתם | הורכבתן | הרכב, הרכב | הרכבה, הרכבה | הרכבו, הרכבו | הרכבנו, הרכבנו | הרכבת, הרכבת | הרכבתי, הרכבתי | הרכבתם, הרכבתם | הרכבתן, הרכבתן | יורכב | יורכבו | ירכב, ירכב | ירכבו, ירכבו | מורכב | מורכבות | מורכבים | מרכב, מרכב | מרכבות, מרכבות | מרכבים, מרכבים | מרכבת, מרכבת | נורכב | נרכב, נרכב | תורכב | תורכבו | תורכבי | תורכבנה | תרכב, תרכב | תרכבו, תרכבו | תרכבי, תרכבי | תרכבנה, תרכבנה",id_279,"הרכבת, הרכבת | הורכבת | הרכבו, הרכבו | הורכבו | תרכב, תרכב | תורכב | תרכבנה, תרכבנה | תורכבנה"
hebverb_280,זמן,huf'al,DA_RIVEDERE: is invited,49,39,2,0.0513,3.232069582,591.0876833976833,0.8913533834586467,496.40625,0.9117647058823529,non_hebrew_form,,הוזמן | הוזמנתי,"id_280 | אוזמן | אזמן, אזמן | הוזמנה | הוזמנו | הוזמנת | הוזמנתם | הוזמנתן | הזמן, הזמן | הזמנה, הזמנה | הזמנו, הזמנו | הזמנת, הזמנת | הזמנתי, הזמנתי | הזמנתם, הזמנתם | הזמנתן, הזמנתן | יוזמן | יוזמנו | יזמן, יזמן | יזמנו, יזמנו | מוזמן | מוזמנות | מוזמנים | מוזמנת | מזמן, מזמן | מזמנות, מזמנות | מזמנים, מזמנים | מזמנת, מזמנת | נוזמן | נזמן, נזמן | תוזמן | תוזמנה | תוזמנו | תוזמני | תזמן, תזמן | תזמנה, תזמנה | תזמנו, תזמנו | תזמני, תזמני",id_280,"הזמנת, הזמנת | הוזמנת | הזמנו, הזמנו | הוזמנו | תזמן, תזמן | תוזמן | תזמנה, תזמנה | תוזמנה"
hebverb_281,פרע,hiph'il,DA_RIVEDERE: disturb,25,21,7,0.3333,4.760177526,566.6485714285715,0.8947368421052632,503.953125,0.9871794871794872,,,הפריעו | הפרעתי | יפריע | להפריע | מפריעים | תפריע | תפריעי,אפריע | הפריע | הפריעה | הפרענו | הפרעת | הפרעתם | הפרעתן | יפריעו | מפריע | מפריעה | מפריעות | נפריע | תפריעו | תפרענה,,הפרעת | הפריעו | תפריע | תפרענה
hebverb_282,פרע,huf'al,DA_RIVEDERE: is disturbed,49,42,0,0.0,,,,,,non_hebrew_form,no_help_match_context_only,,"id_282 | אופרע | אפרע, אפרע | הופרע | הופרעה | הופרעו | הופרענו | הופרעת | הופרעתי | הופרעתם | הופרעתן | הפרע, הפרע | הפרעה, הפרעה | הפרעו, הפרעו | הפרענו, הפרענו | הפרעת, הפרעת | הפרעת, הפרעת, הפרעת, הפרעת | הפרעתי, הפרעתי | הפרעתם, הפרעתם | הפרעתן, הפרעתן | יופרע | יופרעו | יפרע, יפרע | יפרעו, יפרעו | מופרע | מופרעות | מופרעים | מופרעת | מפרע, מפרע | מפרעות, מפרעות | מפרעים, מפרעים | מפרעת, מפרעת | נופרע | נפרע, נפרע | תופרע | תופרעו | תופרעי | תופרענה | תפרע, תפרע | תפרעו, תפרעו | תפרעי, תפרעי | תפרענה, תפרענה",id_282,"הופרעת | הפרעו, הפרעו | הופרעו | תפרע, תפרע | תופרע | תפרענה, תפרענה | תופרענה"
hebverb_283,צלח,huf'al,DA_RIVEDERE:,49,42,3,0.0714,9.247478634,508.0972972702703,0.972972972972973,510.6969696969697,0.9090909090909091,non_hebrew_form,,מוצלח | מוצלחות | מוצלחת,"id_283 | אוצלח | אצלח, אצלח | הוצלח | הוצלחה | הוצלחו | הוצלחנו | הוצלחת | הוצלחתי | הוצלחתם | הוצלחתן | הצלח, הצלח | הצלחה, הצלחה | הצלחו, הצלחו | הצלחנו, הצלחנו | הצלחת, הצלחת | הצלחת, הצלחת, הצלחת, הצלחת | הצלחתי, הצלחתי | הצלחתם, הצלחתם | הצלחתן, הצלחתן | יוצלח | יוצלחו | יצלח, יצלח | יצלחו, יצלחו | מוצלחים | מצלח, מצלח | מצלחות, מצלחות | מצלחים, מצלחים | מצלחת, מצלחת | נוצלח | נצלח, נצלח | תוצלח | תוצלחו | תוצלחי | תוצלחנה | תצלח, תצלח | תצלחו, תצלחו | תצלחי, תצלחי | תצלחנה, תצלחנה",id_283,"הוצלחת | הצלחו, הצלחו | הוצלחו | תצלח, תצלח | תוצלח | תצלחנה, תצלחנה | תוצלחנה"
hebverb_284,גבל,hiph'il,"DA_RIVEDERE: restrict, limit",25,21,0,0.0,,,,,,,no_help_match_context_only,,אגביל | הגביל | הגבילה | הגבילו | הגבלנו | הגבלת | הגבלתי | הגבלתם | הגבלתן | יגביל | יגבילו | להגביל | מגביל | מגבילה | מגבילות | מגבילים | נגביל | תגביל | תגבילו | תגבילי | תגבלנה,,הגבלת | הגבילו | תגביל | תגבלנה
hebverb_285,גבל,huf'al,"DA_RIVEDERE: is restricted, is limited",49,41,0,0.0,,,,,,non_hebrew_form,no_help_match_context_only,,"id_285 | אגבל, אגבל | אוגבל | הגבל, הגבל | הגבלה, הגבלה | הגבלו, הגבלו | הגבלנו, הגבלנו | הגבלת, הגבלת | הגבלתי, הגבלתי | הגבלתם, הגבלתם | הגבלתן, הגבלתן | הוגבל | הוגבלה | הוגבלו | הוגבלנו | הוגבלת | הוגבלתי | הוגבלתם | הוגבלתן | יגבל, יגבל | יגבלו, יגבלו | יוגבל | יוגבלו | מגבל, מגבל | מגבלות, מגבלות | מגבלים, מגבלים | מגבלת, מגבלת | מוגבל | מוגבלות | מוגבלים | מוגבלת | נגבל, נגבל | נוגבל | תגבל, תגבל | תגבלו, תגבלו | תגבלי, תגבלי | תגבלנה, תגבלנה | תוגבל | תוגבלו | תוגבלי | תוגבלנה",id_285,"הגבלת, הגבלת | הוגבלת | הגבלו, הגבלו | הוגבלו | תגבל, תגבל | תוגבל | תגבלנה, תגבלנה | תוגבלנה"
hebverb_286,חלט,huf'al,DA_RIVEDERE: is decided,49,41,2,0.0488,36.671558715,566.26,0.9319548872180451,464.6216216216216,0.9736842105263158,non_hebrew_form,,החלטה | מוחלטת,id_286 | אוחלט | אחלט | הוחלט | הוחלטה | הוחלטו | הוחלטנו | הוחלטת | הוחלטתי | הוחלטתם | הוחלטתן | החלט | החלטו | החלטנו | החלטת | החלטתי | החלטתם | החלטתן | יוחלט | יוחלטו | יחלט | יחלטו | מוחלט | מוחלטות | מוחלטים | מחלט | מחלטות | מחלטים | מחלטת | נוחלט | נחלט | תוחלט | תוחלטו | תוחלטי | תוחלטנה | תחלט | תחלטו | תחלטי | תחלטנה,id_286,הוחלטת | החלטת | הוחלטו | החלטו | תוחלט | תחלט | תוחלטנה | תחלטנה
hebverb_287,שפע,huf'al,DA_RIVEDERE: is influenced,49,42,1,0.0238,1.212784083,575.0763157894737,0.9210526315789473,514.0967741935484,1.0,non_hebrew_form,,מושפעת,"id_287 | אושפע | אשפע, אשפע | הושפע | הושפעה | הושפעו | הושפענו | הושפעת | הושפעתי | הושפעתם | הושפעתן | השפע, השפע | השפעה, השפעה | השפעו, השפעו | השפענו, השפענו | השפעת, השפעת | השפעת, השפעת, השפעת, השפעת | השפעתי, השפעתי | השפעתם, השפעתם | השפעתן, השפעתן | יושפע | יושפעו | ישפע, ישפע | ישפעו, ישפעו | מושפע | מושפעות | מושפעים | משפע, משפע | משפעות, משפעות | משפעים, משפעים | משפעת, משפעת | נושפע | נשפע, נשפע | תושפע | תושפעו | תושפעי | תושפענה | תשפע, תשפע | תשפעו, תשפעו | תשפעי, תשפעי | תשפענה, תשפענה",id_287,"הושפעת | השפעו, השפעו | הושפעו | תשפע, תשפע | תושפע | תשפענה, תשפענה | תושפענה"
hebverb_288,דאג,hiph'il,DA_RIVEDERE: worry,25,21,3,0.1429,1.261295446,605.1972222222222,0.7894736842105263,446.7248576850095,0.9705882352941176,,,הדאיג | ידאיג | להדאיג,אדאיג | הדאגנו | הדאגת | הדאגתי | הדאגתם | הדאגתן | הדאיגה | הדאיגו | ידאיגו | מדאיג | מדאיגה | מדאיגות | מדאיגים | נדאיג | תדאגנה | תדאיג | תדאיגו | תדאיגי,,הדאגת | הדאיגו | תדאיג | תדאגנה
hebverb_289,דאג,huf'al,DA_RIVEDERE: is worried,49,41,1,0.0244,26.60848278,609.2815789473684,0.9210526315789473,481.741935483871,0.9696969696969697,non_hebrew_form,,מודאגת,"id_289 | אדאג, אדאג | אודאג | הדאג, הדאג | הדאגה, הדאגה | הדאגו, הדאגו | הדאגנו, הדאגנו | הדאגת, הדאגת | הדאגתי, הדאגתי | הדאגתם, הדאגתם | הדאגתן, הדאגתן | הודאג | הודאגה | הודאגו | הודאגנו | הודאגת | הודאגתי | הודאגתם | הודאגתן | ידאג, ידאג | ידאגו, ידאגו | יודאג | יודאגו | מדאג, מדאג | מדאגות, מדאגות | מדאגים, מדאגים | מדאגת, מדאגת | מודאג | מודאגות | מודאגים | נדאג, נדאג | נודאג | תדאג, תדאג | תדאגו, תדאגו | תדאגי, תדאגי | תדאגנה, תדאגנה | תודאג | תודאגו | תודאגי | תודאגנה",id_289,"הדאגת, הדאגת | הודאגת | הדאגו, הדאגו | הודאגו | תדאג, תדאג | תודאג | תדאגנה, תדאגנה | תודאגנה"
hebverb_290,תאם,huf'al,DA_RIVEDERE: is fitted,49,41,0,0.0,,,,,,non_hebrew_form,no_help_match_context_only,,"id_290 | אותאם | אתאם, אתאם | הותאם | הותאמה | הותאמו | הותאמנו | הותאמת | הותאמתי | הותאמתם | הותאמתן | התאם, התאם | התאמה, התאמה | התאמו, התאמו | התאמנו, התאמנו | התאמת, התאמת | התאמתי, התאמתי | התאמתם, התאמתם | התאמתן, התאמתן | יותאם | יותאמו | יתאם, יתאם | יתאמו, יתאמו | מותאם | מותאמות | מותאמים | מותאמת | מתאם, מתאם | מתאמות, מתאמות | מתאמים, מתאמים | מתאמת, מתאמת | נותאם | נתאם, נתאם | תותאם | תותאמו | תותאמי | תותאמנה | תתאם, תתאם | תתאמו, תתאמו | תתאמי, תתאמי | תתאמנה, תתאמנה",id_290,"התאמת, התאמת | הותאמת | התאמו, התאמו | הותאמו | תתאם, תתאם | תותאם | תתאמנה, תתאמנה | תותאמנה"
hebverb_291,סבר,huf'al,DA_RIVEDERE: is explained,49,41,1,0.0244,2.098116464,611.9657142857143,0.9428571428571428,490.07894736842104,1.0,non_hebrew_form,,מוסבר,"id_291 | אוסבר | אסבר, אסבר | הוסבר | הוסברה | הוסברו | הוסברנו | הוסברת | הוסברתי | הוסברתם | הוסברתן | הסבר, הסבר | הסברה, הסברה | הסברו, הסברו | הסברנו, הסברנו | הסברת, הסברת | הסברתי, הסברתי | הסברתם, הסברתם | הסברתן, הסברתן | יוסבר | יוסברו | יסבר, יסבר | יסברו, יסברו | מוסברות | מוסברים | מוסברת | מסבר, מסבר | מסברות, מסברות | מסברים, מסברים | מסברת, מסברת | נוסבר | נסבר, נסבר | תוסבר | תוסברו | תוסברי | תוסברנה | תסבר, תסבר | תסברו, תסברו | תסברי, תסברי | תסברנה, תסברנה",id_291,"הסברת, הסברת | הוסברת | הסברו, הסברו | הוסברו | תסבר, תסבר | תוסבר | תסברנה, תסברנה | תוסברנה"
hebverb_292,דכא,pi'el,"DA_RIVEDERE: oppress, cause depression",35,29,1,0.0345,1.503852263,645.8225,0.7560975609756098,481.8484848484849,0.9705882352941176,,,מדכאת,אדכא | דיכא | דיכאה | דיכאו | דיכאנו | דיכאת | דיכאתי | דיכאתם | דיכאתן | דכא | דכאה | דכאו | דכאנו | דכאת | דכאתי | דכאתם | דכאתן | ידכא | ידכאו | לדכא | מדכא | מדכאות | מדכאים | נדכא | תדכא | תדכאו | תדכאי | תדכאנה,,דיכאת | דכאת | דיכאו | דכאו | תדכא | תדכאנה
hebverb_293,דכא,pu'al,"DA_RIVEDERE: is oppressed, is depressed",49,41,1,0.0244,1.503852263,645.8225,0.7560975609756098,481.8484848484849,0.9705882352941176,non_hebrew_form,,מדכאת,id_293 | אדוכא | אדכא | דוכא | דוכאה | דוכאו | דוכאנו | דוכאת | דוכאתי | דוכאתם | דוכאתן | דכא | דכאה | דכאו | דכאנו | דכאת | דכאתי | דכאתם | דכאתן | ידוכא | ידוכאו | ידכא | ידכאו | מדוכא | מדוכאות | מדוכאים | מדוכאת | מדכא | מדכאות | מדכאים | נדוכא | נדכא | תדוכא | תדוכאו | תדוכאי | תדוכאנה | תדכא | תדכאו | תדכאי | תדכאנה,id_293,דוכאת | דכאת | דוכאו | דכאו | תדוכא | תדכא | תדוכאנה | תדכאנה
hebverb_294,אשר,pu'al,DA_RIVEDERE: is approved,49,41,5,0.122,3.614096568,600.5114285714285,0.972972972972973,454.6515151515151,0.9721362229102167,non_hebrew_form,,אאשר | אושר | יאשרו | מאשר | מאשרים,id_294 | אאושר | אושרה | אושרו | אושרנו | אושרת | אושרתי | אושרתם | אושרתן | אשר | אשרה | אשרו | אשרנו | אשרת | אשרתי | אשרתם | אשרתן | יאושר | יאושרו | יאשר | מאושר | מאושרות | מאושרים | מאושרת | מאשרות | מאשרת | נאושר | נאשר | תאושר | תאושרו | תאושרי | תאושרנה | תאשר | תאשרו | תאשרי | תאשרנה,id_294,אשרת | אושרת | אשרו | אושרו | תאשר | תאושר | תאשרנה | תאושרנה
hebverb_295,נשק,pu'al,DA_RIVEDERE: is kissed,49,41,1,0.0244,116.7911072,532.6054052972974,0.972972972972973,,,non_hebrew_form,,נשק,id_295 | אנושק | אנשק | ינושק | ינושקו | ינשק | ינשקו | מנושק | מנושקות | מנושקים | מנושקת | מנשק | מנשקות | מנשקים | מנשקת | נושק | נושקה | נושקו | נושקנו | נושקת | נושקתי | נושקתם | נושקתן | ננושק | ננשק | נשקה | נשקו | נשקנו | נשקת | נשקתי | נשקתם | נשקתן | תנושק | תנושקו | תנושקי | תנושקנה | תנשק | תנשקו | תנשקי | תנשקנה,id_295,נשקת | נושקת | נשקו | נושקו | תנשק | תנושק | תנשקנה | תנושקנה
hebverb_296,נחם,pu'al,DA_RIVEDERE: is comforted,49,41,0,0.0,,,,,,non_hebrew_form,no_help_match_context_only,,id_296 | אנוחם | אנחם | ינוחם | ינוחמו | ינחם | ינחמו | מנוחם | מנוחמות | מנוחמים | מנוחמת | מנחם | מנחמות | מנחמים | מנחמת | נוחם | נוחמה | נוחמו | נוחמנו | נוחמת | נוחמתי | נוחמתם | נוחמתן | נחם | נחמה | נחמו | נחמנו | נחמת | נחמתי | נחמתם | נחמתן | ננוחם | ננחם | תנוחם | תנוחמו | תנוחמי | תנוחמנה | תנחם | תנחמו | תנחמי | תנחמנה,id_296,נחמת | נוחמת | נחמו | נוחמו | תנחם | תנוחם | תנחמנה | תנוחמנה
hebverb_297,חבק,pu'al,DA_RIVEDERE: is hugged,49,41,1,0.0244,3.874845146,513.4305555555555,0.9166666666666666,466.8787878787879,1.0,non_hebrew_form,,מחבק,id_297 | אחבק | אחובק | חבק | חבקה | חבקו | חבקנו | חבקת | חבקתי | חבקתם | חבקתן | חובק | חובקה | חובקו | חובקנו | חובקת | חובקתי | חובקתם | חובקתן | יחבק | יחבקו | יחובק | יחובקו | מחבקות | מחבקים | מחבקת | מחובק | מחובקות | מחובקים | מחובקת | נחבק | נחובק | תחבק | תחבקו | תחבקי | תחבקנה | תחובק | תחובקו | תחובקי | תחובקנה,id_297,חבקת | חובקת | חבקו | חובקו | תחבק | תחובק | תחבקנה | תחובקנה
hebverb_298,שעמם,pi'el,DA_RIVEDERE: bore,49,41,1,0.0244,32.6420836,572.3378378378378,1.0,,,,,משעמם,"אשעמם | אשעמם, אשעמם | ישעמם | ישעמם, ישעמם | ישעממו | ישעממו, ישעממו | לשעמם, לשעמם | משעמם, משעמם | משעממות | משעממות, משעממות | משעממים | משעממים, משעממים | משעממת | משעממת, משעממת | נשעמם | נשעמם, נשעמם | שיעמם, שעמם | שיעממה, שעממה | שיעממו, שעממו | שיעממנו, שעממנו | שיעממת, שעממת | שיעממתי, שעממתי | שיעממתם, שעממתם | שיעממתן, שעממתן | שעמם, שעמם | שעממה, שעממה | שעממו, שעממו | שעממנו, שעממנו | שעממת, שעממת | שעממתי, שעממתי | שעממתם, שעממתם | שעממתן, שעממתן | תשעמם | תשעמם, תשעמם | תשעממו | תשעממו, תשעממו | תשעממי | תשעממי, תשעממי | תשעממנה | תשעממנה, תשעממנה",,"שעממת, שעממת | שיעממת, שעממת | שעממו, שעממו | שיעממו, שעממו | תשעמם, תשעמם | תשעמם | תשעממנה, תשעממנה | תשעממנה"
hebverb_299,שעמם,pu'al,DA_RIVEDERE: is bored,49,41,1,0.0244,6.900741433,603.1513513513513,0.9736842105263158,,,non_hebrew_form,,משועמם,"id_299 | אשועמם | אשעמם, אשעמם, אשעמם | ישועמם | ישועממו | ישעמם, ישעמם, ישעמם | ישעממו, ישעממו, ישעממו | משועממות | משועממים | משועממת | משעמם, משעמם, משעמם | משעממות, משעממות, משעממות | משעממים, משעממים, משעממים | משעממת, משעממת, משעממת | נשועמם | נשעמם, נשעמם, נשעמם | שועמם | שועממה | שועממו | שועממנו | שועממת | שועממתי | שועממתם | שועממתן | שעמם, שעמם, שעמם | שעממה, שעממה, שעממה | שעממו, שעממו, שעממו | שעממנו, שעממנו, שעממנו | שעממת, שעממת, שעממת | שעממתי, שעממתי, שעממתי | שעממתם, שעממתם, שעממתם | שעממתן, שעממתן, שעממתן | תשועמם | תשועממו | תשועממי | תשועממנה | תשעמם, תשעמם, תשעמם | תשעממו, תשעממו, תשעממו | תשעממי, תשעממי, תשעממי | תשעממנה, תשעממנה, תשעממנה",id_299,"שעממת, שעממת, שעממת | שועממת | שעממו, שעממו, שעממו | שועממו | תשעמם, תשעמם, תשעמם | תשועמם | תשעממנה, תשעממנה, תשעממנה | תשועממנה"
hebverb_300,דחה,pa'al,DA_RIVEDERE: reject,25,20,6,0.3,3.2260056610000003,602.5169703103913,0.7931848852901484,486.2401960784314,1.0,,,אדחה | דוחים | דחית | דחתה | לדחות | נדחה,דוחה | דוחות | דחה | דחו | דחינו | דחיתי | דחיתם | דחיתן | ידחה | ידחו | תדחה | תדחו | תדחי | תדחינה,,דוחה | דחית | דחו | תדחה | תדחינה
hebverb_301,נשק,hitpa'el,DA_RIVEDERE: kiss with,25,21,0,0.0,,,,,,,no_help_match_context_only,,אתנשק | התנשק | התנשקה | התנשקו | התנשקנו | התנשקת | התנשקתי | התנשקתם | התנשקתן | יתנשק | יתנשקו | להתנשק | מתנשק | מתנשקות | מתנשקים | מתנשקת | נתנשק | תתנשק | תתנשקו | תתנשקי | תתנשקנה,,התנשקת | התנשקו | תתנשק | תתנשקנה
hebverb_302,חבק,hitpa'el,DA_RIVEDERE: hug with,25,21,0,0.0,,,,,,,no_help_match_context_only,,אתחבק | התחבק | התחבקה | התחבקו | התחבקנו | התחבקת | התחבקתי | התחבקתם | התחבקתן | יתחבק | יתחבקו | להתחבק | מתחבק | מתחבקות | מתחבקים | מתחבקת | נתחבק | תתחבק | תתחבקו | תתחבקי | תתחבקנה,,התחבקת | התחבקו | תתחבק | תתחבקנה
hebverb_303,פתע,hiph'il,DA_RIVEDERE: surprise,25,21,2,0.0952,13.064716537499999,528.457894736842,0.9210526315789473,479.3939393939394,1.0,,,מפתיע | מפתיעים,אפתיע | הפתיע | הפתיעה | הפתיעו | הפתענו | הפתעת | הפתעתי | הפתעתם | הפתעתן | יפתיע | יפתיעו | להפתיע | מפתיעה | מפתיעות | נפתיע | תפתיע | תפתיעו | תפתיעי | תפתענה,,הפתעת | הפתיעו | תפתיע | תפתענה
hebverb_304,פתע,huf'al,DA_RIVEDERE: is surprised,49,42,3,0.0714,2.346737201,576.5742857428571,0.9428571428571428,526.7714285714286,0.9473684210526315,non_hebrew_form,,הופתע | מופתע | תופתע,"id_304 | אופתע | אפתע, אפתע | הופתעה | הופתעו | הופתענו | הופתעת | הופתעתי | הופתעתם | הופתעתן | הפתע, הפתע | הפתעה, הפתעה | הפתעו, הפתעו | הפתענו, הפתענו | הפתעת, הפתעת | הפתעת, הפתעת, הפתעת, הפתעת | הפתעתי, הפתעתי | הפתעתם, הפתעתם | הפתעתן, הפתעתן | יופתע | יופתעו | יפתע, יפתע | יפתעו, יפתעו | מופתעות | מופתעים | מופתעת | מפתע, מפתע | מפתעות, מפתעות | מפתעים, מפתעים | מפתעת, מפתעת | נופתע | נפתע, נפתע | תופתעו | תופתעי | תופתענה | תפתע, תפתע | תפתעו, תפתעו | תפתעי, תפתעי | תפתענה, תפתענה",id_304,"הופתעת | הפתעו, הפתעו | הופתעו | תפתע, תפתע | תופתע | תפתענה, תפתענה | תופתענה"
hebverb_305,צפה,pi'el,DA_RIVEDERE: expect,35,28,7,0.25,19.39848141,590.4342857142857,0.9428571428571428,513.2058823529412,0.9117647058823529,,,לצפות | מצפה | מצפים | ציפינו | צפיתי | תצפה | תצפי,אצפה | יצפה | יצפו | מצפות | נצפה | ציפה | ציפו | ציפית | ציפיתי | ציפיתם | ציפיתן | ציפתה | צפה | צפו | צפינו | צפית | צפיתם | צפיתן | צפתה | תצפו | תצפינה,,מצפה | ציפית | צפית | ציפו | צפו | תצפה | תצפינה
hebverb_306,צפה,pu'al,DA_RIVEDERE: is expected,49,41,6,0.1463,16.6363656585,597.8320077084942,0.9199857752489331,535.3623737373737,0.9430618401206636,non_hebrew_form,,מצופה | מצפה | מצפים | צופה | תצפה | תצפי,"id_306 | אצופה | אצפה | יצופה | יצופו | יצפה | יצפו | מצופה, מצופית | מצופות | מצופים | מצפה, מצפית | מצפות | נצופה | נצפה | צופו | צופינו | צופית | צופיתי | צופיתם | צופיתן | צופתה | צפה | צפו | צפינו, צפינו | צפית, צפית | צפיתי, צפיתי | צפיתם, צפיתם | צפיתן, צפיתן | צפתה | תצופה | תצופו | תצופי | תצופינה | תצפו | תצפינה",id_306,"צפית, צפית | צופית | צפו | צופו | תצפה | תצופה | תצפינה | תצופינה"
hebverb_307,בוך,hiph'il,DA_RIVEDERE: embarass,25,21,1,0.0476,6.233710187,556.2285714285714,1.0,,,,,להביך,"אביך | הביך | הביכה | הביכו | הבכנו, הביכונו | הבכת, הביכות | הבכתי, הביכותי | הבכתם, הביכותם | הבכתן, הביכותן | יביך | יביכו | מביך | מביכה | מביכות | מביכים | נביך | תביך | תביכו | תביכי | תבכנה",,"הבכת, הביכות | הביכו | תביך | תבכנה"
hebverb_308,זכר,nif'al,DA_RIVEDERE: is remembered,34,25,4,0.16,2.437696007,561.3630888030889,0.9571428571428571,518.9781947261663,0.7705882352941176,,,אזכר | ייזכר | נזכרת | תזכרו,יזכר | יזכרו | ייזכרו | להיזכר | נזכר | נזכרה | נזכרו | נזכרות | נזכרים | נזכרנו | נזכרתי | נזכרתם | נזכרתן | ניזכר | תזכר | תזכרי | תזכרנה | תיזכר | תיזכרו | תיזכרי | תיזכרנה,,נזכר | נזכרת | נזכרו | תיזכר | תזכר | תיזכרנה | תזכרנה
hebverb_309,גמר,pa'al,finire,32,26,9,0.3462,6.506586606,569.2026315789474,0.9473684210526315,456.19354838709677,1.0,,,אגמור | גומרים | גמר | גמרה | גמרנו | גמרתי | יגמרו | לגמור | תגמור,אגמר | גומר | גומרות | גומרת | גמרו | גמרת | גמרתם | גמרתן | יגמור | יגמר | נגמור | נגמר | תגמורנה | תגמר | תגמרו | תגמרי | תגמרנה,,גמרת | גמרו | תגמור | תגמר | תגמורנה | תגמרנה
hebverb_310,כשל,pa'al,DA_RIVEDERE: fail,32,26,3,0.1154,2.346737201,559.0763157631579,0.9473684210526315,499.0,1.0,,,אכשל | כושלת | נכשל,אכשול | יכשול | יכשל | יכשלו | כושל | כושלות | כושלים | כשל | כשלה | כשלו | כשלנו | כשלת | כשלתי | כשלתם | כשלתן | לכשל | נכשול | תכשול | תכשולנה | תכשל | תכשלו | תכשלי | תכשלנה,,כשלת | כשלו | תכשל | תכשול | תכשלנה | תכשולנה
hebverb_311,יכל,pa'al,DA_RIVEDERE: can,32,26,7,0.2692,76.62369837,573.9552631578947,0.9473684210526315,479.0919413919414,1.0,,,אוכל | יוכלו | יכול | יכולות | יכולת | יכלה | יכלו,יוכל | יכולה | יכולים | יכולנו | יכולתי | יכולתם | יכולתן | יכל | יכלנו | יכלת | יכלתי | יכלתם | יכלתן | להיות יכול | נוכל | תוכל | תוכלו | תוכלי | תוכלנה,,יכול | יכולת | יכלת | יכלו | תוכל | תוכלנה
hebverb_312,תהה,pa'al,DA_RIVEDERE: wonder,25,20,1,0.05,70.71743989,629.8078947368422,0.8947368421052632,498.8484848484849,1.0,,,תוהה,אתהה | יתהה | יתהו | לתהות | נתהה | תהה | תהו | תהינו | תהית | תהיתי | תהיתם | תהיתן | תהתה | תוהות | תוהים | תתהה | תתהו | תתהי | תתהינה,,תוהה | תהית | תהו | תתהה | תתהינה
hebverb_313,נבע,hiph'il,DA_RIVEDERE: express,26,22,2,0.0909,9.584026219,620.1940620782725,0.8171390013495277,508.24042338709677,0.9102564102564102,,,הבעתי | להביע,"אביע | הביע | הביעה | הביעו | הבענו | הבעת | הבעת, הבעת | הבעתם | הבעתן | יביע | יביעו | מביע | מביעה | מביעות | מביעים | נביע | תביע | תביעו | תביעי | תבענה",,הבעת | הביעו | תביע | תבענה
hebverb_314,טעה,pa'al,DA_RIVEDERE: mistake,25,20,3,0.15,18.19782517,539.9282051282051,0.9024390243902439,470.8181818181818,0.975609756097561,,,טועה | טעיתי | תטעי,אטעה | טועות | טועים | טעה | טעו | טעינו | טעית | טעיתם | טעיתן | טעתה | יטעה | יטעו | לטעות | נטעה | תטעה | תטעו | תטעינה,,טועה | טעית | טעו | תטעה | תטעינה
hebverb_315,חיה,pa'al,DA_RIVEDERE: live,26,21,6,0.2857,26.593322985,551.0249999868422,0.9081774081774082,497.9166666666667,0.9393939393939394,,,אחיה | חי | חיים | חיינו | יחיו | תחיי,חיה | חיו | חיות | חיית | חייתה | חייתי | חייתם | חייתן | חיתה | יחיה | לחיות | נחיה | תחיה | תחיו | תחיינה,,חי | חיית | חיו | תחיה | תחיינה
hebverb_316,חלץ,pi'el,DA_RIVEDERE: rescue,35,29,2,0.069,9.596154059,631.0120607567567,0.818918918918919,520.2258064516129,0.9090909090909091,,,אחלץ | לחלץ,חילץ | חילצה | חילצו | חילצנו | חילצת | חילצתי | חילצתם | חילצתן | חלץ | חלצה | חלצו | חלצנו | חלצת | חלצתי | חלצתם | חלצתן | יחלץ | יחלצו | מחלץ | מחלצות | מחלצים | מחלצת | נחלץ | תחלץ | תחלצו | תחלצי | תחלצנה,,חלצת | חילצת | חלצו | חילצו | תחלץ | תחלצנה
hebverb_317,לכד,pa'al,DA_RIVEDERE: trap,32,26,1,0.0385,2.504399132,612.7097560975609,0.7560975609756098,481.18918918918916,0.825,,,לכד,אלכד | אלכוד | ילכד | ילכדו | ילכוד | לוכד | לוכדות | לוכדים | לוכדת | לכדה | לכדו | לכדנו | לכדת | לכדתי | לכדתם | לכדתן | ללכד | נלכד | נלכוד | תלכד | תלכדו | תלכדי | תלכדנה | תלכוד | תלכודנה,,לכדת | לכדו | תלכד | תלכוד | תלכדנה | תלכודנה
hebverb_318,בצע,pi'el,apparire / esibirsi,35,29,2,0.069,9.5718983745,595.6353571428572,0.8066202090592334,475.45168067226894,0.972972972972973,,,ביצע | תבצעו,אבצע | ביצעה | ביצעו | ביצענו | ביצעת | ביצעתי | ביצעתם | ביצעתן | בצע | בצעה | בצעו | בצענו | בצעת | בצעתי | בצעתם | בצעתן | יבצע | יבצעו | לבצע | מבצע | מבצעות | מבצעים | מבצעת | נבצע | תבצע | תבצעי | תבצענה,,ביצעת | בצעת | ביצעו | בצעו | תבצע | תבצענה
hebverb_319,עלף,hitpa'el,DA_RIVEDERE: faint,25,21,1,0.0476,3.480690319,575.7277777777778,0.9166666666666666,446.55555555555554,0.9743589743589743,,,להתעלף,אתעלף | התעלף | התעלפה | התעלפו | התעלפנו | התעלפת | התעלפתי | התעלפתם | התעלפתן | יתעלף | יתעלפו | מתעלף | מתעלפות | מתעלפים | מתעלפת | נתעלף | תתעלף | תתעלפו | תתעלפי | תתעלפנה,,התעלפת | התעלפו | תתעלף | תתעלפנה
hebverb_320,חשמל,hitpa'el,DA_RIVEDERE: get electrocuted,25,21,0,0.0,,,,,,,no_help_match_context_only,,אתחשמל | התחשמל | התחשמלה | התחשמלו | התחשמלנו | התחשמלת | התחשמלתי | התחשמלתם | התחשמלתן | יתחשמל | יתחשמלו | להתחשמל | מתחשמל | מתחשמלות | מתחשמלים | מתחשמלת | נתחשמל | תתחשמל | תתחשמלו | תתחשמלי | תתחשמלנה,,התחשמלת | התחשמלו | תתחשמל | תתחשמלנה
hebverb_321,טבע,pa'al,DA_RIVEDERE: drown,25,21,3,0.1429,4.529748551,579.0216216216216,0.9210526315789473,460.19117647058823,1.0,,,טבעת | טבעתי | טובע,אטבע | טבע | טבעה | טבעו | טבענו | טבעתם | טבעתן | טובעות | טובעים | טובעת | יטבע | יטבעו | לטבוע | נטבע | תטבע | תטבעו | תטבעי | תטבענה,,טבעת | טבעו | תטבע | תטבענה
hebverb_322,אבד,nif'al,DA_RIVEDERE: is lost,35,26,1,0.0385,11.3152755,558.0583333333333,0.9722222222222222,458.125,0.9090909090909091,,,נאבד,"אאבד | איאבד | יאבד | יאבדו | ייאבד | ייאבדו | להאבד | נאבדה | נאבדו | נאבדות | נאבדים | נאבדנו | נאבדת | נאבדתי | נאבדתם | נאבדתן | ניאבד | תאבד | תאבדו | תאבדי | תאבדנה, תאבדנה | תיאבד | תיאבדו | תיאבדי | תיאבדנה",,"נאבד | נאבדת | נאבדו | תאבד | תיאבד | תאבדנה, תאבדנה | תיאבדנה"
hebverb_323,אבד,pa'al,DA_RIVEDERE: lost,26,20,4,0.2,5.4757201355,579.9901544266409,0.8933143669985775,472.65625,0.9210526315789473,,,אבד | אבדנו | אבדת | נאבד,אבדה | אבדו | אבדתי | אבדתם | אבדתן | אובד | אובדות | אובדים | אובדת | יאבד | יאבדו | לאבוד | תאבד | תאבדו | תאבדי | תאבדנה,,אובד | אבדת | אבד | אבדו | תאבד | תאבדנה
hebverb_324,יצב,hiph'il,"DA_RIVEDERE: set up, position",25,21,2,0.0952,5.1361405925,570.3449757321553,0.8825910931174089,474.6666666666667,0.9428571428571428,,,הצבתי | להציב,אציב | הצבנו | הצבת | הצבתם | הצבתן | הציב | הציבה | הציבו | יציב | יציבו | מציב | מציבה | מציבות | מציבים | נציב | תצבנה | תציב | תציבו | תציבי,,הצבת | הציבו | תציב | תצבנה
hebverb_325,תקף,pa'al,DA_RIVEDERE: attack,32,26,5,0.1923,4.129529803,609.0055555,0.918918918918919,,,,,יתקוף | יתקפו | תקף | תקפה | תקפתי,אתקוף | אתקף | יתקף | לתקף | נתקוף | נתקף | תוקף | תוקפות | תוקפים | תוקפת | תקפו | תקפנו | תקפת | תקפתם | תקפתן | תתקוף | תתקופנה | תתקף | תתקפו | תתקפי | תתקפנה,,תקפת | תקפו | תתקף | תתקוף | תתקפנה | תתקופנה
hebverb_326,רשם,nif'al,DA_RIVEDERE: is recorded,35,26,0,0.0,,,,,,,no_help_match_context_only,,"אירשם | ארשם | יירשם | יירשמו | ירשם | ירשמו | להרשם | נירשם | נרשם | נרשמה | נרשמו | נרשמות | נרשמים | נרשמנו | נרשמת | נרשמתי | נרשמתם | נרשמתן | תירשם | תירשמו | תירשמי | תירשמנה | תרשם | תרשמו | תרשמי | תרשמנה, תרשמנה",,"נרשם | נרשמת | נרשמו | תרשם | תירשם | תרשמנה, תרשמנה | תירשמנה"
hebverb_327,נגש,huf'al,DA_RIVEDERE: is filed,49,41,2,0.0488,1.346190332,619.5964285839286,0.9732142857142857,461.3939393939394,0.9722222222222222,non_hebrew_form,,הגשנו | מגשים,id_327 | אגש | אוגש | הגש | הגשה | הגשו | הגשת | הגשתי | הגשתם | הגשתן | הוגש | הוגשה | הוגשו | הוגשנו | הוגשת | הוגשתי | הוגשתם | הוגשתן | יגש | יגשו | יוגש | יוגשו | מגש | מגשות | מגשת | מוגש | מוגשות | מוגשים | מוגשת | נגש | נוגש | תגש | תגשו | תגשי | תגשנה | תוגש | תוגשו | תוגשי | תוגשנה,id_327,הגשת | הוגשת | הגשו | הוגשו | תגש | תוגש | תגשנה | תוגשנה
hebverb_328,נוף,hiph'il,DA_RIVEDERE: raise a flag,25,21,0,0.0,,,,,,,no_help_match_context_only,,"אניף | הניף | הניפה | הניפו | הנפנו, הניפונו | הנפת, הניפות | הנפתי, הניפותי | הנפתם, הניפותם | הנפתן, הניפותן | יניף | יניפו | להניף | מניף | מניפה | מניפות | מניפים | נניף | תניף | תניפו | תניפי | תנפנה",,"הנפת, הניפות | הניפו | תניף | תנפנה"
hebverb_329,חתם,nif'al,DA_RIVEDERE: is signed,49,36,0,0.0,,,,,,,no_help_match_context_only,,"אחתם | איחתם | יחתם | יחתמו | ייחתם | ייחתמו | להחתם | נחתם | נחתם, נחתם | נחתמה | נחתמה, נחתמה | נחתמו | נחתמו, נחתמו | נחתמות | נחתמות, נחתמות | נחתמים | נחתמים, נחתמים | נחתמנו | נחתמנו, נחתמנו | נחתמת | נחתמת, נחתמת | נחתמתי | נחתמתי, נחתמתי | נחתמתם | נחתמתם, נחתמתם | נחתמתן | נחתמתן, נחתמתן | ניחתם | תחתם | תחתמו | תחתמי | תחתמנה, תחתמנה | תיחתם | תיחתמו | תיחתמי | תיחתמנה",,"נחתם, נחתם | נחתם | נחתמת, נחתמת | נחתמת | נחתמו, נחתמו | נחתמו | תחתם | תיחתם | תחתמנה, תחתמנה | תיחתמנה"
hebverb_330,מחק,nif'al,DA_RIVEDERE: is erased,34,25,2,0.08,1.970774135,578.6792905405405,0.9334459459459459,503.0,1.0,,,ימחק | נמחקו,אמחק | יימחק | יימחקו | ימחקו | להמחק | נימחק | נמחק | נמחקה | נמחקות | נמחקים | נמחקנו | נמחקת | נמחקתי | נמחקתם | נמחקתן | תימחק | תימחקו | תימחקי | תימחקנה | תמחק | תמחקו | תמחקי | תמחקנה,,נמחק | נמחקת | נמחקו | תמחק | תימחק | תמחקנה | תימחקנה
hebverb_331,זהה,pi'el,DA_RIVEDERE: recognize,35,28,1,0.0357,21.22978538,562.4222222222222,0.8055555555555556,487.6,0.9142857142857143,,,זהה,אזהה | זהו | זהינו | זהית | זהיתי | זהיתם | זהיתן | זהתה | זיהה | זיהו | זיהינו | זיהית | זיהיתי | זיהיתם | זיהיתן | זיהתה | יזהה | יזהו | לזהות | מזהה | מזהות | מזהים | נזהה | תזהה | תזהו | תזהי | תזהינה,,מזהה | זיהית | זהית | זיהו | זהו | תזהה | תזהינה
hebverb_332,עלה,pa'al,DA_RIVEDERE: rise,25,20,6,0.3,22.800340765,554.8225939849624,0.9436507936507936,458.7105263157895,1.0,,,יעלה | נעלה | עולים | עלו | עלינו | תעלו,אעלה | יעלו | לעלות | עולה | עולות | עלה | עלית | עליתי | עליתם | עליתן | עלתה | תעלה | תעלי | תעלינה,,עולה | עלית | עלו | תעלה | תעלינה
hebverb_333,פקר,huf'al,DA_RIVEDERE: is abandoned,49,41,0,0.0,,,,,,non_hebrew_form,no_help_match_context_only,,"id_333 | אופקר | אפקר, אפקר | הופקר | הופקרה | הופקרו | הופקרנו | הופקרת | הופקרתי | הופקרתם | הופקרתן | הפקר, הפקר | הפקרה, הפקרה | הפקרו, הפקרו | הפקרנו, הפקרנו | הפקרת, הפקרת | הפקרתי, הפקרתי | הפקרתם, הפקרתם | הפקרתן, הפקרתן | יופקר | יופקרו | יפקר, יפקר | יפקרו, יפקרו | מופקר | מופקרות | מופקרים | מופקרת | מפקר, מפקר | מפקרות, מפקרות | מפקרים, מפקרים | מפקרת, מפקרת | נופקר | נפקר, נפקר | תופקר | תופקרו | תופקרי | תופקרנה | תפקר, תפקר | תפקרו, תפקרו | תפקרי, תפקרי | תפקרנה, תפקרנה",id_333,"הפקרת, הפקרת | הופקרת | הפקרו, הפקרו | הופקרו | תפקר, תפקר | תופקר | תפקרנה, תפקרנה | תופקרנה"
hebverb_334,חסן,hitpa'el,DA_RIVEDERE: get vaccinated,25,20,0,0.0,,,,,,,no_help_match_context_only,,אתחסן | התחסן | התחסנה | התחסנו | התחסנת | התחסנתי | התחסנתם | התחסנתן | יתחסן | יתחסנו | להתחסן | מתחסן | מתחסנות | מתחסנים | מתחסנת | נתחסן | תתחסן | תתחסנה | תתחסנו | תתחסני,,התחסנת | התחסנו | תתחסן | תתחסנה
