verb_id,root,binyan,italian,slot,prompt,form,word_key,help_match,frequency,ld_mean_rt,ld_accuracy,naming_mean_rt,naming_accuracy
hebverb_001,אכל,pa'al,mangiare,infinitive,infinitive,לאכול,לאכול,False,,,,,
hebverb_001,אכל,pa'al,mangiare,present_1,present_1,אוכל,אוכל,True,549.900559,524.1485714285715,0.9714285714285714,,
hebverb_001,אכל,pa'al,mangiare,present_2,present_2,אוכלת,אוכלת,False,,,,,
hebverb_001,אכל,pa'al,mangiare,present_3,present_3,אוכלים,אוכלים,True,39.53676111,557.0684210526315,0.9736842105263158,516.7096774193549,0.9696969696969697
hebverb_001,אכל,pa'al,mangiare,present_4,present_4,אוכלות,אוכלות,False,,,,,
hebverb_001,אכל,pa'al,mangiare,target,בעבר · אני,אכלתי,אכלתי,True,32.41165462,522.7421052631579,0.9473684210526315,486.7142857142857,1.0
hebverb_001,אכל,pa'al,mangiare,target,בעבר · אתה,אכלת,אכלת,False,,,,,
hebverb_001,אכל,pa'al,mangiare,target,בעבר · את,אכלת,אכלת,False,,,,,
hebverb_001,אכל,pa'al,mangiare,target,בעבר · הוא,אכל,אכל,False,,,,,
hebverb_001,אכל,pa'al,mangiare,target,בעבר · היא,אכלה,אכלה,False,,,,,
hebverb_001,אכל,pa'al,mangiare,target,בעבר · אנחנו,אכלנו,אכלנו,False,,,,,
hebverb_001,אכל,pa'al,mangiare,target,בעבר · אתם,אכלתם,אכלתם,False,,,,,
hebverb_001,אכל,pa'al,mangiare,target,בעבר · אתן,אכלתן,אכלתן,False,,,,,
hebverb_001,אכל,pa'al,mangiare,target,בעבר · הם,אכלו,אכלו,False,,,,,
hebverb_001,אכל,pa'al,mangiare,target,בעבר · הן,אכלו,אכלו,False,,,,,
hebverb_001,אכל,pa'al,mangiare,target,בעתיד · אני,אוכל,אוכל,True,549.900559,524.1485714285715,0.9714285714285714,,
hebverb_001,אכל,pa'al,mangiare,target,בעתיד · אני,אכל,אכל,False,,,,,
hebverb_001,אכל,pa'al,mangiare,target,בעתיד · אתה,תאכל,תאכל,False,,,,,
hebverb_001,אכל,pa'al,mangiare,target,בעתיד · את,תאכלי,תאכלי,True,10.83016186,547.9485714285714,0.9714285714285714,,
hebverb_001,אכל,pa'al,mangiare,target,בעתיד · הוא,יאכל,יאכל,False,,,,,
hebverb_001,אכל,pa'al,mangiare,target,בעתיד · היא,תאכל,תאכל,False,,,,,
hebverb_001,אכל,pa'al,mangiare,target,בעתיד · אנחנו,נאכל,נאכל,True,20.75073566,567.3114285714286,1.0,455.25,1.0
hebverb_001,אכל,pa'al,mangiare,target,בעתיד · אתם,תאכלו,תאכלו,False,,,,,
hebverb_001,אכל,pa'al,mangiare,target,בעתיד · אתן,תאכלנה,תאכלנה,False,,,,,
hebverb_001,אכל,pa'al,mangiare,target,בעתיד · הם,יאכלו,יאכלו,False,,,,,
hebverb_001,אכל,pa'al,mangiare,target,בעתיד · הן,תאכלנה,תאכלנה,False,,,,,
hebverb_002,סבר,hiph'il,spiegare,infinitive,infinitive,להסביר,להסביר,True,105.5485988,530.0108108108109,0.972972972972973,,
hebverb_002,סבר,hiph'il,spiegare,present_1,present_1,מסביר,מסביר,False,,,,,
hebverb_002,סבר,hiph'il,spiegare,present_2,present_2,מסבירה,מסבירה,False,,,,,
hebverb_002,סבר,hiph'il,spiegare,present_3,present_3,מסבירים,מסבירים,False,,,,,
hebverb_002,סבר,hiph'il,spiegare,present_4,present_4,מסבירות,מסבירות,False,,,,,
hebverb_002,סבר,hiph'il,spiegare,target,בעבר · אני,הסברתי,הסברתי,False,,,,,
hebverb_002,סבר,hiph'il,spiegare,target,בעבר · אתה,הסברת,הסברת,False,,,,,
hebverb_002,סבר,hiph'il,spiegare,target,בעבר · את,הסברת,הסברת,False,,,,,
hebverb_002,סבר,hiph'il,spiegare,target,בעבר · הוא,הסביר,הסביר,False,,,,,
hebverb_002,סבר,hiph'il,spiegare,target,בעבר · היא,הסבירה,הסבירה,True,2.583230097,590.8000000000001,1.0,,
hebverb_002,סבר,hiph'il,spiegare,target,בעבר · אנחנו,הסברנו,הסברנו,False,,,,,
hebverb_002,סבר,hiph'il,spiegare,target,בעבר · אתם,הסברתם,הסברתם,False,,,,,
hebverb_002,סבר,hiph'il,spiegare,target,בעבר · אתן,הסברתן,הסברתן,False,,,,,
hebverb_002,סבר,hiph'il,spiegare,target,בעבר · הם,הסבירו,הסבירו,False,,,,,
hebverb_002,סבר,hiph'il,spiegare,target,בעבר · הן,הסבירו,הסבירו,False,,,,,
hebverb_002,סבר,hiph'il,spiegare,target,בעתיד · אני,אסביר,אסביר,False,,,,,
hebverb_002,סבר,hiph'il,spiegare,target,בעתיד · אתה,תסביר,תסביר,False,,,,,
hebverb_002,סבר,hiph'il,spiegare,target,בעתיד · את,תסבירי,תסבירי,False,,,,,
hebverb_002,סבר,hiph'il,spiegare,target,בעתיד · הוא,יסביר,יסביר,False,,,,,
hebverb_002,סבר,hiph'il,spiegare,target,בעתיד · היא,תסביר,תסביר,False,,,,,
hebverb_002,סבר,hiph'il,spiegare,target,בעתיד · אנחנו,נסביר,נסביר,False,,,,,
hebverb_002,סבר,hiph'il,spiegare,target,בעתיד · אתם,תסבירו,תסבירו,False,,,,,
hebverb_002,סבר,hiph'il,spiegare,target,בעתיד · אתן,תסברנה,תסברנה,False,,,,,
hebverb_002,סבר,hiph'il,spiegare,target,בעתיד · הם,יסבירו,יסבירו,False,,,,,
hebverb_002,סבר,hiph'il,spiegare,target,בעתיד · הן,תסברנה,תסברנה,False,,,,,
hebverb_003,דבר,pi'el,parlare,infinitive,infinitive,לדבר,לדבר,False,,,,,
hebverb_003,דבר,pi'el,parlare,present_1,present_1,מדבר,מדבר,True,363.6472434,514.1972972972973,1.0,454.0,1.0
hebverb_003,דבר,pi'el,parlare,present_2,present_2,מדברת,מדברת,False,,,,,
hebverb_003,דבר,pi'el,parlare,present_3,present_3,מדברים,מדברים,True,186.9749221,558.3621621351351,0.972972972972973,,
hebverb_003,דבר,pi'el,parlare,present_4,present_4,מדברות,מדברות,False,,,,,
hebverb_003,דבר,pi'el,parlare,target,בעבר · אני,דיברתי,דיברתי,True,95.05195252,523.3371428571428,0.9428571428571428,444.02777777777777,1.0
hebverb_003,דבר,pi'el,parlare,target,בעבר · אני,דברתי,דברתי,False,,,,,
hebverb_003,דבר,pi'el,parlare,target,בעבר · אתה,דיברת,דיברת,True,45.1762071,557.627027027027,0.972972972972973,459.05128205128204,1.0
hebverb_003,דבר,pi'el,parlare,target,בעבר · אתה,דברת,דברת,False,,,,,
hebverb_003,דבר,pi'el,parlare,target,בעבר · את,דיברת,דיברת,True,45.1762071,557.627027027027,0.972972972972973,459.05128205128204,1.0
hebverb_003,דבר,pi'el,parlare,target,בעבר · את,דברת,דברת,False,,,,,
hebverb_003,דבר,pi'el,parlare,target,בעבר · הוא,דיבר,דיבר,True,58.46225673,546.1052631842106,0.868421052631579,468.6875,1.0
hebverb_003,דבר,pi'el,parlare,target,בעבר · הוא,דבר,דבר,True,1479.584454,564.3459459459459,0.972972972972973,509.45454545454544,1.0
hebverb_003,דבר,pi'el,parlare,target,בעבר · היא,דיברה,דיברה,True,20.74467174,571.5210526052631,0.7631578947368421,,
hebverb_003,דבר,pi'el,parlare,target,בעבר · היא,דברה,דברה,False,,,,,
hebverb_003,דבר,pi'el,parlare,target,בעבר · אנחנו,דיברנו,דיברנו,False,,,,,
hebverb_003,דבר,pi'el,parlare,target,בעבר · אנחנו,דברנו,דברנו,False,,,,,
hebverb_003,דבר,pi'el,parlare,target,בעבר · אתם,דיברתם,דיברתם,True,6.251901949,570.7692307692307,1.0,439.5882352941176,1.0
hebverb_003,דבר,pi'el,parlare,target,בעבר · אתם,דברתם,דברתם,False,,,,,
hebverb_003,דבר,pi'el,parlare,target,בעבר · אתן,דיברתן,דיברתן,False,,,,,
hebverb_003,דבר,pi'el,parlare,target,בעבר · אתן,דברתן,דברתן,False,,,,,
hebverb_003,דבר,pi'el,parlare,target,בעבר · הם,דיברו,דיברו,False,,,,,
hebverb_003,דבר,pi'el,parlare,target,בעבר · הם,דברו,דברו,False,,,,,
hebverb_003,דבר,pi'el,parlare,target,בעבר · הן,דיברו,דיברו,False,,,,,
hebverb_003,דבר,pi'el,parlare,target,בעבר · הן,דברו,דברו,False,,,,,
hebverb_003,דבר,pi'el,parlare,target,בעתיד · אני,אדבר,אדבר,False,,,,,
hebverb_003,דבר,pi'el,parlare,target,בעתיד · אתה,תדבר,תדבר,True,46.88623265,523.1105262894737,0.8717948717948718,,
hebverb_003,דבר,pi'el,parlare,target,בעתיד · את,תדברי,תדברי,True,19.31358652,566.1421052894738,0.9736842105263158,,
hebverb_003,דבר,pi'el,parlare,target,בעתיד · הוא,ידבר,ידבר,False,,,,,
hebverb_003,דבר,pi'el,parlare,target,בעתיד · היא,תדבר,תדבר,True,46.88623265,523.1105262894737,0.8717948717948718,,
hebverb_003,דבר,pi'el,parlare,target,בעתיד · אנחנו,נדבר,נדבר,True,73.90099811,537.5236841842105,0.8947368421052632,463.64516129032256,0.9696969696969697
hebverb_003,דבר,pi'el,parlare,target,בעתיד · אתם,תדברו,תדברו,True,6.464139163,584.8824999999999,0.9,,
hebverb_003,דבר,pi'el,parlare,target,בעתיד · אתן,תדברנה,תדברנה,False,,,,,
hebverb_003,דבר,pi'el,parlare,target,בעתיד · הם,ידברו,ידברו,True,6.051792575,556.2428571428571,0.9428571428571428,,
hebverb_003,דבר,pi'el,parlare,target,בעתיד · הן,תדברנה,תדברנה,False,,,,,
hebverb_004,ראה,pa'al,vedere,infinitive,infinitive,לראות,לראות,False,,,,,
hebverb_004,ראה,pa'al,vedere,present_1,present_1,רואה,רואה,False,,,,,
hebverb_004,ראה,pa'al,vedere,present_2,present_2,רואה,רואה,False,,,,,
hebverb_004,ראה,pa'al,vedere,present_3,present_3,רואים,רואים,True,113.3892479,551.8314285714285,0.9428571428571428,467.8484848484849,1.0
hebverb_004,ראה,pa'al,vedere,present_4,present_4,רואות,רואות,False,,,,,
hebverb_004,ראה,pa'al,vedere,target,בעבר · אני,ראיתי,ראיתי,True,452.6231477,528.9648648378378,0.8378378378378378,432.05405405405406,1.0
hebverb_004,ראה,pa'al,vedere,target,בעבר · אתה,ראית,ראית,True,213.9654319,583.8171428571428,0.9142857142857143,496.15625,0.8529411764705882
hebverb_004,ראה,pa'al,vedere,target,בעבר · את,ראית,ראית,True,213.9654319,583.8171428571428,0.9142857142857143,496.15625,0.8529411764705882
hebverb_004,ראה,pa'al,vedere,target,בעבר · הוא,ראה,ראה,True,165.0053384,620.725,0.9,478.969696969697,1.0
hebverb_004,ראה,pa'al,vedere,target,בעבר · היא,ראתה,ראתה,True,39.87027673,554.1026315789474,0.7631578947368421,,
hebverb_004,ראה,pa'al,vedere,target,בעבר · אנחנו,ראינו,ראינו,True,46.37079942,527.4631579210526,0.8947368421052632,,
hebverb_004,ראה,pa'al,vedere,target,בעבר · אתם,ראיתם,ראיתם,False,,,,,
hebverb_004,ראה,pa'al,vedere,target,בעבר · אתן,ראיתן,ראיתן,False,,,,,
hebverb_004,ראה,pa'al,vedere,target,בעבר · הם,ראו,ראו,True,51.94354228,605.0771428571429,0.8,455.9166666666667,1.0
hebverb_004,ראה,pa'al,vedere,target,בעבר · הן,ראו,ראו,True,51.94354228,605.0771428571429,0.8,455.9166666666667,1.0
hebverb_004,ראה,pa'al,vedere,target,בעתיד · אני,אראה,אראה,False,,,,,
hebverb_004,ראה,pa'al,vedere,target,בעתיד · אתה,תראה,תראה,True,553.3569936,554.3609756097561,0.926829268292683,482.47058823529414,1.0
hebverb_004,ראה,pa'al,vedere,target,בעתיד · את,תראי,תראי,True,248.1901987,560.1342857142857,1.0,481.8709677419355,1.0
hebverb_004,ראה,pa'al,vedere,target,בעתיד · הוא,יראה,יראה,True,69.02560609,544.9783783783784,0.8648648648648649,,
hebverb_004,ראה,pa'al,vedere,target,בעתיד · היא,תראה,תראה,True,553.3569936,554.3609756097561,0.926829268292683,482.47058823529414,1.0
hebverb_004,ראה,pa'al,vedere,target,בעתיד · אנחנו,נראה,נראה,True,1382.513216,506.45757575757574,0.9142857142857143,449.0,0.9736842105263158
hebverb_004,ראה,pa'al,vedere,target,בעתיד · אתם,תראו,תראו,True,152.926009,536.463888888889,0.8888888888888888,498.47058823529414,1.0
hebverb_004,ראה,pa'al,vedere,target,בעתיד · אתן,תראינה,תראינה,False,,,,,
hebverb_004,ראה,pa'al,vedere,target,בעתיד · הם,יראו,יראו,False,,,,,
hebverb_004,ראה,pa'al,vedere,target,בעתיד · הן,תראינה,תראינה,False,,,,,
hebverb_005,הלך,pa'al,andare / camminare,infinitive,infinitive,ללכת,ללכת,False,,,,,
hebverb_005,הלך,pa'al,andare / camminare,present_1,present_1,הולך,הולך,True,1323.408183,533.4447368157895,0.9210526315789473,,
hebverb_005,הלך,pa'al,andare / camminare,present_2,present_2,הולכת,הולכת,False,,,,,
hebverb_005,הלך,pa'al,andare / camminare,present_3,present_3,הולכים,הולכים,False,,,,,
hebverb_005,הלך,pa'al,andare / camminare,present_4,present_4,הולכות,הולכות,False,,,,,
hebverb_005,הלך,pa'al,andare / camminare,target,בעבר · אני,הלכתי,הלכתי,False,,,,,
hebverb_005,הלך,pa'al,andare / camminare,target,בעבר · אתה,הלכת,הלכת,True,50.17894144,534.0081081081081,0.8918918918918919,,
hebverb_005,הלך,pa'al,andare / camminare,target,בעבר · את,הלכת,הלכת,True,50.17894144,534.0081081081081,0.8918918918918919,,
hebverb_005,הלך,pa'al,andare / camminare,target,בעבר · הוא,הלך,הלך,True,145.4673869,533.2051282051282,0.9743589743589743,469.0,1.0
hebverb_005,הלך,pa'al,andare / camminare,target,בעבר · היא,הלכה,הלכה,False,,,,,
hebverb_005,הלך,pa'al,andare / camminare,target,בעבר · אנחנו,הלכנו,הלכנו,True,28.50042595,554.8285714285714,1.0,426.4166666666667,1.0
hebverb_005,הלך,pa'al,andare / camminare,target,בעבר · אתם,הלכתם,הלכתם,False,,,,,
hebverb_005,הלך,pa'al,andare / camminare,target,בעבר · אתן,הלכתן,הלכתן,False,,,,,
hebverb_005,הלך,pa'al,andare / camminare,target,בעבר · הם,הלכו,הלכו,True,39.07590316,509.04285714285714,0.9428571428571428,452.725,0.975609756097561
hebverb_005,הלך,pa'al,andare / camminare,target,בעבר · הן,הלכו,הלכו,True,39.07590316,509.04285714285714,0.9428571428571428,452.725,0.975609756097561
hebverb_005,הלך,pa'al,andare / camminare,target,בעתיד · אני,אלך,אלך,False,,,,,
hebverb_005,הלך,pa'al,andare / camminare,target,בעתיד · אתה,תלך,תלך,False,,,,,
hebverb_005,הלך,pa'al,andare / camminare,target,בעתיד · את,תלכי,תלכי,False,,,,,
hebverb_005,הלך,pa'al,andare / camminare,target,בעתיד · הוא,ילך,ילך,True,39.36090742,574.7162162702703,0.918918918918919,,
hebverb_005,הלך,pa'al,andare / camminare,target,בעתיד · היא,תלך,תלך,False,,,,,
hebverb_005,הלך,pa'al,andare / camminare,target,בעתיד · אנחנו,נלך,נלך,True,201.6435456,603.0350000000001,0.975,453.09090909090907,1.0
hebverb_005,הלך,pa'al,andare / camminare,target,בעתיד · אתם,תלכו,תלכו,True,22.57597571,575.4942857142856,0.8857142857142857,445.36842105263156,1.0
hebverb_005,הלך,pa'al,andare / camminare,target,בעתיד · אתן,תלכנה,תלכנה,False,,,,,
hebverb_005,הלך,pa'al,andare / camminare,target,בעתיד · הם,ילכו,ילכו,False,,,,,
hebverb_005,הלך,pa'al,andare / camminare,target,בעתיד · הן,תלכנה,תלכנה,False,,,,,
hebverb_006,כתב,pa'al,scrivere,infinitive,infinitive,לכתוב,לכתוב,False,,,,,
hebverb_006,כתב,pa'al,scrivere,present_1,present_1,כותב,כותב,True,38.63930089,528.8918918918919,0.8648648648648649,475.52777777777777,1.0
hebverb_006,כתב,pa'al,scrivere,present_2,present_2,כותבת,כותבת,False,,,,,
hebverb_006,כתב,pa'al,scrivere,present_3,present_3,כותבים,כותבים,False,,,,,
hebverb_006,כתב,pa'al,scrivere,present_4,present_4,כותבות,כותבות,False,,,,,
hebverb_006,כתב,pa'al,scrivere,target,בעבר · אני,כתבתי,כתבתי,True,30.69556514,513.6833333333333,0.9166666666666666,481.2972972972973,0.9743589743589743
hebverb_006,כתב,pa'al,scrivere,target,בעבר · אתה,כתבת,כתבת,True,23.0792811,569.2542857142857,0.8857142857142857,489.7,1.0
hebverb_006,כתב,pa'al,scrivere,target,בעבר · את,כתבת,כתבת,True,23.0792811,569.2542857142857,0.8857142857142857,489.7,1.0
hebverb_006,כתב,pa'al,scrivere,target,בעבר · הוא,כתב,כתב,True,73.44014016,554.4378378108108,0.9459459459459459,,
hebverb_006,כתב,pa'al,scrivere,target,בעבר · היא,כתבה,כתבה,False,,,,,
hebverb_006,כתב,pa'al,scrivere,target,בעבר · אנחנו,כתבנו,כתבנו,False,,,,,
hebverb_006,כתב,pa'al,scrivere,target,בעבר · אתם,כתבתם,כתבתם,False,,,,,
hebverb_006,כתב,pa'al,scrivere,target,בעבר · אתן,כתבתן,כתבתן,False,,,,,
hebverb_006,כתב,pa'al,scrivere,target,בעבר · הם,כתבו,כתבו,False,,,,,
hebverb_006,כתב,pa'al,scrivere,target,בעבר · הן,כתבו,כתבו,False,,,,,
hebverb_006,כתב,pa'al,scrivere,target,בעתיד · אני,אכתוב,אכתוב,False,,,,,
hebverb_006,כתב,pa'al,scrivere,target,בעתיד · אני,אכתב,אכתב,False,,,,,
hebverb_006,כתב,pa'al,scrivere,target,בעתיד · אתה,תכתוב,תכתוב,False,,,,,
hebverb_006,כתב,pa'al,scrivere,target,בעתיד · אתה,תכתב,תכתב,False,,,,,
hebverb_006,כתב,pa'al,scrivere,target,בעתיד · את,תכתבי,תכתבי,False,,,,,
hebverb_006,כתב,pa'al,scrivere,target,בעתיד · הוא,יכתוב,יכתוב,False,,,,,
hebverb_006,כתב,pa'al,scrivere,target,בעתיד · הוא,יכתב,יכתב,False,,,,,
hebverb_006,כתב,pa'al,scrivere,target,בעתיד · היא,תכתוב,תכתוב,False,,,,,
hebverb_006,כתב,pa'al,scrivere,target,בעתיד · היא,תכתב,תכתב,False,,,,,
hebverb_006,כתב,pa'al,scrivere,target,בעתיד · אנחנו,נכתוב,נכתוב,False,,,,,
hebverb_006,כתב,pa'al,scrivere,target,בעתיד · אנחנו,נכתב,נכתב,True,12.94040617,535.3257142571429,1.0,,
hebverb_006,כתב,pa'al,scrivere,target,בעתיד · אתם,תכתבו,תכתבו,False,,,,,
hebverb_006,כתב,pa'al,scrivere,target,בעתיד · אתן,תכתובנה,תכתובנה,False,,,,,
hebverb_006,כתב,pa'al,scrivere,target,בעתיד · אתן,תכתבנה,תכתבנה,False,,,,,
hebverb_006,כתב,pa'al,scrivere,target,בעתיד · הם,יכתבו,יכתבו,False,,,,,
hebverb_006,כתב,pa'al,scrivere,target,בעתיד · הן,תכתובנה,תכתובנה,False,,,,,
hebverb_006,כתב,pa'al,scrivere,target,בעתיד · הן,תכתבנה,תכתבנה,False,,,,,
hebverb_007,חכה,pi'el,aspettare,infinitive,infinitive,לחכות,לחכות,False,,,,,
hebverb_007,חכה,pi'el,aspettare,present_1,present_1,מחכה,מחכה,True,124.8136739,527.5731707317074,0.9024390243902439,455.90909090909093,1.0
hebverb_007,חכה,pi'el,aspettare,present_2,present_2,מחכה,מחכה,True,124.8136739,527.5731707317074,0.9024390243902439,455.90909090909093,1.0
hebverb_007,חכה,pi'el,aspettare,present_3,present_3,מחכים,מחכים,False,,,,,
hebverb_007,חכה,pi'el,aspettare,present_4,present_4,מחכות,מחכות,False,,,,,
hebverb_007,חכה,pi'el,aspettare,target,בעבר · אני,חיכיתי,חיכיתי,False,,,,,
hebverb_007,חכה,pi'el,aspettare,target,בעבר · אני,חכיתי,חכיתי,False,,,,,
hebverb_007,חכה,pi'el,aspettare,target,בעבר · אתה,חיכית,חיכית,False,,,,,
hebverb_007,חכה,pi'el,aspettare,target,בעבר · אתה,חכית,חכית,False,,,,,
hebverb_007,חכה,pi'el,aspettare,target,בעבר · את,חיכית,חיכית,False,,,,,
hebverb_007,חכה,pi'el,aspettare,target,בעבר · את,חכית,חכית,False,,,,,
hebverb_007,חכה,pi'el,aspettare,target,בעבר · הוא,חיכה,חיכה,False,,,,,
hebverb_007,חכה,pi'el,aspettare,target,בעבר · הוא,חכה,חכה,True,152.2953612,555.2125,0.926829268292683,467.4,0.9473684210526315
hebverb_007,חכה,pi'el,aspettare,target,בעבר · היא,חיכתה,חיכתה,False,,,,,
hebverb_007,חכה,pi'el,aspettare,target,בעבר · היא,חכתה,חכתה,False,,,,,
hebverb_007,חכה,pi'el,aspettare,target,בעבר · אנחנו,חיכינו,חיכינו,False,,,,,
hebverb_007,חכה,pi'el,aspettare,target,בעבר · אנחנו,חכינו,חכינו,False,,,,,
hebverb_007,חכה,pi'el,aspettare,target,בעבר · אתם,חיכיתם,חיכיתם,False,,,,,
hebverb_007,חכה,pi'el,aspettare,target,בעבר · אתם,חכיתם,חכיתם,False,,,,,
hebverb_007,חכה,pi'el,aspettare,target,בעבר · אתן,חיכיתן,חיכיתן,False,,,,,
hebverb_007,חכה,pi'el,aspettare,target,בעבר · אתן,חכיתן,חכיתן,False,,,,,
hebverb_007,חכה,pi'el,aspettare,target,בעבר · הם,חיכו,חיכו,False,,,,,
hebverb_007,חכה,pi'el,aspettare,target,בעבר · הם,חכו,חכו,False,,,,,
hebverb_007,חכה,pi'el,aspettare,target,בעבר · הן,חיכו,חיכו,False,,,,,
hebverb_007,חכה,pi'el,aspettare,target,בעבר · הן,חכו,חכו,False,,,,,
hebverb_007,חכה,pi'el,aspettare,target,בעתיד · אני,אחכה,אחכה,True,20.21104675,576.5941176470589,0.9428571428571428,,
hebverb_007,חכה,pi'el,aspettare,target,בעתיד · אתה,תחכה,תחכה,False,,,,,
hebverb_007,חכה,pi'el,aspettare,target,בעתיד · את,תחכי,תחכי,False,,,,,
hebverb_007,חכה,pi'el,aspettare,target,בעתיד · הוא,יחכה,יחכה,True,6.318605073,582.3972972702703,0.8378378378378378,,
hebverb_007,חכה,pi'el,aspettare,target,בעתיד · היא,תחכה,תחכה,False,,,,,
hebverb_007,חכה,pi'el,aspettare,target,בעתיד · אנחנו,נחכה,נחכה,False,,,,,
hebverb_007,חכה,pi'el,aspettare,target,בעתיד · אתם,תחכו,תחכו,False,,,,,
hebverb_007,חכה,pi'el,aspettare,target,בעתיד · אתן,תחכינה,תחכינה,False,,,,,
hebverb_007,חכה,pi'el,aspettare,target,בעתיד · הם,יחכו,יחכו,False,,,,,
hebverb_007,חכה,pi'el,aspettare,target,בעתיד · הן,תחכינה,תחכינה,False,,,,,
hebverb_008,בוא,pa'al,venire,infinitive,infinitive,לבוא,לבוא,False,,,,,
hebverb_008,בוא,pa'al,venire,present_1,present_1,בא,בא,False,,,,,
hebverb_008,בוא,pa'al,venire,present_2,present_2,באה,באה,False,,,,,
hebverb_008,בוא,pa'al,venire,present_3,present_3,באים,באים,True,85.58010883,525.5055555555556,0.9444444444444444,476.6060606060606,1.0
hebverb_008,בוא,pa'al,venire,present_4,present_4,באות,באות,False,,,,,
hebverb_008,בוא,pa'al,venire,target,בעבר · אני,באתי,באתי,True,141.7865872,556.9228571428571,0.8888888888888888,454.0,0.9142857142857143
hebverb_008,בוא,pa'al,venire,target,בעבר · אתה,באת,באת,True,66.97600099,571.7742857142857,1.0,490.6666666666667,0.9117647058823529
hebverb_008,בוא,pa'al,venire,target,בעבר · את,באת,באת,True,66.97600099,571.7742857142857,1.0,490.6666666666667,0.9117647058823529
hebverb_008,בוא,pa'al,venire,target,בעבר · הוא,בא,בא,False,,,,,
hebverb_008,בוא,pa'al,venire,target,בעבר · היא,באה,באה,False,,,,,
hebverb_008,בוא,pa'al,venire,target,בעבר · אנחנו,באנו,באנו,True,36.32288329,639.2891891891892,0.8108108108108109,492.94594594594594,0.972972972972973
hebverb_008,בוא,pa'al,venire,target,בעבר · אתם,באתם,באתם,False,,,,,
hebverb_008,בוא,pa'al,venire,target,בעבר · אתן,באתן,באתן,False,,,,,
hebverb_008,בוא,pa'al,venire,target,בעבר · הם,באו,באו,False,,,,,
hebverb_008,בוא,pa'al,venire,target,בעבר · הן,באו,באו,False,,,,,
hebverb_008,בוא,pa'al,venire,target,בעתיד · אני,אבוא,אבוא,False,,,,,
hebverb_008,בוא,pa'al,venire,target,בעתיד · אתה,תבוא,תבוא,True,55.97604936,598.1275,0.975,448.0,1.0
hebverb_008,בוא,pa'al,venire,target,בעתיד · את,תבואי,תבואי,False,,,,,
hebverb_008,בוא,pa'al,venire,target,בעתיד · הוא,יבוא,יבוא,True,60.87569705,513.6657142857142,0.9428571428571428,431.5,1.0
hebverb_008,בוא,pa'al,venire,target,בעתיד · היא,תבוא,תבוא,True,55.97604936,598.1275,0.975,448.0,1.0
hebverb_008,בוא,pa'al,venire,target,בעתיד · אנחנו,נבוא,נבוא,False,,,,,
hebverb_008,בוא,pa'al,venire,target,בעתיד · אתם,תבואו,תבואו,False,,,,,
hebverb_008,בוא,pa'al,venire,target,בעתיד · אתן,תבואנה,תבואנה,False,,,,,
hebverb_008,בוא,pa'al,venire,target,בעתיד · אתן,תבאנה,תבאנה,False,,,,,
hebverb_008,בוא,pa'al,venire,target,בעתיד · הם,יבואו,יבואו,True,27.64541318,550.3405404594595,0.9459459459459459,,
hebverb_008,בוא,pa'al,venire,target,בעתיד · הן,תבואנה,תבואנה,False,,,,,
hebverb_008,בוא,pa'al,venire,target,בעתיד · הן,תבאנה,תבאנה,False,,,,,
hebverb_009,אהב,pa'al,amare,infinitive,infinitive,לאהוב,לאהוב,True,64.98097118,590.2857142857143,0.9428571428571428,424.0571428571429,1.0
hebverb_009,אהב,pa'al,amare,present_1,present_1,אוהב,אוהב,False,,,,,
hebverb_009,אהב,pa'al,amare,present_2,present_2,אוהבת,אוהבת,True,353.9631625,541.3184210526315,0.9210526315789473,,
hebverb_009,אהב,pa'al,amare,present_3,present_3,אוהבים,אוהבים,False,,,,,
hebverb_009,אהב,pa'al,amare,present_4,present_4,אוהבות,אוהבות,False,,,,,
hebverb_009,אהב,pa'al,amare,target,בעבר · אני,אהבתי,אהבתי,False,,,,,
hebverb_009,אהב,pa'al,amare,target,בעבר · אתה,אהבת,אהבת,True,43.61171563,494.4166666666667,1.0,462.65714285714284,1.0
hebverb_009,אהב,pa'al,amare,target,בעבר · את,אהבת,אהבת,True,43.61171563,494.4166666666667,1.0,462.65714285714284,1.0
hebverb_009,אהב,pa'al,amare,target,בעבר · הוא,אהב,אהב,False,,,,,
hebverb_009,אהב,pa'al,amare,target,בעבר · היא,אהבה,אהבה,True,177.1816906,516.769999975,1.0,,
hebverb_009,אהב,pa'al,amare,target,בעבר · אנחנו,אהבנו,אהבנו,False,,,,,
hebverb_009,אהב,pa'al,amare,target,בעבר · אתם,אהבתם,אהבתם,False,,,,,
hebverb_009,אהב,pa'al,amare,target,בעבר · אתן,אהבתן,אהבתן,False,,,,,
hebverb_009,אהב,pa'al,amare,target,בעבר · הם,אהבו,אהבו,False,,,,,
hebverb_009,אהב,pa'al,amare,target,בעבר · הן,אהבו,אהבו,False,,,,,
hebverb_009,אהב,pa'al,amare,target,בעתיד · אני,אוהב,אוהב,False,,,,,
hebverb_009,אהב,pa'al,amare,target,בעתיד · אני,אהב,אהב,False,,,,,
hebverb_009,אהב,pa'al,amare,target,בעתיד · אתה,תאהב,תאהב,False,,,,,
hebverb_009,אהב,pa'al,amare,target,בעתיד · את,תאהבי,תאהבי,False,,,,,
hebverb_009,אהב,pa'al,amare,target,בעתיד · הוא,יאהב,יאהב,True,12.60082662,586.335,0.9,462.62857142857143,0.9428571428571428
hebverb_009,אהב,pa'al,amare,target,בעתיד · היא,תאהב,תאהב,False,,,,,
hebverb_009,אהב,pa'al,amare,target,בעתיד · אנחנו,נאהב,נאהב,True,3.608032647,593.0421052631579,0.8947368421052632,,
hebverb_009,אהב,pa'al,amare,target,בעתיד · אתם,תאהבו,תאהבו,True,3.523137762,609.2567567567568,0.9459459459459459,,
hebverb_009,אהב,pa'al,amare,target,בעתיד · אתן,תאהבנה,תאהבנה,False,,,,,
hebverb_009,אהב,pa'al,amare,target,בעתיד · הם,יאהבו,יאהבו,False,,,,,
hebverb_009,אהב,pa'al,amare,target,בעתיד · הן,תאהבנה,תאהבנה,False,,,,,
hebverb_010,שתה,pa'al,bere,infinitive,infinitive,לשתות,לשתות,True,128.0275517,563.8947368421053,0.9210526315789473,,
hebverb_010,שתה,pa'al,bere,present_1,present_1,שותה,שותה,True,56.05488032,565.5536585365854,0.8780487804878049,505.6969696969697,0.9705882352941176
hebverb_010,שתה,pa'al,bere,present_2,present_2,שותה,שותה,True,56.05488032,565.5536585365854,0.8780487804878049,505.6969696969697,0.9705882352941176
hebverb_010,שתה,pa'al,bere,present_3,present_3,שותים,שותים,False,,,,,
hebverb_010,שתה,pa'al,bere,present_4,present_4,שותות,שותות,False,,,,,
hebverb_010,שתה,pa'al,bere,target,בעבר · אני,שתיתי,שתיתי,False,,,,,
hebverb_010,שתה,pa'al,bere,target,בעבר · אתה,שתית,שתית,False,,,,,
hebverb_010,שתה,pa'al,bere,target,בעבר · את,שתית,שתית,False,,,,,
hebverb_010,שתה,pa'al,bere,target,בעבר · הוא,שתה,שתה,False,,,,,
hebverb_010,שתה,pa'al,bere,target,בעבר · היא,שתתה,שתתה,True,5.227099398,643.3486486756757,0.7567567567567568,,
hebverb_010,שתה,pa'al,bere,target,בעבר · אנחנו,שתינו,שתינו,False,,,,,
hebverb_010,שתה,pa'al,bere,target,בעבר · אתם,שתיתם,שתיתם,False,,,,,
hebverb_010,שתה,pa'al,bere,target,בעבר · אתן,שתיתן,שתיתן,False,,,,,
hebverb_010,שתה,pa'al,bere,target,בעבר · הם,שתו,שתו,False,,,,,
hebverb_010,שתה,pa'al,bere,target,בעבר · הן,שתו,שתו,False,,,,,
hebverb_010,שתה,pa'al,bere,target,בעתיד · אני,אשתה,אשתה,False,,,,,
hebverb_010,שתה,pa'al,bere,target,בעתיד · אתה,תשתה,תשתה,True,12.18848004,572.9200000000001,0.9428571428571428,512.85,0.926829268292683
hebverb_010,שתה,pa'al,bere,target,בעתיד · את,תשתי,תשתי,False,,,,,
hebverb_010,שתה,pa'al,bere,target,בעתיד · הוא,ישתה,ישתה,False,,,,,
hebverb_010,שתה,pa'al,bere,target,בעתיד · היא,תשתה,תשתה,True,12.18848004,572.9200000000001,0.9428571428571428,512.85,0.926829268292683
hebverb_010,שתה,pa'al,bere,target,בעתיד · אנחנו,נשתה,נשתה,False,,,,,
hebverb_010,שתה,pa'al,bere,target,בעתיד · אתם,תשתו,תשתו,True,2.759083789,612.895,0.9,516.3125,1.0
hebverb_010,שתה,pa'al,bere,target,בעתיד · אתן,תשתינה,תשתינה,False,,,,,
hebverb_010,שתה,pa'al,bere,target,בעתיד · הם,ישתו,ישתו,False,,,,,
hebverb_010,שתה,pa'al,bere,target,בעתיד · הן,תשתינה,תשתינה,False,,,,,
hebverb_011,קרא,pa'al,leggere / chiamare,infinitive,infinitive,לקרוא,לקרוא,False,,,,,
hebverb_011,קרא,pa'al,leggere / chiamare,present_1,present_1,קורא,קורא,False,,,,,
hebverb_011,קרא,pa'al,leggere / chiamare,present_2,present_2,קוראת,קוראת,True,46.87410481,598.3947368421053,0.8947368421052632,,
hebverb_011,קרא,pa'al,leggere / chiamare,present_3,present_3,קוראים,קוראים,False,,,,,
hebverb_011,קרא,pa'al,leggere / chiamare,present_4,present_4,קוראות,קוראות,False,,,,,
hebverb_011,קרא,pa'al,leggere / chiamare,target,בעבר · אני,קראתי,קראתי,False,,,,,
hebverb_011,קרא,pa'al,leggere / chiamare,target,בעבר · אתה,קראת,קראת,True,40.88295144,592.5222222222222,0.8333333333333334,470.11764705882354,0.9714285714285714
hebverb_011,קרא,pa'al,leggere / chiamare,target,בעבר · את,קראת,קראת,True,40.88295144,592.5222222222222,0.8333333333333334,470.11764705882354,0.9714285714285714
hebverb_011,קרא,pa'al,leggere / chiamare,target,בעבר · הוא,קרא,קרא,False,,,,,
hebverb_011,קרא,pa'al,leggere / chiamare,target,בעבר · היא,קראה,קראה,False,,,,,
hebverb_011,קרא,pa'al,leggere / chiamare,target,בעבר · אנחנו,קראנו,קראנו,False,,,,,
hebverb_011,קרא,pa'al,leggere / chiamare,target,בעבר · אתם,קראתם,קראתם,False,,,,,
hebverb_011,קרא,pa'al,leggere / chiamare,target,בעבר · אתן,קראתן,קראתן,False,,,,,
hebverb_011,קרא,pa'al,leggere / chiamare,target,בעבר · הם,קראו,קראו,False,,,,,
hebverb_011,קרא,pa'al,leggere / chiamare,target,בעבר · הן,קראו,קראו,False,,,,,
hebverb_011,קרא,pa'al,leggere / chiamare,target,בעתיד · אני,אקרא,אקרא,True,27.48168732,644.0625,0.9,545.5882352941177,0.9428571428571428
hebverb_011,קרא,pa'al,leggere / chiamare,target,בעתיד · אתה,תקרא,תקרא,False,,,,,
hebverb_011,קרא,pa'al,leggere / chiamare,target,בעתיד · את,תקראי,תקראי,False,,,,,
hebverb_011,קרא,pa'al,leggere / chiamare,target,בעתיד · הוא,יקרא,יקרא,True,8.447041139,547.9470588235295,0.8285714285714286,536.40625,0.8823529411764706
hebverb_011,קרא,pa'al,leggere / chiamare,target,בעתיד · היא,תקרא,תקרא,False,,,,,
hebverb_011,קרא,pa'al,leggere / chiamare,target,בעתיד · אנחנו,נקרא,נקרא,True,87.55088296,521.771052631579,0.9473684210526315,480.8421052631579,1.0
hebverb_011,קרא,pa'al,leggere / chiamare,target,בעתיד · אתם,תקראו,תקראו,False,,,,,
hebverb_011,קרא,pa'al,leggere / chiamare,target,בעתיד · אתן,תקראנה,תקראנה,False,,,,,
hebverb_011,קרא,pa'al,leggere / chiamare,target,בעתיד · הם,יקראו,יקראו,False,,,,,
hebverb_011,קרא,pa'al,leggere / chiamare,target,בעתיד · הן,תקראנה,תקראנה,False,,,,,
hebverb_012,רצה,pa'al,volere,infinitive,infinitive,לרצות,לרצות,True,40.20985628,573.425,0.95,,
hebverb_012,רצה,pa'al,volere,present_1,present_1,רוצה,רוצה,False,,,,,
hebverb_012,רצה,pa'al,volere,present_2,present_2,רוצה,רוצה,False,,,,,
hebverb_012,רצה,pa'al,volere,present_3,present_3,רוצים,רוצים,False,,,,,
hebverb_012,רצה,pa'al,volere,present_4,present_4,רוצות,רוצות,True,33.29092308,553.1108108378378,0.868421052631579,471.3636363636364,1.0
hebverb_012,רצה,pa'al,volere,target,בעבר · אני,רציתי,רציתי,False,,,,,
hebverb_012,רצה,pa'al,volere,target,בעבר · אתה,רצית,רצית,False,,,,,
hebverb_012,רצה,pa'al,volere,target,בעבר · את,רצית,רצית,False,,,,,
hebverb_012,רצה,pa'al,volere,target,בעבר · הוא,רצה,רצה,True,163.7622347,544.935294117647,0.9142857142857143,451.175,1.0
hebverb_012,רצה,pa'al,volere,target,בעבר · היא,רצתה,רצתה,True,70.74169557,606.509999975,0.926829268292683,478.0769230769231,0.975609756097561
hebverb_012,רצה,pa'al,volere,target,בעבר · אנחנו,רצינו,רצינו,False,,,,,
hebverb_012,רצה,pa'al,volere,target,בעבר · אתם,רציתם,רציתם,False,,,,,
hebverb_012,רצה,pa'al,volere,target,בעבר · אתן,רציתן,רציתן,False,,,,,
hebverb_012,רצה,pa'al,volere,target,בעבר · הם,רצו,רצו,False,,,,,
hebverb_012,רצה,pa'al,volere,target,בעבר · הן,רצו,רצו,False,,,,,
hebverb_012,רצה,pa'al,volere,target,בעתיד · אני,ארצה,ארצה,True,45.1762071,583.3157895,0.868421052631579,500.9714285714286,1.0
hebverb_012,רצה,pa'al,volere,target,בעתיד · אתה,תרצה,תרצה,False,,,,,
hebverb_012,רצה,pa'al,volere,target,בעתיד · את,תרצי,תרצי,False,,,,,
hebverb_012,רצה,pa'al,volere,target,בעתיד · הוא,ירצה,ירצה,False,,,,,
hebverb_012,רצה,pa'al,volere,target,בעתיד · היא,תרצה,תרצה,False,,,,,
hebverb_012,רצה,pa'al,volere,target,בעתיד · אנחנו,נרצה,נרצה,True,12.95253401,592.4081080810811,0.8648648648648649,,
hebverb_012,רצה,pa'al,volere,target,בעתיד · אתם,תרצו,תרצו,True,20.84775839,559.1485714285715,0.8857142857142857,,
hebverb_012,רצה,pa'al,volere,target,בעתיד · אתן,תרצינה,תרצינה,False,,,,,
hebverb_012,רצה,pa'al,volere,target,בעתיד · הם,ירצו,ירצו,True,17.19121438,586.4486486486486,0.918918918918919,,
hebverb_012,רצה,pa'al,volere,target,בעתיד · הן,תרצינה,תרצינה,False,,,,,
hebverb_013,בשל,pi'el,cucinare,infinitive,infinitive,לבשל,לבשל,False,,,,,
hebverb_013,בשל,pi'el,cucinare,present_1,present_1,מבשל,מבשל,False,,,,,
hebverb_013,בשל,pi'el,cucinare,present_2,present_2,מבשלת,מבשלת,False,,,,,
hebverb_013,בשל,pi'el,cucinare,present_3,present_3,מבשלים,מבשלים,False,,,,,
hebverb_013,בשל,pi'el,cucinare,present_4,present_4,מבשלות,מבשלות,False,,,,,
hebverb_013,בשל,pi'el,cucinare,target,בעבר · אני,בישלתי,בישלתי,False,,,,,
hebverb_013,בשל,pi'el,cucinare,target,בעבר · אני,בשלתי,בשלתי,False,,,,,
hebverb_013,בשל,pi'el,cucinare,target,בעבר · אתה,בישלת,בישלת,False,,,,,
hebverb_013,בשל,pi'el,cucinare,target,בעבר · אתה,בשלת,בשלת,False,,,,,
hebverb_013,בשל,pi'el,cucinare,target,בעבר · את,בישלת,בישלת,False,,,,,
hebverb_013,בשל,pi'el,cucinare,target,בעבר · את,בשלת,בשלת,False,,,,,
hebverb_013,בשל,pi'el,cucinare,target,בעבר · הוא,בישל,בישל,False,,,,,
hebverb_013,בשל,pi'el,cucinare,target,בעבר · הוא,בשל,בשל,False,,,,,
hebverb_013,בשל,pi'el,cucinare,target,בעבר · היא,בישלה,בישלה,False,,,,,
hebverb_013,בשל,pi'el,cucinare,target,בעבר · היא,בשלה,בשלה,False,,,,,
hebverb_013,בשל,pi'el,cucinare,target,בעבר · אנחנו,בישלנו,בישלנו,False,,,,,
hebverb_013,בשל,pi'el,cucinare,target,בעבר · אנחנו,בשלנו,בשלנו,False,,,,,
hebverb_013,בשל,pi'el,cucinare,target,בעבר · אתם,בישלתם,בישלתם,False,,,,,
hebverb_013,בשל,pi'el,cucinare,target,בעבר · אתם,בשלתם,בשלתם,False,,,,,
hebverb_013,בשל,pi'el,cucinare,target,בעבר · אתן,בישלתן,בישלתן,False,,,,,
hebverb_013,בשל,pi'el,cucinare,target,בעבר · אתן,בשלתן,בשלתן,False,,,,,
hebverb_013,בשל,pi'el,cucinare,target,בעבר · הם,בישלו,בישלו,False,,,,,
hebverb_013,בשל,pi'el,cucinare,target,בעבר · הם,בשלו,בשלו,True,1.237039765,659.0971428571429,0.8857142857142857,435.2758620689655,0.9393939393939394
hebverb_013,בשל,pi'el,cucinare,target,בעבר · הן,בישלו,בישלו,False,,,,,
hebverb_013,בשל,pi'el,cucinare,target,בעבר · הן,בשלו,בשלו,True,1.237039765,659.0971428571429,0.8857142857142857,435.2758620689655,0.9393939393939394
hebverb_013,בשל,pi'el,cucinare,target,בעתיד · אני,אבשל,אבשל,False,,,,,
hebverb_013,בשל,pi'el,cucinare,target,בעתיד · אתה,תבשל,תבשל,False,,,,,
hebverb_013,בשל,pi'el,cucinare,target,בעתיד · את,תבשלי,תבשלי,False,,,,,
hebverb_013,בשל,pi'el,cucinare,target,בעתיד · הוא,יבשל,יבשל,False,,,,,
hebverb_013,בשל,pi'el,cucinare,target,בעתיד · היא,תבשל,תבשל,False,,,,,
hebverb_013,בשל,pi'el,cucinare,target,בעתיד · אנחנו,נבשל,נבשל,False,,,,,
hebverb_013,בשל,pi'el,cucinare,target,בעתיד · אתם,תבשלו,תבשלו,False,,,,,
hebverb_013,בשל,pi'el,cucinare,target,בעתיד · אתן,תבשלנה,תבשלנה,False,,,,,
hebverb_013,בשל,pi'el,cucinare,target,בעתיד · הם,יבשלו,יבשלו,False,,,,,
hebverb_013,בשל,pi'el,cucinare,target,בעתיד · הן,תבשלנה,תבשלנה,False,,,,,
hebverb_014,אפה,pa'al,cuocere al forno,infinitive,infinitive,לאפות,לאפות,False,,,,,
hebverb_014,אפה,pa'al,cuocere al forno,present_1,present_1,אופה,אופה,False,,,,,
hebverb_014,אפה,pa'al,cuocere al forno,present_2,present_2,אופה,אופה,False,,,,,
hebverb_014,אפה,pa'al,cuocere al forno,present_3,present_3,אופים,אופים,True,1.02480255,628.2552631578948,0.8157894736842105,557.0666666666667,1.0
hebverb_014,אפה,pa'al,cuocere al forno,present_4,present_4,אופות,אופות,False,,,,,
hebverb_014,אפה,pa'al,cuocere al forno,target,בעבר · אני,אפיתי,אפיתי,False,,,,,
hebverb_014,אפה,pa'al,cuocere al forno,target,בעבר · אתה,אפית,אפית,False,,,,,
hebverb_014,אפה,pa'al,cuocere al forno,target,בעבר · את,אפית,אפית,False,,,,,
hebverb_014,אפה,pa'al,cuocere al forno,target,בעבר · הוא,אפה,אפה,False,,,,,
hebverb_014,אפה,pa'al,cuocere al forno,target,בעבר · היא,אפתה,אפתה,False,,,,,
hebverb_014,אפה,pa'al,cuocere al forno,target,בעבר · אנחנו,אפינו,אפינו,False,,,,,
hebverb_014,אפה,pa'al,cuocere al forno,target,בעבר · אתם,אפיתם,אפיתם,False,,,,,
hebverb_014,אפה,pa'al,cuocere al forno,target,בעבר · אתן,אפיתן,אפיתן,False,,,,,
hebverb_014,אפה,pa'al,cuocere al forno,target,בעבר · הם,אפו,אפו,False,,,,,
hebverb_014,אפה,pa'al,cuocere al forno,target,בעבר · הן,אפו,אפו,False,,,,,
hebverb_014,אפה,pa'al,cuocere al forno,target,בעתיד · אני,אופה,אופה,False,,,,,
hebverb_014,אפה,pa'al,cuocere al forno,target,בעתיד · אני,אפה,אפה,False,,,,,
hebverb_014,אפה,pa'al,cuocere al forno,target,בעתיד · אתה,תאפה,תאפה,False,,,,,
hebverb_014,אפה,pa'al,cuocere al forno,target,בעתיד · את,תאפי,תאפי,False,,,,,
hebverb_014,אפה,pa'al,cuocere al forno,target,בעתיד · הוא,יאפה,יאפה,False,,,,,
hebverb_014,אפה,pa'al,cuocere al forno,target,בעתיד · היא,תאפה,תאפה,False,,,,,
hebverb_014,אפה,pa'al,cuocere al forno,target,בעתיד · אנחנו,נאפה,נאפה,False,,,,,
hebverb_014,אפה,pa'al,cuocere al forno,target,בעתיד · אתם,תאפו,תאפו,False,,,,,
hebverb_014,אפה,pa'al,cuocere al forno,target,בעתיד · אתן,תאפינה,תאפינה,False,,,,,
hebverb_014,אפה,pa'al,cuocere al forno,target,בעתיד · הם,יאפו,יאפו,False,,,,,
hebverb_014,אפה,pa'al,cuocere al forno,target,בעתיד · הן,תאפינה,תאפינה,False,,,,,
hebverb_015,לבש,pa'al,indossare,infinitive,infinitive,ללבוש,ללבוש,False,,,,,
hebverb_015,לבש,pa'al,indossare,present_1,present_1,לובש,לובש,True,53.4049471,579.3,0.9142857142857143,451.05882352941177,1.0
hebverb_015,לבש,pa'al,indossare,present_2,present_2,לובשת,לובשת,True,28.41553107,575.5184210526317,0.9210526315789473,,
hebverb_015,לבש,pa'al,indossare,present_3,present_3,לובשים,לובשים,False,,,,,
hebverb_015,לבש,pa'al,indossare,present_4,present_4,לובשות,לובשות,False,,,,,
hebverb_015,לבש,pa'al,indossare,target,בעבר · אני,לבשתי,לבשתי,False,,,,,
hebverb_015,לבש,pa'al,indossare,target,בעבר · אתה,לבשת,לבשת,False,,,,,
hebverb_015,לבש,pa'al,indossare,target,בעבר · את,לבשת,לבשת,False,,,,,
hebverb_015,לבש,pa'al,indossare,target,בעבר · הוא,לבש,לבש,True,14.68075133,625.3916666666667,0.8918918918918919,,
hebverb_015,לבש,pa'al,indossare,target,בעבר · היא,לבשה,לבשה,True,7.810329495,651.1999999999999,0.868421052631579,,
hebverb_015,לבש,pa'al,indossare,target,בעבר · אנחנו,לבשנו,לבשנו,False,,,,,
hebverb_015,לבש,pa'al,indossare,target,בעבר · אתם,לבשתם,לבשתם,False,,,,,
hebverb_015,לבש,pa'al,indossare,target,בעבר · אתן,לבשתן,לבשתן,False,,,,,
hebverb_015,לבש,pa'al,indossare,target,בעבר · הם,לבשו,לבשו,False,,,,,
hebverb_015,לבש,pa'al,indossare,target,בעבר · הן,לבשו,לבשו,False,,,,,
hebverb_015,לבש,pa'al,indossare,target,בעתיד · אני,אלבש,אלבש,False,,,,,
hebverb_015,לבש,pa'al,indossare,target,בעתיד · אתה,תלבש,תלבש,False,,,,,
hebverb_015,לבש,pa'al,indossare,target,בעתיד · את,תלבשי,תלבשי,False,,,,,
hebverb_015,לבש,pa'al,indossare,target,בעתיד · הוא,ילבש,ילבש,False,,,,,
hebverb_015,לבש,pa'al,indossare,target,בעתיד · היא,תלבש,תלבש,False,,,,,
hebverb_015,לבש,pa'al,indossare,target,בעתיד · אנחנו,נלבש,נלבש,False,,,,,
hebverb_015,לבש,pa'al,indossare,target,בעתיד · אתם,תלבשו,תלבשו,False,,,,,
hebverb_015,לבש,pa'al,indossare,target,בעתיד · אתן,תלבשנה,תלבשנה,False,,,,,
hebverb_015,לבש,pa'al,indossare,target,בעתיד · הם,ילבשו,ילבשו,False,,,,,
hebverb_015,לבש,pa'al,indossare,target,בעתיד · הן,תלבשנה,תלבשנה,False,,,,,
hebverb_016,נעל,pa'al,calzare / mettersi le scarpe,infinitive,infinitive,לנעל,לנעל,False,,,,,
hebverb_016,נעל,pa'al,calzare / mettersi le scarpe,present_1,present_1,נועל,נועל,False,,,,,
hebverb_016,נעל,pa'al,calzare / mettersi le scarpe,present_2,present_2,נועלת,נועלת,False,,,,,
hebverb_016,נעל,pa'al,calzare / mettersi le scarpe,present_3,present_3,נועלים,נועלים,False,,,,,
hebverb_016,נעל,pa'al,calzare / mettersi le scarpe,present_4,present_4,נועלות,נועלות,False,,,,,
hebverb_016,נעל,pa'al,calzare / mettersi le scarpe,target,בעבר · אני,נעלתי,נעלתי,False,,,,,
hebverb_016,נעל,pa'al,calzare / mettersi le scarpe,target,בעבר · אתה,נעלת,נעלת,True,2.898553959,686.665,0.75,453.24242424242425,0.7714285714285715
hebverb_016,נעל,pa'al,calzare / mettersi le scarpe,target,בעבר · את,נעלת,נעלת,True,2.898553959,686.665,0.75,453.24242424242425,0.7714285714285715
hebverb_016,נעל,pa'al,calzare / mettersi le scarpe,target,בעבר · הוא,נעל,נעל,True,17.31249279,558.3243243243244,0.972972972972973,,
hebverb_016,נעל,pa'al,calzare / mettersi le scarpe,target,בעבר · היא,נעלה,נעלה,True,22.89736349,537.1057142857143,0.9428571428571428,458.7105263157895,0.8947368421052632
hebverb_016,נעל,pa'al,calzare / mettersi le scarpe,target,בעבר · אנחנו,נעלנו,נעלנו,False,,,,,
hebverb_016,נעל,pa'al,calzare / mettersi le scarpe,target,בעבר · אתם,נעלתם,נעלתם,False,,,,,
hebverb_016,נעל,pa'al,calzare / mettersi le scarpe,target,בעבר · אתן,נעלתן,נעלתן,False,,,,,
hebverb_016,נעל,pa'al,calzare / mettersi le scarpe,target,בעבר · הם,נעלו,נעלו,False,,,,,
hebverb_016,נעל,pa'al,calzare / mettersi le scarpe,target,בעבר · הן,נעלו,נעלו,False,,,,,
hebverb_016,נעל,pa'al,calzare / mettersi le scarpe,target,בעתיד · אני,אנעל,אנעל,False,,,,,
hebverb_016,נעל,pa'al,calzare / mettersi le scarpe,target,בעתיד · אני,אנעול,אנעול,False,,,,,
hebverb_016,נעל,pa'al,calzare / mettersi le scarpe,target,בעתיד · אתה,תנעל,תנעל,False,,,,,
hebverb_016,נעל,pa'al,calzare / mettersi le scarpe,target,בעתיד · אתה,תנעול,תנעול,False,,,,,
hebverb_016,נעל,pa'al,calzare / mettersi le scarpe,target,בעתיד · את,תנעלי,תנעלי,True,2.492271291,606.3054054054054,0.972972972972973,,
hebverb_016,נעל,pa'al,calzare / mettersi le scarpe,target,בעתיד · הוא,ינעל,ינעל,False,,,,,
hebverb_016,נעל,pa'al,calzare / mettersi le scarpe,target,בעתיד · הוא,ינעול,ינעול,False,,,,,
hebverb_016,נעל,pa'al,calzare / mettersi le scarpe,target,בעתיד · היא,תנעל,תנעל,False,,,,,
hebverb_016,נעל,pa'al,calzare / mettersi le scarpe,target,בעתיד · היא,תנעול,תנעול,False,,,,,
hebverb_016,נעל,pa'al,calzare / mettersi le scarpe,target,בעתיד · אנחנו,ננעל,ננעל,False,,,,,
hebverb_016,נעל,pa'al,calzare / mettersi le scarpe,target,בעתיד · אנחנו,ננעול,ננעול,False,,,,,
hebverb_016,נעל,pa'al,calzare / mettersi le scarpe,target,בעתיד · אתם,תנעלו,תנעלו,False,,,,,
hebverb_016,נעל,pa'al,calzare / mettersi le scarpe,target,בעתיד · אתן,תנעלנה,תנעלנה,False,,,,,
hebverb_016,נעל,pa'al,calzare / mettersi le scarpe,target,בעתיד · אתן,תנעולנה,תנעולנה,False,,,,,
hebverb_016,נעל,pa'al,calzare / mettersi le scarpe,target,בעתיד · הם,ינעלו,ינעלו,False,,,,,
hebverb_016,נעל,pa'al,calzare / mettersi le scarpe,target,בעתיד · הן,תנעלנה,תנעלנה,False,,,,,
hebverb_016,נעל,pa'al,calzare / mettersi le scarpe,target,בעתיד · הן,תנעולנה,תנעולנה,False,,,,,
hebverb_017,חבש,pa'al,portare un cappello,infinitive,infinitive,לחבש,לחבש,False,,,,,
hebverb_017,חבש,pa'al,portare un cappello,present_1,present_1,חובש,חובש,False,,,,,
hebverb_017,חבש,pa'al,portare un cappello,present_2,present_2,חובשת,חובשת,False,,,,,
hebverb_017,חבש,pa'al,portare un cappello,present_3,present_3,חובשים,חובשים,False,,,,,
hebverb_017,חבש,pa'al,portare un cappello,present_4,present_4,חובשות,חובשות,False,,,,,
hebverb_017,חבש,pa'al,portare un cappello,target,בעבר · אני,חבשתי,חבשתי,False,,,,,
hebverb_017,חבש,pa'al,portare un cappello,target,בעבר · אתה,חבשת,חבשת,False,,,,,
hebverb_017,חבש,pa'al,portare un cappello,target,בעבר · את,חבשת,חבשת,False,,,,,
hebverb_017,חבש,pa'al,portare un cappello,target,בעבר · הוא,חבש,חבש,False,,,,,
hebverb_017,חבש,pa'al,portare un cappello,target,בעבר · היא,חבשה,חבשה,False,,,,,
hebverb_017,חבש,pa'al,portare un cappello,target,בעבר · אנחנו,חבשנו,חבשנו,False,,,,,
hebverb_017,חבש,pa'al,portare un cappello,target,בעבר · אתם,חבשתם,חבשתם,False,,,,,
hebverb_017,חבש,pa'al,portare un cappello,target,בעבר · אתן,חבשתן,חבשתן,False,,,,,
hebverb_017,חבש,pa'al,portare un cappello,target,בעבר · הם,חבשו,חבשו,False,,,,,
hebverb_017,חבש,pa'al,portare un cappello,target,בעבר · הן,חבשו,חבשו,False,,,,,
hebverb_017,חבש,pa'al,portare un cappello,target,בעתיד · אני,אחבש,אחבש,False,,,,,
hebverb_017,חבש,pa'al,portare un cappello,target,בעתיד · אני,אחבוש,אחבוש,False,,,,,
hebverb_017,חבש,pa'al,portare un cappello,target,בעתיד · אתה,תחבש,תחבש,False,,,,,
hebverb_017,חבש,pa'al,portare un cappello,target,בעתיד · אתה,תחבוש,תחבוש,False,,,,,
hebverb_017,חבש,pa'al,portare un cappello,target,בעתיד · את,תחבשי,תחבשי,False,,,,,
hebverb_017,חבש,pa'al,portare un cappello,target,בעתיד · הוא,יחבש,יחבש,False,,,,,
hebverb_017,חבש,pa'al,portare un cappello,target,בעתיד · הוא,יחבוש,יחבוש,False,,,,,
hebverb_017,חבש,pa'al,portare un cappello,target,בעתיד · היא,תחבש,תחבש,False,,,,,
hebverb_017,חבש,pa'al,portare un cappello,target,בעתיד · היא,תחבוש,תחבוש,False,,,,,
hebverb_017,חבש,pa'al,portare un cappello,target,בעתיד · אנחנו,נחבש,נחבש,False,,,,,
hebverb_017,חבש,pa'al,portare un cappello,target,בעתיד · אנחנו,נחבוש,נחבוש,False,,,,,
hebverb_017,חבש,pa'al,portare un cappello,target,בעתיד · אתם,תחבשו,תחבשו,False,,,,,
hebverb_017,חבש,pa'al,portare un cappello,target,בעתיד · אתן,תחבשנה,תחבשנה,False,,,,,
hebverb_017,חבש,pa'al,portare un cappello,target,בעתיד · אתן,תחבושנה,תחבושנה,False,,,,,
hebverb_017,חבש,pa'al,portare un cappello,target,בעתיד · הם,יחבשו,יחבשו,False,,,,,
hebverb_017,חבש,pa'al,portare un cappello,target,בעתיד · הן,תחבשנה,תחבשנה,False,,,,,
hebverb_017,חבש,pa'al,portare un cappello,target,בעתיד · הן,תחבושנה,תחבושנה,False,,,,,
hebverb_018,ענד,pa'al,portare un anello,infinitive,infinitive,לענד,לענד,False,,,,,
hebverb_018,ענד,pa'al,portare un anello,present_1,present_1,עונד,עונד,False,,,,,
hebverb_018,ענד,pa'al,portare un anello,present_2,present_2,עונדת,עונדת,False,,,,,
hebverb_018,ענד,pa'al,portare un anello,present_3,present_3,עונדים,עונדים,False,,,,,
hebverb_018,ענד,pa'al,portare un anello,present_4,present_4,עונדות,עונדות,False,,,,,
hebverb_018,ענד,pa'al,portare un anello,target,בעבר · אני,ענדתי,ענדתי,False,,,,,
hebverb_018,ענד,pa'al,portare un anello,target,בעבר · אתה,ענדת,ענדת,False,,,,,
hebverb_018,ענד,pa'al,portare un anello,target,בעבר · את,ענדת,ענדת,False,,,,,
hebverb_018,ענד,pa'al,portare un anello,target,בעבר · הוא,ענד,ענד,False,,,,,
hebverb_018,ענד,pa'al,portare un anello,target,בעבר · היא,ענדה,ענדה,True,1.716089478,630.3333333333334,0.5384615384615384,,
hebverb_018,ענד,pa'al,portare un anello,target,בעבר · אנחנו,ענדנו,ענדנו,False,,,,,
hebverb_018,ענד,pa'al,portare un anello,target,בעבר · אתם,ענדתם,ענדתם,False,,,,,
hebverb_018,ענד,pa'al,portare un anello,target,בעבר · אתן,ענדתן,ענדתן,False,,,,,
hebverb_018,ענד,pa'al,portare un anello,target,בעבר · הם,ענדו,ענדו,False,,,,,
hebverb_018,ענד,pa'al,portare un anello,target,בעבר · הן,ענדו,ענדו,False,,,,,
hebverb_018,ענד,pa'al,portare un anello,target,בעתיד · אני,אענד,אענד,False,,,,,
hebverb_018,ענד,pa'al,portare un anello,target,בעתיד · אני,אענוד,אענוד,False,,,,,
hebverb_018,ענד,pa'al,portare un anello,target,בעתיד · אתה,תענד,תענד,False,,,,,
hebverb_018,ענד,pa'al,portare un anello,target,בעתיד · אתה,תענוד,תענוד,True,0.994482948,664.9157894736842,0.631578947368421,,
hebverb_018,ענד,pa'al,portare un anello,target,בעתיד · את,תענדי,תענדי,False,,,,,
hebverb_018,ענד,pa'al,portare un anello,target,בעתיד · הוא,יענד,יענד,False,,,,,
hebverb_018,ענד,pa'al,portare un anello,target,בעתיד · הוא,יענוד,יענוד,False,,,,,
hebverb_018,ענד,pa'al,portare un anello,target,בעתיד · היא,תענד,תענד,False,,,,,
hebverb_018,ענד,pa'al,portare un anello,target,בעתיד · היא,תענוד,תענוד,True,0.994482948,664.9157894736842,0.631578947368421,,
hebverb_018,ענד,pa'al,portare un anello,target,בעתיד · אנחנו,נענד,נענד,False,,,,,
hebverb_018,ענד,pa'al,portare un anello,target,בעתיד · אנחנו,נענוד,נענוד,False,,,,,
hebverb_018,ענד,pa'al,portare un anello,target,בעתיד · אתם,תענדו,תענדו,False,,,,,
hebverb_018,ענד,pa'al,portare un anello,target,בעתיד · אתן,תענדנה,תענדנה,False,,,,,
hebverb_018,ענד,pa'al,portare un anello,target,בעתיד · אתן,תענודנה,תענודנה,False,,,,,
hebverb_018,ענד,pa'al,portare un anello,target,בעתיד · הם,יענדו,יענדו,False,,,,,
hebverb_018,ענד,pa'al,portare un anello,target,בעתיד · הן,תענדנה,תענדנה,False,,,,,
hebverb_018,ענד,pa'al,portare un anello,target,בעתיד · הן,תענודנה,תענודנה,False,,,,,
hebverb_019,שים,pa'al,mettere,infinitive,infinitive,לשים,לשים,True,212.4918992,533.963888888889,0.7777777777777778,457.34375,1.0
hebverb_019,שים,pa'al,mettere,present_1,present_1,שם,שם,True,1843.334784,537.227027,0.972972972972973,,
hebverb_019,שים,pa'al,mettere,present_2,present_2,שמה,שמה,True,117.9978274,568.5571428571428,0.8888888888888888,505.6764705882353,0.7142857142857143
hebverb_019,שים,pa'al,mettere,present_3,present_3,שמים,שמים,True,30.69556514,557.0028571428571,1.0,530.4666666666667,1.0
hebverb_019,שים,pa'al,mettere,present_4,present_4,שמות,שמות,False,,,,,
hebverb_019,שים,pa'al,mettere,target,בעבר · אני,שמתי,שמתי,True,62.66455358,653.3971428571429,0.9428571428571428,,
hebverb_019,שים,pa'al,mettere,target,בעבר · אתה,שמת,שמת,False,,,,,
hebverb_019,שים,pa'al,mettere,target,בעבר · את,שמת,שמת,False,,,,,
hebverb_019,שים,pa'al,mettere,target,בעבר · הוא,שם,שם,True,1843.334784,537.227027,0.972972972972973,,
hebverb_019,שים,pa'al,mettere,target,בעבר · היא,שמה,שמה,True,117.9978274,568.5571428571428,0.8888888888888888,505.6764705882353,0.7142857142857143
hebverb_019,שים,pa'al,mettere,target,בעבר · אנחנו,שמנו,שמנו,False,,,,,
hebverb_019,שים,pa'al,mettere,target,בעבר · אתם,שמתם,שמתם,False,,,,,
hebverb_019,שים,pa'al,mettere,target,בעבר · אתן,שמתן,שמתן,False,,,,,
hebverb_019,שים,pa'al,mettere,target,בעבר · הם,שמו,שמו,False,,,,,
hebverb_019,שים,pa'al,mettere,target,בעבר · הן,שמו,שמו,False,,,,,
hebverb_019,שים,pa'al,mettere,target,בעתיד · אני,אשים,אשים,False,,,,,
hebverb_019,שים,pa'al,mettere,target,בעתיד · אתה,תשים,תשים,False,,,,,
hebverb_019,שים,pa'al,mettere,target,בעתיד · את,תשימי,תשימי,True,7.313088021,582.6975,0.925,,
hebverb_019,שים,pa'al,mettere,target,בעתיד · הוא,ישים,ישים,True,12.41284509,612.2722222222222,0.918918918918919,,
hebverb_019,שים,pa'al,mettere,target,בעתיד · היא,תשים,תשים,False,,,,,
hebverb_019,שים,pa'al,mettere,target,בעתיד · אנחנו,נשים,נשים,True,187.2174789,530.4702702162162,0.972972972972973,,
hebverb_019,שים,pa'al,mettere,target,בעתיד · אתם,תשימו,תשימו,True,4.347830938,545.3243242702703,0.972972972972973,,
hebverb_019,שים,pa'al,mettere,target,בעתיד · אתן,תשמנה,תשמנה,False,,,,,
hebverb_019,שים,pa'al,mettere,target,בעתיד · הם,ישימו,ישימו,True,6.197326665,558.9421052631578,0.868421052631579,,
hebverb_019,שים,pa'al,mettere,target,בעתיד · הן,תשמנה,תשמנה,False,,,,,
hebverb_020,רכב,hiph'il,portare gli occhiali,infinitive,infinitive,להרכיב,להרכיב,False,,,,,
hebverb_020,רכב,hiph'il,portare gli occhiali,present_1,present_1,מרכיב,מרכיב,False,,,,,
hebverb_020,רכב,hiph'il,portare gli occhiali,present_2,present_2,מרכיבה,מרכיבה,False,,,,,
hebverb_020,רכב,hiph'il,portare gli occhiali,present_3,present_3,מרכיבים,מרכיבים,False,,,,,
hebverb_020,רכב,hiph'il,portare gli occhiali,present_4,present_4,מרכיבות,מרכיבות,False,,,,,
hebverb_020,רכב,hiph'il,portare gli occhiali,target,בעבר · אני,הרכבתי,הרכבתי,False,,,,,
hebverb_020,רכב,hiph'il,portare gli occhiali,target,בעבר · אתה,הרכבת,הרכבת,False,,,,,
hebverb_020,רכב,hiph'il,portare gli occhiali,target,בעבר · את,הרכבת,הרכבת,False,,,,,
hebverb_020,רכב,hiph'il,portare gli occhiali,target,בעבר · הוא,הרכיב,הרכיב,True,3.323028388,570.9973684473684,0.8947368421052632,496.5135135135135,0.9743589743589743
hebverb_020,רכב,hiph'il,portare gli occhiali,target,בעבר · היא,הרכיבה,הרכיבה,False,,,,,
hebverb_020,רכב,hiph'il,portare gli occhiali,target,בעבר · אנחנו,הרכבנו,הרכבנו,False,,,,,
hebverb_020,רכב,hiph'il,portare gli occhiali,target,בעבר · אתם,הרכבתם,הרכבתם,False,,,,,
hebverb_020,רכב,hiph'il,portare gli occhiali,target,בעבר · אתן,הרכבתן,הרכבתן,False,,,,,
hebverb_020,רכב,hiph'il,portare gli occhiali,target,בעבר · הם,הרכיבו,הרכיבו,False,,,,,
hebverb_020,רכב,hiph'il,portare gli occhiali,target,בעבר · הן,הרכיבו,הרכיבו,False,,,,,
hebverb_020,רכב,hiph'il,portare gli occhiali,target,בעתיד · אני,ארכיב,ארכיב,False,,,,,
hebverb_020,רכב,hiph'il,portare gli occhiali,target,בעתיד · אתה,תרכיב,תרכיב,False,,,,,
hebverb_020,רכב,hiph'il,portare gli occhiali,target,בעתיד · את,תרכיבי,תרכיבי,False,,,,,
hebverb_020,רכב,hiph'il,portare gli occhiali,target,בעתיד · הוא,ירכיב,ירכיב,False,,,,,
hebverb_020,רכב,hiph'il,portare gli occhiali,target,בעתיד · היא,תרכיב,תרכיב,False,,,,,
hebverb_020,רכב,hiph'il,portare gli occhiali,target,בעתיד · אנחנו,נרכיב,נרכיב,False,,,,,
hebverb_020,רכב,hiph'il,portare gli occhiali,target,בעתיד · אתם,תרכיבו,תרכיבו,False,,,,,
hebverb_020,רכב,hiph'il,portare gli occhiali,target,בעתיד · אתן,תרכבנה,תרכבנה,False,,,,,
hebverb_020,רכב,hiph'il,portare gli occhiali,target,בעתיד · הם,ירכיבו,ירכיבו,False,,,,,
hebverb_020,רכב,hiph'il,portare gli occhiali,target,בעתיד · הן,תרכבנה,תרכבנה,False,,,,,
hebverb_021,גרב,pa'al,mettersi i calzini,infinitive,infinitive,לגרוב,לגרוב,False,,,,,
hebverb_021,גרב,pa'al,mettersi i calzini,present_1,present_1,גורב,גורב,False,,,,,
hebverb_021,גרב,pa'al,mettersi i calzini,present_2,present_2,גורבת,גורבת,False,,,,,
hebverb_021,גרב,pa'al,mettersi i calzini,present_3,present_3,גורבים,גורבים,False,,,,,
hebverb_021,גרב,pa'al,mettersi i calzini,present_4,present_4,גורבות,גורבות,False,,,,,
hebverb_021,גרב,pa'al,mettersi i calzini,target,בעבר · אני,גרבתי,גרבתי,False,,,,,
hebverb_021,גרב,pa'al,mettersi i calzini,target,בעבר · אתה,גרבת,גרבת,False,,,,,
hebverb_021,גרב,pa'al,mettersi i calzini,target,בעבר · את,גרבת,גרבת,False,,,,,
hebverb_021,גרב,pa'al,mettersi i calzini,target,בעבר · הוא,גרב,גרב,False,,,,,
hebverb_021,גרב,pa'al,mettersi i calzini,target,בעבר · היא,גרבה,גרבה,False,,,,,
hebverb_021,גרב,pa'al,mettersi i calzini,target,בעבר · אנחנו,גרבנו,גרבנו,False,,,,,
hebverb_021,גרב,pa'al,mettersi i calzini,target,בעבר · אתם,גרבתם,גרבתם,False,,,,,
hebverb_021,גרב,pa'al,mettersi i calzini,target,בעבר · אתן,גרבתן,גרבתן,False,,,,,
hebverb_021,גרב,pa'al,mettersi i calzini,target,בעבר · הם,גרבו,גרבו,False,,,,,
hebverb_021,גרב,pa'al,mettersi i calzini,target,בעבר · הן,גרבו,גרבו,False,,,,,
hebverb_021,גרב,pa'al,mettersi i calzini,target,בעתיד · אני,אגרוב,אגרוב,False,,,,,
hebverb_021,גרב,pa'al,mettersi i calzini,target,בעתיד · אני,אגרב,אגרב,False,,,,,
hebverb_021,גרב,pa'al,mettersi i calzini,target,בעתיד · אתה,תגרוב,תגרוב,False,,,,,
hebverb_021,גרב,pa'al,mettersi i calzini,target,בעתיד · אתה,תגרב,תגרב,False,,,,,
hebverb_021,גרב,pa'al,mettersi i calzini,target,בעתיד · את,תגרבי,תגרבי,False,,,,,
hebverb_021,גרב,pa'al,mettersi i calzini,target,בעתיד · הוא,יגרוב,יגרוב,False,,,,,
hebverb_021,גרב,pa'al,mettersi i calzini,target,בעתיד · הוא,יגרב,יגרב,False,,,,,
hebverb_021,גרב,pa'al,mettersi i calzini,target,בעתיד · היא,תגרוב,תגרוב,False,,,,,
hebverb_021,גרב,pa'al,mettersi i calzini,target,בעתיד · היא,תגרב,תגרב,False,,,,,
hebverb_021,גרב,pa'al,mettersi i calzini,target,בעתיד · אנחנו,נגרוב,נגרוב,False,,,,,
hebverb_021,גרב,pa'al,mettersi i calzini,target,בעתיד · אנחנו,נגרב,נגרב,False,,,,,
hebverb_021,גרב,pa'al,mettersi i calzini,target,בעתיד · אתם,תגרבו,תגרבו,False,,,,,
hebverb_021,גרב,pa'al,mettersi i calzini,target,בעתיד · אתן,תגרובנה,תגרובנה,False,,,,,
hebverb_021,גרב,pa'al,mettersi i calzini,target,בעתיד · אתן,תגרבנה,תגרבנה,False,,,,,
hebverb_021,גרב,pa'al,mettersi i calzini,target,בעתיד · הם,יגרבו,יגרבו,False,,,,,
hebverb_021,גרב,pa'al,mettersi i calzini,target,בעתיד · הן,תגרובנה,תגרובנה,False,,,,,
hebverb_021,גרב,pa'al,mettersi i calzini,target,בעתיד · הן,תגרבנה,תגרבנה,False,,,,,
hebverb_022,צבע,pa'al,dipingere,infinitive,infinitive,לצבוע,לצבוע,False,,,,,
hebverb_022,צבע,pa'al,dipingere,present_1,present_1,צובע,צובע,False,,,,,
hebverb_022,צבע,pa'al,dipingere,present_2,present_2,צובעת,צובעת,False,,,,,
hebverb_022,צבע,pa'al,dipingere,present_3,present_3,צובעים,צובעים,False,,,,,
hebverb_022,צבע,pa'al,dipingere,present_4,present_4,צובעות,צובעות,False,,,,,
hebverb_022,צבע,pa'al,dipingere,target,בעבר · אני,צבעתי,צבעתי,True,1.418957377,595.5051282051282,0.9230769230769231,494.13513513513516,1.0
hebverb_022,צבע,pa'al,dipingere,target,בעבר · אתה,צבעת,צבעת,False,,,,,
hebverb_022,צבע,pa'al,dipingere,target,בעבר · את,צבעת,צבעת,False,,,,,
hebverb_022,צבע,pa'al,dipingere,target,בעבר · הוא,צבע,צבע,False,,,,,
hebverb_022,צבע,pa'al,dipingere,target,בעבר · היא,צבעה,צבעה,False,,,,,
hebverb_022,צבע,pa'al,dipingere,target,בעבר · אנחנו,צבענו,צבענו,False,,,,,
hebverb_022,צבע,pa'al,dipingere,target,בעבר · אתם,צבעתם,צבעתם,False,,,,,
hebverb_022,צבע,pa'al,dipingere,target,בעבר · אתן,צבעתן,צבעתן,False,,,,,
hebverb_022,צבע,pa'al,dipingere,target,בעבר · הם,צבעו,צבעו,False,,,,,
hebverb_022,צבע,pa'al,dipingere,target,בעבר · הן,צבעו,צבעו,False,,,,,
hebverb_022,צבע,pa'al,dipingere,target,בעתיד · אני,אצבע,אצבע,True,36.17128528,538.2631579210527,0.8947368421052632,,
hebverb_022,צבע,pa'al,dipingere,target,בעתיד · אתה,תצבע,תצבע,False,,,,,
hebverb_022,צבע,pa'al,dipingere,target,בעתיד · את,תצבעי,תצבעי,False,,,,,
hebverb_022,צבע,pa'al,dipingere,target,בעתיד · הוא,יצבע,יצבע,False,,,,,
hebverb_022,צבע,pa'al,dipingere,target,בעתיד · היא,תצבע,תצבע,False,,,,,
hebverb_022,צבע,pa'al,dipingere,target,בעתיד · אנחנו,נצבע,נצבע,False,,,,,
hebverb_022,צבע,pa'al,dipingere,target,בעתיד · אתם,תצבעו,תצבעו,False,,,,,
hebverb_022,צבע,pa'al,dipingere,target,בעתיד · אתן,תצבענה,תצבענה,False,,,,,
hebverb_022,צבע,pa'al,dipingere,target,בעתיד · הם,יצבעו,יצבעו,False,,,,,
hebverb_022,צבע,pa'al,dipingere,target,בעתיד · הן,תצבענה,תצבענה,False,,,,,
hebverb_023,ספר,pa'al,contare,infinitive,infinitive,לספור,לספור,False,,,,,
hebverb_023,ספר,pa'al,contare,present_1,present_1,סופר,סופר,False,,,,,
hebverb_023,ספר,pa'al,contare,present_2,present_2,סופרת,סופרת,False,,,,,
hebverb_023,ספר,pa'al,contare,present_3,present_3,סופרים,סופרים,False,,,,,
hebverb_023,ספר,pa'al,contare,present_4,present_4,סופרות,סופרות,False,,,,,
hebverb_023,ספר,pa'al,contare,target,בעבר · אני,ספרתי,ספרתי,False,,,,,
hebverb_023,ספר,pa'al,contare,target,בעבר · אתה,ספרת,ספרת,True,3.171430377,657.9292683170731,0.7560975609756098,499.4642857142857,0.7941176470588235
hebverb_023,ספר,pa'al,contare,target,בעבר · את,ספרת,ספרת,True,3.171430377,657.9292683170731,0.7560975609756098,499.4642857142857,0.7941176470588235
hebverb_023,ספר,pa'al,contare,target,בעבר · הוא,ספר,ספר,True,276.3025337,524.3857142857142,0.9428571428571428,459.19444444444446,1.0
hebverb_023,ספר,pa'al,contare,target,בעבר · היא,ספרה,ספרה,False,,,,,
hebverb_023,ספר,pa'al,contare,target,בעבר · אנחנו,ספרנו,ספרנו,True,1.425021298,618.6615384615385,0.9230769230769231,529.6451612903226,0.6666666666666666
hebverb_023,ספר,pa'al,contare,target,בעבר · אתם,ספרתם,ספרתם,False,,,,,
hebverb_023,ספר,pa'al,contare,target,בעבר · אתן,ספרתן,ספרתן,False,,,,,
hebverb_023,ספר,pa'al,contare,target,בעבר · הם,ספרו,ספרו,False,,,,,
hebverb_023,ספר,pa'al,contare,target,בעבר · הן,ספרו,ספרו,False,,,,,
hebverb_023,ספר,pa'al,contare,target,בעתיד · אני,אספור,אספור,False,,,,,
hebverb_023,ספר,pa'al,contare,target,בעתיד · אני,אספר,אספר,True,59.54769848,556.8205128205128,0.9743589743589743,546.7272727272727,1.0
hebverb_023,ספר,pa'al,contare,target,בעתיד · אתה,תספור,תספור,False,,,,,
hebverb_023,ספר,pa'al,contare,target,בעתיד · אתה,תספר,תספר,True,58.12874111,561.9594595405406,0.918918918918919,,
hebverb_023,ספר,pa'al,contare,target,בעתיד · את,תספרי,תספרי,True,30.6227981,565.0250000277778,0.972972972972973,,
hebverb_023,ספר,pa'al,contare,target,בעתיד · הוא,יספור,יספור,False,,,,,
hebverb_023,ספר,pa'al,contare,target,בעתיד · הוא,יספר,יספר,True,13.32849707,537.25,0.9473684210526315,,
hebverb_023,ספר,pa'al,contare,target,בעתיד · היא,תספור,תספור,False,,,,,
hebverb_023,ספר,pa'al,contare,target,בעתיד · היא,תספר,תספר,True,58.12874111,561.9594595405406,0.918918918918919,,
hebverb_023,ספר,pa'al,contare,target,בעתיד · אנחנו,נספור,נספור,False,,,,,
hebverb_023,ספר,pa'al,contare,target,בעתיד · אנחנו,נספר,נספר,False,,,,,
hebverb_023,ספר,pa'al,contare,target,בעתיד · אתם,תספרו,תספרו,False,,,,,
hebverb_023,ספר,pa'al,contare,target,בעתיד · אתן,תספורנה,תספורנה,False,,,,,
hebverb_023,ספר,pa'al,contare,target,בעתיד · אתן,תספרנה,תספרנה,False,,,,,
hebverb_023,ספר,pa'al,contare,target,בעתיד · הם,יספרו,יספרו,False,,,,,
hebverb_023,ספר,pa'al,contare,target,בעתיד · הן,תספורנה,תספורנה,False,,,,,
hebverb_023,ספר,pa'al,contare,target,בעתיד · הן,תספרנה,תספרנה,False,,,,,
hebverb_024,שאל,pa'al,chiedere,infinitive,infinitive,לשאול,לשאול,True,232.4482613,528.107894736842,0.9736842105263158,,
hebverb_024,שאל,pa'al,chiedere,present_1,present_1,שואל,שואל,True,85.76809036,590.7428571428571,0.8857142857142857,447.02941176470586,0.9705882352941176
hebverb_024,שאל,pa'al,chiedere,present_2,present_2,שואלת,שואלת,False,,,,,
hebverb_024,שאל,pa'al,chiedere,present_3,present_3,שואלים,שואלים,True,19.45305669,538.9,0.9444444444444444,484.42857142857144,0.9428571428571428
hebverb_024,שאל,pa'al,chiedere,present_4,present_4,שואלות,שואלות,False,,,,,
hebverb_024,שאל,pa'al,chiedere,target,בעבר · אני,שאלתי,שאלתי,True,54.85422408,512.7885714285713,0.9428571428571428,,
hebverb_024,שאל,pa'al,chiedere,target,בעבר · אתה,שאלת,שאלת,True,27.23306659,540.6513513783783,0.9459459459459459,,
hebverb_024,שאל,pa'al,chiedere,target,בעבר · את,שאלת,שאלת,True,27.23306659,540.6513513783783,0.9459459459459459,,
hebverb_024,שאל,pa'al,chiedere,target,בעבר · הוא,שאל,שאל,False,,,,,
hebverb_024,שאל,pa'al,chiedere,target,בעבר · היא,שאלה,שאלה,True,139.0760147,520.2324324594595,0.972972972972973,,
hebverb_024,שאל,pa'al,chiedere,target,בעבר · אנחנו,שאלנו,שאלנו,True,2.856106516,566.0564102564102,0.9487179487179487,508.40625,1.0
hebverb_024,שאל,pa'al,chiedere,target,בעבר · אתם,שאלתם,שאלתם,False,,,,,
hebverb_024,שאל,pa'al,chiedere,target,בעבר · אתן,שאלתן,שאלתן,False,,,,,
hebverb_024,שאל,pa'al,chiedere,target,בעבר · הם,שאלו,שאלו,False,,,,,
hebverb_024,שאל,pa'al,chiedere,target,בעבר · הן,שאלו,שאלו,False,,,,,
hebverb_024,שאל,pa'al,chiedere,target,בעתיד · אני,אשאל,אשאל,False,,,,,
hebverb_024,שאל,pa'al,chiedere,target,בעתיד · אתה,תשאל,תשאל,False,,,,,
hebverb_024,שאל,pa'al,chiedere,target,בעתיד · את,תשאלי,תשאלי,False,,,,,
hebverb_024,שאל,pa'al,chiedere,target,בעתיד · הוא,ישאל,ישאל,True,7.8709687,573.4405405405405,0.8108108108108109,,
hebverb_024,שאל,pa'al,chiedere,target,בעתיד · היא,תשאל,תשאל,False,,,,,
hebverb_024,שאל,pa'al,chiedere,target,בעתיד · אנחנו,נשאל,נשאל,True,6.912869274,614.8914285714286,0.9142857142857143,488.8285714285714,1.0
hebverb_024,שאל,pa'al,chiedere,target,בעתיד · אתם,תשאלו,תשאלו,True,8.677470115,576.7657895,0.8947368421052632,485.57142857142856,0.9743589743589743
hebverb_024,שאל,pa'al,chiedere,target,בעתיד · אתן,תשאלנה,תשאלנה,False,,,,,
hebverb_024,שאל,pa'al,chiedere,target,בעתיד · הם,ישאלו,ישאלו,True,5.760724395,558.2342105263158,0.9473684210526315,507.09375,0.9393939393939394
hebverb_024,שאל,pa'al,chiedere,target,בעתיד · הן,תשאלנה,תשאלנה,False,,,,,
hebverb_025,ענה,pa'al,rispondere,infinitive,infinitive,לענות,לענות,True,74.05259612,559.0314285714285,0.9714285714285714,443.34375,0.9705882352941176
hebverb_025,ענה,pa'al,rispondere,present_1,present_1,עונה,עונה,False,,,,,
hebverb_025,ענה,pa'al,rispondere,present_2,present_2,עונה,עונה,False,,,,,
hebverb_025,ענה,pa'al,rispondere,present_3,present_3,עונים,עונים,False,,,,,
hebverb_025,ענה,pa'al,rispondere,present_4,present_4,עונות,עונות,False,,,,,
hebverb_025,ענה,pa'al,rispondere,target,בעבר · אני,עניתי,עניתי,False,,,,,
hebverb_025,ענה,pa'al,rispondere,target,בעבר · אתה,ענית,ענית,True,8.647150513,562.1743588974359,0.9487179487179487,,
hebverb_025,ענה,pa'al,rispondere,target,בעבר · את,ענית,ענית,True,8.647150513,562.1743588974359,0.9487179487179487,,
hebverb_025,ענה,pa'al,rispondere,target,בעבר · הוא,ענה,ענה,True,18.16144165,596.6131578947368,0.8947368421052632,,
hebverb_025,ענה,pa'al,rispondere,target,בעבר · היא,ענתה,ענתה,False,,,,,
hebverb_025,ענה,pa'al,rispondere,target,בעבר · אנחנו,ענינו,ענינו,False,,,,,
hebverb_025,ענה,pa'al,rispondere,target,בעבר · אתם,עניתם,עניתם,False,,,,,
hebverb_025,ענה,pa'al,rispondere,target,בעבר · אתן,עניתן,עניתן,False,,,,,
hebverb_025,ענה,pa'al,rispondere,target,בעבר · הם,ענו,ענו,False,,,,,
hebverb_025,ענה,pa'al,rispondere,target,בעבר · הן,ענו,ענו,False,,,,,
hebverb_025,ענה,pa'al,rispondere,target,בעתיד · אני,אענה,אענה,False,,,,,
hebverb_025,ענה,pa'al,rispondere,target,בעתיד · אתה,תענה,תענה,False,,,,,
hebverb_025,ענה,pa'al,rispondere,target,בעתיד · את,תעני,תעני,False,,,,,
hebverb_025,ענה,pa'al,rispondere,target,בעתיד · הוא,יענה,יענה,False,,,,,
hebverb_025,ענה,pa'al,rispondere,target,בעתיד · היא,תענה,תענה,False,,,,,
hebverb_025,ענה,pa'al,rispondere,target,בעתיד · אנחנו,נענה,נענה,False,,,,,
hebverb_025,ענה,pa'al,rispondere,target,בעתיד · אתם,תענו,תענו,False,,,,,
hebverb_025,ענה,pa'al,rispondere,target,בעתיד · אתן,תענינה,תענינה,False,,,,,
hebverb_025,ענה,pa'al,rispondere,target,בעתיד · הם,יענו,יענו,False,,,,,
hebverb_025,ענה,pa'al,rispondere,target,בעתיד · הן,תענינה,תענינה,False,,,,,
hebverb_026,למד,pa'al,studiare / imparare,infinitive,infinitive,ללמוד,ללמוד,True,141.7380758,510.12285714285713,0.9428571428571428,427.969696969697,1.0
hebverb_026,למד,pa'al,studiare / imparare,present_1,present_1,לומד,לומד,False,,,,,
hebverb_026,למד,pa'al,studiare / imparare,present_2,present_2,לומדת,לומדת,False,,,,,
hebverb_026,למד,pa'al,studiare / imparare,present_3,present_3,לומדים,לומדים,False,,,,,
hebverb_026,למד,pa'al,studiare / imparare,present_4,present_4,לומדות,לומדות,False,,,,,
hebverb_026,למד,pa'al,studiare / imparare,target,בעבר · אני,למדתי,למדתי,True,56.67340021,571.7914285714286,0.9714285714285714,,
hebverb_026,למד,pa'al,studiare / imparare,target,בעבר · אתה,למדת,למדת,False,,,,,
hebverb_026,למד,pa'al,studiare / imparare,target,בעבר · את,למדת,למדת,False,,,,,
hebverb_026,למד,pa'al,studiare / imparare,target,בעבר · הוא,למד,למד,False,,,,,
hebverb_026,למד,pa'al,studiare / imparare,target,בעבר · היא,למדה,למדה,True,9.017049658,640.357894736842,0.9210526315789473,470.02702702702703,0.8974358974358975
hebverb_026,למד,pa'al,studiare / imparare,target,בעבר · אנחנו,למדנו,למדנו,True,11.78219737,565.1842105263158,0.868421052631579,469.8333333333333,1.0
hebverb_026,למד,pa'al,studiare / imparare,target,בעבר · אתם,למדתם,למדתם,False,,,,,
hebverb_026,למד,pa'al,studiare / imparare,target,בעבר · אתן,למדתן,למדתן,False,,,,,
hebverb_026,למד,pa'al,studiare / imparare,target,בעבר · הם,למדו,למדו,True,7.713306769,547.4973684473684,0.8157894736842105,,
hebverb_026,למד,pa'al,studiare / imparare,target,בעבר · הן,למדו,למדו,True,7.713306769,547.4973684473684,0.8157894736842105,,
hebverb_026,למד,pa'al,studiare / imparare,target,בעתיד · אני,אלמד,אלמד,False,,,,,
hebverb_026,למד,pa'al,studiare / imparare,target,בעתיד · אתה,תלמד,תלמד,False,,,,,
hebverb_026,למד,pa'al,studiare / imparare,target,בעתיד · את,תלמדי,תלמדי,False,,,,,
hebverb_026,למד,pa'al,studiare / imparare,target,בעתיד · הוא,ילמד,ילמד,True,8.762365001,512.25,0.9473684210526315,479.79411764705884,0.9142857142857143
hebverb_026,למד,pa'al,studiare / imparare,target,בעתיד · היא,תלמד,תלמד,False,,,,,
hebverb_026,למד,pa'al,studiare / imparare,target,בעתיד · אנחנו,נלמד,נלמד,False,,,,,
hebverb_026,למד,pa'al,studiare / imparare,target,בעתיד · אתם,תלמדו,תלמדו,False,,,,,
hebverb_026,למד,pa'al,studiare / imparare,target,בעתיד · אתן,תלמדנה,תלמדנה,False,,,,,
hebverb_026,למד,pa'al,studiare / imparare,target,בעתיד · הם,ילמדו,ילמדו,False,,,,,
hebverb_026,למד,pa'al,studiare / imparare,target,בעתיד · הן,תלמדנה,תלמדנה,False,,,,,
hebverb_027,למד,pi'el,insegnare,infinitive,infinitive,ללמד,ללמד,False,,,,,
hebverb_027,למד,pi'el,insegnare,present_1,present_1,מלמד,מלמד,False,,,,,
hebverb_027,למד,pi'el,insegnare,present_2,present_2,מלמדת,מלמדת,False,,,,,
hebverb_027,למד,pi'el,insegnare,present_3,present_3,מלמדים,מלמדים,False,,,,,
hebverb_027,למד,pi'el,insegnare,present_4,present_4,מלמדות,מלמדות,False,,,,,
hebverb_027,למד,pi'el,insegnare,target,בעבר · אני,לימדתי,לימדתי,False,,,,,
hebverb_027,למד,pi'el,insegnare,target,בעבר · אני,למדתי,למדתי,True,56.67340021,571.7914285714286,0.9714285714285714,,
hebverb_027,למד,pi'el,insegnare,target,בעבר · אתה,לימדת,לימדת,False,,,,,
hebverb_027,למד,pi'el,insegnare,target,בעבר · אתה,למדת,למדת,False,,,,,
hebverb_027,למד,pi'el,insegnare,target,בעבר · את,לימדת,לימדת,False,,,,,
hebverb_027,למד,pi'el,insegnare,target,בעבר · את,למדת,למדת,False,,,,,
hebverb_027,למד,pi'el,insegnare,target,בעבר · הוא,לימד,לימד,True,25.21378109,637.3868421052632,0.868421052631579,,
hebverb_027,למד,pi'el,insegnare,target,בעבר · הוא,למד,למד,False,,,,,
hebverb_027,למד,pi'el,insegnare,target,בעבר · היא,לימדה,לימדה,True,9.320245679,582.2142857142857,0.6571428571428571,,
hebverb_027,למד,pi'el,insegnare,target,בעבר · היא,למדה,למדה,True,9.017049658,640.357894736842,0.9210526315789473,470.02702702702703,0.8974358974358975
hebverb_027,למד,pi'el,insegnare,target,בעבר · אנחנו,לימדנו,לימדנו,False,,,,,
hebverb_027,למד,pi'el,insegnare,target,בעבר · אנחנו,למדנו,למדנו,True,11.78219737,565.1842105263158,0.868421052631579,469.8333333333333,1.0
hebverb_027,למד,pi'el,insegnare,target,בעבר · אתם,לימדתם,לימדתם,False,,,,,
hebverb_027,למד,pi'el,insegnare,target,בעבר · אתם,למדתם,למדתם,False,,,,,
hebverb_027,למד,pi'el,insegnare,target,בעבר · אתן,לימדתן,לימדתן,False,,,,,
hebverb_027,למד,pi'el,insegnare,target,בעבר · אתן,למדתן,למדתן,False,,,,,
hebverb_027,למד,pi'el,insegnare,target,בעבר · הם,לימדו,לימדו,False,,,,,
hebverb_027,למד,pi'el,insegnare,target,בעבר · הם,למדו,למדו,True,7.713306769,547.4973684473684,0.8157894736842105,,
hebverb_027,למד,pi'el,insegnare,target,בעבר · הן,לימדו,לימדו,False,,,,,
hebverb_027,למד,pi'el,insegnare,target,בעבר · הן,למדו,למדו,True,7.713306769,547.4973684473684,0.8157894736842105,,
hebverb_027,למד,pi'el,insegnare,target,בעתיד · אני,אלמד,אלמד,False,,,,,
hebverb_027,למד,pi'el,insegnare,target,בעתיד · אתה,תלמד,תלמד,False,,,,,
hebverb_027,למד,pi'el,insegnare,target,בעתיד · את,תלמדי,תלמדי,False,,,,,
hebverb_027,למד,pi'el,insegnare,target,בעתיד · הוא,ילמד,ילמד,True,8.762365001,512.25,0.9473684210526315,479.79411764705884,0.9142857142857143
hebverb_027,למד,pi'el,insegnare,target,בעתיד · היא,תלמד,תלמד,False,,,,,
hebverb_027,למד,pi'el,insegnare,target,בעתיד · אנחנו,נלמד,נלמד,False,,,,,
hebverb_027,למד,pi'el,insegnare,target,בעתיד · אתם,תלמדו,תלמדו,False,,,,,
hebverb_027,למד,pi'el,insegnare,target,בעתיד · אתן,תלמדנה,תלמדנה,False,,,,,
hebverb_027,למד,pi'el,insegnare,target,בעתיד · הם,ילמדו,ילמדו,False,,,,,
hebverb_027,למד,pi'el,insegnare,target,בעתיד · הן,תלמדנה,תלמדנה,False,,,,,
hebverb_028,תרגל,pi'el,esercitarsi,infinitive,infinitive,לתרגל,לתרגל,False,,,,,
hebverb_028,תרגל,pi'el,esercitarsi,present_1,present_1,מתרגל,מתרגל,False,,,,,
hebverb_028,תרגל,pi'el,esercitarsi,present_2,present_2,מתרגלת,מתרגלת,False,,,,,
hebverb_028,תרגל,pi'el,esercitarsi,present_3,present_3,מתרגלים,מתרגלים,True,2.18907527,557.25,0.975,507.2162162162162,1.0
hebverb_028,תרגל,pi'el,esercitarsi,present_4,present_4,מתרגלות,מתרגלות,False,,,,,
hebverb_028,תרגל,pi'el,esercitarsi,target,בעבר · אני,תירגלתי,תירגלתי,False,,,,,
hebverb_028,תרגל,pi'el,esercitarsi,target,בעבר · אני,תרגלתי,תרגלתי,False,,,,,
hebverb_028,תרגל,pi'el,esercitarsi,target,בעבר · אתה,תירגלת,תירגלת,False,,,,,
hebverb_028,תרגל,pi'el,esercitarsi,target,בעבר · אתה,תרגלת,תרגלת,False,,,,,
hebverb_028,תרגל,pi'el,esercitarsi,target,בעבר · את,תירגלת,תירגלת,False,,,,,
hebverb_028,תרגל,pi'el,esercitarsi,target,בעבר · את,תרגלת,תרגלת,False,,,,,
hebverb_028,תרגל,pi'el,esercitarsi,target,בעבר · הוא,תירגל,תירגל,False,,,,,
hebverb_028,תרגל,pi'el,esercitarsi,target,בעבר · הוא,תרגל,תרגל,False,,,,,
hebverb_028,תרגל,pi'el,esercitarsi,target,בעבר · היא,תירגלה,תירגלה,False,,,,,
hebverb_028,תרגל,pi'el,esercitarsi,target,בעבר · היא,תרגלה,תרגלה,False,,,,,
hebverb_028,תרגל,pi'el,esercitarsi,target,בעבר · אנחנו,תירגלנו,תירגלנו,False,,,,,
hebverb_028,תרגל,pi'el,esercitarsi,target,בעבר · אנחנו,תרגלנו,תרגלנו,False,,,,,
hebverb_028,תרגל,pi'el,esercitarsi,target,בעבר · אתם,תירגלתם,תירגלתם,False,,,,,
hebverb_028,תרגל,pi'el,esercitarsi,target,בעבר · אתם,תרגלתם,תרגלתם,False,,,,,
hebverb_028,תרגל,pi'el,esercitarsi,target,בעבר · אתן,תירגלתן,תירגלתן,False,,,,,
hebverb_028,תרגל,pi'el,esercitarsi,target,בעבר · אתן,תרגלתן,תרגלתן,False,,,,,
hebverb_028,תרגל,pi'el,esercitarsi,target,בעבר · הם,תירגלו,תירגלו,False,,,,,
hebverb_028,תרגל,pi'el,esercitarsi,target,בעבר · הם,תרגלו,תרגלו,False,,,,,
hebverb_028,תרגל,pi'el,esercitarsi,target,בעבר · הן,תירגלו,תירגלו,False,,,,,
hebverb_028,תרגל,pi'el,esercitarsi,target,בעבר · הן,תרגלו,תרגלו,False,,,,,
hebverb_028,תרגל,pi'el,esercitarsi,target,בעתיד · אני,אתרגל,אתרגל,False,,,,,
hebverb_028,תרגל,pi'el,esercitarsi,target,בעתיד · אתה,תתרגל,תתרגל,False,,,,,
hebverb_028,תרגל,pi'el,esercitarsi,target,בעתיד · את,תתרגלי,תתרגלי,False,,,,,
hebverb_028,תרגל,pi'el,esercitarsi,target,בעתיד · הוא,יתרגל,יתרגל,False,,,,,
hebverb_028,תרגל,pi'el,esercitarsi,target,בעתיד · היא,תתרגל,תתרגל,False,,,,,
hebverb_028,תרגל,pi'el,esercitarsi,target,בעתיד · אנחנו,נתרגל,נתרגל,False,,,,,
hebverb_028,תרגל,pi'el,esercitarsi,target,בעתיד · אתם,תתרגלו,תתרגלו,False,,,,,
hebverb_028,תרגל,pi'el,esercitarsi,target,בעתיד · אתן,תתרגלנה,תתרגלנה,False,,,,,
hebverb_028,תרגל,pi'el,esercitarsi,target,בעתיד · הם,יתרגלו,יתרגלו,False,,,,,
hebverb_028,תרגל,pi'el,esercitarsi,target,בעתיד · הן,תתרגלנה,תתרגלנה,False,,,,,
hebverb_029,טיל,pi'el,viaggiare / passeggiare,infinitive,infinitive,לטיל,לטיל,False,,,,,
hebverb_029,טיל,pi'el,viaggiare / passeggiare,present_1,present_1,מטיל,מטיל,True,9.48397153,588.513157868421,0.9473684210526315,,
hebverb_029,טיל,pi'el,viaggiare / passeggiare,present_1,present_1,מטייל,מטייל,True,4.651026959,580.9368421315789,0.9473684210526315,,
hebverb_029,טיל,pi'el,viaggiare / passeggiare,present_2,present_2,מטילת,מטילת,False,,,,,
hebverb_029,טיל,pi'el,viaggiare / passeggiare,present_2,present_2,מטיילת,מטיילת,False,,,,,
hebverb_029,טיל,pi'el,viaggiare / passeggiare,present_3,present_3,מטילים,מטילים,False,,,,,
hebverb_029,טיל,pi'el,viaggiare / passeggiare,present_3,present_3,מטיילים,מטיילים,False,,,,,
hebverb_029,טיל,pi'el,viaggiare / passeggiare,present_4,present_4,מטילות,מטילות,False,,,,,
hebverb_029,טיל,pi'el,viaggiare / passeggiare,present_4,present_4,מטיילות,מטיילות,False,,,,,
hebverb_029,טיל,pi'el,viaggiare / passeggiare,target,בעבר · אני,טילתי,טילתי,False,,,,,
hebverb_029,טיל,pi'el,viaggiare / passeggiare,target,בעבר · אני,טיילתי,טיילתי,False,,,,,
hebverb_029,טיל,pi'el,viaggiare / passeggiare,target,בעבר · אתה,טילת,טילת,False,,,,,
hebverb_029,טיל,pi'el,viaggiare / passeggiare,target,בעבר · אתה,טיילת,טיילת,False,,,,,
hebverb_029,טיל,pi'el,viaggiare / passeggiare,target,בעבר · את,טילת,טילת,False,,,,,
hebverb_029,טיל,pi'el,viaggiare / passeggiare,target,בעבר · את,טיילת,טיילת,False,,,,,
hebverb_029,טיל,pi'el,viaggiare / passeggiare,target,בעבר · הוא,טיל,טיל,False,,,,,
hebverb_029,טיל,pi'el,viaggiare / passeggiare,target,בעבר · הוא,טייל,טייל,False,,,,,
hebverb_029,טיל,pi'el,viaggiare / passeggiare,target,בעבר · היא,טילה,טילה,False,,,,,
hebverb_029,טיל,pi'el,viaggiare / passeggiare,target,בעבר · היא,טיילה,טיילה,False,,,,,
hebverb_029,טיל,pi'el,viaggiare / passeggiare,target,בעבר · אנחנו,טילנו,טילנו,False,,,,,
hebverb_029,טיל,pi'el,viaggiare / passeggiare,target,בעבר · אנחנו,טיילנו,טיילנו,False,,,,,
hebverb_029,טיל,pi'el,viaggiare / passeggiare,target,בעבר · אתם,טילתם,טילתם,False,,,,,
hebverb_029,טיל,pi'el,viaggiare / passeggiare,target,בעבר · אתם,טיילתם,טיילתם,False,,,,,
hebverb_029,טיל,pi'el,viaggiare / passeggiare,target,בעבר · אתן,טילתן,טילתן,False,,,,,
hebverb_029,טיל,pi'el,viaggiare / passeggiare,target,בעבר · אתן,טיילתן,טיילתן,False,,,,,
hebverb_029,טיל,pi'el,viaggiare / passeggiare,target,בעבר · הם,טילו,טילו,False,,,,,
hebverb_029,טיל,pi'el,viaggiare / passeggiare,target,בעבר · הם,טיילו,טיילו,False,,,,,
hebverb_029,טיל,pi'el,viaggiare / passeggiare,target,בעבר · הן,טילו,טילו,False,,,,,
hebverb_029,טיל,pi'el,viaggiare / passeggiare,target,בעבר · הן,טיילו,טיילו,False,,,,,
hebverb_029,טיל,pi'el,viaggiare / passeggiare,target,בעתיד · אני,אטיל,אטיל,False,,,,,
hebverb_029,טיל,pi'el,viaggiare / passeggiare,target,בעתיד · אני,אטייל,אטייל,False,,,,,
hebverb_029,טיל,pi'el,viaggiare / passeggiare,target,בעתיד · אתה,תטיל,תטיל,False,,,,,
hebverb_029,טיל,pi'el,viaggiare / passeggiare,target,בעתיד · אתה,תטייל,תטייל,False,,,,,
hebverb_029,טיל,pi'el,viaggiare / passeggiare,target,בעתיד · את,תטילי,תטילי,False,,,,,
hebverb_029,טיל,pi'el,viaggiare / passeggiare,target,בעתיד · את,תטיילי,תטיילי,False,,,,,
hebverb_029,טיל,pi'el,viaggiare / passeggiare,target,בעתיד · הוא,יטיל,יטיל,False,,,,,
hebverb_029,טיל,pi'el,viaggiare / passeggiare,target,בעתיד · הוא,יטייל,יטייל,False,,,,,
hebverb_029,טיל,pi'el,viaggiare / passeggiare,target,בעתיד · היא,תטיל,תטיל,False,,,,,
hebverb_029,טיל,pi'el,viaggiare / passeggiare,target,בעתיד · היא,תטייל,תטייל,False,,,,,
hebverb_029,טיל,pi'el,viaggiare / passeggiare,target,בעתיד · אנחנו,נטיל,נטיל,False,,,,,
hebverb_029,טיל,pi'el,viaggiare / passeggiare,target,בעתיד · אנחנו,נטייל,נטייל,False,,,,,
hebverb_029,טיל,pi'el,viaggiare / passeggiare,target,בעתיד · אתם,תטילו,תטילו,False,,,,,
hebverb_029,טיל,pi'el,viaggiare / passeggiare,target,בעתיד · אתם,תטיילו,תטיילו,False,,,,,
hebverb_029,טיל,pi'el,viaggiare / passeggiare,target,בעתיד · אתן,תטילנה,תטילנה,False,,,,,
hebverb_029,טיל,pi'el,viaggiare / passeggiare,target,בעתיד · אתן,תטיילנה,תטיילנה,False,,,,,
hebverb_029,טיל,pi'el,viaggiare / passeggiare,target,בעתיד · הם,יטילו,יטילו,False,,,,,
hebverb_029,טיל,pi'el,viaggiare / passeggiare,target,בעתיד · הם,יטיילו,יטיילו,False,,,,,
hebverb_029,טיל,pi'el,viaggiare / passeggiare,target,בעתיד · הן,תטילנה,תטילנה,False,,,,,
hebverb_029,טיל,pi'el,viaggiare / passeggiare,target,בעתיד · הן,תטיילנה,תטיילנה,False,,,,,
hebverb_030,רכב,pa'al,cavalcare / andare in,infinitive,infinitive,לרכב,לרכב,False,,,,,
hebverb_030,רכב,pa'al,cavalcare / andare in,present_1,present_1,רוכב,רוכב,True,15.92991893,538.7243243243244,0.8157894736842105,515.921052631579,0.9743589743589743
hebverb_030,רכב,pa'al,cavalcare / andare in,present_2,present_2,רוכבת,רוכבת,True,3.826333782,555.6225000000001,1.0,519.9736842105264,1.0
hebverb_030,רכב,pa'al,cavalcare / andare in,present_3,present_3,רוכבים,רוכבים,False,,,,,
hebverb_030,רכב,pa'al,cavalcare / andare in,present_4,present_4,רוכבות,רוכבות,False,,,,,
hebverb_030,רכב,pa'al,cavalcare / andare in,target,בעבר · אני,רכבתי,רכבתי,False,,,,,
hebverb_030,רכב,pa'al,cavalcare / andare in,target,בעבר · אתה,רכבת,רכבת,False,,,,,
hebverb_030,רכב,pa'al,cavalcare / andare in,target,בעבר · את,רכבת,רכבת,False,,,,,
hebverb_030,רכב,pa'al,cavalcare / andare in,target,בעבר · הוא,רכב,רכב,True,70.78414301,522.8,0.9722222222222222,465.8857142857143,1.0
hebverb_030,רכב,pa'al,cavalcare / andare in,target,בעבר · היא,רכבה,רכבה,True,1.528107945,667.1289473684211,0.8157894736842105,,
hebverb_030,רכב,pa'al,cavalcare / andare in,target,בעבר · אנחנו,רכבנו,רכבנו,False,,,,,
hebverb_030,רכב,pa'al,cavalcare / andare in,target,בעבר · אתם,רכבתם,רכבתם,False,,,,,
hebverb_030,רכב,pa'al,cavalcare / andare in,target,בעבר · אתן,רכבתן,רכבתן,False,,,,,
hebverb_030,רכב,pa'al,cavalcare / andare in,target,בעבר · הם,רכבו,רכבו,True,3.329092308,584.3270269999999,0.7567567567567568,,
hebverb_030,רכב,pa'al,cavalcare / andare in,target,בעבר · הן,רכבו,רכבו,True,3.329092308,584.3270269999999,0.7567567567567568,,
hebverb_030,רכב,pa'al,cavalcare / andare in,target,בעתיד · אני,ארכב,ארכב,True,1.758536921,656.5675675135135,0.5945945945945946,,
hebverb_030,רכב,pa'al,cavalcare / andare in,target,בעתיד · אתה,תרכב,תרכב,False,,,,,
hebverb_030,רכב,pa'al,cavalcare / andare in,target,בעתיד · את,תרכבי,תרכבי,False,,,,,
hebverb_030,רכב,pa'al,cavalcare / andare in,target,בעתיד · הוא,ירכב,ירכב,False,,,,,
hebverb_030,רכב,pa'al,cavalcare / andare in,target,בעתיד · היא,תרכב,תרכב,False,,,,,
hebverb_030,רכב,pa'al,cavalcare / andare in,target,בעתיד · אנחנו,נרכב,נרכב,False,,,,,
hebverb_030,רכב,pa'al,cavalcare / andare in,target,בעתיד · אתם,תרכבו,תרכבו,False,,,,,
hebverb_030,רכב,pa'al,cavalcare / andare in,target,בעתיד · אתן,תרכבנה,תרכבנה,False,,,,,
hebverb_030,רכב,pa'al,cavalcare / andare in,target,בעתיד · הם,ירכבו,ירכבו,False,,,,,
hebverb_030,רכב,pa'al,cavalcare / andare in,target,בעתיד · הן,תרכבנה,תרכבנה,False,,,,,
hebverb_031,נהג,pa'al,guidare,infinitive,infinitive,לנהוג,לנהוג,False,,,,,
hebverb_031,נהג,pa'al,guidare,present_1,present_1,נוהג,נוהג,True,36.18947704,569.7457142857143,0.8,,
hebverb_031,נהג,pa'al,guidare,present_2,present_2,נוהגת,נוהגת,False,,,,,
hebverb_031,נהג,pa'al,guidare,present_3,present_3,נוהגים,נוהגים,False,,,,,
hebverb_031,נהג,pa'al,guidare,present_4,present_4,נוהגות,נוהגות,False,,,,,
hebverb_031,נהג,pa'al,guidare,target,בעבר · אני,נהגתי,נהגתי,True,27.06327682,574.9926829512195,0.926829268292683,476.72727272727275,0.9736842105263158
hebverb_031,נהג,pa'al,guidare,target,בעבר · אתה,נהגת,נהגת,False,,,,,
hebverb_031,נהג,pa'al,guidare,target,בעבר · את,נהגת,נהגת,False,,,,,
hebverb_031,נהג,pa'al,guidare,target,בעבר · הוא,נהג,נהג,False,,,,,
hebverb_031,נהג,pa'al,guidare,target,בעבר · היא,נהגה,נהגה,False,,,,,
hebverb_031,נהג,pa'al,guidare,target,בעבר · אנחנו,נהגנו,נהגנו,False,,,,,
hebverb_031,נהג,pa'al,guidare,target,בעבר · אתם,נהגתם,נהגתם,False,,,,,
hebverb_031,נהג,pa'al,guidare,target,בעבר · אתן,נהגתן,נהגתן,False,,,,,
hebverb_031,נהג,pa'al,guidare,target,בעבר · הם,נהגו,נהגו,False,,,,,
hebverb_031,נהג,pa'al,guidare,target,בעבר · הן,נהגו,נהגו,False,,,,,
hebverb_031,נהג,pa'al,guidare,target,בעתיד · אני,אנהג,אנהג,True,4.196232928,658.7285714285714,0.5428571428571428,,
hebverb_031,נהג,pa'al,guidare,target,בעתיד · אתה,תנהג,תנהג,False,,,,,
hebverb_031,נהג,pa'al,guidare,target,בעתיד · את,תנהגי,תנהגי,False,,,,,
hebverb_031,נהג,pa'al,guidare,target,בעתיד · הוא,ינהג,ינהג,True,1.497788343,592.935135135135,0.6842105263157895,,
hebverb_031,נהג,pa'al,guidare,target,בעתיד · היא,תנהג,תנהג,False,,,,,
hebverb_031,נהג,pa'al,guidare,target,בעתיד · אנחנו,ננהג,ננהג,False,,,,,
hebverb_031,נהג,pa'al,guidare,target,בעתיד · אתם,תנהגו,תנהגו,False,,,,,
hebverb_031,נהג,pa'al,guidare,target,בעתיד · אתן,תנהגנה,תנהגנה,False,,,,,
hebverb_031,נהג,pa'al,guidare,target,בעתיד · הם,ינהגו,ינהגו,False,,,,,
hebverb_031,נהג,pa'al,guidare,target,בעתיד · הן,תנהגנה,תנהגנה,False,,,,,
hebverb_032,שוט,pa'al,navigare,infinitive,infinitive,לשוט,לשוט,False,,,,,
hebverb_032,שוט,pa'al,navigare,present_1,present_1,שט,שט,False,,,,,
hebverb_032,שוט,pa'al,navigare,present_2,present_2,שטה,שטה,False,,,,,
hebverb_032,שוט,pa'al,navigare,present_3,present_3,שטים,שטים,False,,,,,
hebverb_032,שוט,pa'al,navigare,present_4,present_4,שטות,שטות,False,,,,,
hebverb_032,שוט,pa'al,navigare,target,בעבר · אני,שטתי,שטתי,False,,,,,
hebverb_032,שוט,pa'al,navigare,target,בעבר · אתה,שטת,שטת,False,,,,,
hebverb_032,שוט,pa'al,navigare,target,בעבר · את,שטת,שטת,False,,,,,
hebverb_032,שוט,pa'al,navigare,target,בעבר · הוא,שט,שט,False,,,,,
hebverb_032,שוט,pa'al,navigare,target,בעבר · היא,שטה,שטה,False,,,,,
hebverb_032,שוט,pa'al,navigare,target,בעבר · אנחנו,שטנו,שטנו,False,,,,,
hebverb_032,שוט,pa'al,navigare,target,בעבר · אתם,שטתם,שטתם,False,,,,,
hebverb_032,שוט,pa'al,navigare,target,בעבר · אתן,שטתן,שטתן,False,,,,,
hebverb_032,שוט,pa'al,navigare,target,בעבר · הם,שטו,שטו,False,,,,,
hebverb_032,שוט,pa'al,navigare,target,בעבר · הן,שטו,שטו,False,,,,,
hebverb_032,שוט,pa'al,navigare,target,בעתיד · אני,אשוט,אשוט,False,,,,,
hebverb_032,שוט,pa'al,navigare,target,בעתיד · אתה,תשוט,תשוט,False,,,,,
hebverb_032,שוט,pa'al,navigare,target,בעתיד · את,תשוטי,תשוטי,False,,,,,
hebverb_032,שוט,pa'al,navigare,target,בעתיד · הוא,ישוט,ישוט,False,,,,,
hebverb_032,שוט,pa'al,navigare,target,בעתיד · היא,תשוט,תשוט,False,,,,,
hebverb_032,שוט,pa'al,navigare,target,בעתיד · אנחנו,נשוט,נשוט,False,,,,,
hebverb_032,שוט,pa'al,navigare,target,בעתיד · אתם,תשוטו,תשוטו,False,,,,,
hebverb_032,שוט,pa'al,navigare,target,בעתיד · אתן,תשוטנה,תשוטנה,False,,,,,
hebverb_032,שוט,pa'al,navigare,target,בעתיד · אתן,תשטנה,תשטנה,False,,,,,
hebverb_032,שוט,pa'al,navigare,target,בעתיד · הם,ישוטו,ישוטו,False,,,,,
hebverb_032,שוט,pa'al,navigare,target,בעתיד · הן,תשוטנה,תשוטנה,False,,,,,
hebverb_032,שוט,pa'al,navigare,target,בעתיד · הן,תשטנה,תשטנה,False,,,,,
hebverb_033,טוס,pa'al,volare,infinitive,infinitive,לטוס,לטוס,False,,,,,
hebverb_033,טוס,pa'al,volare,present_1,present_1,טס,טס,True,35.86202534,573.1583333611111,0.8918918918918919,,
hebverb_033,טוס,pa'al,volare,present_2,present_2,טסה,טסה,False,,,,,
hebverb_033,טוס,pa'al,volare,present_3,present_3,טסים,טסים,False,,,,,
hebverb_033,טוס,pa'al,volare,present_4,present_4,טסות,טסות,False,,,,,
hebverb_033,טוס,pa'al,volare,target,בעבר · אני,טסתי,טסתי,False,,,,,
hebverb_033,טוס,pa'al,volare,target,בעבר · אתה,טסת,טסת,False,,,,,
hebverb_033,טוס,pa'al,volare,target,בעבר · את,טסת,טסת,False,,,,,
hebverb_033,טוס,pa'al,volare,target,בעבר · הוא,טס,טס,True,35.86202534,573.1583333611111,0.8918918918918919,,
hebverb_033,טוס,pa'al,volare,target,בעבר · היא,טסה,טסה,False,,,,,
hebverb_033,טוס,pa'al,volare,target,בעבר · אנחנו,טסנו,טסנו,False,,,,,
hebverb_033,טוס,pa'al,volare,target,בעבר · אתם,טסתם,טסתם,False,,,,,
hebverb_033,טוס,pa'al,volare,target,בעבר · אתן,טסתן,טסתן,False,,,,,
hebverb_033,טוס,pa'al,volare,target,בעבר · הם,טסו,טסו,False,,,,,
hebverb_033,טוס,pa'al,volare,target,בעבר · הן,טסו,טסו,False,,,,,
hebverb_033,טוס,pa'al,volare,target,בעתיד · אני,אטוס,אטוס,False,,,,,
hebverb_033,טוס,pa'al,volare,target,בעתיד · אתה,תטוס,תטוס,False,,,,,
hebverb_033,טוס,pa'al,volare,target,בעתיד · את,תטוסי,תטוסי,False,,,,,
hebverb_033,טוס,pa'al,volare,target,בעתיד · הוא,יטוס,יטוס,False,,,,,
hebverb_033,טוס,pa'al,volare,target,בעתיד · היא,תטוס,תטוס,False,,,,,
hebverb_033,טוס,pa'al,volare,target,בעתיד · אנחנו,נטוס,נטוס,True,2.674188903,637.7882352941176,0.7142857142857143,469.258064516129,1.0
hebverb_033,טוס,pa'al,volare,target,בעתיד · אתם,תטוסו,תטוסו,False,,,,,
hebverb_033,טוס,pa'al,volare,target,בעתיד · אתן,תטוסנה,תטוסנה,False,,,,,
hebverb_033,טוס,pa'al,volare,target,בעתיד · אתן,תטסנה,תטסנה,False,,,,,
hebverb_033,טוס,pa'al,volare,target,בעתיד · הם,יטוסו,יטוסו,False,,,,,
hebverb_033,טוס,pa'al,volare,target,בעתיד · הן,תטוסנה,תטוסנה,False,,,,,
hebverb_033,טוס,pa'al,volare,target,בעתיד · הן,תטסנה,תטסנה,False,,,,,
hebverb_034,נסע,pa'al,viaggiare in,infinitive,infinitive,לנסע,לנסע,False,,,,,
hebverb_034,נסע,pa'al,viaggiare in,present_1,present_1,נוסע,נוסע,True,62.77370414,558.8911764705882,0.9428571428571428,466.4594594594595,1.0
hebverb_034,נסע,pa'al,viaggiare in,present_2,present_2,נוסעת,נוסעת,False,,,,,
hebverb_034,נסע,pa'al,viaggiare in,present_3,present_3,נוסעים,נוסעים,True,47.84433208,501.01944444444445,0.9444444444444444,517.7567567567568,1.0
hebverb_034,נסע,pa'al,viaggiare in,present_4,present_4,נוסעות,נוסעות,False,,,,,
hebverb_034,נסע,pa'al,viaggiare in,target,בעבר · אני,נסעתי,נסעתי,True,19.55007942,527.8714285714286,0.9142857142857143,467.625,0.9512195121951219
hebverb_034,נסע,pa'al,viaggiare in,target,בעבר · אתה,נסעת,נסעת,False,,,,,
hebverb_034,נסע,pa'al,viaggiare in,target,בעבר · את,נסעת,נסעת,False,,,,,
hebverb_034,נסע,pa'al,viaggiare in,target,בעבר · הוא,נסע,נסע,True,22.53352826,585.5702702702703,0.918918918918919,,
hebverb_034,נסע,pa'al,viaggiare in,target,בעבר · היא,נסעה,נסעה,False,,,,,
hebverb_034,נסע,pa'al,viaggiare in,target,בעבר · אנחנו,נסענו,נסענו,False,,,,,
hebverb_034,נסע,pa'al,viaggiare in,target,בעבר · אתם,נסעתם,נסעתם,False,,,,,
hebverb_034,נסע,pa'al,viaggiare in,target,בעבר · אתן,נסעתן,נסעתן,False,,,,,
hebverb_034,נסע,pa'al,viaggiare in,target,בעבר · הם,נסעו,נסעו,False,,,,,
hebverb_034,נסע,pa'al,viaggiare in,target,בעבר · הן,נסעו,נסעו,False,,,,,
hebverb_034,נסע,pa'al,viaggiare in,target,בעתיד · אני,אסע,אסע,True,10.31472863,596.7675674864865,0.5405405405405406,,
hebverb_034,נסע,pa'al,viaggiare in,target,בעתיד · אתה,תסע,תסע,True,1.443213059,579.2578947631579,0.9210526315789473,,
hebverb_034,נסע,pa'al,viaggiare in,target,בעתיד · אתה,תיסע,תיסע,True,7.131170409,564.7605262894737,0.8947368421052632,503.6578947368421,0.9743589743589743
hebverb_034,נסע,pa'al,viaggiare in,target,בעתיד · את,תסעי,תסעי,False,,,,,
hebverb_034,נסע,pa'al,viaggiare in,target,בעתיד · את,תיסעי,תיסעי,True,1.497788343,566.4472222222222,0.9166666666666666,483.45714285714286,0.9743589743589743
hebverb_034,נסע,pa'al,viaggiare in,target,בעתיד · הוא,יסע,יסע,False,,,,,
hebverb_034,נסע,pa'al,viaggiare in,target,בעתיד · הוא,ייסע,ייסע,False,,,,,
hebverb_034,נסע,pa'al,viaggiare in,target,בעתיד · היא,תסע,תסע,True,1.443213059,579.2578947631579,0.9210526315789473,,
hebverb_034,נסע,pa'al,viaggiare in,target,בעתיד · היא,תיסע,תיסע,True,7.131170409,564.7605262894737,0.8947368421052632,503.6578947368421,0.9743589743589743
hebverb_034,נסע,pa'al,viaggiare in,target,בעתיד · אנחנו,נסע,נסע,True,22.53352826,585.5702702702703,0.918918918918919,,
hebverb_034,נסע,pa'al,viaggiare in,target,בעתיד · אנחנו,ניסע,ניסע,False,,,,,
hebverb_034,נסע,pa'al,viaggiare in,target,בעתיד · אתם,תסעו,תסעו,False,,,,,
hebverb_034,נסע,pa'al,viaggiare in,target,בעתיד · אתם,תיסעו,תיסעו,True,1.012674709,605.0971428571429,0.8571428571428571,,
hebverb_034,נסע,pa'al,viaggiare in,target,בעתיד · אתן,תסענה,תסענה,False,,,,,
hebverb_034,נסע,pa'al,viaggiare in,target,בעתיד · אתן,תיסענה,תיסענה,False,,,,,
hebverb_034,נסע,pa'al,viaggiare in,target,בעתיד · הם,יסעו,יסעו,False,,,,,
hebverb_034,נסע,pa'al,viaggiare in,target,בעתיד · הם,ייסעו,ייסעו,False,,,,,
hebverb_034,נסע,pa'al,viaggiare in,target,בעתיד · הן,תסענה,תסענה,False,,,,,
hebverb_034,נסע,pa'al,viaggiare in,target,בעתיד · הן,תיסענה,תיסענה,False,,,,,
hebverb_035,פלג,hiph'il,navigare,infinitive,infinitive,להפליג,להפליג,True,6.203390585,604.9529411764706,0.9714285714285714,435.1764705882353,1.0
hebverb_035,פלג,hiph'il,navigare,present_1,present_1,מפליג,מפליג,True,2.055669021,654.2538461538462,0.975,492.875,0.9714285714285714
hebverb_035,פלג,hiph'il,navigare,present_2,present_2,מפליגה,מפליגה,False,,,,,
hebverb_035,פלג,hiph'il,navigare,present_3,present_3,מפליגים,מפליגים,False,,,,,
hebverb_035,פלג,hiph'il,navigare,present_4,present_4,מפליגות,מפליגות,False,,,,,
hebverb_035,פלג,hiph'il,navigare,target,בעבר · אני,הפלגתי,הפלגתי,False,,,,,
hebverb_035,פלג,hiph'il,navigare,target,בעבר · אתה,הפלגת,הפלגת,False,,,,,
hebverb_035,פלג,hiph'il,navigare,target,בעבר · את,הפלגת,הפלגת,False,,,,,
hebverb_035,פלג,hiph'il,navigare,target,בעבר · הוא,הפליג,הפליג,False,,,,,
hebverb_035,פלג,hiph'il,navigare,target,בעבר · היא,הפליגה,הפליגה,False,,,,,
hebverb_035,פלג,hiph'il,navigare,target,בעבר · אנחנו,הפלגנו,הפלגנו,False,,,,,
hebverb_035,פלג,hiph'il,navigare,target,בעבר · אתם,הפלגתם,הפלגתם,False,,,,,
hebverb_035,פלג,hiph'il,navigare,target,בעבר · אתן,הפלגתן,הפלגתן,False,,,,,
hebverb_035,פלג,hiph'il,navigare,target,בעבר · הם,הפליגו,הפליגו,False,,,,,
hebverb_035,פלג,hiph'il,navigare,target,בעבר · הן,הפליגו,הפליגו,False,,,,,
hebverb_035,פלג,hiph'il,navigare,target,בעתיד · אני,אפליג,אפליג,False,,,,,
hebverb_035,פלג,hiph'il,navigare,target,בעתיד · אתה,תפליג,תפליג,True,0.927779824,552.6615383846155,0.6923076923076923,,
hebverb_035,פלג,hiph'il,navigare,target,בעתיד · את,תפליגי,תפליגי,False,,,,,
hebverb_035,פלג,hiph'il,navigare,target,בעתיד · הוא,יפליג,יפליג,False,,,,,
hebverb_035,פלג,hiph'il,navigare,target,בעתיד · היא,תפליג,תפליג,True,0.927779824,552.6615383846155,0.6923076923076923,,
hebverb_035,פלג,hiph'il,navigare,target,בעתיד · אנחנו,נפליג,נפליג,False,,,,,
hebverb_035,פלג,hiph'il,navigare,target,בעתיד · אתם,תפליגו,תפליגו,False,,,,,
hebverb_035,פלג,hiph'il,navigare,target,בעתיד · אתן,תפלגנה,תפלגנה,False,,,,,
hebverb_035,פלג,hiph'il,navigare,target,בעתיד · הם,יפליגו,יפליגו,False,,,,,
hebverb_035,פלג,hiph'il,navigare,target,בעתיד · הן,תפלגנה,תפלגנה,False,,,,,
hebverb_036,שחה,pa'al,nuotare,infinitive,infinitive,לשחות,לשחות,False,,,,,
hebverb_036,שחה,pa'al,nuotare,present_1,present_1,שוחה,שוחה,False,,,,,
hebverb_036,שחה,pa'al,nuotare,present_2,present_2,שוחה,שוחה,False,,,,,
hebverb_036,שחה,pa'al,nuotare,present_3,present_3,שוחים,שוחים,False,,,,,
hebverb_036,שחה,pa'al,nuotare,present_4,present_4,שוחות,שוחות,False,,,,,
hebverb_036,שחה,pa'al,nuotare,target,בעבר · אני,שחיתי,שחיתי,False,,,,,
hebverb_036,שחה,pa'al,nuotare,target,בעבר · אתה,שחית,שחית,False,,,,,
hebverb_036,שחה,pa'al,nuotare,target,בעבר · את,שחית,שחית,False,,,,,
hebverb_036,שחה,pa'al,nuotare,target,בעבר · הוא,שחה,שחה,False,,,,,
hebverb_036,שחה,pa'al,nuotare,target,בעבר · היא,שחתה,שחתה,False,,,,,
hebverb_036,שחה,pa'al,nuotare,target,בעבר · אנחנו,שחינו,שחינו,False,,,,,
hebverb_036,שחה,pa'al,nuotare,target,בעבר · אתם,שחיתם,שחיתם,False,,,,,
hebverb_036,שחה,pa'al,nuotare,target,בעבר · אתן,שחיתן,שחיתן,False,,,,,
hebverb_036,שחה,pa'al,nuotare,target,בעבר · הם,שחו,שחו,False,,,,,
hebverb_036,שחה,pa'al,nuotare,target,בעבר · הן,שחו,שחו,False,,,,,
hebverb_036,שחה,pa'al,nuotare,target,בעתיד · אני,אשחה,אשחה,False,,,,,
hebverb_036,שחה,pa'al,nuotare,target,בעתיד · אתה,תשחה,תשחה,False,,,,,
hebverb_036,שחה,pa'al,nuotare,target,בעתיד · את,תשחי,תשחי,False,,,,,
hebverb_036,שחה,pa'al,nuotare,target,בעתיד · הוא,ישחה,ישחה,False,,,,,
hebverb_036,שחה,pa'al,nuotare,target,בעתיד · היא,תשחה,תשחה,False,,,,,
hebverb_036,שחה,pa'al,nuotare,target,בעתיד · אנחנו,נשחה,נשחה,False,,,,,
hebverb_036,שחה,pa'al,nuotare,target,בעתיד · אתם,תשחו,תשחו,False,,,,,
hebverb_036,שחה,pa'al,nuotare,target,בעתיד · אתן,תשחינה,תשחינה,False,,,,,
hebverb_036,שחה,pa'al,nuotare,target,בעתיד · הם,ישחו,ישחו,False,,,,,
hebverb_036,שחה,pa'al,nuotare,target,בעתיד · הן,תשחינה,תשחינה,False,,,,,
hebverb_037,אמר,pa'al,dire,infinitive,infinitive,לומר,לומר,False,,,,,
hebverb_037,אמר,pa'al,dire,present_1,present_1,אומר,אומר,True,1262.25961,604.6263158157894,0.8947368421052632,,
hebverb_037,אמר,pa'al,dire,present_2,present_2,אומרת,אומרת,True,401.0616324,541.1324999999999,0.975,465.1764705882353,1.0
hebverb_037,אמר,pa'al,dire,present_3,present_3,אומרים,אומרים,True,219.7019006,526.9971428571429,0.9428571428571428,,
hebverb_037,אמר,pa'al,dire,present_4,present_4,אומרות,אומרות,False,,,,,
hebverb_037,אמר,pa'al,dire,target,בעבר · אני,אמרתי,אמרתי,False,,,,,
hebverb_037,אמר,pa'al,dire,target,בעבר · אתה,אמרת,אמרת,False,,,,,
hebverb_037,אמר,pa'al,dire,target,בעבר · את,אמרת,אמרת,False,,,,,
hebverb_037,אמר,pa'al,dire,target,בעבר · הוא,אמר,אמר,False,,,,,
hebverb_037,אמר,pa'al,dire,target,בעבר · היא,אמרה,אמרה,True,301.734616,522.7,0.8055555555555556,454.6764705882353,1.0
hebverb_037,אמר,pa'al,dire,target,בעבר · אנחנו,אמרנו,אמרנו,True,21.43595867,558.854054054054,1.0,,
hebverb_037,אמר,pa'al,dire,target,בעבר · אתם,אמרתם,אמרתם,True,8.362146253,613.3421053157895,0.9736842105263158,,
hebverb_037,אמר,pa'al,dire,target,בעבר · אתן,אמרתן,אמרתן,False,,,,,
hebverb_037,אמר,pa'al,dire,target,בעבר · הם,אמרו,אמרו,True,153.2049493,634.2820512820513,0.9230769230769231,485.0967741935484,0.9428571428571428
hebverb_037,אמר,pa'al,dire,target,בעבר · הן,אמרו,אמרו,True,153.2049493,634.2820512820513,0.9230769230769231,485.0967741935484,0.9428571428571428
hebverb_037,אמר,pa'al,dire,target,בעתיד · אני,אומר,אומר,True,1262.25961,604.6263158157894,0.8947368421052632,,
hebverb_037,אמר,pa'al,dire,target,בעתיד · אני,אמר,אמר,False,,,,,
hebverb_037,אמר,pa'al,dire,target,בעתיד · אתה,תאמר,תאמר,False,,,,,
hebverb_037,אמר,pa'al,dire,target,בעתיד · את,תאמרי,תאמרי,False,,,,,
hebverb_037,אמר,pa'al,dire,target,בעתיד · הוא,יאמר,יאמר,False,,,,,
hebverb_037,אמר,pa'al,dire,target,בעתיד · היא,תאמר,תאמר,False,,,,,
hebverb_037,אמר,pa'al,dire,target,בעתיד · אנחנו,נאמר,נאמר,True,54.38730221,498.4263157894737,0.8947368421052632,485.7142857142857,0.9428571428571428
hebverb_037,אמר,pa'al,dire,target,בעתיד · אתם,תאמרו,תאמרו,False,,,,,
hebverb_037,אמר,pa'al,dire,target,בעתיד · אתן,תאמרנה,תאמרנה,False,,,,,
hebverb_037,אמר,pa'al,dire,target,בעתיד · הם,יאמרו,יאמרו,False,,,,,
hebverb_037,אמר,pa'al,dire,target,בעתיד · הן,תאמרנה,תאמרנה,False,,,,,
hebverb_038,נגע,pa'al,toccare,infinitive,infinitive,לגעת,לגעת,True,52.4832312,575.8333333333334,0.918918918918919,,
hebverb_038,נגע,pa'al,toccare,present_1,present_1,נוגע,נוגע,True,40.20985628,614.1571428571428,0.8285714285714286,,
hebverb_038,נגע,pa'al,toccare,present_2,present_2,נוגעת,נוגעת,False,,,,,
hebverb_038,נגע,pa'al,toccare,present_3,present_3,נוגעים,נוגעים,False,,,,,
hebverb_038,נגע,pa'al,toccare,present_4,present_4,נוגעות,נוגעות,False,,,,,
hebverb_038,נגע,pa'al,toccare,target,בעבר · אני,נגעתי,נגעתי,False,,,,,
hebverb_038,נגע,pa'al,toccare,target,בעבר · אתה,נגעת,נגעת,False,,,,,
hebverb_038,נגע,pa'al,toccare,target,בעבר · את,נגעת,נגעת,False,,,,,
hebverb_038,נגע,pa'al,toccare,target,בעבר · הוא,נגע,נגע,True,14.48670587,586.0857142857143,1.0,457.38461538461536,0.9512195121951219
hebverb_038,נגע,pa'al,toccare,target,בעבר · היא,נגעה,נגעה,False,,,,,
hebverb_038,נגע,pa'al,toccare,target,בעבר · אנחנו,נגענו,נגענו,True,1.158208799,609.0891891621621,0.9459459459459459,,
hebverb_038,נגע,pa'al,toccare,target,בעבר · אתם,נגעתם,נגעתם,False,,,,,
hebverb_038,נגע,pa'al,toccare,target,בעבר · אתן,נגעתן,נגעתן,False,,,,,
hebverb_038,נגע,pa'al,toccare,target,בעבר · הם,נגעו,נגעו,True,3.783886339,606.1846153846154,0.8974358974358975,450.22857142857146,0.9230769230769231
hebverb_038,נגע,pa'al,toccare,target,בעבר · הן,נגעו,נגעו,True,3.783886339,606.1846153846154,0.8974358974358975,450.22857142857146,0.9230769230769231
hebverb_038,נגע,pa'al,toccare,target,בעתיד · אני,אגע,אגע,True,3.153238616,617.4371428571428,0.7714285714285715,493.03125,0.9705882352941176
hebverb_038,נגע,pa'al,toccare,target,בעתיד · אתה,תגע,תגע,False,,,,,
hebverb_038,נגע,pa'al,toccare,target,בעתיד · אתה,תיגע,תיגע,True,20.02306521,554.954054054054,0.918918918918919,468.40625,0.9736842105263158
hebverb_038,נגע,pa'al,toccare,target,בעתיד · את,תגעי,תגעי,False,,,,,
hebverb_038,נגע,pa'al,toccare,target,בעתיד · את,תיגעי,תיגעי,False,,,,,
hebverb_038,נגע,pa'al,toccare,target,בעתיד · הוא,יגע,יגע,True,2.716636346,571.8485714285714,0.7142857142857143,,
hebverb_038,נגע,pa'al,toccare,target,בעתיד · הוא,ייגע,ייגע,False,,,,,
hebverb_038,נגע,pa'al,toccare,target,בעתיד · היא,תגע,תגע,False,,,,,
hebverb_038,נגע,pa'al,toccare,target,בעתיד · היא,תיגע,תיגע,True,20.02306521,554.954054054054,0.918918918918919,468.40625,0.9736842105263158
hebverb_038,נגע,pa'al,toccare,target,בעתיד · אנחנו,נגע,נגע,True,14.48670587,586.0857142857143,1.0,457.38461538461536,0.9512195121951219
hebverb_038,נגע,pa'al,toccare,target,בעתיד · אנחנו,ניגע,ניגע,False,,,,,
hebverb_038,נגע,pa'al,toccare,target,בעתיד · אתם,תגעו,תגעו,True,2.33460936,581.6487179230769,0.7692307692307693,,
hebverb_038,נגע,pa'al,toccare,target,בעתיד · אתם,תיגעו,תיגעו,False,,,,,
hebverb_038,נגע,pa'al,toccare,target,בעתיד · אתן,תגענה,תגענה,False,,,,,
hebverb_038,נגע,pa'al,toccare,target,בעתיד · אתן,תיגענה,תיגענה,False,,,,,
hebverb_038,נגע,pa'al,toccare,target,בעתיד · הם,יגעו,יגעו,False,,,,,
hebverb_038,נגע,pa'al,toccare,target,בעתיד · הם,ייגעו,ייגעו,False,,,,,
hebverb_038,נגע,pa'al,toccare,target,בעתיד · הן,תגענה,תגענה,False,,,,,
hebverb_038,נגע,pa'al,toccare,target,בעתיד · הן,תיגענה,תיגענה,False,,,,,
hebverb_039,ישן,pa'al,dormire,infinitive,infinitive,לישון,לישון,False,,,,,
hebverb_039,ישן,pa'al,dormire,present_1,present_1,ישן,ישן,False,,,,,
hebverb_039,ישן,pa'al,dormire,present_2,present_2,ישנה,ישנה,True,102.3468488,567.1736842105263,0.9210526315789473,,
hebverb_039,ישן,pa'al,dormire,present_3,present_3,ישנים,ישנים,True,36.39565034,574.4257142857143,0.9714285714285714,464.7878787878788,0.9411764705882353
hebverb_039,ישן,pa'al,dormire,present_4,present_4,ישנות,ישנות,False,,,,,
hebverb_039,ישן,pa'al,dormire,target,בעבר · אני,ישנתי,ישנתי,True,17.65207233,573.492500075,0.975,,
hebverb_039,ישן,pa'al,dormire,target,בעבר · אתה,ישנת,ישנת,False,,,,,
hebverb_039,ישן,pa'al,dormire,target,בעבר · את,ישנת,ישנת,False,,,,,
hebverb_039,ישן,pa'al,dormire,target,בעבר · הוא,ישן,ישן,False,,,,,
hebverb_039,ישן,pa'al,dormire,target,בעבר · היא,ישנה,ישנה,True,102.3468488,567.1736842105263,0.9210526315789473,,
hebverb_039,ישן,pa'al,dormire,target,בעבר · אנחנו,ישנו,ישנו,False,,,,,
hebverb_039,ישן,pa'al,dormire,target,בעבר · אתם,ישנתם,ישנתם,False,,,,,
hebverb_039,ישן,pa'al,dormire,target,בעבר · אתן,ישנתן,ישנתן,False,,,,,
hebverb_039,ישן,pa'al,dormire,target,בעבר · הם,ישנו,ישנו,False,,,,,
hebverb_039,ישן,pa'al,dormire,target,בעבר · הן,ישנו,ישנו,False,,,,,
hebverb_039,ישן,pa'al,dormire,target,בעתיד · אני,אישן,אישן,False,,,,,
hebverb_039,ישן,pa'al,dormire,target,בעתיד · אתה,תישן,תישן,True,8.580447388,576.725,0.8378378378378378,,
hebverb_039,ישן,pa'al,dormire,target,בעתיד · את,תישני,תישני,False,,,,,
hebverb_039,ישן,pa'al,dormire,target,בעתיד · הוא,יישן,יישן,False,,,,,
hebverb_039,ישן,pa'al,dormire,target,בעתיד · היא,תישן,תישן,True,8.580447388,576.725,0.8378378378378378,,
hebverb_039,ישן,pa'al,dormire,target,בעתיד · אנחנו,נישן,נישן,False,,,,,
hebverb_039,ישן,pa'al,dormire,target,בעתיד · אתם,תישנו,תישנו,False,,,,,
hebverb_039,ישן,pa'al,dormire,target,בעתיד · אתן,תישנה,תישנה,False,,,,,
hebverb_039,ישן,pa'al,dormire,target,בעתיד · הם,יישנו,יישנו,False,,,,,
hebverb_039,ישן,pa'al,dormire,target,בעתיד · הן,תישנה,תישנה,False,,,,,
hebverb_040,שמע,pa'al,sentire / ascoltare,infinitive,infinitive,לשמוע,לשמוע,False,,,,,
hebverb_040,שמע,pa'al,sentire / ascoltare,present_1,present_1,שומע,שומע,True,122.5639594,551.1410256666667,0.9487179487179487,,
hebverb_040,שמע,pa'al,sentire / ascoltare,present_2,present_2,שומעת,שומעת,True,38.28152958,534.4942857142856,0.9714285714285714,477.8529411764706,1.0
hebverb_040,שמע,pa'al,sentire / ascoltare,present_3,present_3,שומעים,שומעים,False,,,,,
hebverb_040,שמע,pa'al,sentire / ascoltare,present_4,present_4,שומעות,שומעות,True,1.16427272,577.2621621621622,0.9459459459459459,501.030303030303,0.7352941176470589
hebverb_040,שמע,pa'al,sentire / ascoltare,target,בעבר · אני,שמעתי,שמעתי,False,,,,,
hebverb_040,שמע,pa'al,sentire / ascoltare,target,בעבר · אתה,שמעת,שמעת,False,,,,,
hebverb_040,שמע,pa'al,sentire / ascoltare,target,בעבר · את,שמעת,שמעת,False,,,,,
hebverb_040,שמע,pa'al,sentire / ascoltare,target,בעבר · הוא,שמע,שמע,False,,,,,
hebverb_040,שמע,pa'al,sentire / ascoltare,target,בעבר · היא,שמעה,שמעה,True,12.84338344,662.925,0.875,506.34285714285716,0.8717948717948718
hebverb_040,שמע,pa'al,sentire / ascoltare,target,בעבר · אנחנו,שמענו,שמענו,True,29.36150265,589.342500025,0.9,,
hebverb_040,שמע,pa'al,sentire / ascoltare,target,בעבר · אתם,שמעתם,שמעתם,True,19.31358652,586.2810810810811,0.8648648648648649,,
hebverb_040,שמע,pa'al,sentire / ascoltare,target,בעבר · אתן,שמעתן,שמעתן,False,,,,,
hebverb_040,שמע,pa'al,sentire / ascoltare,target,בעבר · הם,שמעו,שמעו,False,,,,,
hebverb_040,שמע,pa'al,sentire / ascoltare,target,בעבר · הן,שמעו,שמעו,False,,,,,
hebverb_040,שמע,pa'al,sentire / ascoltare,target,בעתיד · אני,אשמע,אשמע,False,,,,,
hebverb_040,שמע,pa'al,sentire / ascoltare,target,בעתיד · אתה,תשמע,תשמע,True,68.97103081,586.2135135135136,0.9459459459459459,,
hebverb_040,שמע,pa'al,sentire / ascoltare,target,בעתיד · את,תשמעי,תשמעי,True,22.53352826,603.5828571428572,0.9714285714285714,,
hebverb_040,שמע,pa'al,sentire / ascoltare,target,בעתיד · הוא,ישמע,ישמע,False,,,,,
hebverb_040,שמע,pa'al,sentire / ascoltare,target,בעתיד · היא,תשמע,תשמע,True,68.97103081,586.2135135135136,0.9459459459459459,,
hebverb_040,שמע,pa'al,sentire / ascoltare,target,בעתיד · אנחנו,נשמע,נשמע,True,298.1932864,548.0783783783784,0.9459459459459459,487.8529411764706,1.0
hebverb_040,שמע,pa'al,sentire / ascoltare,target,בעתיד · אתם,תשמעו,תשמעו,True,11.19399709,528.2864863783784,0.8648648648648649,,
hebverb_040,שמע,pa'al,sentire / ascoltare,target,בעתיד · אתן,תשמענה,תשמענה,False,,,,,
hebverb_040,שמע,pa'al,sentire / ascoltare,target,בעתיד · הם,ישמעו,ישמעו,False,,,,,
hebverb_040,שמע,pa'al,sentire / ascoltare,target,בעתיד · הן,תשמענה,תשמענה,False,,,,,
hebverb_041,עבד,pa'al,lavorare,infinitive,infinitive,לעבוד,לעבוד,True,299.4727737,545.7526315789473,0.9473684210526315,462.56756756756755,1.0
hebverb_041,עבד,pa'al,lavorare,present_1,present_1,עובד,עובד,True,358.6808926,524.3083334444444,0.918918918918919,,
hebverb_041,עבד,pa'al,lavorare,present_2,present_2,עובדת,עובדת,False,,,,,
hebverb_041,עבד,pa'al,lavorare,present_3,present_3,עובדים,עובדים,True,109.4113161,550.5473684210526,0.9210526315789473,522.972972972973,0.9487179487179487
hebverb_041,עבד,pa'al,lavorare,present_4,present_4,עובדות,עובדות,False,,,,,
hebverb_041,עבד,pa'al,lavorare,target,בעבר · אני,עבדתי,עבדתי,True,49.01466872,560.087499975,0.975,,
hebverb_041,עבד,pa'al,lavorare,target,בעבר · אתה,עבדת,עבדת,False,,,,,
hebverb_041,עבד,pa'al,lavorare,target,בעבר · את,עבדת,עבדת,False,,,,,
hebverb_041,עבד,pa'al,lavorare,target,בעבר · הוא,עבד,עבד,False,,,,,
hebverb_041,עבד,pa'al,lavorare,target,בעבר · היא,עבדה,עבדה,False,,,,,
hebverb_041,עבד,pa'al,lavorare,target,בעבר · אנחנו,עבדנו,עבדנו,False,,,,,
hebverb_041,עבד,pa'al,lavorare,target,בעבר · אתם,עבדתם,עבדתם,True,2.856106516,686.2710526578948,0.9473684210526315,,
hebverb_041,עבד,pa'al,lavorare,target,בעבר · אתן,עבדתן,עבדתן,False,,,,,
hebverb_041,עבד,pa'al,lavorare,target,בעבר · הם,עבדו,עבדו,True,16.47567177,604.33499995,0.875,,
hebverb_041,עבד,pa'al,lavorare,target,בעבר · הן,עבדו,עבדו,True,16.47567177,604.33499995,0.875,,
hebverb_041,עבד,pa'al,lavorare,target,בעתיד · אני,אעבוד,אעבוד,False,,,,,
hebverb_041,עבד,pa'al,lavorare,target,בעתיד · אני,אעבד,אעבד,False,,,,,
hebverb_041,עבד,pa'al,lavorare,target,בעתיד · אתה,תעבוד,תעבוד,False,,,,,
hebverb_041,עבד,pa'al,lavorare,target,בעתיד · אתה,תעבד,תעבד,False,,,,,
hebverb_041,עבד,pa'al,lavorare,target,בעתיד · את,תעבדי,תעבדי,False,,,,,
hebverb_041,עבד,pa'al,lavorare,target,בעתיד · הוא,יעבוד,יעבוד,False,,,,,
hebverb_041,עבד,pa'al,lavorare,target,בעתיד · הוא,יעבד,יעבד,False,,,,,
hebverb_041,עבד,pa'al,lavorare,target,בעתיד · היא,תעבוד,תעבוד,False,,,,,
hebverb_041,עבד,pa'al,lavorare,target,בעתיד · היא,תעבד,תעבד,False,,,,,
hebverb_041,עבד,pa'al,lavorare,target,בעתיד · אנחנו,נעבוד,נעבוד,False,,,,,
hebverb_041,עבד,pa'al,lavorare,target,בעתיד · אנחנו,נעבד,נעבד,False,,,,,
hebverb_041,עבד,pa'al,lavorare,target,בעתיד · אתם,תעבדו,תעבדו,False,,,,,
hebverb_041,עבד,pa'al,lavorare,target,בעתיד · אתן,תעבודנה,תעבודנה,False,,,,,
hebverb_041,עבד,pa'al,lavorare,target,בעתיד · אתן,תעבדנה,תעבדנה,False,,,,,
hebverb_041,עבד,pa'al,lavorare,target,בעתיד · הם,יעבדו,יעבדו,False,,,,,
hebverb_041,עבד,pa'al,lavorare,target,בעתיד · הן,תעבודנה,תעבודנה,False,,,,,
hebverb_041,עבד,pa'al,lavorare,target,בעתיד · הן,תעבדנה,תעבדנה,False,,,,,
hebverb_042,מצא,pa'al,trovare,infinitive,infinitive,למצוא,למצוא,False,,,,,
hebverb_042,מצא,pa'al,trovare,present_1,present_1,מוצא,מוצא,False,,,,,
hebverb_042,מצא,pa'al,trovare,present_2,present_2,מוצאת,מוצאת,True,33.80635632,513.1432432972973,0.9459459459459459,,
hebverb_042,מצא,pa'al,trovare,present_3,present_3,מוצאים,מוצאים,True,41.21646707,595.0157894736843,1.0,,
hebverb_042,מצא,pa'al,trovare,present_4,present_4,מוצאות,מוצאות,False,,,,,
hebverb_042,מצא,pa'al,trovare,target,בעבר · אני,מצאתי,מצאתי,False,,,,,
hebverb_042,מצא,pa'al,trovare,target,בעבר · אתה,מצאת,מצאת,False,,,,,
hebverb_042,מצא,pa'al,trovare,target,בעבר · את,מצאת,מצאת,False,,,,,
hebverb_042,מצא,pa'al,trovare,target,בעבר · הוא,מצא,מצא,True,108.7018374,571.7885714285715,0.9428571428571428,,
hebverb_042,מצא,pa'al,trovare,target,בעבר · היא,מצאה,מצאה,True,37.01417022,557.2057142857143,0.9714285714285714,,
hebverb_042,מצא,pa'al,trovare,target,בעבר · אנחנו,מצאנו,מצאנו,False,,,,,
hebverb_042,מצא,pa'al,trovare,target,בעבר · אתם,מצאתם,מצאתם,False,,,,,
hebverb_042,מצא,pa'al,trovare,target,בעבר · אתן,מצאתן,מצאתן,False,,,,,
hebverb_042,מצא,pa'al,trovare,target,בעבר · הם,מצאו,מצאו,False,,,,,
hebverb_042,מצא,pa'al,trovare,target,בעבר · הן,מצאו,מצאו,False,,,,,
hebverb_042,מצא,pa'al,trovare,target,בעתיד · אני,אמצא,אמצא,False,,,,,
hebverb_042,מצא,pa'al,trovare,target,בעתיד · אתה,תמצא,תמצא,False,,,,,
hebverb_042,מצא,pa'al,trovare,target,בעתיד · את,תמצאי,תמצאי,True,23.75237627,559.0820512564103,0.9,,
hebverb_042,מצא,pa'al,trovare,target,בעתיד · הוא,ימצא,ימצא,True,38.56046992,545.3289473157895,0.8157894736842105,,
hebverb_042,מצא,pa'al,trovare,target,בעתיד · היא,תמצא,תמצא,False,,,,,
hebverb_042,מצא,pa'al,trovare,target,בעתיד · אנחנו,נמצא,נמצא,True,436.747804,552.3243243243244,0.9459459459459459,,
hebverb_042,מצא,pa'al,trovare,target,בעתיד · אתם,תמצאו,תמצאו,True,21.81192174,620.1157894736842,0.868421052631579,,
hebverb_042,מצא,pa'al,trovare,target,בעתיד · אתן,תמצאנה,תמצאנה,False,,,,,
hebverb_042,מצא,pa'al,trovare,target,בעתיד · הם,ימצאו,ימצאו,False,,,,,
hebverb_042,מצא,pa'al,trovare,target,בעתיד · הן,תמצאנה,תמצאנה,False,,,,,
hebverb_043,עשה,pa'al,fare,infinitive,infinitive,לעשות,לעשות,True,2078.469362,532.2921052631579,0.8974358974358975,426.77142857142854,1.0
hebverb_043,עשה,pa'al,fare,present_1,present_1,עושה,עושה,False,,,,,
hebverb_043,עשה,pa'al,fare,present_2,present_2,עושה,עושה,False,,,,,
hebverb_043,עשה,pa'al,fare,present_3,present_3,עושים,עושים,False,,,,,
hebverb_043,עשה,pa'al,fare,present_4,present_4,עושות,עושות,False,,,,,
hebverb_043,עשה,pa'al,fare,target,בעבר · אני,עשיתי,עשיתי,True,295.2462211,564.8135135405405,0.972972972972973,,
hebverb_043,עשה,pa'al,fare,target,בעבר · אתה,עשית,עשית,False,,,,,
hebverb_043,עשה,pa'al,fare,target,בעבר · את,עשית,עשית,False,,,,,
hebverb_043,עשה,pa'al,fare,target,בעבר · הוא,עשה,עשה,True,364.9631141,597.671052631579,0.868421052631579,463.20588235294116,1.0
hebverb_043,עשה,pa'al,fare,target,בעבר · היא,עשתה,עשתה,False,,,,,
hebverb_043,עשה,pa'al,fare,target,בעבר · אנחנו,עשינו,עשינו,True,89.30335596,622.3974999750001,0.975,,
hebverb_043,עשה,pa'al,fare,target,בעבר · אתם,עשיתם,עשיתם,False,,,,,
hebverb_043,עשה,pa'al,fare,target,בעבר · אתן,עשיתן,עשיתן,False,,,,,
hebverb_043,עשה,pa'al,fare,target,בעבר · הם,עשו,עשו,True,105.5789184,598.6742857142857,0.8571428571428571,,
hebverb_043,עשה,pa'al,fare,target,בעבר · הן,עשו,עשו,True,105.5789184,598.6742857142857,0.8571428571428571,,
hebverb_043,עשה,pa'al,fare,target,בעתיד · אני,אעשה,אעשה,True,181.0807915,538.6054054054055,0.8918918918918919,456.741935483871,0.5882352941176471
hebverb_043,עשה,pa'al,fare,target,בעתיד · אתה,תעשה,תעשה,True,243.9697101,561.6171428571428,0.9142857142857143,,
hebverb_043,עשה,pa'al,fare,target,בעתיד · את,תעשי,תעשי,True,83.7306131,581.7951219512195,0.9024390243902439,438.90909090909093,1.0
hebverb_043,עשה,pa'al,fare,target,בעתיד · הוא,יעשה,יעשה,False,,,,,
hebverb_043,עשה,pa'al,fare,target,בעתיד · היא,תעשה,תעשה,True,243.9697101,561.6171428571428,0.9142857142857143,,
hebverb_043,עשה,pa'al,fare,target,בעתיד · אנחנו,נעשה,נעשה,False,,,,,
hebverb_043,עשה,pa'al,fare,target,בעתיד · אתם,תעשו,תעשו,False,,,,,
hebverb_043,עשה,pa'al,fare,target,בעתיד · אתן,תעשינה,תעשינה,False,,,,,
hebverb_043,עשה,pa'al,fare,target,בעתיד · הם,יעשו,יעשו,True,38.92430515,563.13,0.95,,
hebverb_043,עשה,pa'al,fare,target,בעתיד · הן,תעשינה,תעשינה,False,,,,,
hebverb_044,תמך,pa'al,sostenere,infinitive,infinitive,לתמוך,לתמוך,True,23.48556377,551.8142857142857,0.9428571428571428,479.8181818181818,1.0
hebverb_044,תמך,pa'al,sostenere,present_1,present_1,תומך,תומך,False,,,,,
hebverb_044,תמך,pa'al,sostenere,present_2,present_2,תומכת,תומכת,False,,,,,
hebverb_044,תמך,pa'al,sostenere,present_3,present_3,תומכים,תומכים,False,,,,,
hebverb_044,תמך,pa'al,sostenere,present_4,present_4,תומכות,תומכות,False,,,,,
hebverb_044,תמך,pa'al,sostenere,target,בעבר · אני,תמכתי,תמכתי,False,,,,,
hebverb_044,תמך,pa'al,sostenere,target,בעבר · אתה,תמכת,תמכת,False,,,,,
hebverb_044,תמך,pa'al,sostenere,target,בעבר · את,תמכת,תמכת,False,,,,,
hebverb_044,תמך,pa'al,sostenere,target,בעבר · הוא,תמך,תמך,False,,,,,
hebverb_044,תמך,pa'al,sostenere,target,בעבר · היא,תמכה,תמכה,True,1.121825277,644.4297297567567,0.8918918918918919,,
hebverb_044,תמך,pa'al,sostenere,target,בעבר · אנחנו,תמכנו,תמכנו,False,,,,,
hebverb_044,תמך,pa'al,sostenere,target,בעבר · אתם,תמכתם,תמכתם,False,,,,,
hebverb_044,תמך,pa'al,sostenere,target,בעבר · אתן,תמכתן,תמכתן,False,,,,,
hebverb_044,תמך,pa'al,sostenere,target,בעבר · הם,תמכו,תמכו,False,,,,,
hebverb_044,תמך,pa'al,sostenere,target,בעבר · הן,תמכו,תמכו,False,,,,,
hebverb_044,תמך,pa'al,sostenere,target,בעתיד · אני,אתמוך,אתמוך,False,,,,,
hebverb_044,תמך,pa'al,sostenere,target,בעתיד · אני,אתמך,אתמך,False,,,,,
hebverb_044,תמך,pa'al,sostenere,target,בעתיד · אתה,תתמוך,תתמוך,False,,,,,
hebverb_044,תמך,pa'al,sostenere,target,בעתיד · אתה,תתמך,תתמך,False,,,,,
hebverb_044,תמך,pa'al,sostenere,target,בעתיד · את,תתמכי,תתמכי,False,,,,,
hebverb_044,תמך,pa'al,sostenere,target,בעתיד · הוא,יתמוך,יתמוך,True,1.89800709,541.5815789473684,0.9210526315789473,,
hebverb_044,תמך,pa'al,sostenere,target,בעתיד · הוא,יתמך,יתמך,False,,,,,
hebverb_044,תמך,pa'al,sostenere,target,בעתיד · היא,תתמוך,תתמוך,False,,,,,
hebverb_044,תמך,pa'al,sostenere,target,בעתיד · היא,תתמך,תתמך,False,,,,,
hebverb_044,תמך,pa'al,sostenere,target,בעתיד · אנחנו,נתמוך,נתמוך,False,,,,,
hebverb_044,תמך,pa'al,sostenere,target,בעתיד · אנחנו,נתמך,נתמך,False,,,,,
hebverb_044,תמך,pa'al,sostenere,target,בעתיד · אתם,תתמכו,תתמכו,False,,,,,
hebverb_044,תמך,pa'al,sostenere,target,בעתיד · אתן,תתמוכנה,תתמוכנה,False,,,,,
hebverb_044,תמך,pa'al,sostenere,target,בעתיד · אתן,תתמכנה,תתמכנה,False,,,,,
hebverb_044,תמך,pa'al,sostenere,target,בעתיד · הם,יתמכו,יתמכו,False,,,,,
hebverb_044,תמך,pa'al,sostenere,target,בעתיד · הן,תתמוכנה,תתמוכנה,False,,,,,
hebverb_044,תמך,pa'al,sostenere,target,בעתיד · הן,תתמכנה,תתמכנה,False,,,,,
hebverb_045,לקח,pa'al,prendere,infinitive,infinitive,לקחת,לקחת,True,646.668601,507.53333335897435,0.9487179487179487,,
hebverb_045,לקח,pa'al,prendere,present_1,present_1,לוקח,לוקח,False,,,,,
hebverb_045,לקח,pa'al,prendere,present_2,present_2,לוקחת,לוקחת,True,57.13425816,547.2552631578948,0.9210526315789473,,
hebverb_045,לקח,pa'al,prendere,present_3,present_3,לוקחים,לוקחים,False,,,,,
hebverb_045,לקח,pa'al,prendere,present_4,present_4,לוקחות,לוקחות,False,,,,,
hebverb_045,לקח,pa'al,prendere,target,בעבר · אני,לקחתי,לקחתי,False,,,,,
hebverb_045,לקח,pa'al,prendere,target,בעבר · אתה,לקחת,לקחת,True,646.668601,507.53333335897435,0.9487179487179487,,
hebverb_045,לקח,pa'al,prendere,target,בעבר · את,לקחת,לקחת,True,646.668601,507.53333335897435,0.9487179487179487,,
hebverb_045,לקח,pa'al,prendere,target,בעבר · הוא,לקח,לקח,False,,,,,
hebverb_045,לקח,pa'al,prendere,target,בעבר · היא,לקחה,לקחה,False,,,,,
hebverb_045,לקח,pa'al,prendere,target,בעבר · אנחנו,לקחנו,לקחנו,True,15.11128968,550.3641025641026,0.8717948717948718,469.9736842105263,1.0
hebverb_045,לקח,pa'al,prendere,target,בעבר · אתם,לקחתם,לקחתם,False,,,,,
hebverb_045,לקח,pa'al,prendere,target,בעבר · אתן,לקחתן,לקחתן,False,,,,,
hebverb_045,לקח,pa'al,prendere,target,בעבר · הם,לקחו,לקחו,True,55.78806782,545.6157895,0.9210526315789473,,
hebverb_045,לקח,pa'al,prendere,target,בעבר · הן,לקחו,לקחו,True,55.78806782,545.6157895,0.9210526315789473,,
hebverb_045,לקח,pa'al,prendere,target,בעתיד · אני,אקח,אקח,False,,,,,
hebverb_045,לקח,pa'al,prendere,target,בעתיד · אתה,תקח,תקח,False,,,,,
hebverb_045,לקח,pa'al,prendere,target,בעתיד · אתה,תיקח,תיקח,True,58.49864025,515.213888888889,0.868421052631579,536.6451612903226,1.0
hebverb_045,לקח,pa'al,prendere,target,בעתיד · את,תקחי,תקחי,False,,,,,
hebverb_045,לקח,pa'al,prendere,target,בעתיד · את,תיקחי,תיקחי,False,,,,,
hebverb_045,לקח,pa'al,prendere,target,בעתיד · הוא,יקח,יקח,True,35.98936767,592.6775,0.925,499.61764705882354,0.9428571428571428
hebverb_045,לקח,pa'al,prendere,target,בעתיד · הוא,ייקח,ייקח,True,66.2362027,611.0942857142857,0.8857142857142857,,
hebverb_045,לקח,pa'al,prendere,target,בעתיד · היא,תקח,תקח,False,,,,,
hebverb_045,לקח,pa'al,prendere,target,בעתיד · היא,תיקח,תיקח,True,58.49864025,515.213888888889,0.868421052631579,536.6451612903226,1.0
hebverb_045,לקח,pa'al,prendere,target,בעתיד · אנחנו,נקח,נקח,False,,,,,
hebverb_045,לקח,pa'al,prendere,target,בעתיד · אנחנו,ניקח,ניקח,True,61.70645415,540.6285714285714,1.0,467.0,1.0
hebverb_045,לקח,pa'al,prendere,target,בעתיד · אתם,תקחו,תקחו,False,,,,,
hebverb_045,לקח,pa'al,prendere,target,בעתיד · אתם,תיקחו,תיקחו,False,,,,,
hebverb_045,לקח,pa'al,prendere,target,בעתיד · אתן,תקחנה,תקחנה,False,,,,,
hebverb_045,לקח,pa'al,prendere,target,בעתיד · אתן,תיקחנה,תיקחנה,False,,,,,
hebverb_045,לקח,pa'al,prendere,target,בעתיד · הם,יקחו,יקחו,False,,,,,
hebverb_045,לקח,pa'al,prendere,target,בעתיד · הם,ייקחו,ייקחו,True,9.077688862,603.1621621351351,0.8947368421052632,,
hebverb_045,לקח,pa'al,prendere,target,בעתיד · הן,תקחנה,תקחנה,False,,,,,
hebverb_045,לקח,pa'al,prendere,target,בעתיד · הן,תיקחנה,תיקחנה,False,,,,,
hebverb_046,ידע,pa'al,sapere / conoscere,infinitive,infinitive,לדעת,לדעת,True,565.8911171,507.31388888888887,0.9722222222222222,501.05263157894734,1.0
hebverb_046,ידע,pa'al,sapere / conoscere,present_1,present_1,יודע,יודע,False,,,,,
hebverb_046,ידע,pa'al,sapere / conoscere,present_2,present_2,יודעת,יודעת,False,,,,,
hebverb_046,ידע,pa'al,sapere / conoscere,present_3,present_3,יודעים,יודעים,True,550.4948232,582.4135135135135,0.918918918918919,,
hebverb_046,ידע,pa'al,sapere / conoscere,present_4,present_4,יודעות,יודעות,True,30.24077111,631.207317097561,0.8048780487804879,436.1842105263158,0.9512195121951219
hebverb_046,ידע,pa'al,sapere / conoscere,target,בעבר · אני,ידעתי,ידעתי,False,,,,,
hebverb_046,ידע,pa'al,sapere / conoscere,target,בעבר · אתה,ידעת,ידעת,False,,,,,
hebverb_046,ידע,pa'al,sapere / conoscere,target,בעבר · את,ידעת,ידעת,False,,,,,
hebverb_046,ידע,pa'al,sapere / conoscere,target,בעבר · הוא,ידע,ידע,True,156.9039408,546.5804877804878,0.9512195121951219,478.42424242424244,0.9705882352941176
hebverb_046,ידע,pa'al,sapere / conoscere,target,בעבר · היא,ידעה,ידעה,True,40.25230372,576.8,0.8378378378378378,,
hebverb_046,ידע,pa'al,sapere / conoscere,target,בעבר · אנחנו,ידענו,ידענו,False,,,,,
hebverb_046,ידע,pa'al,sapere / conoscere,target,בעבר · אתם,ידעתם,ידעתם,False,,,,,
hebverb_046,ידע,pa'al,sapere / conoscere,target,בעבר · אתן,ידעתן,ידעתן,False,,,,,
hebverb_046,ידע,pa'al,sapere / conoscere,target,בעבר · הם,ידעו,ידעו,False,,,,,
hebverb_046,ידע,pa'al,sapere / conoscere,target,בעבר · הן,ידעו,ידעו,False,,,,,
hebverb_046,ידע,pa'al,sapere / conoscere,target,בעתיד · אני,אדע,אדע,False,,,,,
hebverb_046,ידע,pa'al,sapere / conoscere,target,בעתיד · אתה,תדע,תדע,False,,,,,
hebverb_046,ידע,pa'al,sapere / conoscere,target,בעתיד · את,תדעי,תדעי,False,,,,,
hebverb_046,ידע,pa'al,sapere / conoscere,target,בעתיד · הוא,ידע,ידע,True,156.9039408,546.5804877804878,0.9512195121951219,478.42424242424244,0.9705882352941176
hebverb_046,ידע,pa'al,sapere / conoscere,target,בעתיד · היא,תדע,תדע,False,,,,,
hebverb_046,ידע,pa'al,sapere / conoscere,target,בעתיד · אנחנו,נדע,נדע,False,,,,,
hebverb_046,ידע,pa'al,sapere / conoscere,target,בעתיד · אתם,תדעו,תדעו,False,,,,,
hebverb_046,ידע,pa'al,sapere / conoscere,target,בעתיד · אתן,תדענה,תדענה,False,,,,,
hebverb_046,ידע,pa'al,sapere / conoscere,target,בעתיד · הם,ידעו,ידעו,False,,,,,
hebverb_046,ידע,pa'al,sapere / conoscere,target,בעתיד · הן,תדענה,תדענה,False,,,,,
hebverb_047,מכר,pa'al,vendere,infinitive,infinitive,למכור,למכור,True,87.44779632,526.272972972973,0.8947368421052632,470.19354838709677,1.0
hebverb_047,מכר,pa'al,vendere,present_1,present_1,מוכר,מוכר,False,,,,,
hebverb_047,מכר,pa'al,vendere,present_2,present_2,מוכרת,מוכרת,False,,,,,
hebverb_047,מכר,pa'al,vendere,present_3,present_3,מוכרים,מוכרים,False,,,,,
hebverb_047,מכר,pa'al,vendere,present_4,present_4,מוכרות,מוכרות,False,,,,,
hebverb_047,מכר,pa'al,vendere,target,בעבר · אני,מכרתי,מכרתי,False,,,,,
hebverb_047,מכר,pa'al,vendere,target,בעבר · אתה,מכרת,מכרת,True,9.223222952,668.6142857142858,0.8,,
hebverb_047,מכר,pa'al,vendere,target,בעבר · את,מכרת,מכרת,True,9.223222952,668.6142857142858,0.8,,
hebverb_047,מכר,pa'al,vendere,target,בעבר · הוא,מכר,מכר,False,,,,,
hebverb_047,מכר,pa'al,vendere,target,בעבר · היא,מכרה,מכרה,False,,,,,
hebverb_047,מכר,pa'al,vendere,target,בעבר · אנחנו,מכרנו,מכרנו,False,,,,,
hebverb_047,מכר,pa'al,vendere,target,בעבר · אתם,מכרתם,מכרתם,False,,,,,
hebverb_047,מכר,pa'al,vendere,target,בעבר · אתן,מכרתן,מכרתן,False,,,,,
hebverb_047,מכר,pa'al,vendere,target,בעבר · הם,מכרו,מכרו,True,4.250808211,596.9085714285715,0.9142857142857143,482.38461538461536,1.0
hebverb_047,מכר,pa'al,vendere,target,בעבר · הן,מכרו,מכרו,True,4.250808211,596.9085714285715,0.9142857142857143,482.38461538461536,1.0
hebverb_047,מכר,pa'al,vendere,target,בעתיד · אני,אמכור,אמכור,False,,,,,
hebverb_047,מכר,pa'al,vendere,target,בעתיד · אני,אמכר,אמכר,False,,,,,
hebverb_047,מכר,pa'al,vendere,target,בעתיד · אתה,תמכור,תמכור,True,7.137234329,580.338888888889,0.9166666666666666,510.14285714285717,0.9714285714285714
hebverb_047,מכר,pa'al,vendere,target,בעתיד · אתה,תמכר,תמכר,False,,,,,
hebverb_047,מכר,pa'al,vendere,target,בעתיד · את,תמכרי,תמכרי,False,,,,,
hebverb_047,מכר,pa'al,vendere,target,בעתיד · הוא,ימכור,ימכור,False,,,,,
hebverb_047,מכר,pa'al,vendere,target,בעתיד · הוא,ימכר,ימכר,False,,,,,
hebverb_047,מכר,pa'al,vendere,target,בעתיד · היא,תמכור,תמכור,True,7.137234329,580.338888888889,0.9166666666666666,510.14285714285717,0.9714285714285714
hebverb_047,מכר,pa'al,vendere,target,בעתיד · היא,תמכר,תמכר,False,,,,,
hebverb_047,מכר,pa'al,vendere,target,בעתיד · אנחנו,נמכור,נמכור,False,,,,,
hebverb_047,מכר,pa'al,vendere,target,בעתיד · אנחנו,נמכר,נמכר,False,,,,,
hebverb_047,מכר,pa'al,vendere,target,בעתיד · אתם,תמכרו,תמכרו,False,,,,,
hebverb_047,מכר,pa'al,vendere,target,בעתיד · אתן,תמכורנה,תמכורנה,False,,,,,
hebverb_047,מכר,pa'al,vendere,target,בעתיד · אתן,תמכרנה,תמכרנה,False,,,,,
hebverb_047,מכר,pa'al,vendere,target,בעתיד · הם,ימכרו,ימכרו,False,,,,,
hebverb_047,מכר,pa'al,vendere,target,בעתיד · הן,תמכורנה,תמכורנה,False,,,,,
hebverb_047,מכר,pa'al,vendere,target,בעתיד · הן,תמכרנה,תמכרנה,False,,,,,
hebverb_048,קנה,pa'al,comprare,infinitive,infinitive,לקנות,לקנות,False,,,,,
hebverb_048,קנה,pa'al,comprare,present_1,present_1,קונה,קונה,True,57.47990162,587.78,0.9142857142857143,504.8125,1.0
hebverb_048,קנה,pa'al,comprare,present_2,present_2,קונה,קונה,True,57.47990162,587.78,0.9142857142857143,504.8125,1.0
hebverb_048,קנה,pa'al,comprare,present_3,present_3,קונים,קונים,True,19.30145868,606.22,0.9714285714285714,,
hebverb_048,קנה,pa'al,comprare,present_4,present_4,קונות,קונות,False,,,,,
hebverb_048,קנה,pa'al,comprare,target,בעבר · אני,קניתי,קניתי,False,,,,,
hebverb_048,קנה,pa'al,comprare,target,בעבר · אתה,קנית,קנית,False,,,,,
hebverb_048,קנה,pa'al,comprare,target,בעבר · את,קנית,קנית,False,,,,,
hebverb_048,קנה,pa'al,comprare,target,בעבר · הוא,קנה,קנה,False,,,,,
hebverb_048,קנה,pa'al,comprare,target,בעבר · היא,קנתה,קנתה,False,,,,,
hebverb_048,קנה,pa'al,comprare,target,בעבר · אנחנו,קנינו,קנינו,False,,,,,
hebverb_048,קנה,pa'al,comprare,target,בעבר · אתם,קניתם,קניתם,False,,,,,
hebverb_048,קנה,pa'al,comprare,target,בעבר · אתן,קניתן,קניתן,False,,,,,
hebverb_048,קנה,pa'al,comprare,target,בעבר · הם,קנו,קנו,False,,,,,
hebverb_048,קנה,pa'al,comprare,target,בעבר · הן,קנו,קנו,False,,,,,
hebverb_048,קנה,pa'al,comprare,target,בעתיד · אני,אקנה,אקנה,False,,,,,
hebverb_048,קנה,pa'al,comprare,target,בעתיד · אתה,תקנה,תקנה,True,19.62891039,578.85999995,0.95,,
hebverb_048,קנה,pa'al,comprare,target,בעתיד · את,תקני,תקני,False,,,,,
hebverb_048,קנה,pa'al,comprare,target,בעתיד · הוא,יקנה,יקנה,False,,,,,
hebverb_048,קנה,pa'al,comprare,target,בעתיד · היא,תקנה,תקנה,True,19.62891039,578.85999995,0.95,,
hebverb_048,קנה,pa'al,comprare,target,בעתיד · אנחנו,נקנה,נקנה,False,,,,,
hebverb_048,קנה,pa'al,comprare,target,בעתיד · אתם,תקנו,תקנו,False,,,,,
hebverb_048,קנה,pa'al,comprare,target,בעתיד · אתן,תקנינה,תקנינה,False,,,,,
hebverb_048,קנה,pa'al,comprare,target,בעתיד · הם,יקנו,יקנו,False,,,,,
hebverb_048,קנה,pa'al,comprare,target,בעתיד · הן,תקנינה,תקנינה,False,,,,,
hebverb_049,רשם,pa'al,annotare / registrare,infinitive,infinitive,לרשום,לרשום,False,,,,,
hebverb_049,רשם,pa'al,annotare / registrare,present_1,present_1,רושם,רושם,False,,,,,
hebverb_049,רשם,pa'al,annotare / registrare,present_2,present_2,רושמת,רושמת,False,,,,,
hebverb_049,רשם,pa'al,annotare / registrare,present_3,present_3,רושמים,רושמים,False,,,,,
hebverb_049,רשם,pa'al,annotare / registrare,present_4,present_4,רושמות,רושמות,False,,,,,
hebverb_049,רשם,pa'al,annotare / registrare,target,בעבר · אני,רשמתי,רשמתי,True,7.561708758,551.1540540540541,0.8918918918918919,451.5,0.926829268292683
hebverb_049,רשם,pa'al,annotare / registrare,target,בעבר · אתה,רשמת,רשמת,True,3.541329523,618.7264705882353,0.9142857142857143,487.85714285714283,0.9736842105263158
hebverb_049,רשם,pa'al,annotare / registrare,target,בעבר · את,רשמת,רשמת,True,3.541329523,618.7264705882353,0.9142857142857143,487.85714285714283,0.9736842105263158
hebverb_049,רשם,pa'al,annotare / registrare,target,בעבר · הוא,רשם,רשם,False,,,,,
hebverb_049,רשם,pa'al,annotare / registrare,target,בעבר · היא,רשמה,רשמה,True,2.759083789,532.0184210526317,0.9736842105263158,,
hebverb_049,רשם,pa'al,annotare / registrare,target,בעבר · אנחנו,רשמנו,רשמנו,False,,,,,
hebverb_049,רשם,pa'al,annotare / registrare,target,בעבר · אתם,רשמתם,רשמתם,False,,,,,
hebverb_049,רשם,pa'al,annotare / registrare,target,בעבר · אתן,רשמתן,רשמתן,False,,,,,
hebverb_049,רשם,pa'al,annotare / registrare,target,בעבר · הם,רשמו,רשמו,False,,,,,
hebverb_049,רשם,pa'al,annotare / registrare,target,בעבר · הן,רשמו,רשמו,False,,,,,
hebverb_049,רשם,pa'al,annotare / registrare,target,בעתיד · אני,ארשום,ארשום,False,,,,,
hebverb_049,רשם,pa'al,annotare / registrare,target,בעתיד · אני,ארשם,ארשם,False,,,,,
hebverb_049,רשם,pa'al,annotare / registrare,target,בעתיד · אתה,תרשום,תרשום,False,,,,,
hebverb_049,רשם,pa'al,annotare / registrare,target,בעתיד · אתה,תרשם,תרשם,False,,,,,
hebverb_049,רשם,pa'al,annotare / registrare,target,בעתיד · את,תרשמי,תרשמי,False,,,,,
hebverb_049,רשם,pa'al,annotare / registrare,target,בעתיד · הוא,ירשום,ירשום,False,,,,,
hebverb_049,רשם,pa'al,annotare / registrare,target,בעתיד · הוא,ירשם,ירשם,False,,,,,
hebverb_049,רשם,pa'al,annotare / registrare,target,בעתיד · היא,תרשום,תרשום,False,,,,,
hebverb_049,רשם,pa'al,annotare / registrare,target,בעתיד · היא,תרשם,תרשם,False,,,,,
hebverb_049,רשם,pa'al,annotare / registrare,target,בעתיד · אנחנו,נרשום,נרשום,True,1.194592322,607.2657142857142,0.9714285714285714,,
hebverb_049,רשם,pa'al,annotare / registrare,target,בעתיד · אנחנו,נרשם,נרשם,False,,,,,
hebverb_049,רשם,pa'al,annotare / registrare,target,בעתיד · אתם,תרשמו,תרשמו,False,,,,,
hebverb_049,רשם,pa'al,annotare / registrare,target,בעתיד · אתן,תרשומנה,תרשומנה,False,,,,,
hebverb_049,רשם,pa'al,annotare / registrare,target,בעתיד · אתן,תרשמנה,תרשמנה,False,,,,,
hebverb_049,רשם,pa'al,annotare / registrare,target,בעתיד · הם,ירשמו,ירשמו,False,,,,,
hebverb_049,רשם,pa'al,annotare / registrare,target,בעתיד · הן,תרשומנה,תרשומנה,False,,,,,
hebverb_049,רשם,pa'al,annotare / registrare,target,בעתיד · הן,תרשמנה,תרשמנה,False,,,,,
hebverb_050,כאב,pa'al,fare male,infinitive,infinitive,לכאוב,לכאוב,False,,,,,
hebverb_050,כאב,pa'al,fare male,present_1,present_1,כואב,כואב,True,61.73677375,523.3297297297297,0.918918918918919,486.05263157894734,1.0
hebverb_050,כאב,pa'al,fare male,present_2,present_2,כואבת,כואבת,False,,,,,
hebverb_050,כאב,pa'al,fare male,present_3,present_3,כואבים,כואבים,False,,,,,
hebverb_050,כאב,pa'al,fare male,present_4,present_4,כואבות,כואבות,False,,,,,
hebverb_050,כאב,pa'al,fare male,target,בעבר · אני,כאבתי,כאבתי,False,,,,,
hebverb_050,כאב,pa'al,fare male,target,בעבר · אתה,כאבת,כאבת,False,,,,,
hebverb_050,כאב,pa'al,fare male,target,בעבר · את,כאבת,כאבת,False,,,,,
hebverb_050,כאב,pa'al,fare male,target,בעבר · הוא,כאב,כאב,True,79.51618841,558.2621621351351,0.972972972972973,,
hebverb_050,כאב,pa'al,fare male,target,בעבר · היא,כאבה,כאבה,False,,,,,
hebverb_050,כאב,pa'al,fare male,target,בעבר · אנחנו,כאבנו,כאבנו,False,,,,,
hebverb_050,כאב,pa'al,fare male,target,בעבר · אתם,כאבתם,כאבתם,False,,,,,
hebverb_050,כאב,pa'al,fare male,target,בעבר · אתן,כאבתן,כאבתן,False,,,,,
hebverb_050,כאב,pa'al,fare male,target,בעבר · הם,כאבו,כאבו,True,1.237039765,635.344736868421,0.7631578947368421,,
hebverb_050,כאב,pa'al,fare male,target,בעבר · הן,כאבו,כאבו,True,1.237039765,635.344736868421,0.7631578947368421,,
hebverb_050,כאב,pa'al,fare male,target,בעתיד · אני,אכאב,אכאב,False,,,,,
hebverb_050,כאב,pa'al,fare male,target,בעתיד · אתה,תכאב,תכאב,False,,,,,
hebverb_050,כאב,pa'al,fare male,target,בעתיד · את,תכאבי,תכאבי,False,,,,,
hebverb_050,כאב,pa'al,fare male,target,בעתיד · הוא,יכאב,יכאב,False,,,,,
hebverb_050,כאב,pa'al,fare male,target,בעתיד · היא,תכאב,תכאב,False,,,,,
hebverb_050,כאב,pa'al,fare male,target,בעתיד · אנחנו,נכאב,נכאב,False,,,,,
hebverb_050,כאב,pa'al,fare male,target,בעתיד · אתם,תכאבו,תכאבו,False,,,,,
hebverb_050,כאב,pa'al,fare male,target,בעתיד · אתן,תכאבנה,תכאבנה,False,,,,,
hebverb_050,כאב,pa'al,fare male,target,בעתיד · הם,יכאבו,יכאבו,False,,,,,
hebverb_050,כאב,pa'al,fare male,target,בעתיד · הן,תכאבנה,תכאבנה,False,,,,,
hebverb_051,פתח,pa'al,aprire,infinitive,infinitive,לפתוח,לפתוח,True,108.1742763,540.7263157894737,0.9473684210526315,,
hebverb_051,פתח,pa'al,aprire,present_1,present_1,פותח,פותח,True,26.5842271,546.7594594324324,0.972972972972973,,
hebverb_051,פתח,pa'al,aprire,present_2,present_2,פותחת,פותחת,False,,,,,
hebverb_051,פתח,pa'al,aprire,present_3,present_3,פותחים,פותחים,False,,,,,
hebverb_051,פתח,pa'al,aprire,present_4,present_4,פותחות,פותחות,False,,,,,
hebverb_051,פתח,pa'al,aprire,target,בעבר · אני,פתחתי,פתחתי,False,,,,,
hebverb_051,פתח,pa'al,aprire,target,בעבר · אתה,פתחת,פתחת,True,6.670312457,676.8628571428571,0.9428571428571428,453.8536585365854,0.975609756097561
hebverb_051,פתח,pa'al,aprire,target,בעבר · את,פתחת,פתחת,True,6.670312457,676.8628571428571,0.9428571428571428,453.8536585365854,0.975609756097561
hebverb_051,פתח,pa'al,aprire,target,בעבר · הוא,פתח,פתח,False,,,,,
hebverb_051,פתח,pa'al,aprire,target,בעבר · היא,פתחה,פתחה,False,,,,,
hebverb_051,פתח,pa'al,aprire,target,בעבר · אנחנו,פתחנו,פתחנו,True,3.286644865,607.8657894736842,0.9210526315789473,493.3142857142857,0.9714285714285714
hebverb_051,פתח,pa'al,aprire,target,בעבר · אתם,פתחתם,פתחתם,False,,,,,
hebverb_051,פתח,pa'al,aprire,target,בעבר · אתן,פתחתן,פתחתן,False,,,,,
hebverb_051,פתח,pa'al,aprire,target,בעבר · הם,פתחו,פתחו,False,,,,,
hebverb_051,פתח,pa'al,aprire,target,בעבר · הן,פתחו,פתחו,False,,,,,
hebverb_051,פתח,pa'al,aprire,target,בעתיד · אני,אפתח,אפתח,False,,,,,
hebverb_051,פתח,pa'al,aprire,target,בעתיד · אתה,תפתח,תפתח,True,26.85710352,616.3514285714285,0.8857142857142857,527.8857142857142,0.9736842105263158
hebverb_051,פתח,pa'al,aprire,target,בעתיד · את,תפתחי,תפתחי,False,,,,,
hebverb_051,פתח,pa'al,aprire,target,בעתיד · הוא,יפתח,יפתח,False,,,,,
hebverb_051,פתח,pa'al,aprire,target,בעתיד · היא,תפתח,תפתח,True,26.85710352,616.3514285714285,0.8857142857142857,527.8857142857142,0.9736842105263158
hebverb_051,פתח,pa'al,aprire,target,בעתיד · אנחנו,נפתח,נפתח,False,,,,,
hebverb_051,פתח,pa'al,aprire,target,בעתיד · אתם,תפתחו,תפתחו,False,,,,,
hebverb_051,פתח,pa'al,aprire,target,בעתיד · אתן,תפתחנה,תפתחנה,False,,,,,
hebverb_051,פתח,pa'al,aprire,target,בעתיד · הם,יפתחו,יפתחו,False,,,,,
hebverb_051,פתח,pa'al,aprire,target,בעתיד · הן,תפתחנה,תפתחנה,False,,,,,
hebverb_052,נתן,pa'al,dare,infinitive,infinitive,לתת,לתת,False,,,,,
hebverb_052,נתן,pa'al,dare,present_1,present_1,נותן,נותן,True,201.8072714,564.5486486486486,0.918918918918919,473.9,1.0
hebverb_052,נתן,pa'al,dare,present_2,present_2,נותנת,נותנת,True,52.02237325,571.4081081081082,0.9459459459459459,441.7435897435897,1.0
hebverb_052,נתן,pa'al,dare,present_3,present_3,נותנים,נותנים,False,,,,,
hebverb_052,נתן,pa'al,dare,present_4,present_4,נותנות,נותנות,False,,,,,
hebverb_052,נתן,pa'al,dare,target,בעבר · אני,נתתי,נתתי,True,97.20464426,567.7944444722222,0.8648648648648649,,
hebverb_052,נתן,pa'al,dare,target,בעבר · אתה,נתת,נתת,False,,,,,
hebverb_052,נתן,pa'al,dare,target,בעבר · את,נתת,נתת,False,,,,,
hebverb_052,נתן,pa'al,dare,target,בעבר · הוא,נתן,נתן,True,156.3885075,565.2914285714286,0.9714285714285714,454.5151515151515,1.0
hebverb_052,נתן,pa'al,dare,target,בעבר · היא,נתנה,נתנה,True,51.25225535,700.8558823529411,0.8857142857142857,,
hebverb_052,נתן,pa'al,dare,target,בעבר · אנחנו,נתנו,נתנו,False,,,,,
hebverb_052,נתן,pa'al,dare,target,בעבר · אתם,נתתם,נתתם,False,,,,,
hebverb_052,נתן,pa'al,dare,target,בעבר · אתן,נתתן,נתתן,False,,,,,
hebverb_052,נתן,pa'al,dare,target,בעבר · הם,נתנו,נתנו,False,,,,,
hebverb_052,נתן,pa'al,dare,target,בעבר · הן,נתנו,נתנו,False,,,,,
hebverb_052,נתן,pa'al,dare,target,בעתיד · אני,אתן,אתן,False,,,,,
hebverb_052,נתן,pa'al,dare,target,בעתיד · אתה,תיתן,תיתן,True,66.51514304,592.4368421052632,0.9210526315789473,528.2727272727273,0.9696969696969697
hebverb_052,נתן,pa'al,dare,target,בעתיד · אתה,תתן,תתן,True,31.17461486,587.872972972973,0.8648648648648649,,
hebverb_052,נתן,pa'al,dare,target,בעתיד · את,תיתני,תיתני,True,7.755754212,612.9891891351351,0.8108108108108109,,
hebverb_052,נתן,pa'al,dare,target,בעתיד · את,תתני,תתני,False,,,,,
hebverb_052,נתן,pa'al,dare,target,בעתיד · הוא,ייתן,ייתן,False,,,,,
hebverb_052,נתן,pa'al,dare,target,בעתיד · הוא,יתן,יתן,False,,,,,
hebverb_052,נתן,pa'al,dare,target,בעתיד · היא,תיתן,תיתן,True,66.51514304,592.4368421052632,0.9210526315789473,528.2727272727273,0.9696969696969697
hebverb_052,נתן,pa'al,dare,target,בעתיד · היא,תתן,תתן,True,31.17461486,587.872972972973,0.8648648648648649,,
hebverb_052,נתן,pa'al,dare,target,בעתיד · אנחנו,ניתן,ניתן,False,,,,,
hebverb_052,נתן,pa'al,dare,target,בעתיד · אנחנו,נתן,נתן,True,156.3885075,565.2914285714286,0.9714285714285714,454.5151515151515,1.0
hebverb_052,נתן,pa'al,dare,target,בעתיד · אתם,תיתנו,תיתנו,False,,,,,
hebverb_052,נתן,pa'al,dare,target,בעתיד · אתם,תתנו,תתנו,False,,,,,
hebverb_052,נתן,pa'al,dare,target,בעתיד · אתן,תיתנה,תיתנה,False,,,,,
hebverb_052,נתן,pa'al,dare,target,בעתיד · אתן,תתנה,תתנה,False,,,,,
hebverb_052,נתן,pa'al,dare,target,בעתיד · הם,ייתנו,ייתנו,True,5.154332353,596.8078947105263,0.8947368421052632,,
hebverb_052,נתן,pa'al,dare,target,בעתיד · הם,יתנו,יתנו,False,,,,,
hebverb_052,נתן,pa'al,dare,target,בעתיד · הן,תיתנה,תיתנה,False,,,,,
hebverb_052,נתן,pa'al,dare,target,בעתיד · הן,תתנה,תתנה,False,,,,,
hebverb_053,סגר,pa'al,chiudere,infinitive,infinitive,לסגור,לסגור,True,60.21472973,540.5117647352942,0.9714285714285714,,
hebverb_053,סגר,pa'al,chiudere,present_1,present_1,סוגר,סוגר,False,,,,,
hebverb_053,סגר,pa'al,chiudere,present_2,present_2,סוגרת,סוגרת,False,,,,,
hebverb_053,סגר,pa'al,chiudere,present_3,present_3,סוגרים,סוגרים,True,10.83016186,546.4054053513513,0.972972972972973,,
hebverb_053,סגר,pa'al,chiudere,present_4,present_4,סוגרות,סוגרות,False,,,,,
hebverb_053,סגר,pa'al,chiudere,target,בעבר · אני,סגרתי,סגרתי,False,,,,,
hebverb_053,סגר,pa'al,chiudere,target,בעבר · אתה,סגרת,סגרת,False,,,,,
hebverb_053,סגר,pa'al,chiudere,target,בעבר · את,סגרת,סגרת,False,,,,,
hebverb_053,סגר,pa'al,chiudere,target,בעבר · הוא,סגר,סגר,False,,,,,
hebverb_053,סגר,pa'al,chiudere,target,בעבר · היא,סגרה,סגרה,False,,,,,
hebverb_053,סגר,pa'al,chiudere,target,בעבר · אנחנו,סגרנו,סגרנו,True,4.899647696,546.4714286,0.9142857142857143,,
hebverb_053,סגר,pa'al,chiudere,target,בעבר · אתם,סגרתם,סגרתם,False,,,,,
hebverb_053,סגר,pa'al,chiudere,target,בעבר · אתן,סגרתן,סגרתן,False,,,,,
hebverb_053,סגר,pa'al,chiudere,target,בעבר · הם,סגרו,סגרו,False,,,,,
hebverb_053,סגר,pa'al,chiudere,target,בעבר · הן,סגרו,סגרו,False,,,,,
hebverb_053,סגר,pa'al,chiudere,target,בעתיד · אני,אסגור,אסגור,False,,,,,
hebverb_053,סגר,pa'al,chiudere,target,בעתיד · אני,אסגר,אסגר,False,,,,,
hebverb_053,סגר,pa'al,chiudere,target,בעתיד · אתה,תסגור,תסגור,False,,,,,
hebverb_053,סגר,pa'al,chiudere,target,בעתיד · אתה,תסגר,תסגר,False,,,,,
hebverb_053,סגר,pa'al,chiudere,target,בעתיד · את,תסגרי,תסגרי,False,,,,,
hebverb_053,סגר,pa'al,chiudere,target,בעתיד · הוא,יסגור,יסגור,False,,,,,
hebverb_053,סגר,pa'al,chiudere,target,בעתיד · הוא,יסגר,יסגר,False,,,,,
hebverb_053,סגר,pa'al,chiudere,target,בעתיד · היא,תסגור,תסגור,False,,,,,
hebverb_053,סגר,pa'al,chiudere,target,בעתיד · היא,תסגר,תסגר,False,,,,,
hebverb_053,סגר,pa'al,chiudere,target,בעתיד · אנחנו,נסגור,נסגור,False,,,,,
hebverb_053,סגר,pa'al,chiudere,target,בעתיד · אנחנו,נסגר,נסגר,True,19.97455385,525.35,1.0,,
hebverb_053,סגר,pa'al,chiudere,target,בעתיד · אתם,תסגרו,תסגרו,False,,,,,
hebverb_053,סגר,pa'al,chiudere,target,בעתיד · אתן,תסגורנה,תסגורנה,False,,,,,
hebverb_053,סגר,pa'al,chiudere,target,בעתיד · אתן,תסגרנה,תסגרנה,False,,,,,
hebverb_053,סגר,pa'al,chiudere,target,בעתיד · הם,יסגרו,יסגרו,False,,,,,
hebverb_053,סגר,pa'al,chiudere,target,בעתיד · הן,תסגורנה,תסגורנה,False,,,,,
hebverb_053,סגר,pa'al,chiudere,target,בעתיד · הן,תסגרנה,תסגרנה,False,,,,,
hebverb_054,כעס,pa'al,arrabbiarsi,infinitive,infinitive,לכעוס,לכעוס,False,,,,,
hebverb_054,כעס,pa'al,arrabbiarsi,present_1,present_1,כועס,כועס,False,,,,,
hebverb_054,כעס,pa'al,arrabbiarsi,present_2,present_2,כועסת,כועסת,True,38.69994009,549.3685714285715,0.9428571428571428,459.8235294117647,1.0
hebverb_054,כעס,pa'al,arrabbiarsi,present_3,present_3,כועסים,כועסים,False,,,,,
hebverb_054,כעס,pa'al,arrabbiarsi,present_4,present_4,כועסות,כועסות,False,,,,,
hebverb_054,כעס,pa'al,arrabbiarsi,target,בעבר · אני,כעסתי,כעסתי,False,,,,,
hebverb_054,כעס,pa'al,arrabbiarsi,target,בעבר · אתה,כעסת,כעסת,False,,,,,
hebverb_054,כעס,pa'al,arrabbiarsi,target,בעבר · את,כעסת,כעסת,False,,,,,
hebverb_054,כעס,pa'al,arrabbiarsi,target,בעבר · הוא,כעס,כעס,True,20.49605101,534.0457142857142,0.9428571428571428,469.5365853658537,1.0
hebverb_054,כעס,pa'al,arrabbiarsi,target,בעבר · היא,כעסה,כעסה,True,3.219941741,600.6675675405405,0.9459459459459459,,
hebverb_054,כעס,pa'al,arrabbiarsi,target,בעבר · אנחנו,כעסנו,כעסנו,False,,,,,
hebverb_054,כעס,pa'al,arrabbiarsi,target,בעבר · אתם,כעסתם,כעסתם,False,,,,,
hebverb_054,כעס,pa'al,arrabbiarsi,target,בעבר · אתן,כעסתן,כעסתן,False,,,,,
hebverb_054,כעס,pa'al,arrabbiarsi,target,בעבר · הם,כעסו,כעסו,False,,,,,
hebverb_054,כעס,pa'al,arrabbiarsi,target,בעבר · הן,כעסו,כעסו,False,,,,,
hebverb_054,כעס,pa'al,arrabbiarsi,target,בעתיד · אני,אכעס,אכעס,False,,,,,
hebverb_054,כעס,pa'al,arrabbiarsi,target,בעתיד · אתה,תכעס,תכעס,False,,,,,
hebverb_054,כעס,pa'al,arrabbiarsi,target,בעתיד · את,תכעסי,תכעסי,False,,,,,
hebverb_054,כעס,pa'al,arrabbiarsi,target,בעתיד · הוא,יכעס,יכעס,False,,,,,
hebverb_054,כעס,pa'al,arrabbiarsi,target,בעתיד · היא,תכעס,תכעס,False,,,,,
hebverb_054,כעס,pa'al,arrabbiarsi,target,בעתיד · אנחנו,נכעס,נכעס,False,,,,,
hebverb_054,כעס,pa'al,arrabbiarsi,target,בעתיד · אתם,תכעסו,תכעסו,False,,,,,
hebverb_054,כעס,pa'al,arrabbiarsi,target,בעתיד · אתן,תכעסנה,תכעסנה,False,,,,,
hebverb_054,כעס,pa'al,arrabbiarsi,target,בעתיד · הם,יכעסו,יכעסו,False,,,,,
hebverb_054,כעס,pa'al,arrabbiarsi,target,בעתיד · הן,תכעסנה,תכעסנה,False,,,,,
hebverb_055,שמר,pa'al,custodire / conservare,infinitive,infinitive,לשמור,לשמור,True,258.1047086,540.763157868421,0.9736842105263158,,
hebverb_055,שמר,pa'al,custodire / conservare,present_1,present_1,שומר,שומר,True,89.86730056,479.02105268421053,0.8974358974358975,,
hebverb_055,שמר,pa'al,custodire / conservare,present_2,present_2,שומרת,שומרת,True,22.4546973,575.0121951219512,0.9512195121951219,490.5806451612903,0.9705882352941176
hebverb_055,שמר,pa'al,custodire / conservare,present_3,present_3,שומרים,שומרים,False,,,,,
hebverb_055,שמר,pa'al,custodire / conservare,present_4,present_4,שומרות,שומרות,False,,,,,
hebverb_055,שמר,pa'al,custodire / conservare,target,בעבר · אני,שמרתי,שמרתי,False,,,,,
hebverb_055,שמר,pa'al,custodire / conservare,target,בעבר · אתה,שמרת,שמרת,True,9.017049658,643.2073170731708,0.8536585365853658,493.0263157894737,0.8780487804878049
hebverb_055,שמר,pa'al,custodire / conservare,target,בעבר · את,שמרת,שמרת,True,9.017049658,643.2073170731708,0.8536585365853658,493.0263157894737,0.8780487804878049
hebverb_055,שמר,pa'al,custodire / conservare,target,בעבר · הוא,שמר,שמר,True,39.87027673,510.5384615641026,0.8717948717948718,,
hebverb_055,שמר,pa'al,custodire / conservare,target,בעבר · היא,שמרה,שמרה,False,,,,,
hebverb_055,שמר,pa'al,custodire / conservare,target,בעבר · אנחנו,שמרנו,שמרנו,False,,,,,
hebverb_055,שמר,pa'al,custodire / conservare,target,בעבר · אתם,שמרתם,שמרתם,False,,,,,
hebverb_055,שמר,pa'al,custodire / conservare,target,בעבר · אתן,שמרתן,שמרתן,False,,,,,
hebverb_055,שמר,pa'al,custodire / conservare,target,בעבר · הם,שמרו,שמרו,False,,,,,
hebverb_055,שמר,pa'al,custodire / conservare,target,בעבר · הן,שמרו,שמרו,False,,,,,
hebverb_055,שמר,pa'al,custodire / conservare,target,בעתיד · אני,אשמור,אשמור,True,18.52527687,606.7972972972973,0.8918918918918919,,
hebverb_055,שמר,pa'al,custodire / conservare,target,בעתיד · אני,אשמר,אשמר,False,,,,,
hebverb_055,שמר,pa'al,custodire / conservare,target,בעתיד · אתה,תשמור,תשמור,False,,,,,
hebverb_055,שמר,pa'al,custodire / conservare,target,בעתיד · אתה,תשמר,תשמר,False,,,,,
hebverb_055,שמר,pa'al,custodire / conservare,target,בעתיד · את,תשמרי,תשמרי,False,,,,,
hebverb_055,שמר,pa'al,custodire / conservare,target,בעתיד · הוא,ישמור,ישמור,True,21.00542032,554.2000000270269,0.9459459459459459,488.3,1.0
hebverb_055,שמר,pa'al,custodire / conservare,target,בעתיד · הוא,ישמר,ישמר,False,,,,,
hebverb_055,שמר,pa'al,custodire / conservare,target,בעתיד · היא,תשמור,תשמור,False,,,,,
hebverb_055,שמר,pa'al,custodire / conservare,target,בעתיד · היא,תשמר,תשמר,False,,,,,
hebverb_055,שמר,pa'al,custodire / conservare,target,בעתיד · אנחנו,נשמור,נשמור,False,,,,,
hebverb_055,שמר,pa'al,custodire / conservare,target,בעתיד · אנחנו,נשמר,נשמר,True,4.347830938,595.3514285714285,0.9428571428571428,,
hebverb_055,שמר,pa'al,custodire / conservare,target,בעתיד · אתם,תשמרו,תשמרו,False,,,,,
hebverb_055,שמר,pa'al,custodire / conservare,target,בעתיד · אתן,תשמורנה,תשמורנה,False,,,,,
hebverb_055,שמר,pa'al,custodire / conservare,target,בעתיד · אתן,תשמרנה,תשמרנה,False,,,,,
hebverb_055,שמר,pa'al,custodire / conservare,target,בעתיד · הם,ישמרו,ישמרו,False,,,,,
hebverb_055,שמר,pa'al,custodire / conservare,target,בעתיד · הן,תשמורנה,תשמורנה,False,,,,,
hebverb_055,שמר,pa'al,custodire / conservare,target,בעתיד · הן,תשמרנה,תשמרנה,False,,,,,
hebverb_056,חשב,pa'al,pensare,infinitive,infinitive,לחשוב,לחשוב,False,,,,,
hebverb_056,חשב,pa'al,pensare,present_1,present_1,חושב,חושב,True,1939.308452,508.14571428571423,0.9142857142857143,520.625,1.0
hebverb_056,חשב,pa'al,pensare,present_2,present_2,חושבת,חושבת,True,816.9556141,570.3162161891892,0.9459459459459459,,
hebverb_056,חשב,pa'al,pensare,present_3,present_3,חושבים,חושבים,True,212.2311506,541.7371428571429,0.9714285714285714,492.6842105263158,0.9736842105263158
hebverb_056,חשב,pa'al,pensare,present_4,present_4,חושבות,חושבות,True,11.73974992,592.9897435641025,0.9487179487179487,,
hebverb_056,חשב,pa'al,pensare,target,בעבר · אני,חשבתי,חשבתי,False,,,,,
hebverb_056,חשב,pa'al,pensare,target,בעבר · אתה,חשבת,חשבת,False,,,,,
hebverb_056,חשב,pa'al,pensare,target,בעבר · את,חשבת,חשבת,False,,,,,
hebverb_056,חשב,pa'al,pensare,target,בעבר · הוא,חשב,חשב,False,,,,,
hebverb_056,חשב,pa'al,pensare,target,בעבר · היא,חשבה,חשבה,True,29.94363901,586.7657142857142,0.7714285714285715,488.53125,0.9705882352941176
hebverb_056,חשב,pa'al,pensare,target,בעבר · אנחנו,חשבנו,חשבנו,False,,,,,
hebverb_056,חשב,pa'al,pensare,target,בעבר · אתם,חשבתם,חשבתם,True,8.586511309,571.4394736842105,0.9210526315789473,,
hebverb_056,חשב,pa'al,pensare,target,בעבר · אתן,חשבתן,חשבתן,False,,,,,
hebverb_056,חשב,pa'al,pensare,target,בעבר · הם,חשבו,חשבו,True,32.87251257,591.5157894736842,0.8947368421052632,,
hebverb_056,חשב,pa'al,pensare,target,בעבר · הן,חשבו,חשבו,True,32.87251257,591.5157894736842,0.8947368421052632,,
hebverb_056,חשב,pa'al,pensare,target,בעתיד · אני,אחשוב,אחשוב,True,12.267311,562.4486485945945,0.8648648648648649,,
hebverb_056,חשב,pa'al,pensare,target,בעתיד · אני,אחשב,אחשב,False,,,,,
hebverb_056,חשב,pa'al,pensare,target,בעתיד · אתה,תחשוב,תחשוב,False,,,,,
hebverb_056,חשב,pa'al,pensare,target,בעתיד · אתה,תחשב,תחשב,False,,,,,
hebverb_056,חשב,pa'al,pensare,target,בעתיד · את,תחשבי,תחשבי,True,31.41717167,557.618918945946,0.918918918918919,,
hebverb_056,חשב,pa'al,pensare,target,בעתיד · הוא,יחשוב,יחשוב,True,16.991105,596.0228571428571,0.9428571428571428,,
hebverb_056,חשב,pa'al,pensare,target,בעתיד · הוא,יחשב,יחשב,False,,,,,
hebverb_056,חשב,pa'al,pensare,target,בעתיד · היא,תחשוב,תחשוב,False,,,,,
hebverb_056,חשב,pa'al,pensare,target,בעתיד · היא,תחשב,תחשב,False,,,,,
hebverb_056,חשב,pa'al,pensare,target,בעתיד · אנחנו,נחשוב,נחשוב,False,,,,,
hebverb_056,חשב,pa'al,pensare,target,בעתיד · אנחנו,נחשב,נחשב,False,,,,,
hebverb_056,חשב,pa'al,pensare,target,בעתיד · אתם,תחשבו,תחשבו,False,,,,,
hebverb_056,חשב,pa'al,pensare,target,בעתיד · אתן,תחשובנה,תחשובנה,False,,,,,
hebverb_056,חשב,pa'al,pensare,target,בעתיד · אתן,תחשבנה,תחשבנה,False,,,,,
hebverb_056,חשב,pa'al,pensare,target,בעתיד · הם,יחשבו,יחשבו,False,,,,,
hebverb_056,חשב,pa'al,pensare,target,בעתיד · הן,תחשובנה,תחשובנה,False,,,,,
hebverb_056,חשב,pa'al,pensare,target,בעתיד · הן,תחשבנה,תחשבנה,False,,,,,
hebverb_057,חזר,pa'al,tornare / ripetere,infinitive,infinitive,לחזור,לחזור,False,,,,,
hebverb_057,חזר,pa'al,tornare / ripetere,present_1,present_1,חוזר,חוזר,False,,,,,
hebverb_057,חזר,pa'al,tornare / ripetere,present_2,present_2,חוזרת,חוזרת,True,55.00582209,528.7268292682927,0.975609756097561,498.8918918918919,1.0
hebverb_057,חזר,pa'al,tornare / ripetere,present_3,present_3,חוזרים,חוזרים,True,45.13982357,555.1794871794872,0.975,481.9375,1.0
hebverb_057,חזר,pa'al,tornare / ripetere,present_4,present_4,חוזרות,חוזרות,False,,,,,
hebverb_057,חזר,pa'al,tornare / ripetere,target,בעבר · אני,חזרתי,חזרתי,False,,,,,
hebverb_057,חזר,pa'al,tornare / ripetere,target,בעבר · אתה,חזרת,חזרת,True,31.80526258,537.5702702702703,0.9459459459459459,501.0,1.0
hebverb_057,חזר,pa'al,tornare / ripetere,target,בעבר · את,חזרת,חזרת,True,31.80526258,537.5702702702703,0.9459459459459459,501.0,1.0
hebverb_057,חזר,pa'al,tornare / ripetere,target,בעבר · הוא,חזר,חזר,True,92.98415566,580.9666666666667,1.0,494.0571428571429,0.9714285714285714
hebverb_057,חזר,pa'al,tornare / ripetere,target,בעבר · היא,חזרה,חזרה,False,,,,,
hebverb_057,חזר,pa'al,tornare / ripetere,target,בעבר · אנחנו,חזרנו,חזרנו,False,,,,,
hebverb_057,חזר,pa'al,tornare / ripetere,target,בעבר · אתם,חזרתם,חזרתם,False,,,,,
hebverb_057,חזר,pa'al,tornare / ripetere,target,בעבר · אתן,חזרתן,חזרתן,False,,,,,
hebverb_057,חזר,pa'al,tornare / ripetere,target,בעבר · הם,חזרו,חזרו,False,,,,,
hebverb_057,חזר,pa'al,tornare / ripetere,target,בעבר · הן,חזרו,חזרו,False,,,,,
hebverb_057,חזר,pa'al,tornare / ripetere,target,בעתיד · אני,אחזור,אחזור,False,,,,,
hebverb_057,חזר,pa'al,tornare / ripetere,target,בעתיד · אני,אחזר,אחזר,False,,,,,
hebverb_057,חזר,pa'al,tornare / ripetere,target,בעתיד · אתה,תחזור,תחזור,False,,,,,
hebverb_057,חזר,pa'al,tornare / ripetere,target,בעתיד · אתה,תחזר,תחזר,False,,,,,
hebverb_057,חזר,pa'al,tornare / ripetere,target,בעתיד · את,תחזרי,תחזרי,False,,,,,
hebverb_057,חזר,pa'al,tornare / ripetere,target,בעתיד · הוא,יחזור,יחזור,True,69.03167001,552.4243243243243,0.868421052631579,,
hebverb_057,חזר,pa'al,tornare / ripetere,target,בעתיד · הוא,יחזר,יחזר,False,,,,,
hebverb_057,חזר,pa'al,tornare / ripetere,target,בעתיד · היא,תחזור,תחזור,False,,,,,
hebverb_057,חזר,pa'al,tornare / ripetere,target,בעתיד · היא,תחזר,תחזר,False,,,,,
hebverb_057,חזר,pa'al,tornare / ripetere,target,בעתיד · אנחנו,נחזור,נחזור,False,,,,,
hebverb_057,חזר,pa'al,tornare / ripetere,target,בעתיד · אנחנו,נחזר,נחזר,False,,,,,
hebverb_057,חזר,pa'al,tornare / ripetere,target,בעתיד · אתם,תחזרו,תחזרו,True,16.13609223,548.9885714285714,0.8285714285714286,485.7352941176471,1.0
hebverb_057,חזר,pa'al,tornare / ripetere,target,בעתיד · אתן,תחזורנה,תחזורנה,False,,,,,
hebverb_057,חזר,pa'al,tornare / ripetere,target,בעתיד · אתן,תחזרנה,תחזרנה,False,,,,,
hebverb_057,חזר,pa'al,tornare / ripetere,target,בעתיד · הם,יחזרו,יחזרו,True,23.63109786,533.754054081081,0.8648648648648649,,
hebverb_057,חזר,pa'al,tornare / ripetere,target,בעתיד · הן,תחזורנה,תחזורנה,False,,,,,
hebverb_057,חזר,pa'al,tornare / ripetere,target,בעתיד · הן,תחזרנה,תחזרנה,False,,,,,
hebverb_058,זכר,pa'al,ricordare,infinitive,infinitive,לזכור,לזכור,True,58.46225673,569.8219512195122,0.9512195121951219,485.0,0.9444444444444444
hebverb_058,זכר,pa'al,ricordare,present_1,present_1,זוכר,זוכר,False,,,,,
hebverb_058,זכר,pa'al,ricordare,present_2,present_2,זוכרת,זוכרת,True,141.0407249,574.3951219756098,0.9512195121951219,477.0,1.0
hebverb_058,זכר,pa'al,ricordare,present_3,present_3,זוכרים,זוכרים,True,24.72866746,548.1235294117647,0.9428571428571428,,
hebverb_058,זכר,pa'al,ricordare,present_4,present_4,זוכרות,זוכרות,False,,,,,
hebverb_058,זכר,pa'al,ricordare,target,בעבר · אני,זכרתי,זכרתי,True,4.80868889,549.4411764411765,0.9142857142857143,,
hebverb_058,זכר,pa'al,ricordare,target,בעבר · אתה,זכרת,זכרת,False,,,,,
hebverb_058,זכר,pa'al,ricordare,target,בעבר · את,זכרת,זכרת,False,,,,,
hebverb_058,זכר,pa'al,ricordare,target,בעבר · הוא,זכר,זכר,False,,,,,
hebverb_058,זכר,pa'al,ricordare,target,בעבר · היא,זכרה,זכרה,False,,,,,
hebverb_058,זכר,pa'al,ricordare,target,בעבר · אנחנו,זכרנו,זכרנו,False,,,,,
hebverb_058,זכר,pa'al,ricordare,target,בעבר · אתם,זכרתם,זכרתם,False,,,,,
hebverb_058,זכר,pa'al,ricordare,target,בעבר · אתן,זכרתן,זכרתן,False,,,,,
hebverb_058,זכר,pa'al,ricordare,target,בעבר · הם,זכרו,זכרו,False,,,,,
hebverb_058,זכר,pa'al,ricordare,target,בעבר · הן,זכרו,זכרו,False,,,,,
hebverb_058,זכר,pa'al,ricordare,target,בעתיד · אני,אזכור,אזכור,False,,,,,
hebverb_058,זכר,pa'al,ricordare,target,בעתיד · אני,אזכר,אזכר,True,0.988419028,697.471052631579,0.868421052631579,510.1034482758621,0.6
hebverb_058,זכר,pa'al,ricordare,target,בעתיד · אתה,תזכור,תזכור,True,30.47120009,555.472972972973,0.972972972972973,500.4117647058824,1.0
hebverb_058,זכר,pa'al,ricordare,target,בעתיד · אתה,תזכר,תזכר,False,,,,,
hebverb_058,זכר,pa'al,ricordare,target,בעתיד · את,תזכרי,תזכרי,False,,,,,
hebverb_058,זכר,pa'al,ricordare,target,בעתיד · הוא,יזכור,יזכור,False,,,,,
hebverb_058,זכר,pa'al,ricordare,target,בעתיד · הוא,יזכר,יזכר,False,,,,,
hebverb_058,זכר,pa'al,ricordare,target,בעתיד · היא,תזכור,תזכור,True,30.47120009,555.472972972973,0.972972972972973,500.4117647058824,1.0
hebverb_058,זכר,pa'al,ricordare,target,בעתיד · היא,תזכר,תזכר,False,,,,,
hebverb_058,זכר,pa'al,ricordare,target,בעתיד · אנחנו,נזכור,נזכור,False,,,,,
hebverb_058,זכר,pa'al,ricordare,target,בעתיד · אנחנו,נזכר,נזכר,False,,,,,
hebverb_058,זכר,pa'al,ricordare,target,בעתיד · אתם,תזכרו,תזכרו,True,10.06610789,549.2342857142858,0.9428571428571428,527.8529411764706,0.9411764705882353
hebverb_058,זכר,pa'al,ricordare,target,בעתיד · אתן,תזכורנה,תזכורנה,False,,,,,
hebverb_058,זכר,pa'al,ricordare,target,בעתיד · אתן,תזכרנה,תזכרנה,False,,,,,
hebverb_058,זכר,pa'al,ricordare,target,בעתיד · הם,יזכרו,יזכרו,False,,,,,
hebverb_058,זכר,pa'al,ricordare,target,בעתיד · הן,תזכורנה,תזכורנה,False,,,,,
hebverb_058,זכר,pa'al,ricordare,target,בעתיד · הן,תזכרנה,תזכרנה,False,,,,,
hebverb_059,רוץ,pa'al,correre,infinitive,infinitive,לרוץ,לרוץ,True,70.03221688,547.6342104736841,0.9473684210526315,,
hebverb_059,רוץ,pa'al,correre,present_1,present_1,רץ,רץ,True,47.52900822,530.1235294117647,0.8857142857142857,,
hebverb_059,רוץ,pa'al,correre,present_2,present_2,רצה,רצה,True,163.7622347,544.935294117647,0.9142857142857143,451.175,1.0
hebverb_059,רוץ,pa'al,correre,present_3,present_3,רצים,רצים,False,,,,,
hebverb_059,רוץ,pa'al,correre,present_4,present_4,רצות,רצות,True,1.497788343,550.7027777222222,0.8648648648648649,,
hebverb_059,רוץ,pa'al,correre,target,בעבר · אני,רצתי,רצתי,False,,,,,
hebverb_059,רוץ,pa'al,correre,target,בעבר · אתה,רצת,רצת,False,,,,,
hebverb_059,רוץ,pa'al,correre,target,בעבר · את,רצת,רצת,False,,,,,
hebverb_059,רוץ,pa'al,correre,target,בעבר · הוא,רץ,רץ,True,47.52900822,530.1235294117647,0.8857142857142857,,
hebverb_059,רוץ,pa'al,correre,target,בעבר · היא,רצה,רצה,True,163.7622347,544.935294117647,0.9142857142857143,451.175,1.0
hebverb_059,רוץ,pa'al,correre,target,בעבר · אנחנו,רצנו,רצנו,False,,,,,
hebverb_059,רוץ,pa'al,correre,target,בעבר · אתם,רצתם,רצתם,False,,,,,
hebverb_059,רוץ,pa'al,correre,target,בעבר · אתן,רצתן,רצתן,False,,,,,
hebverb_059,רוץ,pa'al,correre,target,בעבר · הם,רצו,רצו,False,,,,,
hebverb_059,רוץ,pa'al,correre,target,בעבר · הן,רצו,רצו,False,,,,,
hebverb_059,רוץ,pa'al,correre,target,בעתיד · אני,ארוץ,ארוץ,False,,,,,
hebverb_059,רוץ,pa'al,correre,target,בעתיד · אתה,תרוץ,תרוץ,False,,,,,
hebverb_059,רוץ,pa'al,correre,target,בעתיד · את,תרוצי,תרוצי,True,1.685769876,581.4947368421052,0.8461538461538461,489.05882352941177,1.0
hebverb_059,רוץ,pa'al,correre,target,בעתיד · הוא,ירוץ,ירוץ,False,,,,,
hebverb_059,רוץ,pa'al,correre,target,בעתיד · היא,תרוץ,תרוץ,False,,,,,
hebverb_059,רוץ,pa'al,correre,target,בעתיד · אנחנו,נרוץ,נרוץ,False,,,,,
hebverb_059,רוץ,pa'al,correre,target,בעתיד · אתם,תרוצו,תרוצו,False,,,,,
hebverb_059,רוץ,pa'al,correre,target,בעתיד · אתן,תרוצנה,תרוצנה,False,,,,,
hebverb_059,רוץ,pa'al,correre,target,בעתיד · אתן,תרצנה,תרצנה,False,,,,,
hebverb_059,רוץ,pa'al,correre,target,בעתיד · הם,ירוצו,ירוצו,False,,,,,
hebverb_059,רוץ,pa'al,correre,target,בעתיד · הן,תרוצנה,תרוצנה,False,,,,,
hebverb_059,רוץ,pa'al,correre,target,בעתיד · הן,תרצנה,תרצנה,False,,,,,
hebverb_060,כלל,pa'al,includere,infinitive,infinitive,לכלל,לכלל,False,,,,,
hebverb_060,כלל,pa'al,includere,present_1,present_1,כולל,כולל,False,,,,,
hebverb_060,כלל,pa'al,includere,present_2,present_2,כוללת,כוללת,True,7.549580918,519.3914285714286,0.9714285714285714,,
hebverb_060,כלל,pa'al,includere,present_3,present_3,כוללים,כוללים,False,,,,,
hebverb_060,כלל,pa'al,includere,present_4,present_4,כוללות,כוללות,False,,,,,
hebverb_060,כלל,pa'al,includere,target,בעבר · אני,כללתי,כללתי,False,,,,,
hebverb_060,כלל,pa'al,includere,target,בעבר · אתה,כללת,כללת,False,,,,,
hebverb_060,כלל,pa'al,includere,target,בעבר · את,כללת,כללת,False,,,,,
hebverb_060,כלל,pa'al,includere,target,בעבר · הוא,כלל,כלל,True,169.9292418,535.3628571428571,0.9714285714285714,,
hebverb_060,כלל,pa'al,includere,target,בעבר · היא,כללה,כללה,False,,,,,
hebverb_060,כלל,pa'al,includere,target,בעבר · אנחנו,כללנו,כללנו,False,,,,,
hebverb_060,כלל,pa'al,includere,target,בעבר · אתם,כללתם,כללתם,False,,,,,
hebverb_060,כלל,pa'al,includere,target,בעבר · אתן,כללתן,כללתן,False,,,,,
hebverb_060,כלל,pa'al,includere,target,בעבר · הם,כללו,כללו,False,,,,,
hebverb_060,כלל,pa'al,includere,target,בעבר · הן,כללו,כללו,False,,,,,
hebverb_060,כלל,pa'al,includere,target,בעתיד · אני,אכלל,אכלל,False,,,,,
hebverb_060,כלל,pa'al,includere,target,בעתיד · אני,אכלול,אכלול,False,,,,,
hebverb_060,כלל,pa'al,includere,target,בעתיד · אתה,תכלל,תכלל,False,,,,,
hebverb_060,כלל,pa'al,includere,target,בעתיד · אתה,תכלול,תכלול,False,,,,,
hebverb_060,כלל,pa'al,includere,target,בעתיד · את,תכללי,תכללי,False,,,,,
hebverb_060,כלל,pa'al,includere,target,בעתיד · הוא,יכלל,יכלל,False,,,,,
hebverb_060,כלל,pa'al,includere,target,בעתיד · הוא,יכלול,יכלול,False,,,,,
hebverb_060,כלל,pa'al,includere,target,בעתיד · היא,תכלל,תכלל,False,,,,,
hebverb_060,כלל,pa'al,includere,target,בעתיד · היא,תכלול,תכלול,False,,,,,
hebverb_060,כלל,pa'al,includere,target,בעתיד · אנחנו,נכלל,נכלל,False,,,,,
hebverb_060,כלל,pa'al,includere,target,בעתיד · אנחנו,נכלול,נכלול,False,,,,,
hebverb_060,כלל,pa'al,includere,target,בעתיד · אתם,תכללו,תכללו,False,,,,,
hebverb_060,כלל,pa'al,includere,target,בעתיד · אתן,תכללנה,תכללנה,False,,,,,
hebverb_060,כלל,pa'al,includere,target,בעתיד · אתן,תכלולנה,תכלולנה,False,,,,,
hebverb_060,כלל,pa'al,includere,target,בעתיד · הם,יכללו,יכללו,False,,,,,
hebverb_060,כלל,pa'al,includere,target,בעתיד · הן,תכללנה,תכללנה,False,,,,,
hebverb_060,כלל,pa'al,includere,target,בעתיד · הן,תכלולנה,תכלולנה,False,,,,,
hebverb_061,נוח,pa'al,riposare,infinitive,infinitive,לנוח,לנוח,True,35.69829949,503.58108105405404,0.9459459459459459,434.5897435897436,1.0
hebverb_061,נוח,pa'al,riposare,present_1,present_1,נח,נח,False,,,,,
hebverb_061,נוח,pa'al,riposare,present_2,present_2,נחה,נחה,False,,,,,
hebverb_061,נוח,pa'al,riposare,present_3,present_3,נחים,נחים,False,,,,,
hebverb_061,נוח,pa'al,riposare,present_4,present_4,נחות,נחות,False,,,,,
hebverb_061,נוח,pa'al,riposare,target,בעבר · אני,נחתי,נחתי,False,,,,,
hebverb_061,נוח,pa'al,riposare,target,בעבר · אתה,נחת,נחת,True,14.48064195,568.0314285714285,0.9428571428571428,460.1388888888889,0.9736842105263158
hebverb_061,נוח,pa'al,riposare,target,בעבר · את,נחת,נחת,True,14.48064195,568.0314285714285,0.9428571428571428,460.1388888888889,0.9736842105263158
hebverb_061,נוח,pa'al,riposare,target,בעבר · הוא,נח,נח,False,,,,,
hebverb_061,נוח,pa'al,riposare,target,בעבר · היא,נחה,נחה,False,,,,,
hebverb_061,נוח,pa'al,riposare,target,בעבר · אנחנו,נחנו,נחנו,False,,,,,
hebverb_061,נוח,pa'al,riposare,target,בעבר · אתם,נחתם,נחתם,False,,,,,
hebverb_061,נוח,pa'al,riposare,target,בעבר · אתן,נחתן,נחתן,False,,,,,
hebverb_061,נוח,pa'al,riposare,target,בעבר · הם,נחו,נחו,False,,,,,
hebverb_061,נוח,pa'al,riposare,target,בעבר · הן,נחו,נחו,False,,,,,
hebverb_061,נוח,pa'al,riposare,target,בעתיד · אני,אנוח,אנוח,True,2.643869301,548.3184210526315,0.8421052631578947,481.57142857142856,0.9230769230769231
hebverb_061,נוח,pa'al,riposare,target,בעתיד · אתה,תנוח,תנוח,False,,,,,
hebverb_061,נוח,pa'al,riposare,target,בעתיד · את,תנוחי,תנוחי,True,2.856106516,582.0526315789474,0.9210526315789473,,
hebverb_061,נוח,pa'al,riposare,target,בעתיד · הוא,ינוח,ינוח,False,,,,,
hebverb_061,נוח,pa'al,riposare,target,בעתיד · היא,תנוח,תנוח,False,,,,,
hebverb_061,נוח,pa'al,riposare,target,בעתיד · אנחנו,ננוח,ננוח,False,,,,,
hebverb_061,נוח,pa'al,riposare,target,בעתיד · אתם,תנוחו,תנוחו,False,,,,,
hebverb_061,נוח,pa'al,riposare,target,בעתיד · אתן,תנחנה,תנחנה,False,,,,,
hebverb_061,נוח,pa'al,riposare,target,בעתיד · הם,ינוחו,ינוחו,False,,,,,
hebverb_061,נוח,pa'al,riposare,target,בעתיד · הן,תנחנה,תנחנה,False,,,,,
hebverb_062,שיר,pa'al,cantare,infinitive,infinitive,לשיר,לשיר,False,,,,,
hebverb_062,שיר,pa'al,cantare,present_1,present_1,שר,שר,True,41.374129,536.0394736578947,0.8421052631578947,502.45714285714286,0.9714285714285714
hebverb_062,שיר,pa'al,cantare,present_2,present_2,שרה,שרה,False,,,,,
hebverb_062,שיר,pa'al,cantare,present_3,present_3,שרים,שרים,False,,,,,
hebverb_062,שיר,pa'al,cantare,present_4,present_4,שרות,שרות,False,,,,,
hebverb_062,שיר,pa'al,cantare,target,בעבר · אני,שרתי,שרתי,True,3.777822419,609.4162162162163,0.8421052631578947,,
hebverb_062,שיר,pa'al,cantare,target,בעבר · אתה,שרת,שרת,False,,,,,
hebverb_062,שיר,pa'al,cantare,target,בעבר · את,שרת,שרת,False,,,,,
hebverb_062,שיר,pa'al,cantare,target,בעבר · הוא,שר,שר,True,41.374129,536.0394736578947,0.8421052631578947,502.45714285714286,0.9714285714285714
hebverb_062,שיר,pa'al,cantare,target,בעבר · היא,שרה,שרה,False,,,,,
hebverb_062,שיר,pa'al,cantare,target,בעבר · אנחנו,שרנו,שרנו,False,,,,,
hebverb_062,שיר,pa'al,cantare,target,בעבר · אתם,שרתם,שרתם,False,,,,,
hebverb_062,שיר,pa'al,cantare,target,בעבר · אתן,שרתן,שרתן,False,,,,,
hebverb_062,שיר,pa'al,cantare,target,בעבר · הם,שרו,שרו,False,,,,,
hebverb_062,שיר,pa'al,cantare,target,בעבר · הן,שרו,שרו,False,,,,,
hebverb_062,שיר,pa'al,cantare,target,בעתיד · אני,אשיר,אשיר,True,4.408470142,643.85,0.825,,
hebverb_062,שיר,pa'al,cantare,target,בעתיד · אתה,תשיר,תשיר,False,,,,,
hebverb_062,שיר,pa'al,cantare,target,בעתיד · את,תשירי,תשירי,False,,,,,
hebverb_062,שיר,pa'al,cantare,target,בעתיד · הוא,ישיר,ישיר,False,,,,,
hebverb_062,שיר,pa'al,cantare,target,בעתיד · היא,תשיר,תשיר,False,,,,,
hebverb_062,שיר,pa'al,cantare,target,בעתיד · אנחנו,נשיר,נשיר,False,,,,,
hebverb_062,שיר,pa'al,cantare,target,בעתיד · אתם,תשירו,תשירו,False,,,,,
hebverb_062,שיר,pa'al,cantare,target,בעתיד · אתן,תשרנה,תשרנה,False,,,,,
hebverb_062,שיר,pa'al,cantare,target,בעתיד · הם,ישירו,ישירו,True,1.079377834,606.4717948461539,0.85,,
hebverb_062,שיר,pa'al,cantare,target,בעתיד · הן,תשרנה,תשרנה,False,,,,,
hebverb_063,רקד,pa'al,ballare,infinitive,infinitive,לרקוד,לרקוד,False,,,,,
hebverb_063,רקד,pa'al,ballare,present_1,present_1,רוקד,רוקד,False,,,,,
hebverb_063,רקד,pa'al,ballare,present_2,present_2,רוקדת,רוקדת,False,,,,,
hebverb_063,רקד,pa'al,ballare,present_3,present_3,רוקדים,רוקדים,False,,,,,
hebverb_063,רקד,pa'al,ballare,present_4,present_4,רוקדות,רוקדות,False,,,,,
hebverb_063,רקד,pa'al,ballare,target,בעבר · אני,רקדתי,רקדתי,False,,,,,
hebverb_063,רקד,pa'al,ballare,target,בעבר · אתה,רקדת,רקדת,False,,,,,
hebverb_063,רקד,pa'al,ballare,target,בעבר · את,רקדת,רקדת,False,,,,,
hebverb_063,רקד,pa'al,ballare,target,בעבר · הוא,רקד,רקד,True,1.625130671,561.1371428571429,0.8571428571428571,,
hebverb_063,רקד,pa'al,ballare,target,בעבר · היא,רקדה,רקדה,False,,,,,
hebverb_063,רקד,pa'al,ballare,target,בעבר · אנחנו,רקדנו,רקדנו,False,,,,,
hebverb_063,רקד,pa'al,ballare,target,בעבר · אתם,רקדתם,רקדתם,False,,,,,
hebverb_063,רקד,pa'al,ballare,target,בעבר · אתן,רקדתן,רקדתן,False,,,,,
hebverb_063,רקד,pa'al,ballare,target,בעבר · הם,רקדו,רקדו,False,,,,,
hebverb_063,רקד,pa'al,ballare,target,בעבר · הן,רקדו,רקדו,False,,,,,
hebverb_063,רקד,pa'al,ballare,target,בעתיד · אני,ארקוד,ארקוד,False,,,,,
hebverb_063,רקד,pa'al,ballare,target,בעתיד · אני,ארקד,ארקד,False,,,,,
hebverb_063,רקד,pa'al,ballare,target,בעתיד · אתה,תרקוד,תרקוד,True,4.293255654,549.5025641538462,0.9487179487179487,,
hebverb_063,רקד,pa'al,ballare,target,בעתיד · אתה,תרקד,תרקד,False,,,,,
hebverb_063,רקד,pa'al,ballare,target,בעתיד · את,תרקדי,תרקדי,False,,,,,
hebverb_063,רקד,pa'al,ballare,target,בעתיד · הוא,ירקוד,ירקוד,False,,,,,
hebverb_063,רקד,pa'al,ballare,target,בעתיד · הוא,ירקד,ירקד,False,,,,,
hebverb_063,רקד,pa'al,ballare,target,בעתיד · היא,תרקוד,תרקוד,True,4.293255654,549.5025641538462,0.9487179487179487,,
hebverb_063,רקד,pa'al,ballare,target,בעתיד · היא,תרקד,תרקד,False,,,,,
hebverb_063,רקד,pa'al,ballare,target,בעתיד · אנחנו,נרקוד,נרקוד,False,,,,,
hebverb_063,רקד,pa'al,ballare,target,בעתיד · אנחנו,נרקד,נרקד,False,,,,,
hebverb_063,רקד,pa'al,ballare,target,בעתיד · אתם,תרקדו,תרקדו,False,,,,,
hebverb_063,רקד,pa'al,ballare,target,בעתיד · אתן,תרקודנה,תרקודנה,False,,,,,
hebverb_063,רקד,pa'al,ballare,target,בעתיד · אתן,תרקדנה,תרקדנה,False,,,,,
hebverb_063,רקד,pa'al,ballare,target,בעתיד · הם,ירקדו,ירקדו,False,,,,,
hebverb_063,רקד,pa'al,ballare,target,בעתיד · הן,תרקודנה,תרקודנה,False,,,,,
hebverb_063,רקד,pa'al,ballare,target,בעתיד · הן,תרקדנה,תרקדנה,False,,,,,
hebverb_064,עזר,pa'al,aiutare,infinitive,infinitive,לעזור,לעזור,True,521.6366259,558.5210526052631,0.9210526315789473,421.59375,0.9714285714285714
hebverb_064,עזר,pa'al,aiutare,present_1,present_1,עוזר,עוזר,True,103.7536783,560.9157894736842,0.9210526315789473,476.2,1.0
hebverb_064,עזר,pa'al,aiutare,present_2,present_2,עוזרת,עוזרת,False,,,,,
hebverb_064,עזר,pa'al,aiutare,present_3,present_3,עוזרים,עוזרים,False,,,,,
hebverb_064,עזר,pa'al,aiutare,present_4,present_4,עוזרות,עוזרות,False,,,,,
hebverb_064,עזר,pa'al,aiutare,target,בעבר · אני,עזרתי,עזרתי,True,25.22590893,536.454054081081,0.972972972972973,,
hebverb_064,עזר,pa'al,aiutare,target,בעבר · אתה,עזרת,עזרת,True,17.18515046,625.594999975,0.95,,
hebverb_064,עזר,pa'al,aiutare,target,בעבר · את,עזרת,עזרת,True,17.18515046,625.594999975,0.95,,
hebverb_064,עזר,pa'al,aiutare,target,בעבר · הוא,עזר,עזר,False,,,,,
hebverb_064,עזר,pa'al,aiutare,target,בעבר · היא,עזרה,עזרה,False,,,,,
hebverb_064,עזר,pa'al,aiutare,target,בעבר · אנחנו,עזרנו,עזרנו,True,2.583230097,622.8891891891892,0.868421052631579,,
hebverb_064,עזר,pa'al,aiutare,target,בעבר · אתם,עזרתם,עזרתם,False,,,,,
hebverb_064,עזר,pa'al,aiutare,target,בעבר · אתן,עזרתן,עזרתן,False,,,,,
hebverb_064,עזר,pa'al,aiutare,target,בעבר · הם,עזרו,עזרו,False,,,,,
hebverb_064,עזר,pa'al,aiutare,target,בעבר · הן,עזרו,עזרו,False,,,,,
hebverb_064,עזר,pa'al,aiutare,target,בעתיד · אני,אעזור,אעזור,True,28.67627965,559.0775000250001,0.95,,
hebverb_064,עזר,pa'al,aiutare,target,בעתיד · אני,אעזר,אעזר,False,,,,,
hebverb_064,עזר,pa'al,aiutare,target,בעתיד · אתה,תעזור,תעזור,False,,,,,
hebverb_064,עזר,pa'al,aiutare,target,בעתיד · אתה,תעזר,תעזר,False,,,,,
hebverb_064,עזר,pa'al,aiutare,target,בעתיד · את,תעזרי,תעזרי,False,,,,,
hebverb_064,עזר,pa'al,aiutare,target,בעתיד · הוא,יעזור,יעזור,False,,,,,
hebverb_064,עזר,pa'al,aiutare,target,בעתיד · הוא,יעזר,יעזר,False,,,,,
hebverb_064,עזר,pa'al,aiutare,target,בעתיד · היא,תעזור,תעזור,False,,,,,
hebverb_064,עזר,pa'al,aiutare,target,בעתיד · היא,תעזר,תעזר,False,,,,,
hebverb_064,עזר,pa'al,aiutare,target,בעתיד · אנחנו,נעזור,נעזור,False,,,,,
hebverb_064,עזר,pa'al,aiutare,target,בעתיד · אנחנו,נעזר,נעזר,False,,,,,
hebverb_064,עזר,pa'al,aiutare,target,בעתיד · אתם,תעזרו,תעזרו,False,,,,,
hebverb_064,עזר,pa'al,aiutare,target,בעתיד · אתן,תעזורנה,תעזורנה,False,,,,,
hebverb_064,עזר,pa'al,aiutare,target,בעתיד · אתן,תעזרנה,תעזרנה,False,,,,,
hebverb_064,עזר,pa'al,aiutare,target,בעתיד · הם,יעזרו,יעזרו,False,,,,,
hebverb_064,עזר,pa'al,aiutare,target,בעתיד · הן,תעזורנה,תעזורנה,False,,,,,
hebverb_064,עזר,pa'al,aiutare,target,בעתיד · הן,תעזרנה,תעזרנה,False,,,,,
hebverb_065,שנא,pa'al,odiare,infinitive,infinitive,לשנוא,לשנוא,False,,,,,
hebverb_065,שנא,pa'al,odiare,present_1,present_1,שונא,שונא,False,,,,,
hebverb_065,שנא,pa'al,odiare,present_2,present_2,שונאת,שונאת,False,,,,,
hebverb_065,שנא,pa'al,odiare,present_3,present_3,שונאים,שונאים,False,,,,,
hebverb_065,שנא,pa'al,odiare,present_4,present_4,שונאות,שונאות,True,2.686316744,593.814705882353,0.9142857142857143,,
hebverb_065,שנא,pa'al,odiare,target,בעבר · אני,שנאתי,שנאתי,False,,,,,
hebverb_065,שנא,pa'al,odiare,target,בעבר · אתה,שנאת,שנאת,False,,,,,
hebverb_065,שנא,pa'al,odiare,target,בעבר · את,שנאת,שנאת,False,,,,,
hebverb_065,שנא,pa'al,odiare,target,בעבר · הוא,שנא,שנא,False,,,,,
hebverb_065,שנא,pa'al,odiare,target,בעבר · היא,שנאה,שנאה,True,19.33177829,544.6114285714286,0.9428571428571428,460.30555555555554,0.975609756097561
hebverb_065,שנא,pa'al,odiare,target,בעבר · אנחנו,שנאנו,שנאנו,False,,,,,
hebverb_065,שנא,pa'al,odiare,target,בעבר · אתם,שנאתם,שנאתם,False,,,,,
hebverb_065,שנא,pa'al,odiare,target,בעבר · אתן,שנאתן,שנאתן,False,,,,,
hebverb_065,שנא,pa'al,odiare,target,בעבר · הם,שנאו,שנאו,False,,,,,
hebverb_065,שנא,pa'al,odiare,target,בעבר · הן,שנאו,שנאו,False,,,,,
hebverb_065,שנא,pa'al,odiare,target,בעתיד · אני,אשנא,אשנא,False,,,,,
hebverb_065,שנא,pa'al,odiare,target,בעתיד · אתה,תשנא,תשנא,False,,,,,
hebverb_065,שנא,pa'al,odiare,target,בעתיד · את,תשנאי,תשנאי,False,,,,,
hebverb_065,שנא,pa'al,odiare,target,בעתיד · הוא,ישנא,ישנא,True,1.673642035,651.2000000243903,0.7317073170731707,491.1714285714286,0.9736842105263158
hebverb_065,שנא,pa'al,odiare,target,בעתיד · היא,תשנא,תשנא,False,,,,,
hebverb_065,שנא,pa'al,odiare,target,בעתיד · אנחנו,נשנא,נשנא,False,,,,,
hebverb_065,שנא,pa'al,odiare,target,בעתיד · אתם,תשנאו,תשנאו,False,,,,,
hebverb_065,שנא,pa'al,odiare,target,בעתיד · אתן,תשנאנה,תשנאנה,False,,,,,
hebverb_065,שנא,pa'al,odiare,target,בעתיד · הם,ישנאו,ישנאו,False,,,,,
hebverb_065,שנא,pa'al,odiare,target,בעתיד · הן,תשנאנה,תשנאנה,False,,,,,
hebverb_066,עזב,pa'al,lasciare / partire,infinitive,infinitive,לעזוב,לעזוב,False,,,,,
hebverb_066,עזב,pa'al,lasciare / partire,present_1,present_1,עוזב,עוזב,False,,,,,
hebverb_066,עזב,pa'al,lasciare / partire,present_2,present_2,עוזבת,עוזבת,True,37.31736624,533.6243242702703,0.8648648648648649,,
hebverb_066,עזב,pa'al,lasciare / partire,present_3,present_3,עוזבים,עוזבים,True,30.39843304,583.7131578947368,0.9473684210526315,,
hebverb_066,עזב,pa'al,lasciare / partire,present_4,present_4,עוזבות,עוזבות,False,,,,,
hebverb_066,עזב,pa'al,lasciare / partire,target,בעבר · אני,עזבתי,עזבתי,True,28.53680948,543.2342105263158,0.8947368421052632,464.0857142857143,0.9714285714285714
hebverb_066,עזב,pa'al,lasciare / partire,target,בעבר · אתה,עזבת,עזבת,False,,,,,
hebverb_066,עזב,pa'al,lasciare / partire,target,בעבר · את,עזבת,עזבת,False,,,,,
hebverb_066,עזב,pa'al,lasciare / partire,target,בעבר · הוא,עזב,עזב,False,,,,,
hebverb_066,עזב,pa'al,lasciare / partire,target,בעבר · היא,עזבה,עזבה,True,45.72802386,622.3225,0.975,484.75,1.0
hebverb_066,עזב,pa'al,lasciare / partire,target,בעבר · אנחנו,עזבנו,עזבנו,False,,,,,
hebverb_066,עזב,pa'al,lasciare / partire,target,בעבר · אתם,עזבתם,עזבתם,False,,,,,
hebverb_066,עזב,pa'al,lasciare / partire,target,בעבר · אתן,עזבתן,עזבתן,False,,,,,
hebverb_066,עזב,pa'al,lasciare / partire,target,בעבר · הם,עזבו,עזבו,True,26.20220012,506.4314285714285,0.8888888888888888,469.1515151515151,1.0
hebverb_066,עזב,pa'al,lasciare / partire,target,בעבר · הן,עזבו,עזבו,True,26.20220012,506.4314285714285,0.8888888888888888,469.1515151515151,1.0
hebverb_066,עזב,pa'al,lasciare / partire,target,בעתיד · אני,אעזוב,אעזוב,True,22.09086207,585.8026316052632,0.9736842105263158,,
hebverb_066,עזב,pa'al,lasciare / partire,target,בעתיד · אני,אעזב,אעזב,False,,,,,
hebverb_066,עזב,pa'al,lasciare / partire,target,בעתיד · אתה,תעזוב,תעזוב,True,47.11059771,590.048717948718,0.875,471.8333333333333,0.9487179487179487
hebverb_066,עזב,pa'al,lasciare / partire,target,בעתיד · אתה,תעזב,תעזב,False,,,,,
hebverb_066,עזב,pa'al,lasciare / partire,target,בעתיד · את,תעזבי,תעזבי,False,,,,,
hebverb_066,עזב,pa'al,lasciare / partire,target,בעתיד · הוא,יעזוב,יעזוב,False,,,,,
hebverb_066,עזב,pa'al,lasciare / partire,target,בעתיד · הוא,יעזב,יעזב,False,,,,,
hebverb_066,עזב,pa'al,lasciare / partire,target,בעתיד · היא,תעזוב,תעזוב,True,47.11059771,590.048717948718,0.875,471.8333333333333,0.9487179487179487
hebverb_066,עזב,pa'al,lasciare / partire,target,בעתיד · היא,תעזב,תעזב,False,,,,,
hebverb_066,עזב,pa'al,lasciare / partire,target,בעתיד · אנחנו,נעזוב,נעזוב,False,,,,,
hebverb_066,עזב,pa'al,lasciare / partire,target,בעתיד · אנחנו,נעזב,נעזב,False,,,,,
hebverb_066,עזב,pa'al,lasciare / partire,target,בעתיד · אתם,תעזבו,תעזבו,False,,,,,
hebverb_066,עזב,pa'al,lasciare / partire,target,בעתיד · אתן,תעזובנה,תעזובנה,False,,,,,
hebverb_066,עזב,pa'al,lasciare / partire,target,בעתיד · אתן,תעזבנה,תעזבנה,False,,,,,
hebverb_066,עזב,pa'al,lasciare / partire,target,בעתיד · הם,יעזבו,יעזבו,False,,,,,
hebverb_066,עזב,pa'al,lasciare / partire,target,בעתיד · הן,תעזובנה,תעזובנה,False,,,,,
hebverb_066,עזב,pa'al,lasciare / partire,target,בעתיד · הן,תעזבנה,תעזבנה,False,,,,,
hebverb_067,שקל,pa'al,considerare,infinitive,infinitive,לשקול,לשקול,True,27.36040892,566.297142857143,1.0,,
hebverb_067,שקל,pa'al,considerare,present_1,present_1,שוקל,שוקל,False,,,,,
hebverb_067,שקל,pa'al,considerare,present_2,present_2,שוקלת,שוקלת,False,,,,,
hebverb_067,שקל,pa'al,considerare,present_3,present_3,שוקלים,שוקלים,False,,,,,
hebverb_067,שקל,pa'al,considerare,present_4,present_4,שוקלות,שוקלות,False,,,,,
hebverb_067,שקל,pa'al,considerare,target,בעבר · אני,שקלתי,שקלתי,False,,,,,
hebverb_067,שקל,pa'al,considerare,target,בעבר · אתה,שקלת,שקלת,False,,,,,
hebverb_067,שקל,pa'al,considerare,target,בעבר · את,שקלת,שקלת,False,,,,,
hebverb_067,שקל,pa'al,considerare,target,בעבר · הוא,שקל,שקל,False,,,,,
hebverb_067,שקל,pa'al,considerare,target,בעבר · היא,שקלה,שקלה,False,,,,,
hebverb_067,שקל,pa'al,considerare,target,בעבר · אנחנו,שקלנו,שקלנו,False,,,,,
hebverb_067,שקל,pa'al,considerare,target,בעבר · אתם,שקלתם,שקלתם,False,,,,,
hebverb_067,שקל,pa'al,considerare,target,בעבר · אתן,שקלתן,שקלתן,False,,,,,
hebverb_067,שקל,pa'al,considerare,target,בעבר · הם,שקלו,שקלו,False,,,,,
hebverb_067,שקל,pa'al,considerare,target,בעבר · הן,שקלו,שקלו,False,,,,,
hebverb_067,שקל,pa'al,considerare,target,בעתיד · אני,אשקול,אשקול,False,,,,,
hebverb_067,שקל,pa'al,considerare,target,בעתיד · אני,אשקל,אשקל,False,,,,,
hebverb_067,שקל,pa'al,considerare,target,בעתיד · אתה,תשקול,תשקול,True,3.450370717,570.8,0.8378378378378378,,
hebverb_067,שקל,pa'al,considerare,target,בעתיד · אתה,תשקל,תשקל,False,,,,,
hebverb_067,שקל,pa'al,considerare,target,בעתיד · את,תשקלי,תשקלי,False,,,,,
hebverb_067,שקל,pa'al,considerare,target,בעתיד · הוא,ישקול,ישקול,True,0.945971585,568.5485714285714,0.7428571428571429,504.6923076923077,0.9512195121951219
hebverb_067,שקל,pa'al,considerare,target,בעתיד · הוא,ישקל,ישקל,False,,,,,
hebverb_067,שקל,pa'al,considerare,target,בעתיד · היא,תשקול,תשקול,True,3.450370717,570.8,0.8378378378378378,,
hebverb_067,שקל,pa'al,considerare,target,בעתיד · היא,תשקל,תשקל,False,,,,,
hebverb_067,שקל,pa'al,considerare,target,בעתיד · אנחנו,נשקול,נשקול,False,,,,,
hebverb_067,שקל,pa'al,considerare,target,בעתיד · אנחנו,נשקל,נשקל,False,,,,,
hebverb_067,שקל,pa'al,considerare,target,בעתיד · אתם,תשקלו,תשקלו,False,,,,,
hebverb_067,שקל,pa'al,considerare,target,בעתיד · אתן,תשקולנה,תשקולנה,False,,,,,
hebverb_067,שקל,pa'al,considerare,target,בעתיד · אתן,תשקלנה,תשקלנה,False,,,,,
hebverb_067,שקל,pa'al,considerare,target,בעתיד · הם,ישקלו,ישקלו,False,,,,,
hebverb_067,שקל,pa'al,considerare,target,בעתיד · הן,תשקולנה,תשקולנה,False,,,,,
hebverb_067,שקל,pa'al,considerare,target,בעתיד · הן,תשקלנה,תשקלנה,False,,,,,
hebverb_068,חתם,pa'al,firmare,infinitive,infinitive,לחתם,לחתם,False,,,,,
hebverb_068,חתם,pa'al,firmare,present_1,present_1,חותם,חותם,False,,,,,
hebverb_068,חתם,pa'al,firmare,present_2,present_2,חותמת,חותמת,False,,,,,
hebverb_068,חתם,pa'al,firmare,present_3,present_3,חותמים,חותמים,False,,,,,
hebverb_068,חתם,pa'al,firmare,present_4,present_4,חותמות,חותמות,False,,,,,
hebverb_068,חתם,pa'al,firmare,target,בעבר · אני,חתמתי,חתמתי,True,6.773399104,637.2571428571429,0.9428571428571428,474.8857142857143,1.0
hebverb_068,חתם,pa'al,firmare,target,בעבר · אתה,חתמת,חתמת,False,,,,,
hebverb_068,חתם,pa'al,firmare,target,בעבר · את,חתמת,חתמת,False,,,,,
hebverb_068,חתם,pa'al,firmare,target,בעבר · הוא,חתם,חתם,False,,,,,
hebverb_068,חתם,pa'al,firmare,target,בעבר · היא,חתמה,חתמה,False,,,,,
hebverb_068,חתם,pa'al,firmare,target,בעבר · אנחנו,חתמנו,חתמנו,False,,,,,
hebverb_068,חתם,pa'al,firmare,target,בעבר · אתם,חתמתם,חתמתם,False,,,,,
hebverb_068,חתם,pa'al,firmare,target,בעבר · אתן,חתמתן,חתמתן,False,,,,,
hebverb_068,חתם,pa'al,firmare,target,בעבר · הם,חתמו,חתמו,False,,,,,
hebverb_068,חתם,pa'al,firmare,target,בעבר · הן,חתמו,חתמו,False,,,,,
hebverb_068,חתם,pa'al,firmare,target,בעתיד · אני,אחתם,אחתם,False,,,,,
hebverb_068,חתם,pa'al,firmare,target,בעתיד · אני,אחתום,אחתום,False,,,,,
hebverb_068,חתם,pa'al,firmare,target,בעתיד · אתה,תחתם,תחתם,False,,,,,
hebverb_068,חתם,pa'al,firmare,target,בעתיד · אתה,תחתום,תחתום,False,,,,,
hebverb_068,חתם,pa'al,firmare,target,בעתיד · את,תחתמי,תחתמי,False,,,,,
hebverb_068,חתם,pa'al,firmare,target,בעתיד · הוא,יחתם,יחתם,False,,,,,
hebverb_068,חתם,pa'al,firmare,target,בעתיד · הוא,יחתום,יחתום,False,,,,,
hebverb_068,חתם,pa'al,firmare,target,בעתיד · היא,תחתם,תחתם,False,,,,,
hebverb_068,חתם,pa'al,firmare,target,בעתיד · היא,תחתום,תחתום,False,,,,,
hebverb_068,חתם,pa'al,firmare,target,בעתיד · אנחנו,נחתם,נחתם,False,,,,,
hebverb_068,חתם,pa'al,firmare,target,בעתיד · אנחנו,נחתום,נחתום,False,,,,,
hebverb_068,חתם,pa'al,firmare,target,בעתיד · אתם,תחתמו,תחתמו,False,,,,,
hebverb_068,חתם,pa'al,firmare,target,בעתיד · אתן,תחתמנה,תחתמנה,False,,,,,
hebverb_068,חתם,pa'al,firmare,target,בעתיד · אתן,תחתומנה,תחתומנה,False,,,,,
hebverb_068,חתם,pa'al,firmare,target,בעתיד · הם,יחתמו,יחתמו,False,,,,,
hebverb_068,חתם,pa'al,firmare,target,בעתיד · הן,תחתמנה,תחתמנה,False,,,,,
hebverb_068,חתם,pa'al,firmare,target,בעתיד · הן,תחתומנה,תחתומנה,False,,,,,
hebverb_069,עמד,pa'al,stare in piedi,infinitive,infinitive,לעמוד,לעמוד,True,117.7492066,530.9073170487804,0.975609756097561,431.55,0.9512195121951219
hebverb_069,עמד,pa'al,stare in piedi,present_1,present_1,עומד,עומד,False,,,,,
hebverb_069,עמד,pa'al,stare in piedi,present_2,present_2,עומדת,עומדת,True,83.13028498,564.8368421052631,0.9210526315789473,,
hebverb_069,עמד,pa'al,stare in piedi,present_3,present_3,עומדים,עומדים,False,,,,,
hebverb_069,עמד,pa'al,stare in piedi,present_4,present_4,עומדות,עומדות,True,7.112978648,545.5771428571429,0.9714285714285714,,
hebverb_069,עמד,pa'al,stare in piedi,target,בעבר · אני,עמדתי,עמדתי,True,37.11725686,547.4542857142858,0.9428571428571428,475.5,0.975609756097561
hebverb_069,עמד,pa'al,stare in piedi,target,בעבר · אתה,עמדת,עמדת,False,,,,,
hebverb_069,עמד,pa'al,stare in piedi,target,בעבר · את,עמדת,עמדת,False,,,,,
hebverb_069,עמד,pa'al,stare in piedi,target,בעבר · הוא,עמד,עמד,False,,,,,
hebverb_069,עמד,pa'al,stare in piedi,target,בעבר · היא,עמדה,עמדה,False,,,,,
hebverb_069,עמד,pa'al,stare in piedi,target,בעבר · אנחנו,עמדנו,עמדנו,False,,,,,
hebverb_069,עמד,pa'al,stare in piedi,target,בעבר · אתם,עמדתם,עמדתם,False,,,,,
hebverb_069,עמד,pa'al,stare in piedi,target,בעבר · אתן,עמדתן,עמדתן,False,,,,,
hebverb_069,עמד,pa'al,stare in piedi,target,בעבר · הם,עמדו,עמדו,True,13.00710929,561.1257142857143,0.8857142857142857,433.2368421052632,0.9024390243902439
hebverb_069,עמד,pa'al,stare in piedi,target,בעבר · הן,עמדו,עמדו,True,13.00710929,561.1257142857143,0.8857142857142857,433.2368421052632,0.9024390243902439
hebverb_069,עמד,pa'al,stare in piedi,target,בעתיד · אני,אעמוד,אעמוד,False,,,,,
hebverb_069,עמד,pa'al,stare in piedi,target,בעתיד · אני,אעמד,אעמד,False,,,,,
hebverb_069,עמד,pa'al,stare in piedi,target,בעתיד · אתה,תעמוד,תעמוד,True,20.30200555,577.6552631578948,0.9210526315789473,,
hebverb_069,עמד,pa'al,stare in piedi,target,בעתיד · אתה,תעמד,תעמד,False,,,,,
hebverb_069,עמד,pa'al,stare in piedi,target,בעתיד · את,תעמדי,תעמדי,True,6.761271264,563.8657142857143,0.8285714285714286,,
hebverb_069,עמד,pa'al,stare in piedi,target,בעתיד · הוא,יעמוד,יעמוד,False,,,,,
hebverb_069,עמד,pa'al,stare in piedi,target,בעתיד · הוא,יעמד,יעמד,False,,,,,
hebverb_069,עמד,pa'al,stare in piedi,target,בעתיד · היא,תעמוד,תעמוד,True,20.30200555,577.6552631578948,0.9210526315789473,,
hebverb_069,עמד,pa'al,stare in piedi,target,בעתיד · היא,תעמד,תעמד,False,,,,,
hebverb_069,עמד,pa'al,stare in piedi,target,בעתיד · אנחנו,נעמוד,נעמוד,False,,,,,
hebverb_069,עמד,pa'al,stare in piedi,target,בעתיד · אנחנו,נעמד,נעמד,False,,,,,
hebverb_069,עמד,pa'al,stare in piedi,target,בעתיד · אתם,תעמדו,תעמדו,False,,,,,
hebverb_069,עמד,pa'al,stare in piedi,target,בעתיד · אתן,תעמודנה,תעמודנה,False,,,,,
hebverb_069,עמד,pa'al,stare in piedi,target,בעתיד · אתן,תעמדנה,תעמדנה,False,,,,,
hebverb_069,עמד,pa'al,stare in piedi,target,בעתיד · הם,יעמדו,יעמדו,False,,,,,
hebverb_069,עמד,pa'al,stare in piedi,target,בעתיד · הן,תעמודנה,תעמודנה,False,,,,,
hebverb_069,עמד,pa'al,stare in piedi,target,בעתיד · הן,תעמדנה,תעמדנה,False,,,,,
hebverb_070,ישב,pa'al,sedersi / stare seduto,infinitive,infinitive,לשבת,לשבת,False,,,,,
hebverb_070,ישב,pa'al,sedersi / stare seduto,present_1,present_1,יושב,יושב,True,76.72678502,568.1971428571429,0.9714285714285714,439.6842105263158,1.0
hebverb_070,ישב,pa'al,sedersi / stare seduto,present_2,present_2,יושבת,יושבת,True,25.38963478,563.2088235294117,0.9714285714285714,,
hebverb_070,ישב,pa'al,sedersi / stare seduto,present_3,present_3,יושבים,יושבים,True,26.37805381,527.8729729459459,0.9459459459459459,,
hebverb_070,ישב,pa'al,sedersi / stare seduto,present_4,present_4,יושבות,יושבות,False,,,,,
hebverb_070,ישב,pa'al,sedersi / stare seduto,target,בעבר · אני,ישבתי,ישבתי,False,,,,,
hebverb_070,ישב,pa'al,sedersi / stare seduto,target,בעבר · אתה,ישבת,ישבת,False,,,,,
hebverb_070,ישב,pa'al,sedersi / stare seduto,target,בעבר · את,ישבת,ישבת,False,,,,,
hebverb_070,ישב,pa'al,sedersi / stare seduto,target,בעבר · הוא,ישב,ישב,True,20.65371294,574.4078947368421,0.8947368421052632,487.8918918918919,0.9743589743589743
hebverb_070,ישב,pa'al,sedersi / stare seduto,target,בעבר · היא,ישבה,ישבה,True,5.039117865,584.0324324594595,0.918918918918919,,
hebverb_070,ישב,pa'al,sedersi / stare seduto,target,בעבר · אנחנו,ישבנו,ישבנו,True,6.294349392,540.0216216216216,0.868421052631579,479.4166666666667,0.9487179487179487
hebverb_070,ישב,pa'al,sedersi / stare seduto,target,בעבר · אתם,ישבתם,ישבתם,False,,,,,
hebverb_070,ישב,pa'al,sedersi / stare seduto,target,בעבר · אתן,ישבתן,ישבתן,False,,,,,
hebverb_070,ישב,pa'al,sedersi / stare seduto,target,בעבר · הם,ישבו,ישבו,False,,,,,
hebverb_070,ישב,pa'al,sedersi / stare seduto,target,בעבר · הן,ישבו,ישבו,False,,,,,
hebverb_070,ישב,pa'al,sedersi / stare seduto,target,בעתיד · אני,אשב,אשב,False,,,,,
hebverb_070,ישב,pa'al,sedersi / stare seduto,target,בעתיד · אתה,תשב,תשב,True,16.79705955,561.5055555555556,0.8055555555555556,499.6842105263158,1.0
hebverb_070,ישב,pa'al,sedersi / stare seduto,target,בעתיד · את,תשבי,תשבי,False,,,,,
hebverb_070,ישב,pa'al,sedersi / stare seduto,target,בעתיד · הוא,ישב,ישב,True,20.65371294,574.4078947368421,0.8947368421052632,487.8918918918919,0.9743589743589743
hebverb_070,ישב,pa'al,sedersi / stare seduto,target,בעתיד · היא,תשב,תשב,True,16.79705955,561.5055555555556,0.8055555555555556,499.6842105263158,1.0
hebverb_070,ישב,pa'al,sedersi / stare seduto,target,בעתיד · אנחנו,נשב,נשב,False,,,,,
hebverb_070,ישב,pa'al,sedersi / stare seduto,target,בעתיד · אתם,תשבו,תשבו,False,,,,,
hebverb_070,ישב,pa'al,sedersi / stare seduto,target,בעתיד · אתן,תשבנה,תשבנה,False,,,,,
hebverb_070,ישב,pa'al,sedersi / stare seduto,target,בעתיד · הם,ישבו,ישבו,False,,,,,
hebverb_070,ישב,pa'al,sedersi / stare seduto,target,בעתיד · הן,תשבנה,תשבנה,False,,,,,
hebverb_071,שכח,pa'al,dimenticare,infinitive,infinitive,לשכוח,לשכוח,False,,,,,
hebverb_071,שכח,pa'al,dimenticare,present_1,present_1,שוכח,שוכח,False,,,,,
hebverb_071,שכח,pa'al,dimenticare,present_2,present_2,שוכחת,שוכחת,False,,,,,
hebverb_071,שכח,pa'al,dimenticare,present_3,present_3,שוכחים,שוכחים,False,,,,,
hebverb_071,שכח,pa'al,dimenticare,present_4,present_4,שוכחות,שוכחות,False,,,,,
hebverb_071,שכח,pa'al,dimenticare,target,בעבר · אני,שכחתי,שכחתי,True,66.65461321,551.8583333333333,0.9722222222222222,470.38235294117646,1.0
hebverb_071,שכח,pa'al,dimenticare,target,בעבר · אתה,שכחת,שכחת,False,,,,,
hebverb_071,שכח,pa'al,dimenticare,target,בעבר · את,שכחת,שכחת,False,,,,,
hebverb_071,שכח,pa'al,dimenticare,target,בעבר · הוא,שכח,שכח,False,,,,,
hebverb_071,שכח,pa'al,dimenticare,target,בעבר · היא,שכחה,שכחה,False,,,,,
hebverb_071,שכח,pa'al,dimenticare,target,בעבר · אנחנו,שכחנו,שכחנו,False,,,,,
hebverb_071,שכח,pa'al,dimenticare,target,בעבר · אתם,שכחתם,שכחתם,False,,,,,
hebverb_071,שכח,pa'al,dimenticare,target,בעבר · אתן,שכחתן,שכחתן,False,,,,,
hebverb_071,שכח,pa'al,dimenticare,target,בעבר · הם,שכחו,שכחו,False,,,,,
hebverb_071,שכח,pa'al,dimenticare,target,בעבר · הן,שכחו,שכחו,False,,,,,
hebverb_071,שכח,pa'al,dimenticare,target,בעתיד · אני,אשכח,אשכח,False,,,,,
hebverb_071,שכח,pa'al,dimenticare,target,בעתיד · אתה,תשכח,תשכח,False,,,,,
hebverb_071,שכח,pa'al,dimenticare,target,בעתיד · את,תשכחי,תשכחי,False,,,,,
hebverb_071,שכח,pa'al,dimenticare,target,בעתיד · הוא,ישכח,ישכח,False,,,,,
hebverb_071,שכח,pa'al,dimenticare,target,בעתיד · היא,תשכח,תשכח,False,,,,,
hebverb_071,שכח,pa'al,dimenticare,target,בעתיד · אנחנו,נשכח,נשכח,False,,,,,
hebverb_071,שכח,pa'al,dimenticare,target,בעתיד · אתם,תשכחו,תשכחו,False,,,,,
hebverb_071,שכח,pa'al,dimenticare,target,בעתיד · אתן,תשכחנה,תשכחנה,False,,,,,
hebverb_071,שכח,pa'al,dimenticare,target,בעתיד · הם,ישכחו,ישכחו,False,,,,,
hebverb_071,שכח,pa'al,dimenticare,target,בעתיד · הן,תשכחנה,תשכחנה,False,,,,,
hebverb_072,חתך,pa'al,tagliare,infinitive,infinitive,לחתוך,לחתוך,False,,,,,
hebverb_072,חתך,pa'al,tagliare,present_1,present_1,חותך,חותך,False,,,,,
hebverb_072,חתך,pa'al,tagliare,present_2,present_2,חותכת,חותכת,False,,,,,
hebverb_072,חתך,pa'al,tagliare,present_3,present_3,חותכים,חותכים,False,,,,,
hebverb_072,חתך,pa'al,tagliare,present_4,present_4,חותכות,חותכות,False,,,,,
hebverb_072,חתך,pa'al,tagliare,target,בעבר · אני,חתכתי,חתכתי,False,,,,,
hebverb_072,חתך,pa'al,tagliare,target,בעבר · אתה,חתכת,חתכת,False,,,,,
hebverb_072,חתך,pa'al,tagliare,target,בעבר · את,חתכת,חתכת,False,,,,,
hebverb_072,חתך,pa'al,tagliare,target,בעבר · הוא,חתך,חתך,False,,,,,
hebverb_072,חתך,pa'al,tagliare,target,בעבר · היא,חתכה,חתכה,False,,,,,
hebverb_072,חתך,pa'al,tagliare,target,בעבר · אנחנו,חתכנו,חתכנו,False,,,,,
hebverb_072,חתך,pa'al,tagliare,target,בעבר · אתם,חתכתם,חתכתם,False,,,,,
hebverb_072,חתך,pa'al,tagliare,target,בעבר · אתן,חתכתן,חתכתן,False,,,,,
hebverb_072,חתך,pa'al,tagliare,target,בעבר · הם,חתכו,חתכו,False,,,,,
hebverb_072,חתך,pa'al,tagliare,target,בעבר · הן,חתכו,חתכו,False,,,,,
hebverb_072,חתך,pa'al,tagliare,target,בעתיד · אני,אחתוך,אחתוך,False,,,,,
hebverb_072,חתך,pa'al,tagliare,target,בעתיד · אני,אחתך,אחתך,False,,,,,
hebverb_072,חתך,pa'al,tagliare,target,בעתיד · אתה,תחתוך,תחתוך,False,,,,,
hebverb_072,חתך,pa'al,tagliare,target,בעתיד · אתה,תחתך,תחתך,False,,,,,
hebverb_072,חתך,pa'al,tagliare,target,בעתיד · את,תחתכי,תחתכי,True,1.952582374,693.8414634146342,0.975609756097561,501.18918918918916,0.926829268292683
hebverb_072,חתך,pa'al,tagliare,target,בעתיד · הוא,יחתוך,יחתוך,False,,,,,
hebverb_072,חתך,pa'al,tagliare,target,בעתיד · הוא,יחתך,יחתך,False,,,,,
hebverb_072,חתך,pa'al,tagliare,target,בעתיד · היא,תחתוך,תחתוך,False,,,,,
hebverb_072,חתך,pa'al,tagliare,target,בעתיד · היא,תחתך,תחתך,False,,,,,
hebverb_072,חתך,pa'al,tagliare,target,בעתיד · אנחנו,נחתוך,נחתוך,False,,,,,
hebverb_072,חתך,pa'al,tagliare,target,בעתיד · אנחנו,נחתך,נחתך,True,4.499428948,621.2714285714286,0.8571428571428571,,
hebverb_072,חתך,pa'al,tagliare,target,בעתיד · אתם,תחתכו,תחתכו,True,1.030866471,682.9114285714286,0.9142857142857143,,
hebverb_072,חתך,pa'al,tagliare,target,בעתיד · אתן,תחתוכנה,תחתוכנה,False,,,,,
hebverb_072,חתך,pa'al,tagliare,target,בעתיד · אתן,תחתכנה,תחתכנה,False,,,,,
hebverb_072,חתך,pa'al,tagliare,target,בעתיד · הם,יחתכו,יחתכו,False,,,,,
hebverb_072,חתך,pa'al,tagliare,target,בעתיד · הן,תחתוכנה,תחתוכנה,False,,,,,
hebverb_072,חתך,pa'al,tagliare,target,בעתיד · הן,תחתכנה,תחתכנה,False,,,,,
hebverb_073,יצר,pa'al,creare,infinitive,infinitive,ליצור,ליצור,True,134.0429608,585.22,0.9142857142857143,472.6470588235294,1.0
hebverb_073,יצר,pa'al,creare,present_1,present_1,יוצר,יוצר,False,,,,,
hebverb_073,יצר,pa'al,creare,present_2,present_2,יוצרת,יוצרת,False,,,,,
hebverb_073,יצר,pa'al,creare,present_3,present_3,יוצרים,יוצרים,False,,,,,
hebverb_073,יצר,pa'al,creare,present_4,present_4,יוצרות,יוצרות,False,,,,,
hebverb_073,יצר,pa'al,creare,target,בעבר · אני,יצרתי,יצרתי,False,,,,,
hebverb_073,יצר,pa'al,creare,target,בעבר · אתה,יצרת,יצרת,False,,,,,
hebverb_073,יצר,pa'al,creare,target,בעבר · את,יצרת,יצרת,False,,,,,
hebverb_073,יצר,pa'al,creare,target,בעבר · הוא,יצר,יצר,False,,,,,
hebverb_073,יצר,pa'al,creare,target,בעבר · היא,יצרה,יצרה,False,,,,,
hebverb_073,יצר,pa'al,creare,target,בעבר · אנחנו,יצרנו,יצרנו,False,,,,,
hebverb_073,יצר,pa'al,creare,target,בעבר · אתם,יצרתם,יצרתם,False,,,,,
hebverb_073,יצר,pa'al,creare,target,בעבר · אתן,יצרתן,יצרתן,False,,,,,
hebverb_073,יצר,pa'al,creare,target,בעבר · הם,יצרו,יצרו,False,,,,,
hebverb_073,יצר,pa'al,creare,target,בעבר · הן,יצרו,יצרו,False,,,,,
hebverb_073,יצר,pa'al,creare,target,בעתיד · אני,אצור,אצור,False,,,,,
hebverb_073,יצר,pa'al,creare,target,בעתיד · אני,אצר,אצר,False,,,,,
hebverb_073,יצר,pa'al,creare,target,בעתיד · אתה,תיצור,תיצור,True,5.039117865,588.1850000249999,0.9,,
hebverb_073,יצר,pa'al,creare,target,בעתיד · אתה,תצר,תצר,False,,,,,
hebverb_073,יצר,pa'al,creare,target,בעתיד · את,תיצרי,תיצרי,False,,,,,
hebverb_073,יצר,pa'al,creare,target,בעתיד · את,תצרי,תצרי,False,,,,,
hebverb_073,יצר,pa'al,creare,target,בעתיד · הוא,ייצור,ייצור,False,,,,,
hebverb_073,יצר,pa'al,creare,target,בעתיד · הוא,יצר,יצר,False,,,,,
hebverb_073,יצר,pa'al,creare,target,בעתיד · היא,תיצור,תיצור,True,5.039117865,588.1850000249999,0.9,,
hebverb_073,יצר,pa'al,creare,target,בעתיד · היא,תצר,תצר,False,,,,,
hebverb_073,יצר,pa'al,creare,target,בעתיד · אנחנו,ניצור,ניצור,False,,,,,
hebverb_073,יצר,pa'al,creare,target,בעתיד · אנחנו,נצר,נצר,True,0.958099426,601.9885714285714,0.8,451.8787878787879,0.9411764705882353
hebverb_073,יצר,pa'al,creare,target,בעתיד · אתם,תיצרו,תיצרו,False,,,,,
hebverb_073,יצר,pa'al,creare,target,בעתיד · אתם,תצרו,תצרו,False,,,,,
hebverb_073,יצר,pa'al,creare,target,בעתיד · אתן,תיצורנה,תיצורנה,False,,,,,
hebverb_073,יצר,pa'al,creare,target,בעתיד · אתן,תצרנה,תצרנה,False,,,,,
hebverb_073,יצר,pa'al,creare,target,בעתיד · הם,ייצרו,ייצרו,False,,,,,
hebverb_073,יצר,pa'al,creare,target,בעתיד · הם,יצרו,יצרו,False,,,,,
hebverb_073,יצר,pa'al,creare,target,בעתיד · הן,תיצורנה,תיצורנה,False,,,,,
hebverb_073,יצר,pa'al,creare,target,בעתיד · הן,תצרנה,תצרנה,False,,,,,
hebverb_074,גדל,pa'al,crescere / far crescere,infinitive,infinitive,לגדול,לגדול,True,21.07212344,567.5394736842105,1.0,,
hebverb_074,גדל,pa'al,crescere / far crescere,present_1,present_1,גדל,גדל,True,32.39346286,548.6513513513513,0.9459459459459459,470.20512820512823,0.975609756097561
hebverb_074,גדל,pa'al,crescere / far crescere,present_2,present_2,גדלה,גדלה,False,,,,,
hebverb_074,גדל,pa'al,crescere / far crescere,present_3,present_3,גדלים,גדלים,False,,,,,
hebverb_074,גדל,pa'al,crescere / far crescere,present_4,present_4,גדלות,גדלות,False,,,,,
hebverb_074,גדל,pa'al,crescere / far crescere,target,בעבר · אני,גדלתי,גדלתי,True,17.96133227,554.6216216216217,0.972972972972973,,
hebverb_074,גדל,pa'al,crescere / far crescere,target,בעבר · אתה,גדלת,גדלת,False,,,,,
hebverb_074,גדל,pa'al,crescere / far crescere,target,בעבר · את,גדלת,גדלת,False,,,,,
hebverb_074,גדל,pa'al,crescere / far crescere,target,בעבר · הוא,גדל,גדל,True,32.39346286,548.6513513513513,0.9459459459459459,470.20512820512823,0.975609756097561
hebverb_074,גדל,pa'al,crescere / far crescere,target,בעבר · היא,גדלה,גדלה,False,,,,,
hebverb_074,גדל,pa'al,crescere / far crescere,target,בעבר · אנחנו,גדלנו,גדלנו,False,,,,,
hebverb_074,גדל,pa'al,crescere / far crescere,target,בעבר · אתם,גדלתם,גדלתם,False,,,,,
hebverb_074,גדל,pa'al,crescere / far crescere,target,בעבר · אתן,גדלתן,גדלתן,False,,,,,
hebverb_074,גדל,pa'al,crescere / far crescere,target,בעבר · הם,גדלו,גדלו,False,,,,,
hebverb_074,גדל,pa'al,crescere / far crescere,target,בעבר · הן,גדלו,גדלו,False,,,,,
hebverb_074,גדל,pa'al,crescere / far crescere,target,בעתיד · אני,אגדל,אגדל,False,,,,,
hebverb_074,גדל,pa'al,crescere / far crescere,target,בעתיד · אתה,תגדל,תגדל,False,,,,,
hebverb_074,גדל,pa'al,crescere / far crescere,target,בעתיד · את,תגדלי,תגדלי,False,,,,,
hebverb_074,גדל,pa'al,crescere / far crescere,target,בעתיד · הוא,יגדל,יגדל,False,,,,,
hebverb_074,גדל,pa'al,crescere / far crescere,target,בעתיד · היא,תגדל,תגדל,False,,,,,
hebverb_074,גדל,pa'al,crescere / far crescere,target,בעתיד · אנחנו,נגדל,נגדל,True,1.273423287,603.3605263684211,1.0,,
hebverb_074,גדל,pa'al,crescere / far crescere,target,בעתיד · אתם,תגדלו,תגדלו,False,,,,,
hebverb_074,גדל,pa'al,crescere / far crescere,target,בעתיד · אתן,תגדלנה,תגדלנה,False,,,,,
hebverb_074,גדל,pa'al,crescere / far crescere,target,בעתיד · הם,יגדלו,יגדלו,False,,,,,
hebverb_074,גדל,pa'al,crescere / far crescere,target,בעתיד · הן,תגדלנה,תגדלנה,False,,,,,
hebverb_075,בהה,pa'al,fissare,infinitive,infinitive,לבהות,לבהות,False,,,,,
hebverb_075,בהה,pa'al,fissare,present_1,present_1,בוהה,בוהה,False,,,,,
hebverb_075,בהה,pa'al,fissare,present_2,present_2,בוהה,בוהה,False,,,,,
hebverb_075,בהה,pa'al,fissare,present_3,present_3,בוהים,בוהים,False,,,,,
hebverb_075,בהה,pa'al,fissare,present_4,present_4,בוהות,בוהות,False,,,,,
hebverb_075,בהה,pa'al,fissare,target,בעבר · אני,בהיתי,בהיתי,False,,,,,
hebverb_075,בהה,pa'al,fissare,target,בעבר · אתה,בהית,בהית,False,,,,,
hebverb_075,בהה,pa'al,fissare,target,בעבר · את,בהית,בהית,False,,,,,
hebverb_075,בהה,pa'al,fissare,target,בעבר · הוא,בהה,בהה,False,,,,,
hebverb_075,בהה,pa'al,fissare,target,בעבר · היא,בהתה,בהתה,False,,,,,
hebverb_075,בהה,pa'al,fissare,target,בעבר · אנחנו,בהינו,בהינו,False,,,,,
hebverb_075,בהה,pa'al,fissare,target,בעבר · אתם,בהיתם,בהיתם,False,,,,,
hebverb_075,בהה,pa'al,fissare,target,בעבר · אתן,בהיתן,בהיתן,False,,,,,
hebverb_075,בהה,pa'al,fissare,target,בעבר · הם,בהו,בהו,False,,,,,
hebverb_075,בהה,pa'al,fissare,target,בעבר · הן,בהו,בהו,False,,,,,
hebverb_075,בהה,pa'al,fissare,target,בעתיד · אני,אבהה,אבהה,False,,,,,
hebverb_075,בהה,pa'al,fissare,target,בעתיד · אתה,תבהה,תבהה,False,,,,,
hebverb_075,בהה,pa'al,fissare,target,בעתיד · את,תבהי,תבהי,False,,,,,
hebverb_075,בהה,pa'al,fissare,target,בעתיד · הוא,יבהה,יבהה,False,,,,,
hebverb_075,בהה,pa'al,fissare,target,בעתיד · היא,תבהה,תבהה,False,,,,,
hebverb_075,בהה,pa'al,fissare,target,בעתיד · אנחנו,נבהה,נבהה,False,,,,,
hebverb_075,בהה,pa'al,fissare,target,בעתיד · אתם,תבהו,תבהו,False,,,,,
hebverb_075,בהה,pa'al,fissare,target,בעתיד · אתן,תבהינה,תבהינה,False,,,,,
hebverb_075,בהה,pa'al,fissare,target,בעתיד · הם,יבהו,יבהו,False,,,,,
hebverb_075,בהה,pa'al,fissare,target,בעתיד · הן,תבהינה,תבהינה,False,,,,,
hebverb_076,בדק,pa'al,controllare,infinitive,infinitive,לבדוק,לבדוק,True,189.9341153,580.1410256410256,0.9743589743589743,465.65714285714284,1.0
hebverb_076,בדק,pa'al,controllare,present_1,present_1,בודק,בודק,True,26.86923136,604.8131578947368,0.8974358974358975,456.53125,0.9696969696969697
hebverb_076,בדק,pa'al,controllare,present_2,present_2,בודקת,בודקת,False,,,,,
hebverb_076,בדק,pa'al,controllare,present_3,present_3,בודקים,בודקים,False,,,,,
hebverb_076,בדק,pa'al,controllare,present_4,present_4,בודקות,בודקות,False,,,,,
hebverb_076,בדק,pa'al,controllare,target,בעבר · אני,בדקתי,בדקתי,False,,,,,
hebverb_076,בדק,pa'al,controllare,target,בעבר · אתה,בדקת,בדקת,False,,,,,
hebverb_076,בדק,pa'al,controllare,target,בעבר · את,בדקת,בדקת,False,,,,,
hebverb_076,בדק,pa'al,controllare,target,בעבר · הוא,בדק,בדק,False,,,,,
hebverb_076,בדק,pa'al,controllare,target,בעבר · היא,בדקה,בדקה,False,,,,,
hebverb_076,בדק,pa'al,controllare,target,בעבר · אנחנו,בדקנו,בדקנו,False,,,,,
hebverb_076,בדק,pa'al,controllare,target,בעבר · אתם,בדקתם,בדקתם,False,,,,,
hebverb_076,בדק,pa'al,controllare,target,בעבר · אתן,בדקתן,בדקתן,False,,,,,
hebverb_076,בדק,pa'al,controllare,target,בעבר · הם,בדקו,בדקו,True,10.25408942,640.4875,0.925,469.61764705882354,0.9714285714285714
hebverb_076,בדק,pa'al,controllare,target,בעבר · הן,בדקו,בדקו,True,10.25408942,640.4875,0.925,469.61764705882354,0.9714285714285714
hebverb_076,בדק,pa'al,controllare,target,בעתיד · אני,אבדוק,אבדוק,False,,,,,
hebverb_076,בדק,pa'al,controllare,target,בעתיד · אני,אבדק,אבדק,False,,,,,
hebverb_076,בדק,pa'al,controllare,target,בעתיד · אתה,תבדוק,תבדוק,True,32.3449515,587.7128205384615,0.8974358974358975,,
hebverb_076,בדק,pa'al,controllare,target,בעתיד · אתה,תבדק,תבדק,False,,,,,
hebverb_076,בדק,pa'al,controllare,target,בעתיד · את,תבדקי,תבדקי,False,,,,,
hebverb_076,בדק,pa'al,controllare,target,בעתיד · הוא,יבדוק,יבדוק,False,,,,,
hebverb_076,בדק,pa'al,controllare,target,בעתיד · הוא,יבדק,יבדק,False,,,,,
hebverb_076,בדק,pa'al,controllare,target,בעתיד · היא,תבדוק,תבדוק,True,32.3449515,587.7128205384615,0.8974358974358975,,
hebverb_076,בדק,pa'al,controllare,target,בעתיד · היא,תבדק,תבדק,False,,,,,
hebverb_076,בדק,pa'al,controllare,target,בעתיד · אנחנו,נבדוק,נבדוק,True,19.75625271,559.5925,0.975,489.6363636363636,1.0
hebverb_076,בדק,pa'al,controllare,target,בעתיד · אנחנו,נבדק,נבדק,False,,,,,
hebverb_076,בדק,pa'al,controllare,target,בעתיד · אתם,תבדקו,תבדקו,True,10.67249993,530.5526315789474,0.9736842105263158,505.2,1.0
hebverb_076,בדק,pa'al,controllare,target,בעתיד · אתן,תבדוקנה,תבדוקנה,False,,,,,
hebverb_076,בדק,pa'al,controllare,target,בעתיד · אתן,תבדקנה,תבדקנה,False,,,,,
hebverb_076,בדק,pa'al,controllare,target,בעתיד · הם,יבדקו,יבדקו,True,2.874298277,604.5500000000001,0.7948717948717948,490.1212121212121,0.9714285714285714
hebverb_076,בדק,pa'al,controllare,target,בעתיד · הן,תבדוקנה,תבדוקנה,False,,,,,
hebverb_076,בדק,pa'al,controllare,target,בעתיד · הן,תבדקנה,תבדקנה,False,,,,,
hebverb_077,שלח,pa'al,mandare,infinitive,infinitive,לשלוח,לשלוח,True,113.0314765,546.9545454545455,0.8857142857142857,466.65,1.0
hebverb_077,שלח,pa'al,mandare,present_1,present_1,שולח,שולח,False,,,,,
hebverb_077,שלח,pa'al,mandare,present_2,present_2,שולחת,שולחת,False,,,,,
hebverb_077,שלח,pa'al,mandare,present_3,present_3,שולחים,שולחים,False,,,,,
hebverb_077,שלח,pa'al,mandare,present_4,present_4,שולחות,שולחות,False,,,,,
hebverb_077,שלח,pa'al,mandare,target,בעבר · אני,שלחתי,שלחתי,True,40.76167303,558.7742857142857,0.9428571428571428,,
hebverb_077,שלח,pa'al,mandare,target,בעבר · אתה,שלחת,שלחת,False,,,,,
hebverb_077,שלח,pa'al,mandare,target,בעבר · את,שלחת,שלחת,False,,,,,
hebverb_077,שלח,pa'al,mandare,target,בעבר · הוא,שלח,שלח,False,,,,,
hebverb_077,שלח,pa'al,mandare,target,בעבר · היא,שלחה,שלחה,False,,,,,
hebverb_077,שלח,pa'al,mandare,target,בעבר · אנחנו,שלחנו,שלחנו,True,8.386401935,670.7625,0.925,483.10526315789474,0.9743589743589743
hebverb_077,שלח,pa'al,mandare,target,בעבר · אתם,שלחתם,שלחתם,True,1.327998571,626.3378377837838,0.8378378378378378,,
hebverb_077,שלח,pa'al,mandare,target,בעבר · אתן,שלחתן,שלחתן,False,,,,,
hebverb_077,שלח,pa'al,mandare,target,בעבר · הם,שלחו,שלחו,True,30.859291,572.3526316052632,0.8947368421052632,,
hebverb_077,שלח,pa'al,mandare,target,בעבר · הן,שלחו,שלחו,True,30.859291,572.3526316052632,0.8947368421052632,,
hebverb_077,שלח,pa'al,mandare,target,בעתיד · אני,אשלח,אשלח,False,,,,,
hebverb_077,שלח,pa'al,mandare,target,בעתיד · אתה,תשלח,תשלח,False,,,,,
hebverb_077,שלח,pa'al,mandare,target,בעתיד · את,תשלחי,תשלחי,True,8.501616423,546.4710526052631,0.8974358974358975,,
hebverb_077,שלח,pa'al,mandare,target,בעתיד · הוא,ישלח,ישלח,False,,,,,
hebverb_077,שלח,pa'al,mandare,target,בעתיד · היא,תשלח,תשלח,False,,,,,
hebverb_077,שלח,pa'al,mandare,target,בעתיד · אנחנו,נשלח,נשלח,False,,,,,
hebverb_077,שלח,pa'al,mandare,target,בעתיד · אתם,תשלחו,תשלחו,False,,,,,
hebverb_077,שלח,pa'al,mandare,target,בעתיד · אתן,תשלחנה,תשלחנה,False,,,,,
hebverb_077,שלח,pa'al,mandare,target,בעתיד · הם,ישלחו,ישלחו,True,9.362693122,566.9875,0.925,550.6363636363636,1.0
hebverb_077,שלח,pa'al,mandare,target,בעתיד · הן,תשלחנה,תשלחנה,False,,,,,
hebverb_078,שכר,pa'al,affittare,infinitive,infinitive,לשכר,לשכר,False,,,,,
hebverb_078,שכר,pa'al,affittare,present_1,present_1,שוכר,שוכר,True,5.718276952,623.1342105263158,0.8947368421052632,,
hebverb_078,שכר,pa'al,affittare,present_2,present_2,שוכרת,שוכרת,False,,,,,
hebverb_078,שכר,pa'al,affittare,present_3,present_3,שוכרים,שוכרים,False,,,,,
hebverb_078,שכר,pa'al,affittare,present_4,present_4,שוכרות,שוכרות,False,,,,,
hebverb_078,שכר,pa'al,affittare,target,בעבר · אני,שכרתי,שכרתי,False,,,,,
hebverb_078,שכר,pa'al,affittare,target,בעבר · אתה,שכרת,שכרת,False,,,,,
hebverb_078,שכר,pa'al,affittare,target,בעבר · את,שכרת,שכרת,False,,,,,
hebverb_078,שכר,pa'al,affittare,target,בעבר · הוא,שכר,שכר,True,49.62712468,499.2384615128205,0.9487179487179487,,
hebverb_078,שכר,pa'al,affittare,target,בעבר · היא,שכרה,שכרה,False,,,,,
hebverb_078,שכר,pa'al,affittare,target,בעבר · אנחנו,שכרנו,שכרנו,False,,,,,
hebverb_078,שכר,pa'al,affittare,target,בעבר · אתם,שכרתם,שכרתם,False,,,,,
hebverb_078,שכר,pa'al,affittare,target,בעבר · אתן,שכרתן,שכרתן,False,,,,,
hebverb_078,שכר,pa'al,affittare,target,בעבר · הם,שכרו,שכרו,False,,,,,
hebverb_078,שכר,pa'al,affittare,target,בעבר · הן,שכרו,שכרו,False,,,,,
hebverb_078,שכר,pa'al,affittare,target,בעתיד · אני,אשכר,אשכר,False,,,,,
hebverb_078,שכר,pa'al,affittare,target,בעתיד · אני,אשכור,אשכור,True,1.637258512,700.5971428571429,0.8,512.8620689655172,0.6176470588235294
hebverb_078,שכר,pa'al,affittare,target,בעתיד · אתה,תשכר,תשכר,False,,,,,
hebverb_078,שכר,pa'al,affittare,target,בעתיד · אתה,תשכור,תשכור,True,1.158208799,648.3742857142856,0.8571428571428571,497.8974358974359,1.0
hebverb_078,שכר,pa'al,affittare,target,בעתיד · את,תשכרי,תשכרי,False,,,,,
hebverb_078,שכר,pa'al,affittare,target,בעתיד · הוא,ישכר,ישכר,False,,,,,
hebverb_078,שכר,pa'al,affittare,target,בעתיד · הוא,ישכור,ישכור,False,,,,,
hebverb_078,שכר,pa'al,affittare,target,בעתיד · היא,תשכר,תשכר,False,,,,,
hebverb_078,שכר,pa'al,affittare,target,בעתיד · היא,תשכור,תשכור,True,1.158208799,648.3742857142856,0.8571428571428571,497.8974358974359,1.0
hebverb_078,שכר,pa'al,affittare,target,בעתיד · אנחנו,נשכר,נשכר,True,1.940454533,577.9657142857143,0.9142857142857143,,
hebverb_078,שכר,pa'al,affittare,target,בעתיד · אנחנו,נשכור,נשכור,False,,,,,
hebverb_078,שכר,pa'al,affittare,target,בעתיד · אתם,תשכרו,תשכרו,False,,,,,
hebverb_078,שכר,pa'al,affittare,target,בעתיד · אתן,תשכרנה,תשכרנה,False,,,,,
hebverb_078,שכר,pa'al,affittare,target,בעתיד · אתן,תשכורנה,תשכורנה,False,,,,,
hebverb_078,שכר,pa'al,affittare,target,בעתיד · הם,ישכרו,ישכרו,False,,,,,
hebverb_078,שכר,pa'al,affittare,target,בעתיד · הן,תשכרנה,תשכרנה,False,,,,,
hebverb_078,שכר,pa'al,affittare,target,בעתיד · הן,תשכורנה,תשכורנה,False,,,,,
hebverb_079,יצא,pa'al,uscire,infinitive,infinitive,לצאת,לצאת,False,,,,,
hebverb_079,יצא,pa'al,uscire,present_1,present_1,יוצא,יוצא,True,186.9446025,535.1142857428572,0.9714285714285714,,
hebverb_079,יצא,pa'al,uscire,present_2,present_2,יוצאת,יוצאת,True,78.4731941,556.2513513243243,0.972972972972973,465.34375,0.9473684210526315
hebverb_079,יצא,pa'al,uscire,present_3,present_3,יוצאים,יוצאים,True,69.27422683,559.0400000000001,0.8857142857142857,437.775,1.0
hebverb_079,יצא,pa'al,uscire,present_4,present_4,יוצאות,יוצאות,False,,,,,
hebverb_079,יצא,pa'al,uscire,target,בעבר · אני,יצאתי,יצאתי,True,47.71092583,535.9428571428572,0.9714285714285714,432.46153846153845,0.975609756097561
hebverb_079,יצא,pa'al,uscire,target,בעבר · אתה,יצאת,יצאת,False,,,,,
hebverb_079,יצא,pa'al,uscire,target,בעבר · את,יצאת,יצאת,False,,,,,
hebverb_079,יצא,pa'al,uscire,target,בעבר · הוא,יצא,יצא,True,145.5280261,510.65142857142854,0.9142857142857143,451.85,1.0
hebverb_079,יצא,pa'al,uscire,target,בעבר · היא,יצאה,יצאה,True,38.98494435,568.0394737105263,0.9736842105263158,,
hebverb_079,יצא,pa'al,uscire,target,בעבר · אנחנו,יצאנו,יצאנו,True,21.50266179,510.54571428571427,0.8857142857142857,453.97058823529414,1.0
hebverb_079,יצא,pa'al,uscire,target,בעבר · אתם,יצאתם,יצאתם,False,,,,,
hebverb_079,יצא,pa'al,uscire,target,בעבר · אתן,יצאתן,יצאתן,False,,,,,
hebverb_079,יצא,pa'al,uscire,target,בעבר · הם,יצאו,יצאו,True,39.96729946,593.1837837567567,0.8947368421052632,462.2121212121212,0.9459459459459459
hebverb_079,יצא,pa'al,uscire,target,בעבר · הן,יצאו,יצאו,True,39.96729946,593.1837837567567,0.8947368421052632,462.2121212121212,0.9459459459459459
hebverb_079,יצא,pa'al,uscire,target,בעתיד · אני,אצא,אצא,False,,,,,
hebverb_079,יצא,pa'al,uscire,target,בעתיד · אתה,תצא,תצא,False,,,,,
hebverb_079,יצא,pa'al,uscire,target,בעתיד · את,תצאי,תצאי,False,,,,,
hebverb_079,יצא,pa'al,uscire,target,בעתיד · הוא,יצא,יצא,True,145.5280261,510.65142857142854,0.9142857142857143,451.85,1.0
hebverb_079,יצא,pa'al,uscire,target,בעתיד · היא,תצא,תצא,False,,,,,
hebverb_079,יצא,pa'al,uscire,target,בעתיד · אנחנו,נצא,נצא,True,49.18445849,567.1828571428572,0.9428571428571428,451.3142857142857,1.0
hebverb_079,יצא,pa'al,uscire,target,בעתיד · אתם,תצאו,תצאו,False,,,,,
hebverb_079,יצא,pa'al,uscire,target,בעתיד · אתן,תצאנה,תצאנה,False,,,,,
hebverb_079,יצא,pa'al,uscire,target,בעתיד · הם,יצאו,יצאו,True,39.96729946,593.1837837567567,0.8947368421052632,462.2121212121212,0.9459459459459459
hebverb_079,יצא,pa'al,uscire,target,בעתיד · הן,תצאנה,תצאנה,False,,,,,
hebverb_080,צפה,pa'al,guardare,infinitive,infinitive,לצפות,לצפות,True,105.6334936,596.007499975,0.975,,
hebverb_080,צפה,pa'al,guardare,present_1,present_1,צופה,צופה,True,55.67285334,606.1000000263158,0.8947368421052632,,
hebverb_080,צפה,pa'al,guardare,present_2,present_2,צופה,צופה,True,55.67285334,606.1000000263158,0.8947368421052632,,
hebverb_080,צפה,pa'al,guardare,present_3,present_3,צופים,צופים,False,,,,,
hebverb_080,צפה,pa'al,guardare,present_4,present_4,צופות,צופות,False,,,,,
hebverb_080,צפה,pa'al,guardare,target,בעבר · אני,צפיתי,צפיתי,True,19.39848141,571.9228571428571,1.0,,
hebverb_080,צפה,pa'al,guardare,target,בעבר · אתה,צפית,צפית,False,,,,,
hebverb_080,צפה,pa'al,guardare,target,בעבר · את,צפית,צפית,False,,,,,
hebverb_080,צפה,pa'al,guardare,target,בעבר · הוא,צפה,צפה,False,,,,,
hebverb_080,צפה,pa'al,guardare,target,בעבר · היא,צפתה,צפתה,False,,,,,
hebverb_080,צפה,pa'al,guardare,target,בעבר · אנחנו,צפינו,צפינו,False,,,,,
hebverb_080,צפה,pa'al,guardare,target,בעבר · אתם,צפיתם,צפיתם,False,,,,,
hebverb_080,צפה,pa'al,guardare,target,בעבר · אתן,צפיתן,צפיתן,False,,,,,
hebverb_080,צפה,pa'al,guardare,target,בעבר · הם,צפו,צפו,False,,,,,
hebverb_080,צפה,pa'al,guardare,target,בעבר · הן,צפו,צפו,False,,,,,
hebverb_080,צפה,pa'al,guardare,target,בעתיד · אני,אצפה,אצפה,False,,,,,
hebverb_080,צפה,pa'al,guardare,target,בעתיד · אתה,תצפה,תצפה,True,7.391918987,615.9378378378378,0.9210526315789473,575.6944444444445,0.9743589743589743
hebverb_080,צפה,pa'al,guardare,target,בעתיד · את,תצפי,תצפי,True,3.001640606,590.4342857142857,0.9428571428571428,,
hebverb_080,צפה,pa'al,guardare,target,בעתיד · הוא,יצפה,יצפה,False,,,,,
hebverb_080,צפה,pa'al,guardare,target,בעתיד · היא,תצפה,תצפה,True,7.391918987,615.9378378378378,0.9210526315789473,575.6944444444445,0.9743589743589743
hebverb_080,צפה,pa'al,guardare,target,בעתיד · אנחנו,נצפה,נצפה,False,,,,,
hebverb_080,צפה,pa'al,guardare,target,בעתיד · אתם,תצפו,תצפו,False,,,,,
hebverb_080,צפה,pa'al,guardare,target,בעתיד · אתן,תצפינה,תצפינה,False,,,,,
hebverb_080,צפה,pa'al,guardare,target,בעתיד · הם,יצפו,יצפו,False,,,,,
hebverb_080,צפה,pa'al,guardare,target,בעתיד · הן,תצפינה,תצפינה,False,,,,,
hebverb_081,נכר,hiph'il,sapere / conoscere,infinitive,infinitive,להכיר,להכיר,False,,,,,
hebverb_081,נכר,hiph'il,sapere / conoscere,present_1,present_1,מכיר,מכיר,False,,,,,
hebverb_081,נכר,hiph'il,sapere / conoscere,present_2,present_2,מכירה,מכירה,True,146.3830388,566.9921052631579,0.9736842105263158,493.4848484848485,1.0
hebverb_081,נכר,hiph'il,sapere / conoscere,present_3,present_3,מכירים,מכירים,True,74.65898816,560.9282051025641,0.9743589743589743,,
hebverb_081,נכר,hiph'il,sapere / conoscere,present_4,present_4,מכירות,מכירות,False,,,,,
hebverb_081,נכר,hiph'il,sapere / conoscere,target,בעבר · אני,הכרתי,הכרתי,False,,,,,
hebverb_081,נכר,hiph'il,sapere / conoscere,target,בעבר · אתה,הכרת,הכרת,True,27.42104812,627.6384615384616,0.8717948717948718,531.0857142857143,0.9743589743589743
hebverb_081,נכר,hiph'il,sapere / conoscere,target,בעבר · את,הכרת,הכרת,True,27.42104812,627.6384615384616,0.8717948717948718,531.0857142857143,0.9743589743589743
hebverb_081,נכר,hiph'il,sapere / conoscere,target,בעבר · הוא,הכיר,הכיר,False,,,,,
hebverb_081,נכר,hiph'il,sapere / conoscere,target,בעבר · היא,הכירה,הכירה,False,,,,,
hebverb_081,נכר,hiph'il,sapere / conoscere,target,בעבר · אנחנו,הכרנו,הכרנו,False,,,,,
hebverb_081,נכר,hiph'il,sapere / conoscere,target,בעבר · אתם,הכרתם,הכרתם,False,,,,,
hebverb_081,נכר,hiph'il,sapere / conoscere,target,בעבר · אתן,הכרתן,הכרתן,False,,,,,
hebverb_081,נכר,hiph'il,sapere / conoscere,target,בעבר · הם,הכירו,הכירו,True,9.62950562,568.648717948718,0.8717948717948718,489.8285714285714,1.0
hebverb_081,נכר,hiph'il,sapere / conoscere,target,בעבר · הן,הכירו,הכירו,True,9.62950562,568.648717948718,0.8717948717948718,489.8285714285714,1.0
hebverb_081,נכר,hiph'il,sapere / conoscere,target,בעתיד · אני,אכיר,אכיר,False,,,,,
hebverb_081,נכר,hiph'il,sapere / conoscere,target,בעתיד · אתה,תכיר,תכיר,False,,,,,
hebverb_081,נכר,hiph'il,sapere / conoscere,target,בעתיד · את,תכירי,תכירי,False,,,,,
hebverb_081,נכר,hiph'il,sapere / conoscere,target,בעתיד · הוא,יכיר,יכיר,False,,,,,
hebverb_081,נכר,hiph'il,sapere / conoscere,target,בעתיד · היא,תכיר,תכיר,False,,,,,
hebverb_081,נכר,hiph'il,sapere / conoscere,target,בעתיד · אנחנו,נכיר,נכיר,False,,,,,
hebverb_081,נכר,hiph'il,sapere / conoscere,target,בעתיד · אתם,תכירו,תכירו,True,5.481784056,562.0657142857143,0.9444444444444444,496.1842105263158,0.9743589743589743
hebverb_081,נכר,hiph'il,sapere / conoscere,target,בעתיד · אתן,תכרנה,תכרנה,False,,,,,
hebverb_081,נכר,hiph'il,sapere / conoscere,target,בעתיד · הם,יכירו,יכירו,True,2.33460936,622.1457142857142,0.8857142857142857,,
hebverb_081,נכר,hiph'il,sapere / conoscere,target,בעתיד · הן,תכרנה,תכרנה,False,,,,,
hebverb_082,הפך,pa'al,diventare,infinitive,infinitive,להפוך,להפוך,False,,,,,
hebverb_082,הפך,pa'al,diventare,present_1,present_1,הופך,הופך,True,89.50952926,571.7432432702702,0.8648648648648649,,
hebverb_082,הפך,pa'al,diventare,present_2,present_2,הופכת,הופכת,False,,,,,
hebverb_082,הפך,pa'al,diventare,present_3,present_3,הופכים,הופכים,True,21.45415043,590.3432432432433,1.0,,
hebverb_082,הפך,pa'al,diventare,present_4,present_4,הופכות,הופכות,True,3.820269862,577.5394737368421,0.8947368421052632,,
hebverb_082,הפך,pa'al,diventare,target,בעבר · אני,הפכתי,הפכתי,False,,,,,
hebverb_082,הפך,pa'al,diventare,target,בעבר · אתה,הפכת,הפכת,False,,,,,
hebverb_082,הפך,pa'al,diventare,target,בעבר · את,הפכת,הפכת,False,,,,,
hebverb_082,הפך,pa'al,diventare,target,בעבר · הוא,הפך,הפך,True,70.18381489,573.0742857142857,0.9714285714285714,,
hebverb_082,הפך,pa'al,diventare,target,בעבר · היא,הפכה,הפכה,False,,,,,
hebverb_082,הפך,pa'al,diventare,target,בעבר · אנחנו,הפכנו,הפכנו,False,,,,,
hebverb_082,הפך,pa'al,diventare,target,בעבר · אתם,הפכתם,הפכתם,False,,,,,
hebverb_082,הפך,pa'al,diventare,target,בעבר · אתן,הפכתן,הפכתן,False,,,,,
hebverb_082,הפך,pa'al,diventare,target,בעבר · הם,הפכו,הפכו,False,,,,,
hebverb_082,הפך,pa'al,diventare,target,בעבר · הן,הפכו,הפכו,False,,,,,
hebverb_082,הפך,pa'al,diventare,target,בעתיד · אני,אהפוך,אהפוך,False,,,,,
hebverb_082,הפך,pa'al,diventare,target,בעתיד · אני,אהפך,אהפך,False,,,,,
hebverb_082,הפך,pa'al,diventare,target,בעתיד · אתה,תהפוך,תהפוך,True,19.71986919,569.6,0.868421052631579,,
hebverb_082,הפך,pa'al,diventare,target,בעתיד · אתה,תהפך,תהפך,False,,,,,
hebverb_082,הפך,pa'al,diventare,target,בעתיד · את,תהפכי,תהפכי,False,,,,,
hebverb_082,הפך,pa'al,diventare,target,בעתיד · הוא,יהפוך,יהפוך,True,26.65699415,540.9684210526316,0.9473684210526315,470.0810810810811,1.0
hebverb_082,הפך,pa'al,diventare,target,בעתיד · הוא,יהפך,יהפך,False,,,,,
hebverb_082,הפך,pa'al,diventare,target,בעתיד · היא,תהפוך,תהפוך,True,19.71986919,569.6,0.868421052631579,,
hebverb_082,הפך,pa'al,diventare,target,בעתיד · היא,תהפך,תהפך,False,,,,,
hebverb_082,הפך,pa'al,diventare,target,בעתיד · אנחנו,נהפוך,נהפוך,False,,,,,
hebverb_082,הפך,pa'al,diventare,target,בעתיד · אנחנו,נהפך,נהפך,False,,,,,
hebverb_082,הפך,pa'al,diventare,target,בעתיד · אתם,תהפכו,תהפכו,True,2.613549699,606.8685714285715,0.8,472.9375,0.9117647058823529
hebverb_082,הפך,pa'al,diventare,target,בעתיד · אתן,תהפוכנה,תהפוכנה,False,,,,,
hebverb_082,הפך,pa'al,diventare,target,בעתיד · אתן,תהפכנה,תהפכנה,False,,,,,
hebverb_082,הפך,pa'al,diventare,target,בעתיד · הם,יהפכו,יהפכו,False,,,,,
hebverb_082,הפך,pa'al,diventare,target,בעתיד · הן,תהפוכנה,תהפוכנה,False,,,,,
hebverb_082,הפך,pa'al,diventare,target,בעתיד · הן,תהפכנה,תהפכנה,False,,,,,
hebverb_083,שבר,pa'al,rompere,infinitive,infinitive,לשבור,לשבור,True,53.87186897,541.874358974359,0.925,,
hebverb_083,שבר,pa'al,rompere,present_1,present_1,שובר,שובר,False,,,,,
hebverb_083,שבר,pa'al,rompere,present_2,present_2,שוברת,שוברת,True,3.929420429,616.4257142571429,1.0,,
hebverb_083,שבר,pa'al,rompere,present_3,present_3,שוברים,שוברים,False,,,,,
hebverb_083,שבר,pa'al,rompere,present_4,present_4,שוברות,שוברות,False,,,,,
hebverb_083,שבר,pa'al,rompere,target,בעבר · אני,שברתי,שברתי,False,,,,,
hebverb_083,שבר,pa'al,rompere,target,בעבר · אתה,שברת,שברת,False,,,,,
hebverb_083,שבר,pa'al,rompere,target,בעבר · את,שברת,שברת,False,,,,,
hebverb_083,שבר,pa'al,rompere,target,בעבר · הוא,שבר,שבר,False,,,,,
hebverb_083,שבר,pa'al,rompere,target,בעבר · היא,שברה,שברה,False,,,,,
hebverb_083,שבר,pa'al,rompere,target,בעבר · אנחנו,שברנו,שברנו,False,,,,,
hebverb_083,שבר,pa'al,rompere,target,בעבר · אתם,שברתם,שברתם,False,,,,,
hebverb_083,שבר,pa'al,rompere,target,בעבר · אתן,שברתן,שברתן,False,,,,,
hebverb_083,שבר,pa'al,rompere,target,בעבר · הם,שברו,שברו,True,4.341767018,557.3435897948717,0.9487179487179487,,
hebverb_083,שבר,pa'al,rompere,target,בעבר · הן,שברו,שברו,True,4.341767018,557.3435897948717,0.9487179487179487,,
hebverb_083,שבר,pa'al,rompere,target,בעתיד · אני,אשבור,אשבור,True,7.974055347,609.5941176470589,0.8857142857142857,509.65625,0.9705882352941176
hebverb_083,שבר,pa'al,rompere,target,בעתיד · אני,אשבר,אשבר,False,,,,,
hebverb_083,שבר,pa'al,rompere,target,בעתיד · אתה,תשבור,תשבור,False,,,,,
hebverb_083,שבר,pa'al,rompere,target,בעתיד · אתה,תשבר,תשבר,False,,,,,
hebverb_083,שבר,pa'al,rompere,target,בעתיד · את,תשברי,תשברי,False,,,,,
hebverb_083,שבר,pa'al,rompere,target,בעתיד · הוא,ישבור,ישבור,False,,,,,
hebverb_083,שבר,pa'al,rompere,target,בעתיד · הוא,ישבר,ישבר,True,2.001093737,635.2371428571429,0.9714285714285714,,
hebverb_083,שבר,pa'al,rompere,target,בעתיד · היא,תשבור,תשבור,False,,,,,
hebverb_083,שבר,pa'al,rompere,target,בעתיד · היא,תשבר,תשבר,False,,,,,
hebverb_083,שבר,pa'al,rompere,target,בעתיד · אנחנו,נשבור,נשבור,True,2.383120723,524.8868420789473,0.9210526315789473,484.05555555555554,1.0
hebverb_083,שבר,pa'al,rompere,target,בעתיד · אנחנו,נשבר,נשבר,True,22.64874275,519.3108108378378,0.972972972972973,,
hebverb_083,שבר,pa'al,rompere,target,בעתיד · אתם,תשברו,תשברו,False,,,,,
hebverb_083,שבר,pa'al,rompere,target,בעתיד · אתן,תשבורנה,תשבורנה,False,,,,,
hebverb_083,שבר,pa'al,rompere,target,בעתיד · אתן,תשברנה,תשברנה,False,,,,,
hebverb_083,שבר,pa'al,rompere,target,בעתיד · הם,ישברו,ישברו,True,2.104180384,577.6105263157895,0.9210526315789473,531.8,1.0
hebverb_083,שבר,pa'al,rompere,target,בעתיד · הן,תשבורנה,תשבורנה,False,,,,,
hebverb_083,שבר,pa'al,rompere,target,בעתיד · הן,תשברנה,תשברנה,False,,,,,
hebverb_084,גנב,pa'al,rubare,infinitive,infinitive,לגנוב,לגנוב,False,,,,,
hebverb_084,גנב,pa'al,rubare,present_1,present_1,גונב,גונב,False,,,,,
hebverb_084,גנב,pa'al,rubare,present_2,present_2,גונבת,גונבת,False,,,,,
hebverb_084,גנב,pa'al,rubare,present_3,present_3,גונבים,גונבים,False,,,,,
hebverb_084,גנב,pa'al,rubare,present_4,present_4,גונבות,גונבות,False,,,,,
hebverb_084,גנב,pa'al,rubare,target,בעבר · אני,גנבתי,גנבתי,False,,,,,
hebverb_084,גנב,pa'al,rubare,target,בעבר · אתה,גנבת,גנבת,True,23.83727115,538.0285714285715,0.9428571428571428,432.175,0.975609756097561
hebverb_084,גנב,pa'al,rubare,target,בעבר · את,גנבת,גנבת,True,23.83727115,538.0285714285715,0.9428571428571428,432.175,0.975609756097561
hebverb_084,גנב,pa'al,rubare,target,בעבר · הוא,גנב,גנב,False,,,,,
hebverb_084,גנב,pa'al,rubare,target,בעבר · היא,גנבה,גנבה,False,,,,,
hebverb_084,גנב,pa'al,rubare,target,בעבר · אנחנו,גנבנו,גנבנו,False,,,,,
hebverb_084,גנב,pa'al,rubare,target,בעבר · אתם,גנבתם,גנבתם,True,1.485660502,650.3439024390243,0.8048780487804879,476.075,1.0
hebverb_084,גנב,pa'al,rubare,target,בעבר · אתן,גנבתן,גנבתן,False,,,,,
hebverb_084,גנב,pa'al,rubare,target,בעבר · הם,גנבו,גנבו,True,12.64933799,639.66,0.9428571428571428,,
hebverb_084,גנב,pa'al,rubare,target,בעבר · הן,גנבו,גנבו,True,12.64933799,639.66,0.9428571428571428,,
hebverb_084,גנב,pa'al,rubare,target,בעתיד · אני,אגנוב,אגנוב,True,2.783339471,654.5571428285714,0.7428571428571429,,
hebverb_084,גנב,pa'al,rubare,target,בעתיד · אני,אגנב,אגנב,False,,,,,
hebverb_084,גנב,pa'al,rubare,target,בעתיד · אתה,תגנוב,תגנוב,False,,,,,
hebverb_084,גנב,pa'al,rubare,target,בעתיד · אתה,תגנב,תגנב,False,,,,,
hebverb_084,גנב,pa'al,rubare,target,בעתיד · את,תגנבי,תגנבי,False,,,,,
hebverb_084,גנב,pa'al,rubare,target,בעתיד · הוא,יגנוב,יגנוב,True,3.426115035,637.8236841842105,0.868421052631579,,
hebverb_084,גנב,pa'al,rubare,target,בעתיד · הוא,יגנב,יגנב,False,,,,,
hebverb_084,גנב,pa'al,rubare,target,בעתיד · היא,תגנוב,תגנוב,False,,,,,
hebverb_084,גנב,pa'al,rubare,target,בעתיד · היא,תגנב,תגנב,False,,,,,
hebverb_084,גנב,pa'al,rubare,target,בעתיד · אנחנו,נגנוב,נגנוב,False,,,,,
hebverb_084,גנב,pa'al,rubare,target,בעתיד · אנחנו,נגנב,נגנב,False,,,,,
hebverb_084,גנב,pa'al,rubare,target,בעתיד · אתם,תגנבו,תגנבו,False,,,,,
hebverb_084,גנב,pa'al,rubare,target,בעתיד · אתן,תגנובנה,תגנובנה,False,,,,,
hebverb_084,גנב,pa'al,rubare,target,בעתיד · אתן,תגנבנה,תגנבנה,False,,,,,
hebverb_084,גנב,pa'al,rubare,target,בעתיד · הם,יגנבו,יגנבו,False,,,,,
hebverb_084,גנב,pa'al,rubare,target,בעתיד · הן,תגנובנה,תגנובנה,False,,,,,
hebverb_084,גנב,pa'al,rubare,target,בעתיד · הן,תגנבנה,תגנבנה,False,,,,,
hebverb_085,ברח,pa'al,scappare,infinitive,infinitive,לברוח,לברוח,False,,,,,
hebverb_085,ברח,pa'al,scappare,present_1,present_1,בורח,בורח,True,23.04289758,613.0540540540541,0.9459459459459459,,
hebverb_085,ברח,pa'al,scappare,present_2,present_2,בורחת,בורחת,False,,,,,
hebverb_085,ברח,pa'al,scappare,present_3,present_3,בורחים,בורחים,False,,,,,
hebverb_085,ברח,pa'al,scappare,present_4,present_4,בורחות,בורחות,False,,,,,
hebverb_085,ברח,pa'al,scappare,target,בעבר · אני,ברחתי,ברחתי,True,9.793231471,540.5529411764705,0.8571428571428571,441.43243243243245,1.0
hebverb_085,ברח,pa'al,scappare,target,בעבר · אתה,ברחת,ברחת,False,,,,,
hebverb_085,ברח,pa'al,scappare,target,בעבר · את,ברחת,ברחת,False,,,,,
hebverb_085,ברח,pa'al,scappare,target,בעבר · הוא,ברח,ברח,False,,,,,
hebverb_085,ברח,pa'al,scappare,target,בעבר · היא,ברחה,ברחה,True,15.29320729,517.1135135135136,0.918918918918919,495.6875,0.8857142857142857
hebverb_085,ברח,pa'al,scappare,target,בעבר · אנחנו,ברחנו,ברחנו,False,,,,,
hebverb_085,ברח,pa'al,scappare,target,בעבר · אתם,ברחתם,ברחתם,False,,,,,
hebverb_085,ברח,pa'al,scappare,target,בעבר · אתן,ברחתן,ברחתן,False,,,,,
hebverb_085,ברח,pa'al,scappare,target,בעבר · הם,ברחו,ברחו,False,,,,,
hebverb_085,ברח,pa'al,scappare,target,בעבר · הן,ברחו,ברחו,False,,,,,
hebverb_085,ברח,pa'al,scappare,target,בעתיד · אני,אברח,אברח,False,,,,,
hebverb_085,ברח,pa'al,scappare,target,בעתיד · אתה,תברח,תברח,True,8.713853637,575.185000025,0.95,,
hebverb_085,ברח,pa'al,scappare,target,בעתיד · את,תברחי,תברחי,False,,,,,
hebverb_085,ברח,pa'al,scappare,target,בעתיד · הוא,יברח,יברח,False,,,,,
hebverb_085,ברח,pa'al,scappare,target,בעתיד · היא,תברח,תברח,True,8.713853637,575.185000025,0.95,,
hebverb_085,ברח,pa'al,scappare,target,בעתיד · אנחנו,נברח,נברח,False,,,,,
hebverb_085,ברח,pa'al,scappare,target,בעתיד · אתם,תברחו,תברחו,False,,,,,
hebverb_085,ברח,pa'al,scappare,target,בעתיד · אתן,תברחנה,תברחנה,False,,,,,
hebverb_085,ברח,pa'al,scappare,target,בעתיד · הם,יברחו,יברחו,False,,,,,
hebverb_085,ברח,pa'al,scappare,target,בעתיד · הן,תברחנה,תברחנה,False,,,,,
hebverb_086,בקש,pi'el,chiedere / richiedere,infinitive,infinitive,לבקש,לבקש,True,105.9973289,569.7499999736842,1.0,463.90909090909093,1.0
hebverb_086,בקש,pi'el,chiedere / richiedere,present_1,present_1,מבקש,מבקש,False,,,,,
hebverb_086,בקש,pi'el,chiedere / richiedere,present_2,present_2,מבקשת,מבקשת,False,,,,,
hebverb_086,בקש,pi'el,chiedere / richiedere,present_3,present_3,מבקשים,מבקשים,True,26.8813592,676.1949999999999,0.95,487.22222222222223,1.0
hebverb_086,בקש,pi'el,chiedere / richiedere,present_4,present_4,מבקשות,מבקשות,True,1.218848004,614.9027027027028,0.8648648648648649,489.90625,0.9705882352941176
hebverb_086,בקש,pi'el,chiedere / richiedere,target,בעבר · אני,ביקשתי,ביקשתי,True,59.26875814,555.7157894473685,0.9736842105263158,,
hebverb_086,בקש,pi'el,chiedere / richiedere,target,בעבר · אני,בקשתי,בקשתי,False,,,,,
hebverb_086,בקש,pi'el,chiedere / richiedere,target,בעבר · אתה,ביקשת,ביקשת,True,25.01367171,504.02702710810814,0.9459459459459459,,
hebverb_086,בקש,pi'el,chiedere / richiedere,target,בעבר · אתה,בקשת,בקשת,True,9.865998516,612.8605263157895,0.7631578947368421,,
hebverb_086,בקש,pi'el,chiedere / richiedere,target,בעבר · את,ביקשת,ביקשת,True,25.01367171,504.02702710810814,0.9459459459459459,,
hebverb_086,בקש,pi'el,chiedere / richiedere,target,בעבר · את,בקשת,בקשת,True,9.865998516,612.8605263157895,0.7631578947368421,,
hebverb_086,בקש,pi'el,chiedere / richiedere,target,בעבר · הוא,ביקש,ביקש,True,66.62429361,564.8714285714286,0.9428571428571428,467.075,0.975609756097561
hebverb_086,בקש,pi'el,chiedere / richiedere,target,בעבר · הוא,בקש,בקש,False,,,,,
hebverb_086,בקש,pi'el,chiedere / richiedere,target,בעבר · היא,ביקשה,ביקשה,False,,,,,
hebverb_086,בקש,pi'el,chiedere / richiedere,target,בעבר · היא,בקשה,בקשה,False,,,,,
hebverb_086,בקש,pi'el,chiedere / richiedere,target,בעבר · אנחנו,ביקשנו,ביקשנו,True,4.293255654,575.2473684210527,0.8421052631578947,,
hebverb_086,בקש,pi'el,chiedere / richiedere,target,בעבר · אנחנו,בקשנו,בקשנו,False,,,,,
hebverb_086,בקש,pi'el,chiedere / richiedere,target,בעבר · אתם,ביקשתם,ביקשתם,False,,,,,
hebverb_086,בקש,pi'el,chiedere / richiedere,target,בעבר · אתם,בקשתם,בקשתם,False,,,,,
hebverb_086,בקש,pi'el,chiedere / richiedere,target,בעבר · אתן,ביקשתן,ביקשתן,False,,,,,
hebverb_086,בקש,pi'el,chiedere / richiedere,target,בעבר · אתן,בקשתן,בקשתן,False,,,,,
hebverb_086,בקש,pi'el,chiedere / richiedere,target,בעבר · הם,ביקשו,ביקשו,True,13.51647861,507.0361111111111,0.8888888888888888,488.0571428571429,0.9142857142857143
hebverb_086,בקש,pi'el,chiedere / richiedere,target,בעבר · הם,בקשו,בקשו,True,1.418957377,575.4162161891892,0.8378378378378378,,
hebverb_086,בקש,pi'el,chiedere / richiedere,target,בעבר · הן,ביקשו,ביקשו,True,13.51647861,507.0361111111111,0.8888888888888888,488.0571428571429,0.9142857142857143
hebverb_086,בקש,pi'el,chiedere / richiedere,target,בעבר · הן,בקשו,בקשו,True,1.418957377,575.4162161891892,0.8378378378378378,,
hebverb_086,בקש,pi'el,chiedere / richiedere,target,בעתיד · אני,אבקש,אבקש,False,,,,,
hebverb_086,בקש,pi'el,chiedere / richiedere,target,בעתיד · אתה,תבקש,תבקש,False,,,,,
hebverb_086,בקש,pi'el,chiedere / richiedere,target,בעתיד · את,תבקשי,תבקשי,False,,,,,
hebverb_086,בקש,pi'el,chiedere / richiedere,target,בעתיד · הוא,יבקש,יבקש,False,,,,,
hebverb_086,בקש,pi'el,chiedere / richiedere,target,בעתיד · היא,תבקש,תבקש,False,,,,,
hebverb_086,בקש,pi'el,chiedere / richiedere,target,בעתיד · אנחנו,נבקש,נבקש,False,,,,,
hebverb_086,בקש,pi'el,chiedere / richiedere,target,בעתיד · אתם,תבקשו,תבקשו,False,,,,,
hebverb_086,בקש,pi'el,chiedere / richiedere,target,בעתיד · אתן,תבקשנה,תבקשנה,False,,,,,
hebverb_086,בקש,pi'el,chiedere / richiedere,target,בעתיד · הם,יבקשו,יבקשו,False,,,,,
hebverb_086,בקש,pi'el,chiedere / richiedere,target,בעתיד · הן,תבקשנה,תבקשנה,False,,,,,
hebverb_087,שלם,pi'el,pagare,infinitive,infinitive,לשלם,לשלם,True,143.9210871,535.6837837837837,0.9459459459459459,,
hebverb_087,שלם,pi'el,pagare,present_1,present_1,משלם,משלם,False,,,,,
hebverb_087,שלם,pi'el,pagare,present_2,present_2,משלמת,משלמת,False,,,,,
hebverb_087,שלם,pi'el,pagare,present_3,present_3,משלמים,משלמים,True,32.59357223,549.3918918648649,0.972972972972973,,
hebverb_087,שלם,pi'el,pagare,present_4,present_4,משלמות,משלמות,False,,,,,
hebverb_087,שלם,pi'el,pagare,target,בעבר · אני,שילמתי,שילמתי,True,18.68900272,590.9365853414635,0.9512195121951219,463.969696969697,0.9705882352941176
hebverb_087,שלם,pi'el,pagare,target,בעבר · אני,שלמתי,שלמתי,False,,,,,
hebverb_087,שלם,pi'el,pagare,target,בעבר · אתה,שילמת,שילמת,False,,,,,
hebverb_087,שלם,pi'el,pagare,target,בעבר · אתה,שלמת,שלמת,False,,,,,
hebverb_087,שלם,pi'el,pagare,target,בעבר · את,שילמת,שילמת,False,,,,,
hebverb_087,שלם,pi'el,pagare,target,בעבר · את,שלמת,שלמת,False,,,,,
hebverb_087,שלם,pi'el,pagare,target,בעבר · הוא,שילם,שילם,True,24.92877683,594.9742857142857,0.8857142857142857,460.775,0.9512195121951219
hebverb_087,שלם,pi'el,pagare,target,בעבר · הוא,שלם,שלם,True,62.62817005,536.7351351351351,0.9459459459459459,,
hebverb_087,שלם,pi'el,pagare,target,בעבר · היא,שילמה,שילמה,False,,,,,
hebverb_087,שלם,pi'el,pagare,target,בעבר · היא,שלמה,שלמה,False,,,,,
hebverb_087,שלם,pi'el,pagare,target,בעבר · אנחנו,שילמנו,שילמנו,True,4.305383495,604.30277775,0.8108108108108109,459.825,0.975609756097561
hebverb_087,שלם,pi'el,pagare,target,בעבר · אנחנו,שלמנו,שלמנו,False,,,,,
hebverb_087,שלם,pi'el,pagare,target,בעבר · אתם,שילמתם,שילמתם,False,,,,,
hebverb_087,שלם,pi'el,pagare,target,בעבר · אתם,שלמתם,שלמתם,False,,,,,
hebverb_087,שלם,pi'el,pagare,target,בעבר · אתן,שילמתן,שילמתן,False,,,,,
hebverb_087,שלם,pi'el,pagare,target,בעבר · אתן,שלמתן,שלמתן,False,,,,,
hebverb_087,שלם,pi'el,pagare,target,בעבר · הם,שילמו,שילמו,False,,,,,
hebverb_087,שלם,pi'el,pagare,target,בעבר · הם,שלמו,שלמו,False,,,,,
hebverb_087,שלם,pi'el,pagare,target,בעבר · הן,שילמו,שילמו,False,,,,,
hebverb_087,שלם,pi'el,pagare,target,בעבר · הן,שלמו,שלמו,False,,,,,
hebverb_087,שלם,pi'el,pagare,target,בעתיד · אני,אשלם,אשלם,True,22.32129105,566.776923076923,0.9743589743589743,491.0285714285714,0.9428571428571428
hebverb_087,שלם,pi'el,pagare,target,בעתיד · אתה,תשלם,תשלם,True,17.31249279,572.5891892972974,1.0,,
hebverb_087,שלם,pi'el,pagare,target,בעתיד · את,תשלמי,תשלמי,False,,,,,
hebverb_087,שלם,pi'el,pagare,target,בעתיד · הוא,ישלם,ישלם,False,,,,,
hebverb_087,שלם,pi'el,pagare,target,בעתיד · היא,תשלם,תשלם,True,17.31249279,572.5891892972974,1.0,,
hebverb_087,שלם,pi'el,pagare,target,בעתיד · אנחנו,נשלם,נשלם,False,,,,,
hebverb_087,שלם,pi'el,pagare,target,בעתיד · אתם,תשלמו,תשלמו,False,,,,,
hebverb_087,שלם,pi'el,pagare,target,בעתיד · אתן,תשלמנה,תשלמנה,False,,,,,
hebverb_087,שלם,pi'el,pagare,target,בעתיד · הם,ישלמו,ישלמו,False,,,,,
hebverb_087,שלם,pi'el,pagare,target,בעתיד · הן,תשלמנה,תשלמנה,False,,,,,
hebverb_088,פספס,pi'el,perdere / mancare,infinitive,infinitive,לפספס,לפספס,False,,,,,
hebverb_088,פספס,pi'el,perdere / mancare,present_1,present_1,מפספס,מפספס,False,,,,,
hebverb_088,פספס,pi'el,perdere / mancare,present_2,present_2,מפספסת,מפספסת,False,,,,,
hebverb_088,פספס,pi'el,perdere / mancare,present_3,present_3,מפספסים,מפספסים,True,3.880909066,627.8925,0.975,487.5151515151515,1.0
hebverb_088,פספס,pi'el,perdere / mancare,present_4,present_4,מפספסות,מפספסות,False,,,,,
hebverb_088,פספס,pi'el,perdere / mancare,target,בעבר · אני,פיספסתי,פיספסתי,False,,,,,
hebverb_088,פספס,pi'el,perdere / mancare,target,בעבר · אני,פספסתי,פספסתי,True,11.4062343,512.6432432432432,0.918918918918919,,
hebverb_088,פספס,pi'el,perdere / mancare,target,בעבר · אתה,פיספסת,פיספסת,False,,,,,
hebverb_088,פספס,pi'el,perdere / mancare,target,בעבר · אתה,פספסת,פספסת,False,,,,,
hebverb_088,פספס,pi'el,perdere / mancare,target,בעבר · את,פיספסת,פיספסת,False,,,,,
hebverb_088,פספס,pi'el,perdere / mancare,target,בעבר · את,פספסת,פספסת,False,,,,,
hebverb_088,פספס,pi'el,perdere / mancare,target,בעבר · הוא,פיספס,פיספס,True,1.30980681,627.2485714285715,0.9142857142857143,,
hebverb_088,פספס,pi'el,perdere / mancare,target,בעבר · הוא,פספס,פספס,True,5.293802523,575.5864864864865,0.8648648648648649,,
hebverb_088,פספס,pi'el,perdere / mancare,target,בעבר · היא,פיספסה,פיספסה,False,,,,,
hebverb_088,פספס,pi'el,perdere / mancare,target,בעבר · היא,פספסה,פספסה,False,,,,,
hebverb_088,פספס,pi'el,perdere / mancare,target,בעבר · אנחנו,פיספסנו,פיספסנו,False,,,,,
hebverb_088,פספס,pi'el,perdere / mancare,target,בעבר · אנחנו,פספסנו,פספסנו,False,,,,,
hebverb_088,פספס,pi'el,perdere / mancare,target,בעבר · אתם,פיספסתם,פיספסתם,False,,,,,
hebverb_088,פספס,pi'el,perdere / mancare,target,בעבר · אתם,פספסתם,פספסתם,False,,,,,
hebverb_088,פספס,pi'el,perdere / mancare,target,בעבר · אתן,פיספסתן,פיספסתן,False,,,,,
hebverb_088,פספס,pi'el,perdere / mancare,target,בעבר · אתן,פספסתן,פספסתן,False,,,,,
hebverb_088,פספס,pi'el,perdere / mancare,target,בעבר · הם,פיספסו,פיספסו,False,,,,,
hebverb_088,פספס,pi'el,perdere / mancare,target,בעבר · הם,פספסו,פספסו,False,,,,,
hebverb_088,פספס,pi'el,perdere / mancare,target,בעבר · הן,פיספסו,פיספסו,False,,,,,
hebverb_088,פספס,pi'el,perdere / mancare,target,בעבר · הן,פספסו,פספסו,False,,,,,
hebverb_088,פספס,pi'el,perdere / mancare,target,בעתיד · אני,אפספס,אפספס,False,,,,,
hebverb_088,פספס,pi'el,perdere / mancare,target,בעתיד · אתה,תפספס,תפספס,False,,,,,
hebverb_088,פספס,pi'el,perdere / mancare,target,בעתיד · את,תפספסי,תפספסי,False,,,,,
hebverb_088,פספס,pi'el,perdere / mancare,target,בעתיד · הוא,יפספס,יפספס,False,,,,,
hebverb_088,פספס,pi'el,perdere / mancare,target,בעתיד · היא,תפספס,תפספס,False,,,,,
hebverb_088,פספס,pi'el,perdere / mancare,target,בעתיד · אנחנו,נפספס,נפספס,False,,,,,
hebverb_088,פספס,pi'el,perdere / mancare,target,בעתיד · אתם,תפספסו,תפספסו,False,,,,,
hebverb_088,פספס,pi'el,perdere / mancare,target,בעתיד · אתן,תפספסנה,תפספסנה,False,,,,,
hebverb_088,פספס,pi'el,perdere / mancare,target,בעתיד · הם,יפספסו,יפספסו,False,,,,,
hebverb_088,פספס,pi'el,perdere / mancare,target,בעתיד · הן,תפספסנה,תפספסנה,False,,,,,
hebverb_089,שחק,pi'el,recitare / giocare,infinitive,infinitive,לשחק,לשחק,True,201.2433268,541.7485714285715,1.0,473.625,0.9722222222222222
hebverb_089,שחק,pi'el,recitare / giocare,present_1,present_1,משחק,משחק,True,223.0370568,574.1463414634146,0.8292682926829268,458.575,0.975609756097561
hebverb_089,שחק,pi'el,recitare / giocare,present_2,present_2,משחקת,משחקת,True,23.62503394,606.9441176470589,0.9142857142857143,,
hebverb_089,שחק,pi'el,recitare / giocare,present_3,present_3,משחקים,משחקים,True,71.83926517,539.9314285714286,0.9714285714285714,457.57575757575756,1.0
hebverb_089,שחק,pi'el,recitare / giocare,present_4,present_4,משחקות,משחקות,False,,,,,
hebverb_089,שחק,pi'el,recitare / giocare,target,בעבר · אני,שיחקתי,שיחקתי,False,,,,,
hebverb_089,שחק,pi'el,recitare / giocare,target,בעבר · אני,שחקתי,שחקתי,False,,,,,
hebverb_089,שחק,pi'el,recitare / giocare,target,בעבר · אתה,שיחקת,שיחקת,False,,,,,
hebverb_089,שחק,pi'el,recitare / giocare,target,בעבר · אתה,שחקת,שחקת,False,,,,,
hebverb_089,שחק,pi'el,recitare / giocare,target,בעבר · את,שיחקת,שיחקת,False,,,,,
hebverb_089,שחק,pi'el,recitare / giocare,target,בעבר · את,שחקת,שחקת,False,,,,,
hebverb_089,שחק,pi'el,recitare / giocare,target,בעבר · הוא,שיחק,שיחק,False,,,,,
hebverb_089,שחק,pi'el,recitare / giocare,target,בעבר · הוא,שחק,שחק,False,,,,,
hebverb_089,שחק,pi'el,recitare / giocare,target,בעבר · היא,שיחקה,שיחקה,False,,,,,
hebverb_089,שחק,pi'el,recitare / giocare,target,בעבר · היא,שחקה,שחקה,False,,,,,
hebverb_089,שחק,pi'el,recitare / giocare,target,בעבר · אנחנו,שיחקנו,שיחקנו,False,,,,,
hebverb_089,שחק,pi'el,recitare / giocare,target,בעבר · אנחנו,שחקנו,שחקנו,False,,,,,
hebverb_089,שחק,pi'el,recitare / giocare,target,בעבר · אתם,שיחקתם,שיחקתם,False,,,,,
hebverb_089,שחק,pi'el,recitare / giocare,target,בעבר · אתם,שחקתם,שחקתם,False,,,,,
hebverb_089,שחק,pi'el,recitare / giocare,target,בעבר · אתן,שיחקתן,שיחקתן,False,,,,,
hebverb_089,שחק,pi'el,recitare / giocare,target,בעבר · אתן,שחקתן,שחקתן,False,,,,,
hebverb_089,שחק,pi'el,recitare / giocare,target,בעבר · הם,שיחקו,שיחקו,True,5.68795735,568.68,0.9428571428571428,483.8857142857143,0.8157894736842105
hebverb_089,שחק,pi'el,recitare / giocare,target,בעבר · הם,שחקו,שחקו,False,,,,,
hebverb_089,שחק,pi'el,recitare / giocare,target,בעבר · הן,שיחקו,שיחקו,True,5.68795735,568.68,0.9428571428571428,483.8857142857143,0.8157894736842105
hebverb_089,שחק,pi'el,recitare / giocare,target,בעבר · הן,שחקו,שחקו,False,,,,,
hebverb_089,שחק,pi'el,recitare / giocare,target,בעתיד · אני,אשחק,אשחק,True,7.676923246,610.2487804634146,0.8048780487804879,542.5,1.0
hebverb_089,שחק,pi'el,recitare / giocare,target,בעתיד · אתה,תשחק,תשחק,False,,,,,
hebverb_089,שחק,pi'el,recitare / giocare,target,בעתיד · את,תשחקי,תשחקי,True,4.929967298,553.0710526315789,0.868421052631579,,
hebverb_089,שחק,pi'el,recitare / giocare,target,בעתיד · הוא,ישחק,ישחק,False,,,,,
hebverb_089,שחק,pi'el,recitare / giocare,target,בעתיד · היא,תשחק,תשחק,False,,,,,
hebverb_089,שחק,pi'el,recitare / giocare,target,בעתיד · אנחנו,נשחק,נשחק,True,17.79760642,572.417142857143,0.9714285714285714,460.43333333333334,0.8181818181818182
hebverb_089,שחק,pi'el,recitare / giocare,target,בעתיד · אתם,תשחקו,תשחקו,False,,,,,
hebverb_089,שחק,pi'el,recitare / giocare,target,בעתיד · אתן,תשחקנה,תשחקנה,False,,,,,
hebverb_089,שחק,pi'el,recitare / giocare,target,בעתיד · הם,ישחקו,ישחקו,False,,,,,
hebverb_089,שחק,pi'el,recitare / giocare,target,בעתיד · הן,תשחקנה,תשחקנה,False,,,,,
hebverb_090,ספר,pi'el,raccontare,infinitive,infinitive,לספר,לספר,False,,,,,
hebverb_090,ספר,pi'el,raccontare,present_1,present_1,מספר,מספר,True,387.3693001,580.8243243243244,0.918918918918919,,
hebverb_090,ספר,pi'el,raccontare,present_2,present_2,מספרת,מספרת,False,,,,,
hebverb_090,ספר,pi'el,raccontare,present_3,present_3,מספרים,מספרים,False,,,,,
hebverb_090,ספר,pi'el,raccontare,present_4,present_4,מספרות,מספרות,False,,,,,
hebverb_090,ספר,pi'el,raccontare,target,בעבר · אני,סיפרתי,סיפרתי,True,61.40325813,584.1684210526316,0.9210526315789473,,
hebverb_090,ספר,pi'el,raccontare,target,בעבר · אני,ספרתי,ספרתי,False,,,,,
hebverb_090,ספר,pi'el,raccontare,target,בעבר · אתה,סיפרת,סיפרת,True,59.74174394,586.8736842105263,0.8421052631578947,493.51428571428573,1.0
hebverb_090,ספר,pi'el,raccontare,target,בעבר · אתה,ספרת,ספרת,True,3.171430377,657.9292683170731,0.7560975609756098,499.4642857142857,0.7941176470588235
hebverb_090,ספר,pi'el,raccontare,target,בעבר · את,סיפרת,סיפרת,True,59.74174394,586.8736842105263,0.8421052631578947,493.51428571428573,1.0
hebverb_090,ספר,pi'el,raccontare,target,בעבר · את,ספרת,ספרת,True,3.171430377,657.9292683170731,0.7560975609756098,499.4642857142857,0.7941176470588235
hebverb_090,ספר,pi'el,raccontare,target,בעבר · הוא,סיפר,סיפר,True,87.16279206,637.2114285714287,0.9142857142857143,,
hebverb_090,ספר,pi'el,raccontare,target,בעבר · הוא,ספר,ספר,True,276.3025337,524.3857142857142,0.9428571428571428,459.19444444444446,1.0
hebverb_090,ספר,pi'el,raccontare,target,בעבר · היא,סיפרה,סיפרה,True,51.42810905,551.0171428571429,0.9714285714285714,504.675,1.0
hebverb_090,ספר,pi'el,raccontare,target,בעבר · היא,ספרה,ספרה,False,,,,,
hebverb_090,ספר,pi'el,raccontare,target,בעבר · אנחנו,סיפרנו,סיפרנו,False,,,,,
hebverb_090,ספר,pi'el,raccontare,target,בעבר · אנחנו,ספרנו,ספרנו,True,1.425021298,618.6615384615385,0.9230769230769231,529.6451612903226,0.6666666666666666
hebverb_090,ספר,pi'el,raccontare,target,בעבר · אתם,סיפרתם,סיפרתם,True,1.758536921,564.8972972972973,0.8648648648648649,502.0882352941176,0.9705882352941176
hebverb_090,ספר,pi'el,raccontare,target,בעבר · אתם,ספרתם,ספרתם,False,,,,,
hebverb_090,ספר,pi'el,raccontare,target,בעבר · אתן,סיפרתן,סיפרתן,False,,,,,
hebverb_090,ספר,pi'el,raccontare,target,בעבר · אתן,ספרתן,ספרתן,False,,,,,
hebverb_090,ספר,pi'el,raccontare,target,בעבר · הם,סיפרו,סיפרו,False,,,,,
hebverb_090,ספר,pi'el,raccontare,target,בעבר · הם,ספרו,ספרו,False,,,,,
hebverb_090,ספר,pi'el,raccontare,target,בעבר · הן,סיפרו,סיפרו,False,,,,,
hebverb_090,ספר,pi'el,raccontare,target,בעבר · הן,ספרו,ספרו,False,,,,,
hebverb_090,ספר,pi'el,raccontare,target,בעתיד · אני,אספר,אספר,True,59.54769848,556.8205128205128,0.9743589743589743,546.7272727272727,1.0
hebverb_090,ספר,pi'el,raccontare,target,בעתיד · אתה,תספר,תספר,True,58.12874111,561.9594595405406,0.918918918918919,,
hebverb_090,ספר,pi'el,raccontare,target,בעתיד · את,תספרי,תספרי,True,30.6227981,565.0250000277778,0.972972972972973,,
hebverb_090,ספר,pi'el,raccontare,target,בעתיד · הוא,יספר,יספר,True,13.32849707,537.25,0.9473684210526315,,
hebverb_090,ספר,pi'el,raccontare,target,בעתיד · היא,תספר,תספר,True,58.12874111,561.9594595405406,0.918918918918919,,
hebverb_090,ספר,pi'el,raccontare,target,בעתיד · אנחנו,נספר,נספר,False,,,,,
hebverb_090,ספר,pi'el,raccontare,target,בעתיד · אתם,תספרו,תספרו,False,,,,,
hebverb_090,ספר,pi'el,raccontare,target,בעתיד · אתן,תספרנה,תספרנה,False,,,,,
hebverb_090,ספר,pi'el,raccontare,target,בעתיד · הם,יספרו,יספרו,False,,,,,
hebverb_090,ספר,pi'el,raccontare,target,בעתיד · הן,תספרנה,תספרנה,False,,,,,
hebverb_091,עצב,pi'el,progettare / disegnare,infinitive,infinitive,לעצב,לעצב,True,9.18683943,581.1228571428571,0.9142857142857143,444.72727272727275,1.0
hebverb_091,עצב,pi'el,progettare / disegnare,present_1,present_1,מעצב,מעצב,False,,,,,
hebverb_091,עצב,pi'el,progettare / disegnare,present_2,present_2,מעצבת,מעצבת,True,4.268999973,614.827027054054,0.972972972972973,,
hebverb_091,עצב,pi'el,progettare / disegnare,present_3,present_3,מעצבים,מעצבים,False,,,,,
hebverb_091,עצב,pi'el,progettare / disegnare,present_4,present_4,מעצבות,מעצבות,False,,,,,
hebverb_091,עצב,pi'el,progettare / disegnare,target,בעבר · אני,עיצבתי,עיצבתי,True,2.522590893,617.3972973243243,0.8947368421052632,534.5806451612904,0.9696969696969697
hebverb_091,עצב,pi'el,progettare / disegnare,target,בעבר · אני,עצבתי,עצבתי,False,,,,,
hebverb_091,עצב,pi'el,progettare / disegnare,target,בעבר · אתה,עיצבת,עיצבת,False,,,,,
hebverb_091,עצב,pi'el,progettare / disegnare,target,בעבר · אתה,עצבת,עצבת,False,,,,,
hebverb_091,עצב,pi'el,progettare / disegnare,target,בעבר · את,עיצבת,עיצבת,False,,,,,
hebverb_091,עצב,pi'el,progettare / disegnare,target,בעבר · את,עצבת,עצבת,False,,,,,
hebverb_091,עצב,pi'el,progettare / disegnare,target,בעבר · הוא,עיצב,עיצב,False,,,,,
hebverb_091,עצב,pi'el,progettare / disegnare,target,בעבר · הוא,עצב,עצב,False,,,,,
hebverb_091,עצב,pi'el,progettare / disegnare,target,בעבר · היא,עיצבה,עיצבה,True,1.01873863,615.4942857142856,0.6857142857142857,,
hebverb_091,עצב,pi'el,progettare / disegnare,target,בעבר · היא,עצבה,עצבה,False,,,,,
hebverb_091,עצב,pi'el,progettare / disegnare,target,בעבר · אנחנו,עיצבנו,עיצבנו,False,,,,,
hebverb_091,עצב,pi'el,progettare / disegnare,target,בעבר · אנחנו,עצבנו,עצבנו,False,,,,,
hebverb_091,עצב,pi'el,progettare / disegnare,target,בעבר · אתם,עיצבתם,עיצבתם,False,,,,,
hebverb_091,עצב,pi'el,progettare / disegnare,target,בעבר · אתם,עצבתם,עצבתם,False,,,,,
hebverb_091,עצב,pi'el,progettare / disegnare,target,בעבר · אתן,עיצבתן,עיצבתן,False,,,,,
hebverb_091,עצב,pi'el,progettare / disegnare,target,בעבר · אתן,עצבתן,עצבתן,False,,,,,
hebverb_091,עצב,pi'el,progettare / disegnare,target,בעבר · הם,עיצבו,עיצבו,False,,,,,
hebverb_091,עצב,pi'el,progettare / disegnare,target,בעבר · הם,עצבו,עצבו,False,,,,,
hebverb_091,עצב,pi'el,progettare / disegnare,target,בעבר · הן,עיצבו,עיצבו,False,,,,,
hebverb_091,עצב,pi'el,progettare / disegnare,target,בעבר · הן,עצבו,עצבו,False,,,,,
hebverb_091,עצב,pi'el,progettare / disegnare,target,בעתיד · אני,אעצב,אעצב,False,,,,,
hebverb_091,עצב,pi'el,progettare / disegnare,target,בעתיד · אתה,תעצב,תעצב,False,,,,,
hebverb_091,עצב,pi'el,progettare / disegnare,target,בעתיד · את,תעצבי,תעצבי,False,,,,,
hebverb_091,עצב,pi'el,progettare / disegnare,target,בעתיד · הוא,יעצב,יעצב,False,,,,,
hebverb_091,עצב,pi'el,progettare / disegnare,target,בעתיד · היא,תעצב,תעצב,False,,,,,
hebverb_091,עצב,pi'el,progettare / disegnare,target,בעתיד · אנחנו,נעצב,נעצב,False,,,,,
hebverb_091,עצב,pi'el,progettare / disegnare,target,בעתיד · אתם,תעצבו,תעצבו,False,,,,,
hebverb_091,עצב,pi'el,progettare / disegnare,target,בעתיד · אתן,תעצבנה,תעצבנה,False,,,,,
hebverb_091,עצב,pi'el,progettare / disegnare,target,בעתיד · הם,יעצבו,יעצבו,False,,,,,
hebverb_091,עצב,pi'el,progettare / disegnare,target,בעתיד · הן,תעצבנה,תעצבנה,False,,,,,
hebverb_092,שנה,pi'el,cambiare,infinitive,infinitive,לשנות,לשנות,True,125.6990063,573.74,0.9428571428571428,446.6875,1.0
hebverb_092,שנה,pi'el,cambiare,present_1,present_1,משנה,משנה,True,298.8845734,546.0052631578948,0.9210526315789473,506.8666666666667,1.0
hebverb_092,שנה,pi'el,cambiare,present_2,present_2,משנה,משנה,True,298.8845734,546.0052631578948,0.9210526315789473,506.8666666666667,1.0
hebverb_092,שנה,pi'el,cambiare,present_3,present_3,משנים,משנים,False,,,,,
hebverb_092,שנה,pi'el,cambiare,present_4,present_4,משנות,משנות,True,8.234803925,694.74,0.8285714285714286,471.3030303030303,0.9736842105263158
hebverb_092,שנה,pi'el,cambiare,target,בעבר · אני,שיניתי,שיניתי,False,,,,,
hebverb_092,שנה,pi'el,cambiare,target,בעבר · אני,שניתי,שניתי,False,,,,,
hebverb_092,שנה,pi'el,cambiare,target,בעבר · אתה,שינית,שינית,False,,,,,
hebverb_092,שנה,pi'el,cambiare,target,בעבר · אתה,שנית,שנית,False,,,,,
hebverb_092,שנה,pi'el,cambiare,target,בעבר · את,שינית,שינית,False,,,,,
hebverb_092,שנה,pi'el,cambiare,target,בעבר · את,שנית,שנית,False,,,,,
hebverb_092,שנה,pi'el,cambiare,target,בעבר · הוא,שינה,שינה,True,76.4842282,555.2725,0.975,,
hebverb_092,שנה,pi'el,cambiare,target,בעבר · הוא,שנה,שנה,True,334.0856314,547.672972972973,0.918918918918919,,
hebverb_092,שנה,pi'el,cambiare,target,בעבר · היא,שינתה,שינתה,False,,,,,
hebverb_092,שנה,pi'el,cambiare,target,בעבר · היא,שנתה,שנתה,False,,,,,
hebverb_092,שנה,pi'el,cambiare,target,בעבר · אנחנו,שינינו,שינינו,False,,,,,
hebverb_092,שנה,pi'el,cambiare,target,בעבר · אנחנו,שנינו,שנינו,False,,,,,
hebverb_092,שנה,pi'el,cambiare,target,בעבר · אתם,שיניתם,שיניתם,False,,,,,
hebverb_092,שנה,pi'el,cambiare,target,בעבר · אתם,שניתם,שניתם,False,,,,,
hebverb_092,שנה,pi'el,cambiare,target,בעבר · אתן,שיניתן,שיניתן,False,,,,,
hebverb_092,שנה,pi'el,cambiare,target,בעבר · אתן,שניתן,שניתן,True,35.6134046,551.3923076410256,0.8974358974358975,,
hebverb_092,שנה,pi'el,cambiare,target,בעבר · הם,שינו,שינו,True,8.568319547,612.9027027027028,0.8378378378378378,,
hebverb_092,שנה,pi'el,cambiare,target,בעבר · הם,שנו,שנו,False,,,,,
hebverb_092,שנה,pi'el,cambiare,target,בעבר · הן,שינו,שינו,True,8.568319547,612.9027027027028,0.8378378378378378,,
hebverb_092,שנה,pi'el,cambiare,target,בעבר · הן,שנו,שנו,False,,,,,
hebverb_092,שנה,pi'el,cambiare,target,בעתיד · אני,אשנה,אשנה,False,,,,,
hebverb_092,שנה,pi'el,cambiare,target,בעתיד · אתה,תשנה,תשנה,False,,,,,
hebverb_092,שנה,pi'el,cambiare,target,בעתיד · את,תשני,תשני,False,,,,,
hebverb_092,שנה,pi'el,cambiare,target,בעתיד · הוא,ישנה,ישנה,True,102.3468488,567.1736842105263,0.9210526315789473,,
hebverb_092,שנה,pi'el,cambiare,target,בעתיד · היא,תשנה,תשנה,False,,,,,
hebverb_092,שנה,pi'el,cambiare,target,בעתיד · אנחנו,נשנה,נשנה,False,,,,,
hebverb_092,שנה,pi'el,cambiare,target,בעתיד · אתם,תשנו,תשנו,False,,,,,
hebverb_092,שנה,pi'el,cambiare,target,בעתיד · אתן,תשנינה,תשנינה,False,,,,,
hebverb_092,שנה,pi'el,cambiare,target,בעתיד · הם,ישנו,ישנו,False,,,,,
hebverb_092,שנה,pi'el,cambiare,target,בעתיד · הן,תשנינה,תשנינה,False,,,,,
hebverb_093,נסה,pi'el,provare,infinitive,infinitive,לנסות,לנסות,True,189.8128369,499.4885714285714,0.9444444444444444,458.97297297297297,1.0
hebverb_093,נסה,pi'el,provare,present_1,present_1,מנסה,מנסה,True,493.3423733,504.4815789473684,0.9736842105263158,,
hebverb_093,נסה,pi'el,provare,present_2,present_2,מנסה,מנסה,True,493.3423733,504.4815789473684,0.9736842105263158,,
hebverb_093,נסה,pi'el,provare,present_3,present_3,מנסים,מנסים,True,106.1853104,564.0833333333334,0.9444444444444444,462.65714285714284,1.0
hebverb_093,נסה,pi'el,provare,present_4,present_4,מנסות,מנסות,False,,,,,
hebverb_093,נסה,pi'el,provare,target,בעבר · אני,ניסיתי,ניסיתי,False,,,,,
hebverb_093,נסה,pi'el,provare,target,בעבר · אני,נסיתי,נסיתי,False,,,,,
hebverb_093,נסה,pi'el,provare,target,בעבר · אתה,ניסית,ניסית,True,42.84766166,611.5297297297296,0.9459459459459459,,
hebverb_093,נסה,pi'el,provare,target,בעבר · אתה,נסית,נסית,False,,,,,
hebverb_093,נסה,pi'el,provare,target,בעבר · את,ניסית,ניסית,True,42.84766166,611.5297297297296,0.9459459459459459,,
hebverb_093,נסה,pi'el,provare,target,בעבר · את,נסית,נסית,False,,,,,
hebverb_093,נסה,pi'el,provare,target,בעבר · הוא,ניסה,ניסה,False,,,,,
hebverb_093,נסה,pi'el,provare,target,בעבר · הוא,נסה,נסה,True,44.41215312,532.6085714571428,0.8571428571428571,,
hebverb_093,נסה,pi'el,provare,target,בעבר · היא,ניסתה,ניסתה,False,,,,,
hebverb_093,נסה,pi'el,provare,target,בעבר · היא,נסתה,נסתה,False,,,,,
hebverb_093,נסה,pi'el,provare,target,בעבר · אנחנו,ניסינו,ניסינו,True,25.22590893,533.6210526052632,0.9210526315789473,,
hebverb_093,נסה,pi'el,provare,target,בעבר · אנחנו,נסינו,נסינו,False,,,,,
hebverb_093,נסה,pi'el,provare,target,בעבר · אתם,ניסיתם,ניסיתם,True,3.420051114,613.1600000249999,0.875,,
hebverb_093,נסה,pi'el,provare,target,בעבר · אתם,נסיתם,נסיתם,False,,,,,
hebverb_093,נסה,pi'el,provare,target,בעבר · אתן,ניסיתן,ניסיתן,False,,,,,
hebverb_093,נסה,pi'el,provare,target,בעבר · אתן,נסיתן,נסיתן,False,,,,,
hebverb_093,נסה,pi'el,provare,target,בעבר · הם,ניסו,ניסו,True,29.91938333,568.2282051282052,0.8205128205128205,494.77142857142854,1.0
hebverb_093,נסה,pi'el,provare,target,בעבר · הם,נסו,נסו,False,,,,,
hebverb_093,נסה,pi'el,provare,target,בעבר · הן,ניסו,ניסו,True,29.91938333,568.2282051282052,0.8205128205128205,494.77142857142854,1.0
hebverb_093,נסה,pi'el,provare,target,בעבר · הן,נסו,נסו,False,,,,,
hebverb_093,נסה,pi'el,provare,target,בעתיד · אני,אנסה,אנסה,True,42.98106791,564.9058823529411,0.9428571428571428,464.9756097560976,1.0
hebverb_093,נסה,pi'el,provare,target,בעתיד · אתה,תנסה,תנסה,True,67.98261178,560.5783783513514,0.918918918918919,492.025,1.0
hebverb_093,נסה,pi'el,provare,target,בעתיד · את,תנסי,תנסי,False,,,,,
hebverb_093,נסה,pi'el,provare,target,בעתיד · הוא,ינסה,ינסה,True,21.3268081,620.6825,0.95,481.4054054054054,1.0
hebverb_093,נסה,pi'el,provare,target,בעתיד · היא,תנסה,תנסה,True,67.98261178,560.5783783513514,0.918918918918919,492.025,1.0
hebverb_093,נסה,pi'el,provare,target,בעתיד · אנחנו,ננסה,ננסה,True,38.06322845,589.9891891621621,0.9459459459459459,,
hebverb_093,נסה,pi'el,provare,target,בעתיד · אתם,תנסו,תנסו,False,,,,,
hebverb_093,נסה,pi'el,provare,target,בעתיד · אתן,תנסינה,תנסינה,False,,,,,
hebverb_093,נסה,pi'el,provare,target,בעתיד · הם,ינסו,ינסו,False,,,,,
hebverb_093,נסה,pi'el,provare,target,בעתיד · הן,תנסינה,תנסינה,False,,,,,
hebverb_094,קוה,pi'el,sperare,infinitive,infinitive,לקוות,לקוות,False,,,,,
hebverb_094,קוה,pi'el,sperare,present_1,present_1,מקוה,מקוה,False,,,,,
hebverb_094,קוה,pi'el,sperare,present_1,present_1,מקווה,מקווה,True,318.1314568,591.2025,1.0,506.1142857142857,0.9743589743589743
hebverb_094,קוה,pi'el,sperare,present_2,present_2,מקוה,מקוה,False,,,,,
hebverb_094,קוה,pi'el,sperare,present_2,present_2,מקווה,מקווה,True,318.1314568,591.2025,1.0,506.1142857142857,0.9743589743589743
hebverb_094,קוה,pi'el,sperare,present_3,present_3,מקוים,מקוים,False,,,,,
hebverb_094,קוה,pi'el,sperare,present_3,present_3,מקווים,מקווים,True,17.51260216,622.5722222222222,0.8888888888888888,508.94117647058823,1.0
hebverb_094,קוה,pi'el,sperare,present_4,present_4,מקוות,מקוות,False,,,,,
hebverb_094,קוה,pi'el,sperare,target,בעבר · אני,קויתי,קויתי,False,,,,,
hebverb_094,קוה,pi'el,sperare,target,בעבר · אני,קיוויתי,קיוויתי,False,,,,,
hebverb_094,קוה,pi'el,sperare,target,בעבר · אתה,קוית,קוית,False,,,,,
hebverb_094,קוה,pi'el,sperare,target,בעבר · אתה,קיווית,קיווית,False,,,,,
hebverb_094,קוה,pi'el,sperare,target,בעבר · את,קוית,קוית,False,,,,,
hebverb_094,קוה,pi'el,sperare,target,בעבר · את,קיווית,קיווית,False,,,,,
hebverb_094,קוה,pi'el,sperare,target,בעבר · הוא,קוה,קוה,False,,,,,
hebverb_094,קוה,pi'el,sperare,target,בעבר · הוא,קיווה,קיווה,False,,,,,
hebverb_094,קוה,pi'el,sperare,target,בעבר · היא,קותה,קותה,False,,,,,
hebverb_094,קוה,pi'el,sperare,target,בעבר · היא,קיוותה,קיוותה,False,,,,,
hebverb_094,קוה,pi'el,sperare,target,בעבר · אנחנו,קוינו,קוינו,False,,,,,
hebverb_094,קוה,pi'el,sperare,target,בעבר · אנחנו,קיווינו,קיווינו,True,5.68189343,583.8210526052632,0.631578947368421,,
hebverb_094,קוה,pi'el,sperare,target,בעבר · אתם,קויתם,קויתם,False,,,,,
hebverb_094,קוה,pi'el,sperare,target,בעבר · אתם,קיוויתם,קיוויתם,False,,,,,
hebverb_094,קוה,pi'el,sperare,target,בעבר · אתן,קויתן,קויתן,False,,,,,
hebverb_094,קוה,pi'el,sperare,target,בעבר · אתן,קיוויתן,קיוויתן,False,,,,,
hebverb_094,קוה,pi'el,sperare,target,בעבר · הם,קוו,קוו,False,,,,,
hebverb_094,קוה,pi'el,sperare,target,בעבר · הם,קיוו,קיוו,True,1.140017038,656.7526315789473,0.47368421052631576,541.46875,1.0
hebverb_094,קוה,pi'el,sperare,target,בעבר · הן,קוו,קוו,False,,,,,
hebverb_094,קוה,pi'el,sperare,target,בעבר · הן,קיוו,קיוו,True,1.140017038,656.7526315789473,0.47368421052631576,541.46875,1.0
hebverb_094,קוה,pi'el,sperare,target,בעתיד · אני,אקוה,אקוה,False,,,,,
hebverb_094,קוה,pi'el,sperare,target,בעתיד · אני,אקווה,אקווה,False,,,,,
hebverb_094,קוה,pi'el,sperare,target,בעתיד · אתה,תקוה,תקוה,False,,,,,
hebverb_094,קוה,pi'el,sperare,target,בעתיד · אתה,תקווה,תקווה,True,52.64089313,496.9428571428571,0.9142857142857143,479.6666666666667,0.9736842105263158
hebverb_094,קוה,pi'el,sperare,target,בעתיד · את,תקוי,תקוי,False,,,,,
hebverb_094,קוה,pi'el,sperare,target,בעתיד · את,תקווי,תקווי,False,,,,,
hebverb_094,קוה,pi'el,sperare,target,בעתיד · הוא,יקוה,יקוה,False,,,,,
hebverb_094,קוה,pi'el,sperare,target,בעתיד · הוא,יקווה,יקווה,False,,,,,
hebverb_094,קוה,pi'el,sperare,target,בעתיד · היא,תקוה,תקוה,False,,,,,
hebverb_094,קוה,pi'el,sperare,target,בעתיד · היא,תקווה,תקווה,True,52.64089313,496.9428571428571,0.9142857142857143,479.6666666666667,0.9736842105263158
hebverb_094,קוה,pi'el,sperare,target,בעתיד · אנחנו,נקוה,נקוה,False,,,,,
hebverb_094,קוה,pi'el,sperare,target,בעתיד · אנחנו,נקווה,נקווה,False,,,,,
hebverb_094,קוה,pi'el,sperare,target,בעתיד · אתם,תקוו,תקוו,False,,,,,
hebverb_094,קוה,pi'el,sperare,target,בעתיד · אתן,תקוינה,תקוינה,False,,,,,
hebverb_094,קוה,pi'el,sperare,target,בעתיד · אתן,תקווינה,תקווינה,False,,,,,
hebverb_094,קוה,pi'el,sperare,target,בעתיד · הם,יקוו,יקוו,False,,,,,
hebverb_094,קוה,pi'el,sperare,target,בעתיד · הן,תקוינה,תקוינה,False,,,,,
hebverb_094,קוה,pi'el,sperare,target,בעתיד · הן,תקווינה,תקווינה,False,,,,,
hebverb_095,חפש,pi'el,cercare,infinitive,infinitive,לחפש,לחפש,False,,,,,
hebverb_095,חפש,pi'el,cercare,present_1,present_1,מחפש,מחפש,False,,,,,
hebverb_095,חפש,pi'el,cercare,present_2,present_2,מחפשת,מחפשת,True,56.0184968,505.77837837837836,0.9473684210526315,507.0810810810811,1.0
hebverb_095,חפש,pi'el,cercare,present_3,present_3,מחפשים,מחפשים,False,,,,,
hebverb_095,חפש,pi'el,cercare,present_4,present_4,מחפשות,מחפשות,False,,,,,
hebverb_095,חפש,pi'el,cercare,target,בעבר · אני,חיפשתי,חיפשתי,True,34.90998983,644.3171428571428,0.9428571428571428,481.3142857142857,1.0
hebverb_095,חפש,pi'el,cercare,target,בעבר · אני,חפשתי,חפשתי,False,,,,,
hebverb_095,חפש,pi'el,cercare,target,בעבר · אתה,חיפשת,חיפשת,False,,,,,
hebverb_095,חפש,pi'el,cercare,target,בעבר · אתה,חפשת,חפשת,False,,,,,
hebverb_095,חפש,pi'el,cercare,target,בעבר · את,חיפשת,חיפשת,False,,,,,
hebverb_095,חפש,pi'el,cercare,target,בעבר · את,חפשת,חפשת,False,,,,,
hebverb_095,חפש,pi'el,cercare,target,בעבר · הוא,חיפש,חיפש,False,,,,,
hebverb_095,חפש,pi'el,cercare,target,בעבר · הוא,חפש,חפש,True,11.44868174,567.4138888888889,0.8333333333333334,552.75,0.8571428571428571
hebverb_095,חפש,pi'el,cercare,target,בעבר · היא,חיפשה,חיפשה,False,,,,,
hebverb_095,חפש,pi'el,cercare,target,בעבר · היא,חפשה,חפשה,False,,,,,
hebverb_095,חפש,pi'el,cercare,target,בעבר · אנחנו,חיפשנו,חיפשנו,False,,,,,
hebverb_095,חפש,pi'el,cercare,target,בעבר · אנחנו,חפשנו,חפשנו,False,,,,,
hebverb_095,חפש,pi'el,cercare,target,בעבר · אתם,חיפשתם,חיפשתם,False,,,,,
hebverb_095,חפש,pi'el,cercare,target,בעבר · אתם,חפשתם,חפשתם,False,,,,,
hebverb_095,חפש,pi'el,cercare,target,בעבר · אתן,חיפשתן,חיפשתן,False,,,,,
hebverb_095,חפש,pi'el,cercare,target,בעבר · אתן,חפשתן,חפשתן,False,,,,,
hebverb_095,חפש,pi'el,cercare,target,בעבר · הם,חיפשו,חיפשו,False,,,,,
hebverb_095,חפש,pi'el,cercare,target,בעבר · הם,חפשו,חפשו,False,,,,,
hebverb_095,חפש,pi'el,cercare,target,בעבר · הן,חיפשו,חיפשו,False,,,,,
hebverb_095,חפש,pi'el,cercare,target,בעבר · הן,חפשו,חפשו,False,,,,,
hebverb_095,חפש,pi'el,cercare,target,בעתיד · אני,אחפש,אחפש,False,,,,,
hebverb_095,חפש,pi'el,cercare,target,בעתיד · אתה,תחפש,תחפש,False,,,,,
hebverb_095,חפש,pi'el,cercare,target,בעתיד · את,תחפשי,תחפשי,False,,,,,
hebverb_095,חפש,pi'el,cercare,target,בעתיד · הוא,יחפש,יחפש,False,,,,,
hebverb_095,חפש,pi'el,cercare,target,בעתיד · היא,תחפש,תחפש,False,,,,,
hebverb_095,חפש,pi'el,cercare,target,בעתיד · אנחנו,נחפש,נחפש,False,,,,,
hebverb_095,חפש,pi'el,cercare,target,בעתיד · אתם,תחפשו,תחפשו,False,,,,,
hebverb_095,חפש,pi'el,cercare,target,בעתיד · אתן,תחפשנה,תחפשנה,False,,,,,
hebverb_095,חפש,pi'el,cercare,target,בעתיד · הם,יחפשו,יחפשו,False,,,,,
hebverb_095,חפש,pi'el,cercare,target,בעתיד · הן,תחפשנה,תחפשנה,False,,,,,
hebverb_096,גדל,pi'el,crescere / far crescere,infinitive,infinitive,לגדל,לגדל,True,24.86813762,524.385,0.975,,
hebverb_096,גדל,pi'el,crescere / far crescere,present_1,present_1,מגדל,מגדל,True,20.97510072,561.8114285714286,1.0,,
hebverb_096,גדל,pi'el,crescere / far crescere,present_2,present_2,מגדלת,מגדלת,True,3.802078101,547.827027027027,0.972972972972973,485.6764705882353,0.6486486486486487
hebverb_096,גדל,pi'el,crescere / far crescere,present_3,present_3,מגדלים,מגדלים,True,4.929967298,630.92777775,0.918918918918919,,
hebverb_096,גדל,pi'el,crescere / far crescere,present_4,present_4,מגדלות,מגדלות,False,,,,,
hebverb_096,גדל,pi'el,crescere / far crescere,target,בעבר · אני,גידלתי,גידלתי,False,,,,,
hebverb_096,גדל,pi'el,crescere / far crescere,target,בעבר · אני,גדלתי,גדלתי,True,17.96133227,554.6216216216217,0.972972972972973,,
hebverb_096,גדל,pi'el,crescere / far crescere,target,בעבר · אתה,גידלת,גידלת,True,2.273970156,580.5457142857142,0.9428571428571428,492.5483870967742,1.0
hebverb_096,גדל,pi'el,crescere / far crescere,target,בעבר · אתה,גדלת,גדלת,False,,,,,
hebverb_096,גדל,pi'el,crescere / far crescere,target,בעבר · את,גידלת,גידלת,True,2.273970156,580.5457142857142,0.9428571428571428,492.5483870967742,1.0
hebverb_096,גדל,pi'el,crescere / far crescere,target,בעבר · את,גדלת,גדלת,False,,,,,
hebverb_096,גדל,pi'el,crescere / far crescere,target,בעבר · הוא,גידל,גידל,True,3.899100827,563.4888888888888,0.8888888888888888,461.0,0.9714285714285714
hebverb_096,גדל,pi'el,crescere / far crescere,target,בעבר · הוא,גדל,גדל,True,32.39346286,548.6513513513513,0.9459459459459459,470.20512820512823,0.975609756097561
hebverb_096,גדל,pi'el,crescere / far crescere,target,בעבר · היא,גידלה,גידלה,False,,,,,
hebverb_096,גדל,pi'el,crescere / far crescere,target,בעבר · היא,גדלה,גדלה,False,,,,,
hebverb_096,גדל,pi'el,crescere / far crescere,target,בעבר · אנחנו,גידלנו,גידלנו,False,,,,,
hebverb_096,גדל,pi'el,crescere / far crescere,target,בעבר · אנחנו,גדלנו,גדלנו,False,,,,,
hebverb_096,גדל,pi'el,crescere / far crescere,target,בעבר · אתם,גידלתם,גידלתם,False,,,,,
hebverb_096,גדל,pi'el,crescere / far crescere,target,בעבר · אתם,גדלתם,גדלתם,False,,,,,
hebverb_096,גדל,pi'el,crescere / far crescere,target,בעבר · אתן,גידלתן,גידלתן,False,,,,,
hebverb_096,גדל,pi'el,crescere / far crescere,target,בעבר · אתן,גדלתן,גדלתן,False,,,,,
hebverb_096,גדל,pi'el,crescere / far crescere,target,בעבר · הם,גידלו,גידלו,False,,,,,
hebverb_096,גדל,pi'el,crescere / far crescere,target,בעבר · הם,גדלו,גדלו,False,,,,,
hebverb_096,גדל,pi'el,crescere / far crescere,target,בעבר · הן,גידלו,גידלו,False,,,,,
hebverb_096,גדל,pi'el,crescere / far crescere,target,בעבר · הן,גדלו,גדלו,False,,,,,
hebverb_096,גדל,pi'el,crescere / far crescere,target,בעתיד · אני,אגדל,אגדל,False,,,,,
hebverb_096,גדל,pi'el,crescere / far crescere,target,בעתיד · אתה,תגדל,תגדל,False,,,,,
hebverb_096,גדל,pi'el,crescere / far crescere,target,בעתיד · את,תגדלי,תגדלי,False,,,,,
hebverb_096,גדל,pi'el,crescere / far crescere,target,בעתיד · הוא,יגדל,יגדל,False,,,,,
hebverb_096,גדל,pi'el,crescere / far crescere,target,בעתיד · היא,תגדל,תגדל,False,,,,,
hebverb_096,גדל,pi'el,crescere / far crescere,target,בעתיד · אנחנו,נגדל,נגדל,True,1.273423287,603.3605263684211,1.0,,
hebverb_096,גדל,pi'el,crescere / far crescere,target,בעתיד · אתם,תגדלו,תגדלו,False,,,,,
hebverb_096,גדל,pi'el,crescere / far crescere,target,בעתיד · אתן,תגדלנה,תגדלנה,False,,,,,
hebverb_096,גדל,pi'el,crescere / far crescere,target,בעתיד · הם,יגדלו,יגדלו,False,,,,,
hebverb_096,גדל,pi'el,crescere / far crescere,target,בעתיד · הן,תגדלנה,תגדלנה,False,,,,,
hebverb_097,סמן,pi'el,"DA_RIVEDERE: ב mark, ל signal",infinitive,infinitive,לסמן,לסמן,True,6.864357911,558.6926829268293,0.926829268292683,476.0,1.0
hebverb_097,סמן,pi'el,"DA_RIVEDERE: ב mark, ל signal",present_1,present_1,מסמן,מסמן,True,4.711666163,629.8842105263158,0.868421052631579,,
hebverb_097,סמן,pi'el,"DA_RIVEDERE: ב mark, ל signal",present_2,present_2,מסמנת,מסמנת,False,,,,,
hebverb_097,סמן,pi'el,"DA_RIVEDERE: ב mark, ל signal",present_3,present_3,מסמנים,מסמנים,False,,,,,
hebverb_097,סמן,pi'el,"DA_RIVEDERE: ב mark, ל signal",present_4,present_4,מסמנות,מסמנות,False,,,,,
hebverb_097,סמן,pi'el,"DA_RIVEDERE: ב mark, ל signal",target,בעבר · אני,סימנתי,סימנתי,False,,,,,
hebverb_097,סמן,pi'el,"DA_RIVEDERE: ב mark, ל signal",target,בעבר · אני,סמנתי,סמנתי,False,,,,,
hebverb_097,סמן,pi'el,"DA_RIVEDERE: ב mark, ל signal",target,בעבר · אתה,סימנת,סימנת,False,,,,,
hebverb_097,סמן,pi'el,"DA_RIVEDERE: ב mark, ל signal",target,בעבר · אתה,סמנת,סמנת,False,,,,,
hebverb_097,סמן,pi'el,"DA_RIVEDERE: ב mark, ל signal",target,בעבר · את,סימנת,סימנת,False,,,,,
hebverb_097,סמן,pi'el,"DA_RIVEDERE: ב mark, ל signal",target,בעבר · את,סמנת,סמנת,False,,,,,
hebverb_097,סמן,pi'el,"DA_RIVEDERE: ב mark, ל signal",target,בעבר · הוא,סימן,סימן,False,,,,,
hebverb_097,סמן,pi'el,"DA_RIVEDERE: ב mark, ל signal",target,בעבר · הוא,סמן,סמן,False,,,,,
hebverb_097,סמן,pi'el,"DA_RIVEDERE: ב mark, ל signal",target,בעבר · היא,סימנה,סימנה,False,,,,,
hebverb_097,סמן,pi'el,"DA_RIVEDERE: ב mark, ל signal",target,בעבר · היא,סמנה,סמנה,False,,,,,
hebverb_097,סמן,pi'el,"DA_RIVEDERE: ב mark, ל signal",target,בעבר · אנחנו,סימנו,סימנו,False,,,,,
hebverb_097,סמן,pi'el,"DA_RIVEDERE: ב mark, ל signal",target,בעבר · אנחנו,סמנו,סמנו,False,,,,,
hebverb_097,סמן,pi'el,"DA_RIVEDERE: ב mark, ל signal",target,בעבר · אתם,סימנתם,סימנתם,False,,,,,
hebverb_097,סמן,pi'el,"DA_RIVEDERE: ב mark, ל signal",target,בעבר · אתם,סמנתם,סמנתם,False,,,,,
hebverb_097,סמן,pi'el,"DA_RIVEDERE: ב mark, ל signal",target,בעבר · אתן,סימנתן,סימנתן,False,,,,,
hebverb_097,סמן,pi'el,"DA_RIVEDERE: ב mark, ל signal",target,בעבר · אתן,סמנתן,סמנתן,False,,,,,
hebverb_097,סמן,pi'el,"DA_RIVEDERE: ב mark, ל signal",target,בעבר · הם,סימנו,סימנו,False,,,,,
hebverb_097,סמן,pi'el,"DA_RIVEDERE: ב mark, ל signal",target,בעבר · הם,סמנו,סמנו,False,,,,,
hebverb_097,סמן,pi'el,"DA_RIVEDERE: ב mark, ל signal",target,בעבר · הן,סימנו,סימנו,False,,,,,
hebverb_097,סמן,pi'el,"DA_RIVEDERE: ב mark, ל signal",target,בעבר · הן,סמנו,סמנו,False,,,,,
hebverb_097,סמן,pi'el,"DA_RIVEDERE: ב mark, ל signal",target,בעתיד · אני,אסמן,אסמן,False,,,,,
hebverb_097,סמן,pi'el,"DA_RIVEDERE: ב mark, ל signal",target,בעתיד · אתה,תסמן,תסמן,False,,,,,
hebverb_097,סמן,pi'el,"DA_RIVEDERE: ב mark, ל signal",target,בעתיד · את,תסמני,תסמני,False,,,,,
hebverb_097,סמן,pi'el,"DA_RIVEDERE: ב mark, ל signal",target,בעתיד · הוא,יסמן,יסמן,False,,,,,
hebverb_097,סמן,pi'el,"DA_RIVEDERE: ב mark, ל signal",target,בעתיד · היא,תסמן,תסמן,False,,,,,
hebverb_097,סמן,pi'el,"DA_RIVEDERE: ב mark, ל signal",target,בעתיד · אנחנו,נסמן,נסמן,False,,,,,
hebverb_097,סמן,pi'el,"DA_RIVEDERE: ב mark, ל signal",target,בעתיד · אתם,תסמנו,תסמנו,False,,,,,
hebverb_097,סמן,pi'el,"DA_RIVEDERE: ב mark, ל signal",target,בעתיד · אתן,תסמנה,תסמנה,False,,,,,
hebverb_097,סמן,pi'el,"DA_RIVEDERE: ב mark, ל signal",target,בעתיד · הם,יסמנו,יסמנו,False,,,,,
hebverb_097,סמן,pi'el,"DA_RIVEDERE: ב mark, ל signal",target,בעתיד · הן,תסמנה,תסמנה,False,,,,,
hebverb_098,אחל,pi'el,augurare,infinitive,infinitive,לאחל,לאחל,False,,,,,
hebverb_098,אחל,pi'el,augurare,present_1,present_1,מאחל,מאחל,False,,,,,
hebverb_098,אחל,pi'el,augurare,present_2,present_2,מאחלת,מאחלת,False,,,,,
hebverb_098,אחל,pi'el,augurare,present_3,present_3,מאחלים,מאחלים,False,,,,,
hebverb_098,אחל,pi'el,augurare,present_4,present_4,מאחלות,מאחלות,False,,,,,
hebverb_098,אחל,pi'el,augurare,target,בעבר · אני,אחלתי,אחלתי,False,,,,,
hebverb_098,אחל,pi'el,augurare,target,בעבר · אני,איחלתי,איחלתי,False,,,,,
hebverb_098,אחל,pi'el,augurare,target,בעבר · אתה,אחלת,אחלת,False,,,,,
hebverb_098,אחל,pi'el,augurare,target,בעבר · אתה,איחלת,איחלת,False,,,,,
hebverb_098,אחל,pi'el,augurare,target,בעבר · את,אחלת,אחלת,False,,,,,
hebverb_098,אחל,pi'el,augurare,target,בעבר · את,איחלת,איחלת,False,,,,,
hebverb_098,אחל,pi'el,augurare,target,בעבר · הוא,אחל,אחל,False,,,,,
hebverb_098,אחל,pi'el,augurare,target,בעבר · הוא,איחל,איחל,False,,,,,
hebverb_098,אחל,pi'el,augurare,target,בעבר · היא,אחלה,אחלה,True,25.95357938,533.32,0.9714285714285714,,
hebverb_098,אחל,pi'el,augurare,target,בעבר · היא,איחלה,איחלה,False,,,,,
hebverb_098,אחל,pi'el,augurare,target,בעבר · אנחנו,אחלנו,אחלנו,False,,,,,
hebverb_098,אחל,pi'el,augurare,target,בעבר · אנחנו,איחלנו,איחלנו,False,,,,,
hebverb_098,אחל,pi'el,augurare,target,בעבר · אתם,אחלתם,אחלתם,False,,,,,
hebverb_098,אחל,pi'el,augurare,target,בעבר · אתם,איחלתם,איחלתם,False,,,,,
hebverb_098,אחל,pi'el,augurare,target,בעבר · אתן,אחלתן,אחלתן,False,,,,,
hebverb_098,אחל,pi'el,augurare,target,בעבר · אתן,איחלתן,איחלתן,False,,,,,
hebverb_098,אחל,pi'el,augurare,target,בעבר · הם,אחלו,אחלו,False,,,,,
hebverb_098,אחל,pi'el,augurare,target,בעבר · הם,איחלו,איחלו,False,,,,,
hebverb_098,אחל,pi'el,augurare,target,בעבר · הן,אחלו,אחלו,False,,,,,
hebverb_098,אחל,pi'el,augurare,target,בעבר · הן,איחלו,איחלו,False,,,,,
hebverb_098,אחל,pi'el,augurare,target,בעתיד · אני,אאחל,אאחל,False,,,,,
hebverb_098,אחל,pi'el,augurare,target,בעתיד · אתה,תאחל,תאחל,False,,,,,
hebverb_098,אחל,pi'el,augurare,target,בעתיד · את,תאחלי,תאחלי,False,,,,,
hebverb_098,אחל,pi'el,augurare,target,בעתיד · הוא,יאחל,יאחל,False,,,,,
hebverb_098,אחל,pi'el,augurare,target,בעתיד · היא,תאחל,תאחל,False,,,,,
hebverb_098,אחל,pi'el,augurare,target,בעתיד · אנחנו,נאחל,נאחל,False,,,,,
hebverb_098,אחל,pi'el,augurare,target,בעתיד · אתם,תאחלו,תאחלו,False,,,,,
hebverb_098,אחל,pi'el,augurare,target,בעתיד · אתן,תאחלנה,תאחלנה,False,,,,,
hebverb_098,אחל,pi'el,augurare,target,בעתיד · הם,יאחלו,יאחלו,False,,,,,
hebverb_098,אחל,pi'el,augurare,target,בעתיד · הן,תאחלנה,תאחלנה,False,,,,,
hebverb_099,ערבב,pi'el,mescolare,infinitive,infinitive,לערבב,לערבב,True,5.791043997,558.0342105263157,0.9473684210526315,454.625,0.9714285714285714
hebverb_099,ערבב,pi'el,mescolare,present_1,present_1,מערבב,מערבב,False,,,,,
hebverb_099,ערבב,pi'el,mescolare,present_2,present_2,מערבבת,מערבבת,False,,,,,
hebverb_099,ערבב,pi'el,mescolare,present_3,present_3,מערבבים,מערבבים,False,,,,,
hebverb_099,ערבב,pi'el,mescolare,present_4,present_4,מערבבות,מערבבות,False,,,,,
hebverb_099,ערבב,pi'el,mescolare,target,בעבר · אני,ערבבתי,ערבבתי,False,,,,,
hebverb_099,ערבב,pi'el,mescolare,target,בעבר · אני,עירבבתי,עירבבתי,False,,,,,
hebverb_099,ערבב,pi'el,mescolare,target,בעבר · אתה,ערבבת,ערבבת,False,,,,,
hebverb_099,ערבב,pi'el,mescolare,target,בעבר · אתה,עירבבת,עירבבת,False,,,,,
hebverb_099,ערבב,pi'el,mescolare,target,בעבר · את,ערבבת,ערבבת,False,,,,,
hebverb_099,ערבב,pi'el,mescolare,target,בעבר · את,עירבבת,עירבבת,False,,,,,
hebverb_099,ערבב,pi'el,mescolare,target,בעבר · הוא,ערבב,ערבב,False,,,,,
hebverb_099,ערבב,pi'el,mescolare,target,בעבר · הוא,עירבב,עירבב,False,,,,,
hebverb_099,ערבב,pi'el,mescolare,target,בעבר · היא,ערבבה,ערבבה,False,,,,,
hebverb_099,ערבב,pi'el,mescolare,target,בעבר · היא,עירבבה,עירבבה,False,,,,,
hebverb_099,ערבב,pi'el,mescolare,target,בעבר · אנחנו,ערבבנו,ערבבנו,False,,,,,
hebverb_099,ערבב,pi'el,mescolare,target,בעבר · אנחנו,עירבבנו,עירבבנו,False,,,,,
hebverb_099,ערבב,pi'el,mescolare,target,בעבר · אתם,ערבבתם,ערבבתם,False,,,,,
hebverb_099,ערבב,pi'el,mescolare,target,בעבר · אתם,עירבבתם,עירבבתם,False,,,,,
hebverb_099,ערבב,pi'el,mescolare,target,בעבר · אתן,ערבבתן,ערבבתן,False,,,,,
hebverb_099,ערבב,pi'el,mescolare,target,בעבר · אתן,עירבבתן,עירבבתן,False,,,,,
hebverb_099,ערבב,pi'el,mescolare,target,בעבר · הם,ערבבו,ערבבו,False,,,,,
hebverb_099,ערבב,pi'el,mescolare,target,בעבר · הם,עירבבו,עירבבו,False,,,,,
hebverb_099,ערבב,pi'el,mescolare,target,בעבר · הן,ערבבו,ערבבו,False,,,,,
hebverb_099,ערבב,pi'el,mescolare,target,בעבר · הן,עירבבו,עירבבו,False,,,,,
hebverb_099,ערבב,pi'el,mescolare,target,בעתיד · אני,אערבב,אערבב,False,,,,,
hebverb_099,ערבב,pi'el,mescolare,target,בעתיד · אתה,תערבב,תערבב,True,0.958099426,645.3444444444444,0.8611111111111112,492.45714285714286,0.8285714285714286
hebverb_099,ערבב,pi'el,mescolare,target,בעתיד · את,תערבבי,תערבבי,False,,,,,
hebverb_099,ערבב,pi'el,mescolare,target,בעתיד · הוא,יערבב,יערבב,False,,,,,
hebverb_099,ערבב,pi'el,mescolare,target,בעתיד · היא,תערבב,תערבב,True,0.958099426,645.3444444444444,0.8611111111111112,492.45714285714286,0.8285714285714286
hebverb_099,ערבב,pi'el,mescolare,target,בעתיד · אנחנו,נערבב,נערבב,False,,,,,
hebverb_099,ערבב,pi'el,mescolare,target,בעתיד · אתם,תערבבו,תערבבו,False,,,,,
hebverb_099,ערבב,pi'el,mescolare,target,בעתיד · אתן,תערבבנה,תערבבנה,False,,,,,
hebverb_099,ערבב,pi'el,mescolare,target,בעתיד · הם,יערבבו,יערבבו,False,,,,,
hebverb_099,ערבב,pi'el,mescolare,target,בעתיד · הן,תערבבנה,תערבבנה,False,,,,,
hebverb_100,כבד,pi'el,rispettare,infinitive,infinitive,לכבד,לכבד,False,,,,,
hebverb_100,כבד,pi'el,rispettare,present_1,present_1,מכבד,מכבד,False,,,,,
hebverb_100,כבד,pi'el,rispettare,present_2,present_2,מכבדת,מכבדת,False,,,,,
hebverb_100,כבד,pi'el,rispettare,present_3,present_3,מכבדים,מכבדים,False,,,,,
hebverb_100,כבד,pi'el,rispettare,present_4,present_4,מכבדות,מכבדות,False,,,,,
hebverb_100,כבד,pi'el,rispettare,target,בעבר · אני,כיבדתי,כיבדתי,False,,,,,
hebverb_100,כבד,pi'el,rispettare,target,בעבר · אני,כבדתי,כבדתי,False,,,,,
hebverb_100,כבד,pi'el,rispettare,target,בעבר · אתה,כיבדת,כיבדת,False,,,,,
hebverb_100,כבד,pi'el,rispettare,target,בעבר · אתה,כבדת,כבדת,False,,,,,
hebverb_100,כבד,pi'el,rispettare,target,בעבר · את,כיבדת,כיבדת,False,,,,,
hebverb_100,כבד,pi'el,rispettare,target,בעבר · את,כבדת,כבדת,False,,,,,
hebverb_100,כבד,pi'el,rispettare,target,בעבר · הוא,כיבד,כיבד,True,1.255231526,574.5631579210527,0.8421052631578947,,
hebverb_100,כבד,pi'el,rispettare,target,בעבר · הוא,כבד,כבד,True,48.13540026,544.6973684210526,0.9210526315789473,,
hebverb_100,כבד,pi'el,rispettare,target,בעבר · היא,כיבדה,כיבדה,False,,,,,
hebverb_100,כבד,pi'el,rispettare,target,בעבר · היא,כבדה,כבדה,False,,,,,
hebverb_100,כבד,pi'el,rispettare,target,בעבר · אנחנו,כיבדנו,כיבדנו,False,,,,,
hebverb_100,כבד,pi'el,rispettare,target,בעבר · אנחנו,כבדנו,כבדנו,False,,,,,
hebverb_100,כבד,pi'el,rispettare,target,בעבר · אתם,כיבדתם,כיבדתם,False,,,,,
hebverb_100,כבד,pi'el,rispettare,target,בעבר · אתם,כבדתם,כבדתם,False,,,,,
hebverb_100,כבד,pi'el,rispettare,target,בעבר · אתן,כיבדתן,כיבדתן,False,,,,,
hebverb_100,כבד,pi'el,rispettare,target,בעבר · אתן,כבדתן,כבדתן,False,,,,,
hebverb_100,כבד,pi'el,rispettare,target,בעבר · הם,כיבדו,כיבדו,False,,,,,
hebverb_100,כבד,pi'el,rispettare,target,בעבר · הם,כבדו,כבדו,False,,,,,
hebverb_100,כבד,pi'el,rispettare,target,בעבר · הן,כיבדו,כיבדו,False,,,,,
hebverb_100,כבד,pi'el,rispettare,target,בעבר · הן,כבדו,כבדו,False,,,,,
hebverb_100,כבד,pi'el,rispettare,target,בעתיד · אני,אכבד,אכבד,False,,,,,
hebverb_100,כבד,pi'el,rispettare,target,בעתיד · אתה,תכבד,תכבד,False,,,,,
hebverb_100,כבד,pi'el,rispettare,target,בעתיד · את,תכבדי,תכבדי,True,1.176400561,551.7714285714286,0.9142857142857143,484.47058823529414,0.9411764705882353
hebverb_100,כבד,pi'el,rispettare,target,בעתיד · הוא,יכבד,יכבד,False,,,,,
hebverb_100,כבד,pi'el,rispettare,target,בעתיד · היא,תכבד,תכבד,False,,,,,
hebverb_100,כבד,pi'el,rispettare,target,בעתיד · אנחנו,נכבד,נכבד,False,,,,,
hebverb_100,כבד,pi'el,rispettare,target,בעתיד · אתם,תכבדו,תכבדו,False,,,,,
hebverb_100,כבד,pi'el,rispettare,target,בעתיד · אתן,תכבדנה,תכבדנה,False,,,,,
hebverb_100,כבד,pi'el,rispettare,target,בעתיד · הם,יכבדו,יכבדו,False,,,,,
hebverb_100,כבד,pi'el,rispettare,target,בעתיד · הן,תכבדנה,תכבדנה,False,,,,,
hebverb_101,סדר,pi'el,organizzare,infinitive,infinitive,לסדר,לסדר,False,,,,,
hebverb_101,סדר,pi'el,organizzare,present_1,present_1,מסדר,מסדר,True,11.09091044,588.8166666666667,0.9444444444444444,506.27777777777777,0.9743589743589743
hebverb_101,סדר,pi'el,organizzare,present_2,present_2,מסדרת,מסדרת,False,,,,,
hebverb_101,סדר,pi'el,organizzare,present_3,present_3,מסדרים,מסדרים,False,,,,,
hebverb_101,סדר,pi'el,organizzare,present_4,present_4,מסדרות,מסדרות,False,,,,,
hebverb_101,סדר,pi'el,organizzare,target,בעבר · אני,סידרתי,סידרתי,False,,,,,
hebverb_101,סדר,pi'el,organizzare,target,בעבר · אני,סדרתי,סדרתי,True,13.74690758,580.642499975,1.0,,
hebverb_101,סדר,pi'el,organizzare,target,בעבר · אתה,סידרת,סידרת,False,,,,,
hebverb_101,סדר,pi'el,organizzare,target,בעבר · אתה,סדרת,סדרת,False,,,,,
hebverb_101,סדר,pi'el,organizzare,target,בעבר · את,סידרת,סידרת,False,,,,,
hebverb_101,סדר,pi'el,organizzare,target,בעבר · את,סדרת,סדרת,False,,,,,
hebverb_101,סדר,pi'el,organizzare,target,בעבר · הוא,סידר,סידר,True,8.507680343,577.5631579210527,0.7894736842105263,,
hebverb_101,סדר,pi'el,organizzare,target,בעבר · הוא,סדר,סדר,False,,,,,
hebverb_101,סדר,pi'el,organizzare,target,בעבר · היא,סידרה,סידרה,False,,,,,
hebverb_101,סדר,pi'el,organizzare,target,בעבר · היא,סדרה,סדרה,True,12.10964907,579.672972972973,0.972972972972973,,
hebverb_101,סדר,pi'el,organizzare,target,בעבר · אנחנו,סידרנו,סידרנו,False,,,,,
hebverb_101,סדר,pi'el,organizzare,target,בעבר · אנחנו,סדרנו,סדרנו,False,,,,,
hebverb_101,סדר,pi'el,organizzare,target,בעבר · אתם,סידרתם,סידרתם,False,,,,,
hebverb_101,סדר,pi'el,organizzare,target,בעבר · אתם,סדרתם,סדרתם,False,,,,,
hebverb_101,סדר,pi'el,organizzare,target,בעבר · אתן,סידרתן,סידרתן,False,,,,,
hebverb_101,סדר,pi'el,organizzare,target,בעבר · אתן,סדרתן,סדרתן,False,,,,,
hebverb_101,סדר,pi'el,organizzare,target,בעבר · הם,סידרו,סידרו,True,2.48014345,546.0297297297296,0.8421052631578947,,
hebverb_101,סדר,pi'el,organizzare,target,בעבר · הם,סדרו,סדרו,False,,,,,
hebverb_101,סדר,pi'el,organizzare,target,בעבר · הן,סידרו,סידרו,True,2.48014345,546.0297297297296,0.8421052631578947,,
hebverb_101,סדר,pi'el,organizzare,target,בעבר · הן,סדרו,סדרו,False,,,,,
hebverb_101,סדר,pi'el,organizzare,target,בעתיד · אני,אסדר,אסדר,False,,,,,
hebverb_101,סדר,pi'el,organizzare,target,בעתיד · אתה,תסדר,תסדר,False,,,,,
hebverb_101,סדר,pi'el,organizzare,target,בעתיד · את,תסדרי,תסדרי,False,,,,,
hebverb_101,סדר,pi'el,organizzare,target,בעתיד · הוא,יסדר,יסדר,False,,,,,
hebverb_101,סדר,pi'el,organizzare,target,בעתיד · היא,תסדר,תסדר,False,,,,,
hebverb_101,סדר,pi'el,organizzare,target,בעתיד · אנחנו,נסדר,נסדר,False,,,,,
hebverb_101,סדר,pi'el,organizzare,target,בעתיד · אתם,תסדרו,תסדרו,False,,,,,
hebverb_101,סדר,pi'el,organizzare,target,בעתיד · אתן,תסדרנה,תסדרנה,False,,,,,
hebverb_101,סדר,pi'el,organizzare,target,בעתיד · הם,יסדרו,יסדרו,False,,,,,
hebverb_101,סדר,pi'el,organizzare,target,בעתיד · הן,תסדרנה,תסדרנה,False,,,,,
hebverb_102,יבש,pi'el,asciugare,infinitive,infinitive,ליבש,ליבש,False,,,,,
hebverb_102,יבש,pi'el,asciugare,present_1,present_1,מיבש,מיבש,False,,,,,
hebverb_102,יבש,pi'el,asciugare,present_1,present_1,מייבש,מייבש,False,,,,,
hebverb_102,יבש,pi'el,asciugare,present_2,present_2,מיבשת,מיבשת,False,,,,,
hebverb_102,יבש,pi'el,asciugare,present_2,present_2,מייבשת,מייבשת,False,,,,,
hebverb_102,יבש,pi'el,asciugare,present_3,present_3,מיבשים,מיבשים,False,,,,,
hebverb_102,יבש,pi'el,asciugare,present_3,present_3,מייבשים,מייבשים,False,,,,,
hebverb_102,יבש,pi'el,asciugare,present_4,present_4,מיבשות,מיבשות,False,,,,,
hebverb_102,יבש,pi'el,asciugare,present_4,present_4,מייבשות,מייבשות,False,,,,,
hebverb_102,יבש,pi'el,asciugare,target,בעבר · אני,יבשתי,יבשתי,False,,,,,
hebverb_102,יבש,pi'el,asciugare,target,בעבר · אני,ייבשתי,ייבשתי,False,,,,,
hebverb_102,יבש,pi'el,asciugare,target,בעבר · אתה,יבשת,יבשת,True,2.686316744,557.0972972972972,0.8378378378378378,,
hebverb_102,יבש,pi'el,asciugare,target,בעבר · אתה,ייבשת,ייבשת,False,,,,,
hebverb_102,יבש,pi'el,asciugare,target,בעבר · את,יבשת,יבשת,True,2.686316744,557.0972972972972,0.8378378378378378,,
hebverb_102,יבש,pi'el,asciugare,target,בעבר · את,ייבשת,ייבשת,False,,,,,
hebverb_102,יבש,pi'el,asciugare,target,בעבר · הוא,יבש,יבש,False,,,,,
hebverb_102,יבש,pi'el,asciugare,target,בעבר · הוא,ייבש,ייבש,False,,,,,
hebverb_102,יבש,pi'el,asciugare,target,בעבר · היא,יבשה,יבשה,True,6.967444558,556.9657142857143,0.9142857142857143,447.44736842105266,1.0
hebverb_102,יבש,pi'el,asciugare,target,בעבר · היא,ייבשה,ייבשה,False,,,,,
hebverb_102,יבש,pi'el,asciugare,target,בעבר · אנחנו,יבשנו,יבשנו,False,,,,,
hebverb_102,יבש,pi'el,asciugare,target,בעבר · אנחנו,ייבשנו,ייבשנו,False,,,,,
hebverb_102,יבש,pi'el,asciugare,target,בעבר · אתם,יבשתם,יבשתם,False,,,,,
hebverb_102,יבש,pi'el,asciugare,target,בעבר · אתם,ייבשתם,ייבשתם,False,,,,,
hebverb_102,יבש,pi'el,asciugare,target,בעבר · אתן,יבשתן,יבשתן,False,,,,,
hebverb_102,יבש,pi'el,asciugare,target,בעבר · אתן,ייבשתן,ייבשתן,False,,,,,
hebverb_102,יבש,pi'el,asciugare,target,בעבר · הם,יבשו,יבשו,False,,,,,
hebverb_102,יבש,pi'el,asciugare,target,בעבר · הם,ייבשו,ייבשו,False,,,,,
hebverb_102,יבש,pi'el,asciugare,target,בעבר · הן,יבשו,יבשו,False,,,,,
hebverb_102,יבש,pi'el,asciugare,target,בעבר · הן,ייבשו,ייבשו,False,,,,,
hebverb_102,יבש,pi'el,asciugare,target,בעתיד · אני,איבש,איבש,False,,,,,
hebverb_102,יבש,pi'el,asciugare,target,בעתיד · אני,אייבש,אייבש,False,,,,,
hebverb_102,יבש,pi'el,asciugare,target,בעתיד · אתה,תיבש,תיבש,False,,,,,
hebverb_102,יבש,pi'el,asciugare,target,בעתיד · אתה,תייבש,תייבש,False,,,,,
hebverb_102,יבש,pi'el,asciugare,target,בעתיד · את,תיבשי,תיבשי,False,,,,,
hebverb_102,יבש,pi'el,asciugare,target,בעתיד · את,תייבשי,תייבשי,False,,,,,
hebverb_102,יבש,pi'el,asciugare,target,בעתיד · הוא,ייבש,ייבש,False,,,,,
hebverb_102,יבש,pi'el,asciugare,target,בעתיד · היא,תיבש,תיבש,False,,,,,
hebverb_102,יבש,pi'el,asciugare,target,בעתיד · היא,תייבש,תייבש,False,,,,,
hebverb_102,יבש,pi'el,asciugare,target,בעתיד · אנחנו,ניבש,ניבש,False,,,,,
hebverb_102,יבש,pi'el,asciugare,target,בעתיד · אנחנו,נייבש,נייבש,False,,,,,
hebverb_102,יבש,pi'el,asciugare,target,בעתיד · אתם,תיבשו,תיבשו,False,,,,,
hebverb_102,יבש,pi'el,asciugare,target,בעתיד · אתם,תייבשו,תייבשו,False,,,,,
hebverb_102,יבש,pi'el,asciugare,target,בעתיד · אתן,תיבשנה,תיבשנה,False,,,,,
hebverb_102,יבש,pi'el,asciugare,target,בעתיד · אתן,תייבשנה,תייבשנה,False,,,,,
hebverb_102,יבש,pi'el,asciugare,target,בעתיד · הם,ייבשו,ייבשו,False,,,,,
hebverb_102,יבש,pi'el,asciugare,target,בעתיד · הן,תיבשנה,תיבשנה,False,,,,,
hebverb_102,יבש,pi'el,asciugare,target,בעתיד · הן,תייבשנה,תייבשנה,False,,,,,
hebverb_103,יבא,pi'el,importare,infinitive,infinitive,ליבא,ליבא,False,,,,,
hebverb_103,יבא,pi'el,importare,present_1,present_1,מיבא,מיבא,False,,,,,
hebverb_103,יבא,pi'el,importare,present_1,present_1,מייבא,מייבא,False,,,,,
hebverb_103,יבא,pi'el,importare,present_2,present_2,מיבאת,מיבאת,False,,,,,
hebverb_103,יבא,pi'el,importare,present_2,present_2,מייבאת,מייבאת,False,,,,,
hebverb_103,יבא,pi'el,importare,present_3,present_3,מיבאים,מיבאים,False,,,,,
hebverb_103,יבא,pi'el,importare,present_3,present_3,מייבאים,מייבאים,False,,,,,
hebverb_103,יבא,pi'el,importare,present_4,present_4,מיבאות,מיבאות,False,,,,,
hebverb_103,יבא,pi'el,importare,present_4,present_4,מייבאות,מייבאות,False,,,,,
hebverb_103,יבא,pi'el,importare,target,בעבר · אני,יבאתי,יבאתי,False,,,,,
hebverb_103,יבא,pi'el,importare,target,בעבר · אני,ייבאתי,ייבאתי,False,,,,,
hebverb_103,יבא,pi'el,importare,target,בעבר · אתה,יבאת,יבאת,False,,,,,
hebverb_103,יבא,pi'el,importare,target,בעבר · אתה,ייבאת,ייבאת,False,,,,,
hebverb_103,יבא,pi'el,importare,target,בעבר · את,יבאת,יבאת,False,,,,,
hebverb_103,יבא,pi'el,importare,target,בעבר · את,ייבאת,ייבאת,False,,,,,
hebverb_103,יבא,pi'el,importare,target,בעבר · הוא,יבא,יבא,False,,,,,
hebverb_103,יבא,pi'el,importare,target,בעבר · הוא,ייבא,ייבא,False,,,,,
hebverb_103,יבא,pi'el,importare,target,בעבר · היא,יבאה,יבאה,False,,,,,
hebverb_103,יבא,pi'el,importare,target,בעבר · היא,ייבאה,ייבאה,False,,,,,
hebverb_103,יבא,pi'el,importare,target,בעבר · אנחנו,יבאנו,יבאנו,False,,,,,
hebverb_103,יבא,pi'el,importare,target,בעבר · אנחנו,ייבאנו,ייבאנו,False,,,,,
hebverb_103,יבא,pi'el,importare,target,בעבר · אתם,יבאתם,יבאתם,False,,,,,
hebverb_103,יבא,pi'el,importare,target,בעבר · אתם,ייבאתם,ייבאתם,False,,,,,
hebverb_103,יבא,pi'el,importare,target,בעבר · אתן,יבאתן,יבאתן,False,,,,,
hebverb_103,יבא,pi'el,importare,target,בעבר · אתן,ייבאתן,ייבאתן,False,,,,,
hebverb_103,יבא,pi'el,importare,target,בעבר · הם,יבאו,יבאו,False,,,,,
hebverb_103,יבא,pi'el,importare,target,בעבר · הם,ייבאו,ייבאו,False,,,,,
hebverb_103,יבא,pi'el,importare,target,בעבר · הן,יבאו,יבאו,False,,,,,
hebverb_103,יבא,pi'el,importare,target,בעבר · הן,ייבאו,ייבאו,False,,,,,
hebverb_103,יבא,pi'el,importare,target,בעתיד · אני,איבא,איבא,False,,,,,
hebverb_103,יבא,pi'el,importare,target,בעתיד · אני,אייבא,אייבא,False,,,,,
hebverb_103,יבא,pi'el,importare,target,בעתיד · אתה,תיבא,תיבא,False,,,,,
hebverb_103,יבא,pi'el,importare,target,בעתיד · אתה,תייבא,תייבא,False,,,,,
hebverb_103,יבא,pi'el,importare,target,בעתיד · את,תיבאי,תיבאי,False,,,,,
hebverb_103,יבא,pi'el,importare,target,בעתיד · את,תייבאי,תייבאי,False,,,,,
hebverb_103,יבא,pi'el,importare,target,בעתיד · הוא,ייבא,ייבא,False,,,,,
hebverb_103,יבא,pi'el,importare,target,בעתיד · היא,תיבא,תיבא,False,,,,,
hebverb_103,יבא,pi'el,importare,target,בעתיד · היא,תייבא,תייבא,False,,,,,
hebverb_103,יבא,pi'el,importare,target,בעתיד · אנחנו,ניבא,ניבא,False,,,,,
hebverb_103,יבא,pi'el,importare,target,בעתיד · אנחנו,נייבא,נייבא,False,,,,,
hebverb_103,יבא,pi'el,importare,target,בעתיד · אתם,תיבאו,תיבאו,False,,,,,
hebverb_103,יבא,pi'el,importare,target,בעתיד · אתם,תייבאו,תייבאו,False,,,,,
hebverb_103,יבא,pi'el,importare,target,בעתיד · אתן,תיבאנה,תיבאנה,False,,,,,
hebverb_103,יבא,pi'el,importare,target,בעתיד · אתן,תייבאנה,תייבאנה,False,,,,,
hebverb_103,יבא,pi'el,importare,target,בעתיד · הם,ייבאו,ייבאו,False,,,,,
hebverb_103,יבא,pi'el,importare,target,בעתיד · הן,תיבאנה,תיבאנה,False,,,,,
hebverb_103,יבא,pi'el,importare,target,בעתיד · הן,תייבאנה,תייבאנה,False,,,,,
hebverb_104,חמם,pi'el,scaldare,infinitive,infinitive,לחמם,לחמם,False,,,,,
hebverb_104,חמם,pi'el,scaldare,present_1,present_1,מחמם,מחמם,False,,,,,
hebverb_104,חמם,pi'el,scaldare,present_2,present_2,מחממת,מחממת,False,,,,,
hebverb_104,חמם,pi'el,scaldare,present_3,present_3,מחממים,מחממים,False,,,,,
hebverb_104,חמם,pi'el,scaldare,present_4,present_4,מחממות,מחממות,False,,,,,
hebverb_104,חמם,pi'el,scaldare,target,בעבר · אני,חיממתי,חיממתי,False,,,,,
hebverb_104,חמם,pi'el,scaldare,target,בעבר · אני,חממתי,חממתי,False,,,,,
hebverb_104,חמם,pi'el,scaldare,target,בעבר · אתה,חיממת,חיממת,False,,,,,
hebverb_104,חמם,pi'el,scaldare,target,בעבר · אתה,חממת,חממת,False,,,,,
hebverb_104,חמם,pi'el,scaldare,target,בעבר · את,חיממת,חיממת,False,,,,,
hebverb_104,חמם,pi'el,scaldare,target,בעבר · את,חממת,חממת,False,,,,,
hebverb_104,חמם,pi'el,scaldare,target,בעבר · הוא,חימם,חימם,False,,,,,
hebverb_104,חמם,pi'el,scaldare,target,בעבר · הוא,חמם,חמם,False,,,,,
hebverb_104,חמם,pi'el,scaldare,target,בעבר · היא,חיממה,חיממה,False,,,,,
hebverb_104,חמם,pi'el,scaldare,target,בעבר · היא,חממה,חממה,False,,,,,
hebverb_104,חמם,pi'el,scaldare,target,בעבר · אנחנו,חיממנו,חיממנו,False,,,,,
hebverb_104,חמם,pi'el,scaldare,target,בעבר · אנחנו,חממנו,חממנו,False,,,,,
hebverb_104,חמם,pi'el,scaldare,target,בעבר · אתם,חיממתם,חיממתם,False,,,,,
hebverb_104,חמם,pi'el,scaldare,target,בעבר · אתם,חממתם,חממתם,False,,,,,
hebverb_104,חמם,pi'el,scaldare,target,בעבר · אתן,חיממתן,חיממתן,False,,,,,
hebverb_104,חמם,pi'el,scaldare,target,בעבר · אתן,חממתן,חממתן,False,,,,,
hebverb_104,חמם,pi'el,scaldare,target,בעבר · הם,חיממו,חיממו,False,,,,,
hebverb_104,חמם,pi'el,scaldare,target,בעבר · הם,חממו,חממו,False,,,,,
hebverb_104,חמם,pi'el,scaldare,target,בעבר · הן,חיממו,חיממו,False,,,,,
hebverb_104,חמם,pi'el,scaldare,target,בעבר · הן,חממו,חממו,False,,,,,
hebverb_104,חמם,pi'el,scaldare,target,בעתיד · אני,אחמם,אחמם,True,1.188528401,680.8621621621622,0.4594594594594595,469.10526315789474,0.8780487804878049
hebverb_104,חמם,pi'el,scaldare,target,בעתיד · אתה,תחמם,תחמם,False,,,,,
hebverb_104,חמם,pi'el,scaldare,target,בעתיד · את,תחממי,תחממי,False,,,,,
hebverb_104,חמם,pi'el,scaldare,target,בעתיד · הוא,יחמם,יחמם,True,0.982355107,591.4114285714286,0.6285714285714286,461.6666666666667,0.8536585365853658
hebverb_104,חמם,pi'el,scaldare,target,בעתיד · היא,תחמם,תחמם,False,,,,,
hebverb_104,חמם,pi'el,scaldare,target,בעתיד · אנחנו,נחמם,נחמם,False,,,,,
hebverb_104,חמם,pi'el,scaldare,target,בעתיד · אתם,תחממו,תחממו,False,,,,,
hebverb_104,חמם,pi'el,scaldare,target,בעתיד · אתן,תחממנה,תחממנה,False,,,,,
hebverb_104,חמם,pi'el,scaldare,target,בעתיד · הם,יחממו,יחממו,False,,,,,
hebverb_104,חמם,pi'el,scaldare,target,בעתיד · הן,תחממנה,תחממנה,False,,,,,
hebverb_105,מלא,pi'el,riempire,infinitive,infinitive,למלא,למלא,False,,,,,
hebverb_105,מלא,pi'el,riempire,present_1,present_1,ממלא,ממלא,False,,,,,
hebverb_105,מלא,pi'el,riempire,present_2,present_2,ממלאת,ממלאת,True,3.189622139,542.7486486486487,0.7948717948717948,,
hebverb_105,מלא,pi'el,riempire,present_3,present_3,ממלאים,ממלאים,True,4.578259914,600.2736842105263,0.9210526315789473,,
hebverb_105,מלא,pi'el,riempire,present_4,present_4,ממלאות,ממלאות,False,,,,,
hebverb_105,מלא,pi'el,riempire,target,בעבר · אני,מילאתי,מילאתי,True,5.196779796,585.28,0.9142857142857143,470.9512195121951,0.975609756097561
hebverb_105,מלא,pi'el,riempire,target,בעבר · אני,מלאתי,מלאתי,False,,,,,
hebverb_105,מלא,pi'el,riempire,target,בעבר · אתה,מילאת,מילאת,False,,,,,
hebverb_105,מלא,pi'el,riempire,target,בעבר · אתה,מלאת,מלאת,False,,,,,
hebverb_105,מלא,pi'el,riempire,target,בעבר · את,מילאת,מילאת,False,,,,,
hebverb_105,מלא,pi'el,riempire,target,בעבר · את,מלאת,מלאת,False,,,,,
hebverb_105,מלא,pi'el,riempire,target,בעבר · הוא,מילא,מילא,False,,,,,
hebverb_105,מלא,pi'el,riempire,target,בעבר · הוא,מלא,מלא,False,,,,,
hebverb_105,מלא,pi'el,riempire,target,בעבר · היא,מילאה,מילאה,False,,,,,
hebverb_105,מלא,pi'el,riempire,target,בעבר · היא,מלאה,מלאה,True,92.09275935,565.22,0.975,,
hebverb_105,מלא,pi'el,riempire,target,בעבר · אנחנו,מילאנו,מילאנו,False,,,,,
hebverb_105,מלא,pi'el,riempire,target,בעבר · אנחנו,מלאנו,מלאנו,False,,,,,
hebverb_105,מלא,pi'el,riempire,target,בעבר · אתם,מילאתם,מילאתם,False,,,,,
hebverb_105,מלא,pi'el,riempire,target,בעבר · אתם,מלאתם,מלאתם,False,,,,,
hebverb_105,מלא,pi'el,riempire,target,בעבר · אתן,מילאתן,מילאתן,False,,,,,
hebverb_105,מלא,pi'el,riempire,target,בעבר · אתן,מלאתן,מלאתן,False,,,,,
hebverb_105,מלא,pi'el,riempire,target,בעבר · הם,מילאו,מילאו,True,2.231522713,628.7057142857143,0.5714285714285714,473.1470588235294,0.9117647058823529
hebverb_105,מלא,pi'el,riempire,target,בעבר · הם,מלאו,מלאו,False,,,,,
hebverb_105,מלא,pi'el,riempire,target,בעבר · הן,מילאו,מילאו,True,2.231522713,628.7057142857143,0.5714285714285714,473.1470588235294,0.9117647058823529
hebverb_105,מלא,pi'el,riempire,target,בעבר · הן,מלאו,מלאו,False,,,,,
hebverb_105,מלא,pi'el,riempire,target,בעתיד · אני,אמלא,אמלא,False,,,,,
hebverb_105,מלא,pi'el,riempire,target,בעתיד · אתה,תמלא,תמלא,False,,,,,
hebverb_105,מלא,pi'el,riempire,target,בעתיד · את,תמלאי,תמלאי,True,1.825240045,663.8783784054054,0.6486486486486487,484.9032258064516,0.9411764705882353
hebverb_105,מלא,pi'el,riempire,target,בעתיד · הוא,ימלא,ימלא,True,2.546846575,660.1512820512821,0.6666666666666666,484.3243243243243,1.0
hebverb_105,מלא,pi'el,riempire,target,בעתיד · היא,תמלא,תמלא,False,,,,,
hebverb_105,מלא,pi'el,riempire,target,בעתיד · אנחנו,נמלא,נמלא,True,2.498335211,618.6828571428572,0.7428571428571429,,
hebverb_105,מלא,pi'el,riempire,target,בעתיד · אתם,תמלאו,תמלאו,False,,,,,
hebverb_105,מלא,pi'el,riempire,target,בעתיד · אתן,תמלאנה,תמלאנה,False,,,,,
hebverb_105,מלא,pi'el,riempire,target,בעתיד · הם,ימלאו,ימלאו,False,,,,,
hebverb_105,מלא,pi'el,riempire,target,בעתיד · הן,תמלאנה,תמלאנה,False,,,,,
hebverb_106,בזבז,pi'el,sprecare,infinitive,infinitive,לבזבז,לבזבז,True,39.9794273,564.7853658780488,0.8536585365853658,454.71875,0.9705882352941176
hebverb_106,בזבז,pi'el,sprecare,present_1,present_1,מבזבז,מבזבז,True,18.6526192,552.9526315526316,0.9473684210526315,,
hebverb_106,בזבז,pi'el,sprecare,present_2,present_2,מבזבזת,מבזבזת,False,,,,,
hebverb_106,בזבז,pi'el,sprecare,present_3,present_3,מבזבזים,מבזבזים,False,,,,,
hebverb_106,בזבז,pi'el,sprecare,present_4,present_4,מבזבזות,מבזבזות,False,,,,,
hebverb_106,בזבז,pi'el,sprecare,target,בעבר · אני,ביזבזתי,ביזבזתי,False,,,,,
hebverb_106,בזבז,pi'el,sprecare,target,בעבר · אני,בזבזתי,בזבזתי,False,,,,,
hebverb_106,בזבז,pi'el,sprecare,target,בעבר · אתה,ביזבזת,ביזבזת,True,1.02480255,650.6131578947368,0.7368421052631579,,
hebverb_106,בזבז,pi'el,sprecare,target,בעבר · אתה,בזבזת,בזבזת,False,,,,,
hebverb_106,בזבז,pi'el,sprecare,target,בעבר · את,ביזבזת,ביזבזת,True,1.02480255,650.6131578947368,0.7368421052631579,,
hebverb_106,בזבז,pi'el,sprecare,target,בעבר · את,בזבזת,בזבזת,False,,,,,
hebverb_106,בזבז,pi'el,sprecare,target,בעבר · הוא,ביזבז,ביזבז,False,,,,,
hebverb_106,בזבז,pi'el,sprecare,target,בעבר · הוא,בזבז,בזבז,False,,,,,
hebverb_106,בזבז,pi'el,sprecare,target,בעבר · היא,ביזבזה,ביזבזה,False,,,,,
hebverb_106,בזבז,pi'el,sprecare,target,בעבר · היא,בזבזה,בזבזה,False,,,,,
hebverb_106,בזבז,pi'el,sprecare,target,בעבר · אנחנו,ביזבזנו,ביזבזנו,False,,,,,
hebverb_106,בזבז,pi'el,sprecare,target,בעבר · אנחנו,בזבזנו,בזבזנו,True,2.61961362,682.9742857142857,0.9714285714285714,504.4146341463415,0.975609756097561
hebverb_106,בזבז,pi'el,sprecare,target,בעבר · אתם,ביזבזתם,ביזבזתם,False,,,,,
hebverb_106,בזבז,pi'el,sprecare,target,בעבר · אתם,בזבזתם,בזבזתם,False,,,,,
hebverb_106,בזבז,pi'el,sprecare,target,בעבר · אתן,ביזבזתן,ביזבזתן,False,,,,,
hebverb_106,בזבז,pi'el,sprecare,target,בעבר · אתן,בזבזתן,בזבזתן,False,,,,,
hebverb_106,בזבז,pi'el,sprecare,target,בעבר · הם,ביזבזו,ביזבזו,False,,,,,
hebverb_106,בזבז,pi'el,sprecare,target,בעבר · הם,בזבזו,בזבזו,False,,,,,
hebverb_106,בזבז,pi'el,sprecare,target,בעבר · הן,ביזבזו,ביזבזו,False,,,,,
hebverb_106,בזבז,pi'el,sprecare,target,בעבר · הן,בזבזו,בזבזו,False,,,,,
hebverb_106,בזבז,pi'el,sprecare,target,בעתיד · אני,אבזבז,אבזבז,False,,,,,
hebverb_106,בזבז,pi'el,sprecare,target,בעתיד · אתה,תבזבז,תבזבז,False,,,,,
hebverb_106,בזבז,pi'el,sprecare,target,בעתיד · את,תבזבזי,תבזבזי,False,,,,,
hebverb_106,בזבז,pi'el,sprecare,target,בעתיד · הוא,יבזבז,יבזבז,False,,,,,
hebverb_106,בזבז,pi'el,sprecare,target,בעתיד · היא,תבזבז,תבזבז,False,,,,,
hebverb_106,בזבז,pi'el,sprecare,target,בעתיד · אנחנו,נבזבז,נבזבז,False,,,,,
hebverb_106,בזבז,pi'el,sprecare,target,בעתיד · אתם,תבזבזו,תבזבזו,True,1.522044024,562.923076948718,0.8205128205128205,,
hebverb_106,בזבז,pi'el,sprecare,target,בעתיד · אתן,תבזבזנה,תבזבזנה,False,,,,,
hebverb_106,בזבז,pi'el,sprecare,target,בעתיד · הם,יבזבזו,יבזבזו,False,,,,,
hebverb_106,בזבז,pi'el,sprecare,target,בעתיד · הן,תבזבזנה,תבזבזנה,False,,,,,
hebverb_107,בקר,pi'el,DA_RIVEDERE: visit ב criticize את,infinitive,infinitive,לבקר,לבקר,True,79.61321114,513.7361111111111,0.9459459459459459,,
hebverb_107,בקר,pi'el,DA_RIVEDERE: visit ב criticize את,present_1,present_1,מבקר,מבקר,False,,,,,
hebverb_107,בקר,pi'el,DA_RIVEDERE: visit ב criticize את,present_2,present_2,מבקרת,מבקרת,False,,,,,
hebverb_107,בקר,pi'el,DA_RIVEDERE: visit ב criticize את,present_3,present_3,מבקרים,מבקרים,False,,,,,
hebverb_107,בקר,pi'el,DA_RIVEDERE: visit ב criticize את,present_4,present_4,מבקרות,מבקרות,False,,,,,
hebverb_107,בקר,pi'el,DA_RIVEDERE: visit ב criticize את,target,בעבר · אני,ביקרתי,ביקרתי,False,,,,,
hebverb_107,בקר,pi'el,DA_RIVEDERE: visit ב criticize את,target,בעבר · אני,בקרתי,בקרתי,False,,,,,
hebverb_107,בקר,pi'el,DA_RIVEDERE: visit ב criticize את,target,בעבר · אתה,ביקרת,ביקרת,False,,,,,
hebverb_107,בקר,pi'el,DA_RIVEDERE: visit ב criticize את,target,בעבר · אתה,בקרת,בקרת,False,,,,,
hebverb_107,בקר,pi'el,DA_RIVEDERE: visit ב criticize את,target,בעבר · את,ביקרת,ביקרת,False,,,,,
hebverb_107,בקר,pi'el,DA_RIVEDERE: visit ב criticize את,target,בעבר · את,בקרת,בקרת,False,,,,,
hebverb_107,בקר,pi'el,DA_RIVEDERE: visit ב criticize את,target,בעבר · הוא,ביקר,ביקר,False,,,,,
hebverb_107,בקר,pi'el,DA_RIVEDERE: visit ב criticize את,target,בעבר · הוא,בקר,בקר,False,,,,,
hebverb_107,בקר,pi'el,DA_RIVEDERE: visit ב criticize את,target,בעבר · היא,ביקרה,ביקרה,False,,,,,
hebverb_107,בקר,pi'el,DA_RIVEDERE: visit ב criticize את,target,בעבר · היא,בקרה,בקרה,False,,,,,
hebverb_107,בקר,pi'el,DA_RIVEDERE: visit ב criticize את,target,בעבר · אנחנו,ביקרנו,ביקרנו,False,,,,,
hebverb_107,בקר,pi'el,DA_RIVEDERE: visit ב criticize את,target,בעבר · אנחנו,בקרנו,בקרנו,False,,,,,
hebverb_107,בקר,pi'el,DA_RIVEDERE: visit ב criticize את,target,בעבר · אתם,ביקרתם,ביקרתם,False,,,,,
hebverb_107,בקר,pi'el,DA_RIVEDERE: visit ב criticize את,target,בעבר · אתם,בקרתם,בקרתם,False,,,,,
hebverb_107,בקר,pi'el,DA_RIVEDERE: visit ב criticize את,target,בעבר · אתן,ביקרתן,ביקרתן,False,,,,,
hebverb_107,בקר,pi'el,DA_RIVEDERE: visit ב criticize את,target,בעבר · אתן,בקרתן,בקרתן,False,,,,,
hebverb_107,בקר,pi'el,DA_RIVEDERE: visit ב criticize את,target,בעבר · הם,ביקרו,ביקרו,False,,,,,
hebverb_107,בקר,pi'el,DA_RIVEDERE: visit ב criticize את,target,בעבר · הם,בקרו,בקרו,False,,,,,
hebverb_107,בקר,pi'el,DA_RIVEDERE: visit ב criticize את,target,בעבר · הן,ביקרו,ביקרו,False,,,,,
hebverb_107,בקר,pi'el,DA_RIVEDERE: visit ב criticize את,target,בעבר · הן,בקרו,בקרו,False,,,,,
hebverb_107,בקר,pi'el,DA_RIVEDERE: visit ב criticize את,target,בעתיד · אני,אבקר,אבקר,False,,,,,
hebverb_107,בקר,pi'el,DA_RIVEDERE: visit ב criticize את,target,בעתיד · אתה,תבקר,תבקר,True,1.958646294,547.6945945945946,0.8421052631578947,463.2121212121212,1.0
hebverb_107,בקר,pi'el,DA_RIVEDERE: visit ב criticize את,target,בעתיד · את,תבקרי,תבקרי,False,,,,,
hebverb_107,בקר,pi'el,DA_RIVEDERE: visit ב criticize את,target,בעתיד · הוא,יבקר,יבקר,False,,,,,
hebverb_107,בקר,pi'el,DA_RIVEDERE: visit ב criticize את,target,בעתיד · היא,תבקר,תבקר,True,1.958646294,547.6945945945946,0.8421052631578947,463.2121212121212,1.0
hebverb_107,בקר,pi'el,DA_RIVEDERE: visit ב criticize את,target,בעתיד · אנחנו,נבקר,נבקר,False,,,,,
hebverb_107,בקר,pi'el,DA_RIVEDERE: visit ב criticize את,target,בעתיד · אתם,תבקרו,תבקרו,False,,,,,
hebverb_107,בקר,pi'el,DA_RIVEDERE: visit ב criticize את,target,בעתיד · אתן,תבקרנה,תבקרנה,False,,,,,
hebverb_107,בקר,pi'el,DA_RIVEDERE: visit ב criticize את,target,בעתיד · הם,יבקרו,יבקרו,False,,,,,
hebverb_107,בקר,pi'el,DA_RIVEDERE: visit ב criticize את,target,בעתיד · הן,תבקרנה,תבקרנה,False,,,,,
hebverb_108,קבל,pi'el,ricevere,infinitive,infinitive,לקבל,לקבל,False,,,,,
hebverb_108,קבל,pi'el,ricevere,present_1,present_1,מקבל,מקבל,True,296.7864569,546.4783783513514,0.972972972972973,,
hebverb_108,קבל,pi'el,ricevere,present_2,present_2,מקבלת,מקבלת,True,61.77315728,529.3378378378378,0.9210526315789473,514.6315789473684,0.9487179487179487
hebverb_108,קבל,pi'el,ricevere,present_3,present_3,מקבלים,מקבלים,False,,,,,
hebverb_108,קבל,pi'el,ricevere,present_4,present_4,מקבלות,מקבלות,False,,,,,
hebverb_108,קבל,pi'el,ricevere,target,בעבר · אני,קיבלתי,קיבלתי,False,,,,,
hebverb_108,קבל,pi'el,ricevere,target,בעבר · אני,קבלתי,קבלתי,False,,,,,
hebverb_108,קבל,pi'el,ricevere,target,בעבר · אתה,קיבלת,קיבלת,True,75.27144412,558.8789473684211,0.9736842105263158,469.48571428571427,0.9714285714285714
hebverb_108,קבל,pi'el,ricevere,target,בעבר · אתה,קבלת,קבלת,True,25.45027398,639.3264705882352,0.8571428571428571,501.258064516129,0.9473684210526315
hebverb_108,קבל,pi'el,ricevere,target,בעבר · את,קיבלת,קיבלת,True,75.27144412,558.8789473684211,0.9736842105263158,469.48571428571427,0.9714285714285714
hebverb_108,קבל,pi'el,ricevere,target,בעבר · את,קבלת,קבלת,True,25.45027398,639.3264705882352,0.8571428571428571,501.258064516129,0.9473684210526315
hebverb_108,קבל,pi'el,ricevere,target,בעבר · הוא,קיבל,קיבל,True,106.2035022,562.7948717948718,0.9743589743589743,495.1515151515151,1.0
hebverb_108,קבל,pi'el,ricevere,target,בעבר · הוא,קבל,קבל,False,,,,,
hebverb_108,קבל,pi'el,ricevere,target,בעבר · היא,קיבלה,קיבלה,False,,,,,
hebverb_108,קבל,pi'el,ricevere,target,בעבר · היא,קבלה,קבלה,False,,,,,
hebverb_108,קבל,pi'el,ricevere,target,בעבר · אנחנו,קיבלנו,קיבלנו,True,54.89667152,564.2028571428572,1.0,,
hebverb_108,קבל,pi'el,ricevere,target,בעבר · אנחנו,קבלנו,קבלנו,False,,,,,
hebverb_108,קבל,pi'el,ricevere,target,בעבר · אתם,קיבלתם,קיבלתם,False,,,,,
hebverb_108,קבל,pi'el,ricevere,target,בעבר · אתם,קבלתם,קבלתם,False,,,,,
hebverb_108,קבל,pi'el,ricevere,target,בעבר · אתן,קיבלתן,קיבלתן,False,,,,,
hebverb_108,קבל,pi'el,ricevere,target,בעבר · אתן,קבלתן,קבלתן,False,,,,,
hebverb_108,קבל,pi'el,ricevere,target,בעבר · הם,קיבלו,קיבלו,False,,,,,
hebverb_108,קבל,pi'el,ricevere,target,בעבר · הם,קבלו,קבלו,True,15.51757234,573.4675,0.925,486.7878787878788,1.0
hebverb_108,קבל,pi'el,ricevere,target,בעבר · הן,קיבלו,קיבלו,False,,,,,
hebverb_108,קבל,pi'el,ricevere,target,בעבר · הן,קבלו,קבלו,True,15.51757234,573.4675,0.925,486.7878787878788,1.0
hebverb_108,קבל,pi'el,ricevere,target,בעתיד · אני,אקבל,אקבל,True,45.55823408,587.7657142857142,0.8857142857142857,,
hebverb_108,קבל,pi'el,ricevere,target,בעתיד · אתה,תקבל,תקבל,False,,,,,
hebverb_108,קבל,pi'el,ricevere,target,בעתיד · את,תקבלי,תקבלי,False,,,,,
hebverb_108,קבל,pi'el,ricevere,target,בעתיד · הוא,יקבל,יקבל,True,44.12714887,578.7228571428572,0.8857142857142857,459.25,1.0
hebverb_108,קבל,pi'el,ricevere,target,בעתיד · היא,תקבל,תקבל,False,,,,,
hebverb_108,קבל,pi'el,ricevere,target,בעתיד · אנחנו,נקבל,נקבל,True,28.02137624,513.8828571428572,0.9428571428571428,462.6578947368421,0.975609756097561
hebverb_108,קבל,pi'el,ricevere,target,בעתיד · אתם,תקבלו,תקבלו,False,,,,,
hebverb_108,קבל,pi'el,ricevere,target,בעתיד · אתן,תקבלנה,תקבלנה,False,,,,,
hebverb_108,קבל,pi'el,ricevere,target,בעתיד · הם,יקבלו,יקבלו,False,,,,,
hebverb_108,קבל,pi'el,ricevere,target,בעתיד · הן,תקבלנה,תקבלנה,False,,,,,
hebverb_109,רחם,pi'el,avere compassione,infinitive,infinitive,לרחם,לרחם,False,,,,,
hebverb_109,רחם,pi'el,avere compassione,present_1,present_1,מרחם,מרחם,False,,,,,
hebverb_109,רחם,pi'el,avere compassione,present_2,present_2,מרחמת,מרחמת,False,,,,,
hebverb_109,רחם,pi'el,avere compassione,present_3,present_3,מרחמים,מרחמים,False,,,,,
hebverb_109,רחם,pi'el,avere compassione,present_4,present_4,מרחמות,מרחמות,False,,,,,
hebverb_109,רחם,pi'el,avere compassione,target,בעבר · אני,רחמתי,רחמתי,False,,,,,
hebverb_109,רחם,pi'el,avere compassione,target,בעבר · אני,ריחמתי,ריחמתי,False,,,,,
hebverb_109,רחם,pi'el,avere compassione,target,בעבר · אתה,רחמת,רחמת,False,,,,,
hebverb_109,רחם,pi'el,avere compassione,target,בעבר · אתה,ריחמת,ריחמת,False,,,,,
hebverb_109,רחם,pi'el,avere compassione,target,בעבר · את,רחמת,רחמת,False,,,,,
hebverb_109,רחם,pi'el,avere compassione,target,בעבר · את,ריחמת,ריחמת,False,,,,,
hebverb_109,רחם,pi'el,avere compassione,target,בעבר · הוא,רחם,רחם,True,4.9602869,567.9676470588236,0.8571428571428571,,
hebverb_109,רחם,pi'el,avere compassione,target,בעבר · הוא,ריחם,ריחם,True,1.036930391,616.957500025,0.7,,
hebverb_109,רחם,pi'el,avere compassione,target,בעבר · היא,רחמה,רחמה,False,,,,,
hebverb_109,רחם,pi'el,avere compassione,target,בעבר · היא,ריחמה,ריחמה,False,,,,,
hebverb_109,רחם,pi'el,avere compassione,target,בעבר · אנחנו,רחמנו,רחמנו,False,,,,,
hebverb_109,רחם,pi'el,avere compassione,target,בעבר · אנחנו,ריחמנו,ריחמנו,False,,,,,
hebverb_109,רחם,pi'el,avere compassione,target,בעבר · אתם,רחמתם,רחמתם,False,,,,,
hebverb_109,רחם,pi'el,avere compassione,target,בעבר · אתם,ריחמתם,ריחמתם,False,,,,,
hebverb_109,רחם,pi'el,avere compassione,target,בעבר · אתן,רחמתן,רחמתן,False,,,,,
hebverb_109,רחם,pi'el,avere compassione,target,בעבר · אתן,ריחמתן,ריחמתן,False,,,,,
hebverb_109,רחם,pi'el,avere compassione,target,בעבר · הם,רחמו,רחמו,False,,,,,
hebverb_109,רחם,pi'el,avere compassione,target,בעבר · הם,ריחמו,ריחמו,False,,,,,
hebverb_109,רחם,pi'el,avere compassione,target,בעבר · הן,רחמו,רחמו,False,,,,,
hebverb_109,רחם,pi'el,avere compassione,target,בעבר · הן,ריחמו,ריחמו,False,,,,,
hebverb_109,רחם,pi'el,avere compassione,target,בעתיד · אני,ארחם,ארחם,False,,,,,
hebverb_109,רחם,pi'el,avere compassione,target,בעתיד · אתה,תרחם,תרחם,False,,,,,
hebverb_109,רחם,pi'el,avere compassione,target,בעתיד · את,תרחמי,תרחמי,False,,,,,
hebverb_109,רחם,pi'el,avere compassione,target,בעתיד · הוא,ירחם,ירחם,False,,,,,
hebverb_109,רחם,pi'el,avere compassione,target,בעתיד · היא,תרחם,תרחם,False,,,,,
hebverb_109,רחם,pi'el,avere compassione,target,בעתיד · אנחנו,נרחם,נרחם,False,,,,,
hebverb_109,רחם,pi'el,avere compassione,target,בעתיד · אתם,תרחמו,תרחמו,False,,,,,
hebverb_109,רחם,pi'el,avere compassione,target,בעתיד · אתן,תרחמנה,תרחמנה,False,,,,,
hebverb_109,רחם,pi'el,avere compassione,target,בעתיד · הם,ירחמו,ירחמו,False,,,,,
hebverb_109,רחם,pi'el,avere compassione,target,בעתיד · הן,תרחמנה,תרחמנה,False,,,,,
hebverb_110,קנא,pi'el,essere geloso,infinitive,infinitive,לקנא,לקנא,False,,,,,
hebverb_110,קנא,pi'el,essere geloso,present_1,present_1,מקנא,מקנא,True,17.20940614,531.7285714285714,0.8571428571428571,462.8333333333333,0.9736842105263158
hebverb_110,קנא,pi'el,essere geloso,present_2,present_2,מקנאת,מקנאת,True,3.35941191,642.5314285714285,0.7714285714285715,495.4117647058824,0.9117647058823529
hebverb_110,קנא,pi'el,essere geloso,present_3,present_3,מקנאים,מקנאים,False,,,,,
hebverb_110,קנא,pi'el,essere geloso,present_4,present_4,מקנאות,מקנאות,False,,,,,
hebverb_110,קנא,pi'el,essere geloso,target,בעבר · אני,קינאתי,קינאתי,True,2.201203111,622.5731707317074,0.9512195121951219,464.34285714285716,0.9736842105263158
hebverb_110,קנא,pi'el,essere geloso,target,בעבר · אני,קנאתי,קנאתי,False,,,,,
hebverb_110,קנא,pi'el,essere geloso,target,בעבר · אתה,קינאת,קינאת,False,,,,,
hebverb_110,קנא,pi'el,essere geloso,target,בעבר · אתה,קנאת,קנאת,False,,,,,
hebverb_110,קנא,pi'el,essere geloso,target,בעבר · את,קינאת,קינאת,False,,,,,
hebverb_110,קנא,pi'el,essere geloso,target,בעבר · את,קנאת,קנאת,False,,,,,
hebverb_110,קנא,pi'el,essere geloso,target,בעבר · הוא,קינא,קינא,False,,,,,
hebverb_110,קנא,pi'el,essere geloso,target,בעבר · הוא,קנא,קנא,False,,,,,
hebverb_110,קנא,pi'el,essere geloso,target,בעבר · היא,קינאה,קינאה,False,,,,,
hebverb_110,קנא,pi'el,essere geloso,target,בעבר · היא,קנאה,קנאה,False,,,,,
hebverb_110,קנא,pi'el,essere geloso,target,בעבר · אנחנו,קינאנו,קינאנו,False,,,,,
hebverb_110,קנא,pi'el,essere geloso,target,בעבר · אנחנו,קנאנו,קנאנו,False,,,,,
hebverb_110,קנא,pi'el,essere geloso,target,בעבר · אתם,קינאתם,קינאתם,False,,,,,
hebverb_110,קנא,pi'el,essere geloso,target,בעבר · אתם,קנאתם,קנאתם,False,,,,,
hebverb_110,קנא,pi'el,essere geloso,target,בעבר · אתן,קינאתן,קינאתן,False,,,,,
hebverb_110,קנא,pi'el,essere geloso,target,בעבר · אתן,קנאתן,קנאתן,False,,,,,
hebverb_110,קנא,pi'el,essere geloso,target,בעבר · הם,קינאו,קינאו,False,,,,,
hebverb_110,קנא,pi'el,essere geloso,target,בעבר · הם,קנאו,קנאו,False,,,,,
hebverb_110,קנא,pi'el,essere geloso,target,בעבר · הן,קינאו,קינאו,False,,,,,
hebverb_110,קנא,pi'el,essere geloso,target,בעבר · הן,קנאו,קנאו,False,,,,,
hebverb_110,קנא,pi'el,essere geloso,target,בעתיד · אני,אקנא,אקנא,False,,,,,
hebverb_110,קנא,pi'el,essere geloso,target,בעתיד · אתה,תקנא,תקנא,False,,,,,
hebverb_110,קנא,pi'el,essere geloso,target,בעתיד · את,תקנאי,תקנאי,False,,,,,
hebverb_110,קנא,pi'el,essere geloso,target,בעתיד · הוא,יקנא,יקנא,False,,,,,
hebverb_110,קנא,pi'el,essere geloso,target,בעתיד · היא,תקנא,תקנא,False,,,,,
hebverb_110,קנא,pi'el,essere geloso,target,בעתיד · אנחנו,נקנא,נקנא,False,,,,,
hebverb_110,קנא,pi'el,essere geloso,target,בעתיד · אתם,תקנאו,תקנאו,False,,,,,
hebverb_110,קנא,pi'el,essere geloso,target,בעתיד · אתן,תקנאנה,תקנאנה,False,,,,,
hebverb_110,קנא,pi'el,essere geloso,target,בעתיד · הם,יקנאו,יקנאו,False,,,,,
hebverb_110,קנא,pi'el,essere geloso,target,בעתיד · הן,תקנאנה,תקנאנה,False,,,,,
hebverb_111,טפס,pi'el,arrampicarsi,infinitive,infinitive,לטפס,לטפס,False,,,,,
hebverb_111,טפס,pi'el,arrampicarsi,present_1,present_1,מטפס,מטפס,False,,,,,
hebverb_111,טפס,pi'el,arrampicarsi,present_2,present_2,מטפסת,מטפסת,False,,,,,
hebverb_111,טפס,pi'el,arrampicarsi,present_3,present_3,מטפסים,מטפסים,False,,,,,
hebverb_111,טפס,pi'el,arrampicarsi,present_4,present_4,מטפסות,מטפסות,False,,,,,
hebverb_111,טפס,pi'el,arrampicarsi,target,בעבר · אני,טיפסתי,טיפסתי,False,,,,,
hebverb_111,טפס,pi'el,arrampicarsi,target,בעבר · אני,טפסתי,טפסתי,False,,,,,
hebverb_111,טפס,pi'el,arrampicarsi,target,בעבר · אתה,טיפסת,טיפסת,False,,,,,
hebverb_111,טפס,pi'el,arrampicarsi,target,בעבר · אתה,טפסת,טפסת,False,,,,,
hebverb_111,טפס,pi'el,arrampicarsi,target,בעבר · את,טיפסת,טיפסת,False,,,,,
hebverb_111,טפס,pi'el,arrampicarsi,target,בעבר · את,טפסת,טפסת,False,,,,,
hebverb_111,טפס,pi'el,arrampicarsi,target,בעבר · הוא,טיפס,טיפס,False,,,,,
hebverb_111,טפס,pi'el,arrampicarsi,target,בעבר · הוא,טפס,טפס,False,,,,,
hebverb_111,טפס,pi'el,arrampicarsi,target,בעבר · היא,טיפסה,טיפסה,False,,,,,
hebverb_111,טפס,pi'el,arrampicarsi,target,בעבר · היא,טפסה,טפסה,False,,,,,
hebverb_111,טפס,pi'el,arrampicarsi,target,בעבר · אנחנו,טיפסנו,טיפסנו,False,,,,,
hebverb_111,טפס,pi'el,arrampicarsi,target,בעבר · אנחנו,טפסנו,טפסנו,False,,,,,
hebverb_111,טפס,pi'el,arrampicarsi,target,בעבר · אתם,טיפסתם,טיפסתם,False,,,,,
hebverb_111,טפס,pi'el,arrampicarsi,target,בעבר · אתם,טפסתם,טפסתם,False,,,,,
hebverb_111,טפס,pi'el,arrampicarsi,target,בעבר · אתן,טיפסתן,טיפסתן,False,,,,,
hebverb_111,טפס,pi'el,arrampicarsi,target,בעבר · אתן,טפסתן,טפסתן,False,,,,,
hebverb_111,טפס,pi'el,arrampicarsi,target,בעבר · הם,טיפסו,טיפסו,False,,,,,
hebverb_111,טפס,pi'el,arrampicarsi,target,בעבר · הם,טפסו,טפסו,False,,,,,
hebverb_111,טפס,pi'el,arrampicarsi,target,בעבר · הן,טיפסו,טיפסו,False,,,,,
hebverb_111,טפס,pi'el,arrampicarsi,target,בעבר · הן,טפסו,טפסו,False,,,,,
hebverb_111,טפס,pi'el,arrampicarsi,target,בעתיד · אני,אטפס,אטפס,False,,,,,
hebverb_111,טפס,pi'el,arrampicarsi,target,בעתיד · אתה,תטפס,תטפס,False,,,,,
hebverb_111,טפס,pi'el,arrampicarsi,target,בעתיד · את,תטפסי,תטפסי,False,,,,,
hebverb_111,טפס,pi'el,arrampicarsi,target,בעתיד · הוא,יטפס,יטפס,False,,,,,
hebverb_111,טפס,pi'el,arrampicarsi,target,בעתיד · היא,תטפס,תטפס,False,,,,,
hebverb_111,טפס,pi'el,arrampicarsi,target,בעתיד · אנחנו,נטפס,נטפס,False,,,,,
hebverb_111,טפס,pi'el,arrampicarsi,target,בעתיד · אתם,תטפסו,תטפסו,False,,,,,
hebverb_111,טפס,pi'el,arrampicarsi,target,בעתיד · אתן,תטפסנה,תטפסנה,False,,,,,
hebverb_111,טפס,pi'el,arrampicarsi,target,בעתיד · הם,יטפסו,יטפסו,False,,,,,
hebverb_111,טפס,pi'el,arrampicarsi,target,בעתיד · הן,תטפסנה,תטפסנה,False,,,,,
hebverb_112,נצח,pi'el,vincere,infinitive,infinitive,לנצח,לנצח,False,,,,,
hebverb_112,נצח,pi'el,vincere,present_1,present_1,מנצח,מנצח,False,,,,,
hebverb_112,נצח,pi'el,vincere,present_2,present_2,מנצחת,מנצחת,False,,,,,
hebverb_112,נצח,pi'el,vincere,present_3,present_3,מנצחים,מנצחים,False,,,,,
hebverb_112,נצח,pi'el,vincere,present_4,present_4,מנצחות,מנצחות,False,,,,,
hebverb_112,נצח,pi'el,vincere,target,בעבר · אני,ניצחתי,ניצחתי,True,9.023113579,516.3028571428571,0.9166666666666666,453.9117647058824,1.0
hebverb_112,נצח,pi'el,vincere,target,בעבר · אני,נצחתי,נצחתי,False,,,,,
hebverb_112,נצח,pi'el,vincere,target,בעבר · אתה,ניצחת,ניצחת,False,,,,,
hebverb_112,נצח,pi'el,vincere,target,בעבר · אתה,נצחת,נצחת,False,,,,,
hebverb_112,נצח,pi'el,vincere,target,בעבר · את,ניצחת,ניצחת,False,,,,,
hebverb_112,נצח,pi'el,vincere,target,בעבר · את,נצחת,נצחת,False,,,,,
hebverb_112,נצח,pi'el,vincere,target,בעבר · הוא,ניצח,ניצח,True,15.86927973,571.1486486486486,0.918918918918919,,
hebverb_112,נצח,pi'el,vincere,target,בעבר · הוא,נצח,נצח,False,,,,,
hebverb_112,נצח,pi'el,vincere,target,בעבר · היא,ניצחה,ניצחה,False,,,,,
hebverb_112,נצח,pi'el,vincere,target,בעבר · היא,נצחה,נצחה,False,,,,,
hebverb_112,נצח,pi'el,vincere,target,בעבר · אנחנו,ניצחנו,ניצחנו,False,,,,,
hebverb_112,נצח,pi'el,vincere,target,בעבר · אנחנו,נצחנו,נצחנו,False,,,,,
hebverb_112,נצח,pi'el,vincere,target,בעבר · אתם,ניצחתם,ניצחתם,False,,,,,
hebverb_112,נצח,pi'el,vincere,target,בעבר · אתם,נצחתם,נצחתם,False,,,,,
hebverb_112,נצח,pi'el,vincere,target,בעבר · אתן,ניצחתן,ניצחתן,False,,,,,
hebverb_112,נצח,pi'el,vincere,target,בעבר · אתן,נצחתן,נצחתן,False,,,,,
hebverb_112,נצח,pi'el,vincere,target,בעבר · הם,ניצחו,ניצחו,False,,,,,
hebverb_112,נצח,pi'el,vincere,target,בעבר · הם,נצחו,נצחו,False,,,,,
hebverb_112,נצח,pi'el,vincere,target,בעבר · הן,ניצחו,ניצחו,False,,,,,
hebverb_112,נצח,pi'el,vincere,target,בעבר · הן,נצחו,נצחו,False,,,,,
hebverb_112,נצח,pi'el,vincere,target,בעתיד · אני,אנצח,אנצח,True,7.179681772,557.8368421052631,0.8947368421052632,461.9142857142857,0.9428571428571428
hebverb_112,נצח,pi'el,vincere,target,בעתיד · אתה,תנצח,תנצח,False,,,,,
hebverb_112,נצח,pi'el,vincere,target,בעתיד · את,תנצחי,תנצחי,False,,,,,
hebverb_112,נצח,pi'el,vincere,target,בעתיד · הוא,ינצח,ינצח,False,,,,,
hebverb_112,נצח,pi'el,vincere,target,בעתיד · היא,תנצח,תנצח,False,,,,,
hebverb_112,נצח,pi'el,vincere,target,בעתיד · אנחנו,ננצח,ננצח,False,,,,,
hebverb_112,נצח,pi'el,vincere,target,בעתיד · אתם,תנצחו,תנצחו,False,,,,,
hebverb_112,נצח,pi'el,vincere,target,בעתיד · אתן,תנצחנה,תנצחנה,False,,,,,
hebverb_112,נצח,pi'el,vincere,target,בעתיד · הם,ינצחו,ינצחו,False,,,,,
hebverb_112,נצח,pi'el,vincere,target,בעתיד · הן,תנצחנה,תנצחנה,False,,,,,
hebverb_113,אמן,pi'el,allenare,infinitive,infinitive,לאמן,לאמן,False,,,,,
hebverb_113,אמן,pi'el,allenare,present_1,present_1,מאמן,מאמן,True,21.0599956,557.381081081081,0.9459459459459459,,
hebverb_113,אמן,pi'el,allenare,present_2,present_2,מאמנת,מאמנת,False,,,,,
hebverb_113,אמן,pi'el,allenare,present_3,present_3,מאמנים,מאמנים,False,,,,,
hebverb_113,אמן,pi'el,allenare,present_4,present_4,מאמנות,מאמנות,False,,,,,
hebverb_113,אמן,pi'el,allenare,target,בעבר · אני,אמנתי,אמנתי,False,,,,,
hebverb_113,אמן,pi'el,allenare,target,בעבר · אני,אימנתי,אימנתי,False,,,,,
hebverb_113,אמן,pi'el,allenare,target,בעבר · אתה,אמנת,אמנת,False,,,,,
hebverb_113,אמן,pi'el,allenare,target,בעבר · אתה,אימנת,אימנת,False,,,,,
hebverb_113,אמן,pi'el,allenare,target,בעבר · את,אמנת,אמנת,False,,,,,
hebverb_113,אמן,pi'el,allenare,target,בעבר · את,אימנת,אימנת,False,,,,,
hebverb_113,אמן,pi'el,allenare,target,בעבר · הוא,אמן,אמן,False,,,,,
hebverb_113,אמן,pi'el,allenare,target,בעבר · הוא,אימן,אימן,True,2.692380665,640.0578947368422,0.7368421052631579,,
hebverb_113,אמן,pi'el,allenare,target,בעבר · היא,אמנה,אמנה,True,2.055669021,564.1315789736842,0.868421052631579,,
hebverb_113,אמן,pi'el,allenare,target,בעבר · היא,אימנה,אימנה,False,,,,,
hebverb_113,אמן,pi'el,allenare,target,בעבר · אנחנו,אמנו,אמנו,False,,,,,
hebverb_113,אמן,pi'el,allenare,target,בעבר · אנחנו,אימנו,אימנו,False,,,,,
hebverb_113,אמן,pi'el,allenare,target,בעבר · אתם,אמנתם,אמנתם,False,,,,,
hebverb_113,אמן,pi'el,allenare,target,בעבר · אתם,אימנתם,אימנתם,False,,,,,
hebverb_113,אמן,pi'el,allenare,target,בעבר · אתן,אמנתן,אמנתן,False,,,,,
hebverb_113,אמן,pi'el,allenare,target,בעבר · אתן,אימנתן,אימנתן,False,,,,,
hebverb_113,אמן,pi'el,allenare,target,בעבר · הם,אמנו,אמנו,False,,,,,
hebverb_113,אמן,pi'el,allenare,target,בעבר · הם,אימנו,אימנו,False,,,,,
hebverb_113,אמן,pi'el,allenare,target,בעבר · הן,אמנו,אמנו,False,,,,,
hebverb_113,אמן,pi'el,allenare,target,בעבר · הן,אימנו,אימנו,False,,,,,
hebverb_113,אמן,pi'el,allenare,target,בעתיד · אני,אאמן,אאמן,False,,,,,
hebverb_113,אמן,pi'el,allenare,target,בעתיד · אתה,תאמן,תאמן,True,1.146080959,602.5057142857144,0.8857142857142857,,
hebverb_113,אמן,pi'el,allenare,target,בעתיד · את,תאמני,תאמני,False,,,,,
hebverb_113,אמן,pi'el,allenare,target,בעתיד · הוא,יאמן,יאמן,False,,,,,
hebverb_113,אמן,pi'el,allenare,target,בעתיד · היא,תאמן,תאמן,True,1.146080959,602.5057142857144,0.8857142857142857,,
hebverb_113,אמן,pi'el,allenare,target,בעתיד · אנחנו,נאמן,נאמן,False,,,,,
hebverb_113,אמן,pi'el,allenare,target,בעתיד · אתם,תאמנו,תאמנו,False,,,,,
hebverb_113,אמן,pi'el,allenare,target,בעתיד · אתן,תאמנה,תאמנה,False,,,,,
hebverb_113,אמן,pi'el,allenare,target,בעתיד · הם,יאמנו,יאמנו,False,,,,,
hebverb_113,אמן,pi'el,allenare,target,בעתיד · הן,תאמנה,תאמנה,False,,,,,
hebverb_114,שקר,pi'el,mentire,infinitive,infinitive,לשקר,לשקר,True,47.64422271,608.7342105526317,0.9736842105263158,472.40625,1.0
hebverb_114,שקר,pi'el,mentire,present_1,present_1,משקר,משקר,True,46.44356646,575.3162162432433,0.9459459459459459,,
hebverb_114,שקר,pi'el,mentire,present_2,present_2,משקרת,משקרת,True,18.05229108,550.442105236842,0.868421052631579,,
hebverb_114,שקר,pi'el,mentire,present_3,present_3,משקרים,משקרים,True,11.6427272,537.6947368421053,0.9736842105263158,501.4193548387097,0.9393939393939394
hebverb_114,שקר,pi'el,mentire,present_4,present_4,משקרות,משקרות,False,,,,,
hebverb_114,שקר,pi'el,mentire,target,בעבר · אני,שיקרתי,שיקרתי,False,,,,,
hebverb_114,שקר,pi'el,mentire,target,בעבר · אני,שקרתי,שקרתי,False,,,,,
hebverb_114,שקר,pi'el,mentire,target,בעבר · אתה,שיקרת,שיקרת,True,18.50102119,569.6432432702702,0.9459459459459459,,
hebverb_114,שקר,pi'el,mentire,target,בעבר · אתה,שקרת,שקרת,False,,,,,
hebverb_114,שקר,pi'el,mentire,target,בעבר · את,שיקרת,שיקרת,True,18.50102119,569.6432432702702,0.9459459459459459,,
hebverb_114,שקר,pi'el,mentire,target,בעבר · את,שקרת,שקרת,False,,,,,
hebverb_114,שקר,pi'el,mentire,target,בעבר · הוא,שיקר,שיקר,True,19.86540328,631.6526315789473,0.8947368421052632,,
hebverb_114,שקר,pi'el,mentire,target,בעבר · הוא,שקר,שקר,False,,,,,
hebverb_114,שקר,pi'el,mentire,target,בעבר · היא,שיקרה,שיקרה,True,37.08693726,560.1675675675676,0.918918918918919,,
hebverb_114,שקר,pi'el,mentire,target,בעבר · היא,שקרה,שקרה,True,152.6895161,658.86,0.8857142857142857,464.20512820512823,0.926829268292683
hebverb_114,שקר,pi'el,mentire,target,בעבר · אנחנו,שיקרנו,שיקרנו,False,,,,,
hebverb_114,שקר,pi'el,mentire,target,בעבר · אנחנו,שקרנו,שקרנו,False,,,,,
hebverb_114,שקר,pi'el,mentire,target,בעבר · אתם,שיקרתם,שיקרתם,False,,,,,
hebverb_114,שקר,pi'el,mentire,target,בעבר · אתם,שקרתם,שקרתם,False,,,,,
hebverb_114,שקר,pi'el,mentire,target,בעבר · אתן,שיקרתן,שיקרתן,False,,,,,
hebverb_114,שקר,pi'el,mentire,target,בעבר · אתן,שקרתן,שקרתן,False,,,,,
hebverb_114,שקר,pi'el,mentire,target,בעבר · הם,שיקרו,שיקרו,False,,,,,
hebverb_114,שקר,pi'el,mentire,target,בעבר · הם,שקרו,שקרו,False,,,,,
hebverb_114,שקר,pi'el,mentire,target,בעבר · הן,שיקרו,שיקרו,False,,,,,
hebverb_114,שקר,pi'el,mentire,target,בעבר · הן,שקרו,שקרו,False,,,,,
hebverb_114,שקר,pi'el,mentire,target,בעתיד · אני,אשקר,אשקר,False,,,,,
hebverb_114,שקר,pi'el,mentire,target,בעתיד · אתה,תשקר,תשקר,False,,,,,
hebverb_114,שקר,pi'el,mentire,target,בעתיד · את,תשקרי,תשקרי,True,2.540782654,590.8999999736842,0.9736842105263158,,
hebverb_114,שקר,pi'el,mentire,target,בעתיד · הוא,ישקר,ישקר,True,2.33460936,579.771052631579,0.8157894736842105,518.972972972973,0.9743589743589743
hebverb_114,שקר,pi'el,mentire,target,בעתיד · היא,תשקר,תשקר,False,,,,,
hebverb_114,שקר,pi'el,mentire,target,בעתיד · אנחנו,נשקר,נשקר,False,,,,,
hebverb_114,שקר,pi'el,mentire,target,בעתיד · אתם,תשקרו,תשקרו,False,,,,,
hebverb_114,שקר,pi'el,mentire,target,בעתיד · אתן,תשקרנה,תשקרנה,False,,,,,
hebverb_114,שקר,pi'el,mentire,target,בעתיד · הם,ישקרו,ישקרו,False,,,,,
hebverb_114,שקר,pi'el,mentire,target,בעתיד · הן,תשקרנה,תשקרנה,False,,,,,
hebverb_115,אחר,pi'el,fare tardi,infinitive,infinitive,לאחר,לאחר,False,,,,,
hebverb_115,אחר,pi'el,fare tardi,present_1,present_1,מאחר,מאחר,False,,,,,
hebverb_115,אחר,pi'el,fare tardi,present_2,present_2,מאחרת,מאחרת,False,,,,,
hebverb_115,אחר,pi'el,fare tardi,present_3,present_3,מאחרים,מאחרים,False,,,,,
hebverb_115,אחר,pi'el,fare tardi,present_4,present_4,מאחרות,מאחרות,False,,,,,
hebverb_115,אחר,pi'el,fare tardi,target,בעבר · אני,איחרתי,איחרתי,False,,,,,
hebverb_115,אחר,pi'el,fare tardi,target,בעבר · אני,אחרתי,אחרתי,False,,,,,
hebverb_115,אחר,pi'el,fare tardi,target,בעבר · אתה,איחרת,איחרת,False,,,,,
hebverb_115,אחר,pi'el,fare tardi,target,בעבר · אתה,אחרת,אחרת,True,313.3348957,484.2487178974359,0.9487179487179487,,
hebverb_115,אחר,pi'el,fare tardi,target,בעבר · את,איחרת,איחרת,False,,,,,
hebverb_115,אחר,pi'el,fare tardi,target,בעבר · את,אחרת,אחרת,True,313.3348957,484.2487178974359,0.9487179487179487,,
hebverb_115,אחר,pi'el,fare tardi,target,בעבר · הוא,איחר,איחר,False,,,,,
hebverb_115,אחר,pi'el,fare tardi,target,בעבר · הוא,אחר,אחר,False,,,,,
hebverb_115,אחר,pi'el,fare tardi,target,בעבר · היא,איחרה,איחרה,False,,,,,
hebverb_115,אחר,pi'el,fare tardi,target,בעבר · היא,אחרה,אחרה,False,,,,,
hebverb_115,אחר,pi'el,fare tardi,target,בעבר · אנחנו,איחרנו,איחרנו,True,1.679705955,596.6628571428572,1.0,,
hebverb_115,אחר,pi'el,fare tardi,target,בעבר · אנחנו,אחרנו,אחרנו,False,,,,,
hebverb_115,אחר,pi'el,fare tardi,target,בעבר · אתם,איחרתם,איחרתם,False,,,,,
hebverb_115,אחר,pi'el,fare tardi,target,בעבר · אתם,אחרתם,אחרתם,False,,,,,
hebverb_115,אחר,pi'el,fare tardi,target,בעבר · אתן,איחרתן,איחרתן,False,,,,,
hebverb_115,אחר,pi'el,fare tardi,target,בעבר · אתן,אחרתן,אחרתן,False,,,,,
hebverb_115,אחר,pi'el,fare tardi,target,בעבר · הם,איחרו,איחרו,False,,,,,
hebverb_115,אחר,pi'el,fare tardi,target,בעבר · הם,אחרו,אחרו,False,,,,,
hebverb_115,אחר,pi'el,fare tardi,target,בעבר · הן,איחרו,איחרו,False,,,,,
hebverb_115,אחר,pi'el,fare tardi,target,בעבר · הן,אחרו,אחרו,False,,,,,
hebverb_115,אחר,pi'el,fare tardi,target,בעתיד · אני,אאחר,אאחר,False,,,,,
hebverb_115,אחר,pi'el,fare tardi,target,בעתיד · אתה,תאחר,תאחר,True,4.299319575,568.9057142857143,0.9428571428571428,469.25,1.0
hebverb_115,אחר,pi'el,fare tardi,target,בעתיד · את,תאחרי,תאחרי,False,,,,,
hebverb_115,אחר,pi'el,fare tardi,target,בעתיד · הוא,יאחר,יאחר,True,1.412893457,580.7514285714285,0.8285714285714286,,
hebverb_115,אחר,pi'el,fare tardi,target,בעתיד · היא,תאחר,תאחר,True,4.299319575,568.9057142857143,0.9428571428571428,469.25,1.0
hebverb_115,אחר,pi'el,fare tardi,target,בעתיד · אנחנו,נאחר,נאחר,False,,,,,
hebverb_115,אחר,pi'el,fare tardi,target,בעתיד · אתם,תאחרו,תאחרו,False,,,,,
hebverb_115,אחר,pi'el,fare tardi,target,בעתיד · אתן,תאחרנה,תאחרנה,False,,,,,
hebverb_115,אחר,pi'el,fare tardi,target,בעתיד · הם,יאחרו,יאחרו,False,,,,,
hebverb_115,אחר,pi'el,fare tardi,target,בעתיד · הן,תאחרנה,תאחרנה,False,,,,,
hebverb_116,ספק,pi'el,soddisfare,infinitive,infinitive,לספק,לספק,True,38.93643299,499.44864862162166,0.972972972972973,,
hebverb_116,ספק,pi'el,soddisfare,present_1,present_1,מספק,מספק,True,17.74909506,541.0,0.9736842105263158,,
hebverb_116,ספק,pi'el,soddisfare,present_2,present_2,מספקת,מספקת,False,,,,,
hebverb_116,ספק,pi'el,soddisfare,present_3,present_3,מספקים,מספקים,False,,,,,
hebverb_116,ספק,pi'el,soddisfare,present_4,present_4,מספקות,מספקות,True,1.4553409,659.3625,0.8571428571428571,482.0,0.7941176470588235
hebverb_116,ספק,pi'el,soddisfare,target,בעבר · אני,סיפקתי,סיפקתי,False,,,,,
hebverb_116,ספק,pi'el,soddisfare,target,בעבר · אני,ספקתי,ספקתי,False,,,,,
hebverb_116,ספק,pi'el,soddisfare,target,בעבר · אתה,סיפקת,סיפקת,False,,,,,
hebverb_116,ספק,pi'el,soddisfare,target,בעבר · אתה,ספקת,ספקת,False,,,,,
hebverb_116,ספק,pi'el,soddisfare,target,בעבר · את,סיפקת,סיפקת,False,,,,,
hebverb_116,ספק,pi'el,soddisfare,target,בעבר · את,ספקת,ספקת,False,,,,,
hebverb_116,ספק,pi'el,soddisfare,target,בעבר · הוא,סיפק,סיפק,True,5.675829509,489.86578947368423,0.8421052631578947,,
hebverb_116,ספק,pi'el,soddisfare,target,בעבר · הוא,ספק,ספק,True,125.723262,519.0615384615385,0.9743589743589743,481.29411764705884,1.0
hebverb_116,ספק,pi'el,soddisfare,target,בעבר · היא,סיפקה,סיפקה,False,,,,,
hebverb_116,ספק,pi'el,soddisfare,target,בעבר · היא,ספקה,ספקה,False,,,,,
hebverb_116,ספק,pi'el,soddisfare,target,בעבר · אנחנו,סיפקנו,סיפקנו,False,,,,,
hebverb_116,ספק,pi'el,soddisfare,target,בעבר · אנחנו,ספקנו,ספקנו,False,,,,,
hebverb_116,ספק,pi'el,soddisfare,target,בעבר · אתם,סיפקתם,סיפקתם,False,,,,,
hebverb_116,ספק,pi'el,soddisfare,target,בעבר · אתם,ספקתם,ספקתם,False,,,,,
hebverb_116,ספק,pi'el,soddisfare,target,בעבר · אתן,סיפקתן,סיפקתן,False,,,,,
hebverb_116,ספק,pi'el,soddisfare,target,בעבר · אתן,ספקתן,ספקתן,False,,,,,
hebverb_116,ספק,pi'el,soddisfare,target,בעבר · הם,סיפקו,סיפקו,True,1.752473,589.9628571428572,0.7428571428571429,,
hebverb_116,ספק,pi'el,soddisfare,target,בעבר · הם,ספקו,ספקו,False,,,,,
hebverb_116,ספק,pi'el,soddisfare,target,בעבר · הן,סיפקו,סיפקו,True,1.752473,589.9628571428572,0.7428571428571429,,
hebverb_116,ספק,pi'el,soddisfare,target,בעבר · הן,ספקו,ספקו,False,,,,,
hebverb_116,ספק,pi'el,soddisfare,target,בעתיד · אני,אספק,אספק,True,1.685769876,603.62,0.75,518.8387096774194,0.9090909090909091
hebverb_116,ספק,pi'el,soddisfare,target,בעתיד · אתה,תספק,תספק,False,,,,,
hebverb_116,ספק,pi'el,soddisfare,target,בעתיד · את,תספקי,תספקי,False,,,,,
hebverb_116,ספק,pi'el,soddisfare,target,בעתיד · הוא,יספק,יספק,True,4.729857924,543.3378378378378,0.8918918918918919,,
hebverb_116,ספק,pi'el,soddisfare,target,בעתיד · היא,תספק,תספק,False,,,,,
hebverb_116,ספק,pi'el,soddisfare,target,בעתיד · אנחנו,נספק,נספק,False,,,,,
hebverb_116,ספק,pi'el,soddisfare,target,בעתיד · אתם,תספקו,תספקו,False,,,,,
hebverb_116,ספק,pi'el,soddisfare,target,בעתיד · אתן,תספקנה,תספקנה,False,,,,,
hebverb_116,ספק,pi'el,soddisfare,target,בעתיד · הם,יספקו,יספקו,False,,,,,
hebverb_116,ספק,pi'el,soddisfare,target,בעתיד · הן,תספקנה,תספקנה,False,,,,,
hebverb_117,סים,pi'el,finire,infinitive,infinitive,לסיים,לסיים,False,,,,,
hebverb_117,סים,pi'el,finire,present_1,present_1,מסיים,מסיים,False,,,,,
hebverb_117,סים,pi'el,finire,present_1,present_1,מסים,מסים,False,,,,,
hebverb_117,סים,pi'el,finire,present_2,present_2,מסיימת,מסיימת,False,,,,,
hebverb_117,סים,pi'el,finire,present_2,present_2,מסימת,מסימת,False,,,,,
hebverb_117,סים,pi'el,finire,present_3,present_3,מסיימים,מסיימים,False,,,,,
hebverb_117,סים,pi'el,finire,present_3,present_3,מסימים,מסימים,False,,,,,
hebverb_117,סים,pi'el,finire,present_4,present_4,מסיימות,מסיימות,False,,,,,
hebverb_117,סים,pi'el,finire,present_4,present_4,מסימות,מסימות,False,,,,,
hebverb_117,סים,pi'el,finire,target,בעבר · אני,סיימתי,סיימתי,False,,,,,
hebverb_117,סים,pi'el,finire,target,בעבר · אני,סימתי,סימתי,False,,,,,
hebverb_117,סים,pi'el,finire,target,בעבר · אתה,סיימת,סיימת,True,21.32074418,490.3085714285714,0.9714285714285714,474.7317073170732,0.975609756097561
hebverb_117,סים,pi'el,finire,target,בעבר · אתה,סימת,סימת,False,,,,,
hebverb_117,סים,pi'el,finire,target,בעבר · את,סיימת,סיימת,True,21.32074418,490.3085714285714,0.9714285714285714,474.7317073170732,0.975609756097561
hebverb_117,סים,pi'el,finire,target,בעבר · את,סימת,סימת,False,,,,,
hebverb_117,סים,pi'el,finire,target,בעבר · הוא,סיים,סיים,True,23.6735453,532.1771428571428,0.9142857142857143,492.72727272727275,0.9705882352941176
hebverb_117,סים,pi'el,finire,target,בעבר · הוא,סים,סים,False,,,,,
hebverb_117,סים,pi'el,finire,target,בעבר · היא,סיימה,סיימה,False,,,,,
hebverb_117,סים,pi'el,finire,target,בעבר · היא,סימה,סימה,False,,,,,
hebverb_117,סים,pi'el,finire,target,בעבר · אנחנו,סיימנו,סיימנו,True,24.21323422,584.1710526052632,0.9736842105263158,,
hebverb_117,סים,pi'el,finire,target,בעבר · אנחנו,סימנו,סימנו,False,,,,,
hebverb_117,סים,pi'el,finire,target,בעבר · אתם,סיימתם,סיימתם,True,2.831850834,575.6324324324324,0.8648648648648649,,
hebverb_117,סים,pi'el,finire,target,בעבר · אתם,סימתם,סימתם,False,,,,,
hebverb_117,סים,pi'el,finire,target,בעבר · אתן,סיימתן,סיימתן,False,,,,,
hebverb_117,סים,pi'el,finire,target,בעבר · אתן,סימתן,סימתן,False,,,,,
hebverb_117,סים,pi'el,finire,target,בעבר · הם,סיימו,סיימו,False,,,,,
hebverb_117,סים,pi'el,finire,target,בעבר · הם,סימו,סימו,False,,,,,
hebverb_117,סים,pi'el,finire,target,בעבר · הן,סיימו,סיימו,False,,,,,
hebverb_117,סים,pi'el,finire,target,בעבר · הן,סימו,סימו,False,,,,,
hebverb_117,סים,pi'el,finire,target,בעתיד · אני,אסיים,אסיים,False,,,,,
hebverb_117,סים,pi'el,finire,target,בעתיד · אני,אסים,אסים,False,,,,,
hebverb_117,סים,pi'el,finire,target,בעתיד · אתה,תסיים,תסיים,False,,,,,
hebverb_117,סים,pi'el,finire,target,בעתיד · אתה,תסים,תסים,False,,,,,
hebverb_117,סים,pi'el,finire,target,בעתיד · את,תסיימי,תסיימי,True,4.129529803,566.3162162432433,0.8918918918918919,,
hebverb_117,סים,pi'el,finire,target,בעתיד · את,תסימי,תסימי,False,,,,,
hebverb_117,סים,pi'el,finire,target,בעתיד · הוא,יסיים,יסיים,True,7.622347963,598.2641025641026,1.0,502.8974358974359,1.0
hebverb_117,סים,pi'el,finire,target,בעתיד · הוא,יסים,יסים,False,,,,,
hebverb_117,סים,pi'el,finire,target,בעתיד · היא,תסיים,תסיים,False,,,,,
hebverb_117,סים,pi'el,finire,target,בעתיד · היא,תסים,תסים,False,,,,,
hebverb_117,סים,pi'el,finire,target,בעתיד · אנחנו,נסיים,נסיים,False,,,,,
hebverb_117,סים,pi'el,finire,target,בעתיד · אנחנו,נסים,נסים,False,,,,,
hebverb_117,סים,pi'el,finire,target,בעתיד · אתם,תסיימו,תסיימו,False,,,,,
hebverb_117,סים,pi'el,finire,target,בעתיד · אתם,תסימו,תסימו,False,,,,,
hebverb_117,סים,pi'el,finire,target,בעתיד · אתן,תסיימנה,תסיימנה,False,,,,,
hebverb_117,סים,pi'el,finire,target,בעתיד · אתן,תסימנה,תסימנה,False,,,,,
hebverb_117,סים,pi'el,finire,target,בעתיד · הם,יסיימו,יסיימו,False,,,,,
hebverb_117,סים,pi'el,finire,target,בעתיד · הם,יסימו,יסימו,False,,,,,
hebverb_117,סים,pi'el,finire,target,בעתיד · הן,תסיימנה,תסיימנה,False,,,,,
hebverb_117,סים,pi'el,finire,target,בעתיד · הן,תסימנה,תסימנה,False,,,,,
hebverb_118,שכנע,pi'el,convincere,infinitive,infinitive,לשכנע,לשכנע,True,69.45614444,590.2625,0.975,514.6470588235294,1.0
hebverb_118,שכנע,pi'el,convincere,present_1,present_1,משכנע,משכנע,False,,,,,
hebverb_118,שכנע,pi'el,convincere,present_2,present_2,משכנעת,משכנעת,False,,,,,
hebverb_118,שכנע,pi'el,convincere,present_3,present_3,משכנעים,משכנעים,False,,,,,
hebverb_118,שכנע,pi'el,convincere,present_4,present_4,משכנעות,משכנעות,False,,,,,
hebverb_118,שכנע,pi'el,convincere,target,בעבר · אני,שכנעתי,שכנעתי,False,,,,,
hebverb_118,שכנע,pi'el,convincere,target,בעבר · אני,שיכנעתי,שיכנעתי,False,,,,,
hebverb_118,שכנע,pi'el,convincere,target,בעבר · אתה,שכנעת,שכנעת,False,,,,,
hebverb_118,שכנע,pi'el,convincere,target,בעבר · אתה,שיכנעת,שיכנעת,False,,,,,
hebverb_118,שכנע,pi'el,convincere,target,בעבר · את,שכנעת,שכנעת,False,,,,,
hebverb_118,שכנע,pi'el,convincere,target,בעבר · את,שיכנעת,שיכנעת,False,,,,,
hebverb_118,שכנע,pi'el,convincere,target,בעבר · הוא,שכנע,שכנע,True,7.682987167,598.1228571428571,0.9142857142857143,480.06451612903226,0.9705882352941176
hebverb_118,שכנע,pi'el,convincere,target,בעבר · הוא,שיכנע,שיכנע,True,2.213330952,650.332499975,0.775,,
hebverb_118,שכנע,pi'el,convincere,target,בעבר · היא,שכנעה,שכנעה,False,,,,,
hebverb_118,שכנע,pi'el,convincere,target,בעבר · היא,שיכנעה,שיכנעה,False,,,,,
hebverb_118,שכנע,pi'el,convincere,target,בעבר · אנחנו,שכנענו,שכנענו,False,,,,,
hebverb_118,שכנע,pi'el,convincere,target,בעבר · אנחנו,שיכנענו,שיכנענו,False,,,,,
hebverb_118,שכנע,pi'el,convincere,target,בעבר · אתם,שכנעתם,שכנעתם,False,,,,,
hebverb_118,שכנע,pi'el,convincere,target,בעבר · אתם,שיכנעתם,שיכנעתם,False,,,,,
hebverb_118,שכנע,pi'el,convincere,target,בעבר · אתן,שכנעתן,שכנעתן,False,,,,,
hebverb_118,שכנע,pi'el,convincere,target,בעבר · אתן,שיכנעתן,שיכנעתן,False,,,,,
hebverb_118,שכנע,pi'el,convincere,target,בעבר · הם,שכנעו,שכנעו,False,,,,,
hebverb_118,שכנע,pi'el,convincere,target,בעבר · הם,שיכנעו,שיכנעו,False,,,,,
hebverb_118,שכנע,pi'el,convincere,target,בעבר · הן,שכנעו,שכנעו,False,,,,,
hebverb_118,שכנע,pi'el,convincere,target,בעבר · הן,שיכנעו,שיכנעו,False,,,,,
hebverb_118,שכנע,pi'el,convincere,target,בעתיד · אני,אשכנע,אשכנע,False,,,,,
hebverb_118,שכנע,pi'el,convincere,target,בעתיד · אתה,תשכנע,תשכנע,False,,,,,
hebverb_118,שכנע,pi'el,convincere,target,בעתיד · את,תשכנעי,תשכנעי,True,1.267359367,638.4157894736842,0.868421052631579,,
hebverb_118,שכנע,pi'el,convincere,target,בעתיד · הוא,ישכנע,ישכנע,False,,,,,
hebverb_118,שכנע,pi'el,convincere,target,בעתיד · היא,תשכנע,תשכנע,False,,,,,
hebverb_118,שכנע,pi'el,convincere,target,בעתיד · אנחנו,נשכנע,נשכנע,False,,,,,
hebverb_118,שכנע,pi'el,convincere,target,בעתיד · אתם,תשכנעו,תשכנעו,False,,,,,
hebverb_118,שכנע,pi'el,convincere,target,בעתיד · אתן,תשכנענה,תשכנענה,False,,,,,
hebverb_118,שכנע,pi'el,convincere,target,בעתיד · הם,ישכנעו,ישכנעו,False,,,,,
hebverb_118,שכנע,pi'el,convincere,target,בעתיד · הן,תשכנענה,תשכנענה,False,,,,,
hebverb_119,אבד,pi'el,perdere,infinitive,infinitive,לאבד,לאבד,True,83.75486878,597.3368421052631,0.9210526315789473,457.72727272727275,1.0
hebverb_119,אבד,pi'el,perdere,present_1,present_1,מאבד,מאבד,True,32.9088961,547.8864864864864,0.918918918918919,,
hebverb_119,אבד,pi'el,perdere,present_2,present_2,מאבדת,מאבדת,False,,,,,
hebverb_119,אבד,pi'el,perdere,present_3,present_3,מאבדים,מאבדים,False,,,,,
hebverb_119,אבד,pi'el,perdere,present_4,present_4,מאבדות,מאבדות,False,,,,,
hebverb_119,אבד,pi'el,perdere,target,בעבר · אני,איבדתי,איבדתי,False,,,,,
hebverb_119,אבד,pi'el,perdere,target,בעבר · אני,אבדתי,אבדתי,False,,,,,
hebverb_119,אבד,pi'el,perdere,target,בעבר · אתה,איבדת,איבדת,False,,,,,
hebverb_119,אבד,pi'el,perdere,target,בעבר · אתה,אבדת,אבדת,True,1.819176125,598.4857142857143,0.8,493.60526315789474,0.9210526315789473
hebverb_119,אבד,pi'el,perdere,target,בעבר · את,איבדת,איבדת,False,,,,,
hebverb_119,אבד,pi'el,perdere,target,בעבר · את,אבדת,אבדת,True,1.819176125,598.4857142857143,0.8,493.60526315789474,0.9210526315789473
hebverb_119,אבד,pi'el,perdere,target,בעבר · הוא,איבד,איבד,True,43.49650114,546.6368421052632,0.7368421052631579,487.969696969697,1.0
hebverb_119,אבד,pi'el,perdere,target,בעבר · הוא,אבד,אבד,True,9.017049658,561.4945945675676,0.8947368421052632,472.65625,1.0
hebverb_119,אבד,pi'el,perdere,target,בעבר · היא,איבדה,איבדה,True,17.40951551,579.4974358974359,0.9230769230769231,493.8484848484849,1.0
hebverb_119,אבד,pi'el,perdere,target,בעבר · היא,אבדה,אבדה,False,,,,,
hebverb_119,אבד,pi'el,perdere,target,בעבר · אנחנו,איבדנו,איבדנו,True,31.95686059,576.6028571142857,0.9428571428571428,,
hebverb_119,אבד,pi'el,perdere,target,בעבר · אנחנו,אבדנו,אבדנו,True,1.934390613,629.5567567027026,0.8918918918918919,,
hebverb_119,אבד,pi'el,perdere,target,בעבר · אתם,איבדתם,איבדתם,True,2.098116464,578.9514285714286,0.9428571428571428,468.9142857142857,0.972972972972973
hebverb_119,אבד,pi'el,perdere,target,בעבר · אתם,אבדתם,אבדתם,False,,,,,
hebverb_119,אבד,pi'el,perdere,target,בעבר · אתן,איבדתן,איבדתן,False,,,,,
hebverb_119,אבד,pi'el,perdere,target,בעבר · אתן,אבדתן,אבדתן,False,,,,,
hebverb_119,אבד,pi'el,perdere,target,בעבר · הם,איבדו,איבדו,False,,,,,
hebverb_119,אבד,pi'el,perdere,target,בעבר · הם,אבדו,אבדו,False,,,,,
hebverb_119,אבד,pi'el,perdere,target,בעבר · הן,איבדו,איבדו,False,,,,,
hebverb_119,אבד,pi'el,perdere,target,בעבר · הן,אבדו,אבדו,False,,,,,
hebverb_119,אבד,pi'el,perdere,target,בעתיד · אני,אאבד,אאבד,False,,,,,
hebverb_119,אבד,pi'el,perdere,target,בעתיד · אתה,תאבד,תאבד,False,,,,,
hebverb_119,אבד,pi'el,perdere,target,בעתיד · את,תאבדי,תאבדי,False,,,,,
hebverb_119,אבד,pi'el,perdere,target,בעתיד · הוא,יאבד,יאבד,False,,,,,
hebverb_119,אבד,pi'el,perdere,target,בעתיד · היא,תאבד,תאבד,False,,,,,
hebverb_119,אבד,pi'el,perdere,target,בעתיד · אנחנו,נאבד,נאבד,True,11.3152755,558.0583333333333,0.9722222222222222,458.125,0.9090909090909091
hebverb_119,אבד,pi'el,perdere,target,בעתיד · אתם,תאבדו,תאבדו,False,,,,,
hebverb_119,אבד,pi'el,perdere,target,בעתיד · אתן,תאבדנה,תאבדנה,False,,,,,
hebverb_119,אבד,pi'el,perdere,target,בעתיד · הם,יאבדו,יאבדו,False,,,,,
hebverb_119,אבד,pi'el,perdere,target,בעתיד · הן,תאבדנה,תאבדנה,False,,,,,
hebverb_120,צלם,pi'el,fotografare,infinitive,infinitive,לצלם,לצלם,False,,,,,
hebverb_120,צלם,pi'el,fotografare,present_1,present_1,מצלם,מצלם,False,,,,,
hebverb_120,צלם,pi'el,fotografare,present_2,present_2,מצלמת,מצלמת,False,,,,,
hebverb_120,צלם,pi'el,fotografare,present_3,present_3,מצלמים,מצלמים,False,,,,,
hebverb_120,צלם,pi'el,fotografare,present_4,present_4,מצלמות,מצלמות,False,,,,,
hebverb_120,צלם,pi'el,fotografare,target,בעבר · אני,צילמתי,צילמתי,False,,,,,
hebverb_120,צלם,pi'el,fotografare,target,בעבר · אני,צלמתי,צלמתי,False,,,,,
hebverb_120,צלם,pi'el,fotografare,target,בעבר · אתה,צילמת,צילמת,False,,,,,
hebverb_120,צלם,pi'el,fotografare,target,בעבר · אתה,צלמת,צלמת,True,1.425021298,572.9571428571429,0.9428571428571428,,
hebverb_120,צלם,pi'el,fotografare,target,בעבר · את,צילמת,צילמת,False,,,,,
hebverb_120,צלם,pi'el,fotografare,target,בעבר · את,צלמת,צלמת,True,1.425021298,572.9571428571429,0.9428571428571428,,
hebverb_120,צלם,pi'el,fotografare,target,בעבר · הוא,צילם,צילם,False,,,,,
hebverb_120,צלם,pi'el,fotografare,target,בעבר · הוא,צלם,צלם,False,,,,,
hebverb_120,צלם,pi'el,fotografare,target,בעבר · היא,צילמה,צילמה,False,,,,,
hebverb_120,צלם,pi'el,fotografare,target,בעבר · היא,צלמה,צלמה,False,,,,,
hebverb_120,צלם,pi'el,fotografare,target,בעבר · אנחנו,צילמנו,צילמנו,True,2.383120723,586.5657142857143,0.9714285714285714,479.5833333333333,0.9473684210526315
hebverb_120,צלם,pi'el,fotografare,target,בעבר · אנחנו,צלמנו,צלמנו,False,,,,,
hebverb_120,צלם,pi'el,fotografare,target,בעבר · אתם,צילמתם,צילמתם,False,,,,,
hebverb_120,צלם,pi'el,fotografare,target,בעבר · אתם,צלמתם,צלמתם,False,,,,,
hebverb_120,צלם,pi'el,fotografare,target,בעבר · אתן,צילמתן,צילמתן,False,,,,,
hebverb_120,צלם,pi'el,fotografare,target,בעבר · אתן,צלמתן,צלמתן,False,,,,,
hebverb_120,צלם,pi'el,fotografare,target,בעבר · הם,צילמו,צילמו,False,,,,,
hebverb_120,צלם,pi'el,fotografare,target,בעבר · הם,צלמו,צלמו,False,,,,,
hebverb_120,צלם,pi'el,fotografare,target,בעבר · הן,צילמו,צילמו,False,,,,,
hebverb_120,צלם,pi'el,fotografare,target,בעבר · הן,צלמו,צלמו,False,,,,,
hebverb_120,צלם,pi'el,fotografare,target,בעתיד · אני,אצלם,אצלם,False,,,,,
hebverb_120,צלם,pi'el,fotografare,target,בעתיד · אתה,תצלם,תצלם,False,,,,,
hebverb_120,צלם,pi'el,fotografare,target,בעתיד · את,תצלמי,תצלמי,False,,,,,
hebverb_120,צלם,pi'el,fotografare,target,בעתיד · הוא,יצלם,יצלם,False,,,,,
hebverb_120,צלם,pi'el,fotografare,target,בעתיד · היא,תצלם,תצלם,False,,,,,
hebverb_120,צלם,pi'el,fotografare,target,בעתיד · אנחנו,נצלם,נצלם,False,,,,,
hebverb_120,צלם,pi'el,fotografare,target,בעתיד · אתם,תצלמו,תצלמו,False,,,,,
hebverb_120,צלם,pi'el,fotografare,target,בעתיד · אתן,תצלמנה,תצלמנה,False,,,,,
hebverb_120,צלם,pi'el,fotografare,target,בעתיד · הם,יצלמו,יצלמו,False,,,,,
hebverb_120,צלם,pi'el,fotografare,target,בעתיד · הן,תצלמנה,תצלמנה,False,,,,,
hebverb_121,אמץ,pi'el,adottare,infinitive,infinitive,לאמץ,לאמץ,False,,,,,
hebverb_121,אמץ,pi'el,adottare,present_1,present_1,מאמץ,מאמץ,False,,,,,
hebverb_121,אמץ,pi'el,adottare,present_2,present_2,מאמצת,מאמצת,False,,,,,
hebverb_121,אמץ,pi'el,adottare,present_3,present_3,מאמצים,מאמצים,True,4.717730083,531.9657894736843,0.9210526315789473,486.60526315789474,0.9743589743589743
hebverb_121,אמץ,pi'el,adottare,present_4,present_4,מאמצות,מאמצות,False,,,,,
hebverb_121,אמץ,pi'el,adottare,target,בעבר · אני,אימצתי,אימצתי,False,,,,,
hebverb_121,אמץ,pi'el,adottare,target,בעבר · אני,אמצתי,אמצתי,False,,,,,
hebverb_121,אמץ,pi'el,adottare,target,בעבר · אתה,אימצת,אימצת,False,,,,,
hebverb_121,אמץ,pi'el,adottare,target,בעבר · אתה,אמצת,אמצת,False,,,,,
hebverb_121,אמץ,pi'el,adottare,target,בעבר · את,אימצת,אימצת,False,,,,,
hebverb_121,אמץ,pi'el,adottare,target,בעבר · את,אמצת,אמצת,False,,,,,
hebverb_121,אמץ,pi'el,adottare,target,בעבר · הוא,אימץ,אימץ,False,,,,,
hebverb_121,אמץ,pi'el,adottare,target,בעבר · הוא,אמץ,אמץ,False,,,,,
hebverb_121,אמץ,pi'el,adottare,target,בעבר · היא,אימצה,אימצה,False,,,,,
hebverb_121,אמץ,pi'el,adottare,target,בעבר · היא,אמצה,אמצה,False,,,,,
hebverb_121,אמץ,pi'el,adottare,target,בעבר · אנחנו,אימצנו,אימצנו,False,,,,,
hebverb_121,אמץ,pi'el,adottare,target,בעבר · אנחנו,אמצנו,אמצנו,False,,,,,
hebverb_121,אמץ,pi'el,adottare,target,בעבר · אתם,אימצתם,אימצתם,False,,,,,
hebverb_121,אמץ,pi'el,adottare,target,בעבר · אתם,אמצתם,אמצתם,False,,,,,
hebverb_121,אמץ,pi'el,adottare,target,בעבר · אתן,אימצתן,אימצתן,False,,,,,
hebverb_121,אמץ,pi'el,adottare,target,בעבר · אתן,אמצתן,אמצתן,False,,,,,
hebverb_121,אמץ,pi'el,adottare,target,בעבר · הם,אימצו,אימצו,False,,,,,
hebverb_121,אמץ,pi'el,adottare,target,בעבר · הם,אמצו,אמצו,False,,,,,
hebverb_121,אמץ,pi'el,adottare,target,בעבר · הן,אימצו,אימצו,False,,,,,
hebverb_121,אמץ,pi'el,adottare,target,בעבר · הן,אמצו,אמצו,False,,,,,
hebverb_121,אמץ,pi'el,adottare,target,בעתיד · אני,אאמץ,אאמץ,False,,,,,
hebverb_121,אמץ,pi'el,adottare,target,בעתיד · אתה,תאמץ,תאמץ,False,,,,,
hebverb_121,אמץ,pi'el,adottare,target,בעתיד · את,תאמצי,תאמצי,False,,,,,
hebverb_121,אמץ,pi'el,adottare,target,בעתיד · הוא,יאמץ,יאמץ,False,,,,,
hebverb_121,אמץ,pi'el,adottare,target,בעתיד · היא,תאמץ,תאמץ,False,,,,,
hebverb_121,אמץ,pi'el,adottare,target,בעתיד · אנחנו,נאמץ,נאמץ,False,,,,,
hebverb_121,אמץ,pi'el,adottare,target,בעתיד · אתם,תאמצו,תאמצו,False,,,,,
hebverb_121,אמץ,pi'el,adottare,target,בעתיד · אתן,תאמצנה,תאמצנה,False,,,,,
hebverb_121,אמץ,pi'el,adottare,target,בעתיד · הם,יאמצו,יאמצו,False,,,,,
hebverb_121,אמץ,pi'el,adottare,target,בעתיד · הן,תאמצנה,תאמצנה,False,,,,,
hebverb_122,פחד,pi'el,DA_RIVEDERE: scared of מ that ש,infinitive,infinitive,לפחד,לפחד,True,29.59799555,545.2457142857144,0.9714285714285714,,
hebverb_122,פחד,pi'el,DA_RIVEDERE: scared of מ that ש,present_1,present_1,מפחד,מפחד,False,,,,,
hebverb_122,פחד,pi'el,DA_RIVEDERE: scared of מ that ש,present_2,present_2,מפחדת,מפחדת,False,,,,,
hebverb_122,פחד,pi'el,DA_RIVEDERE: scared of מ that ש,present_3,present_3,מפחדים,מפחדים,False,,,,,
hebverb_122,פחד,pi'el,DA_RIVEDERE: scared of מ that ש,present_4,present_4,מפחדות,מפחדות,False,,,,,
hebverb_122,פחד,pi'el,DA_RIVEDERE: scared of מ that ש,target,בעבר · אני,פיחדתי,פיחדתי,False,,,,,
hebverb_122,פחד,pi'el,DA_RIVEDERE: scared of מ that ש,target,בעבר · אני,פחדתי,פחדתי,True,25.48059359,649.7,0.9142857142857143,480.42105263157896,1.0
hebverb_122,פחד,pi'el,DA_RIVEDERE: scared of מ that ש,target,בעבר · אתה,פיחדת,פיחדת,False,,,,,
hebverb_122,פחד,pi'el,DA_RIVEDERE: scared of מ that ש,target,בעבר · אתה,פחדת,פחדת,True,5.584870703,543.827027027027,0.9210526315789473,535.03125,1.0
hebverb_122,פחד,pi'el,DA_RIVEDERE: scared of מ that ש,target,בעבר · את,פיחדת,פיחדת,False,,,,,
hebverb_122,פחד,pi'el,DA_RIVEDERE: scared of מ that ש,target,בעבר · את,פחדת,פחדת,True,5.584870703,543.827027027027,0.9210526315789473,535.03125,1.0
hebverb_122,פחד,pi'el,DA_RIVEDERE: scared of מ that ש,target,בעבר · הוא,פיחד,פיחד,False,,,,,
hebverb_122,פחד,pi'el,DA_RIVEDERE: scared of מ that ש,target,בעבר · הוא,פחד,פחד,False,,,,,
hebverb_122,פחד,pi'el,DA_RIVEDERE: scared of מ that ש,target,בעבר · היא,פיחדה,פיחדה,False,,,,,
hebverb_122,פחד,pi'el,DA_RIVEDERE: scared of מ that ש,target,בעבר · היא,פחדה,פחדה,False,,,,,
hebverb_122,פחד,pi'el,DA_RIVEDERE: scared of מ that ש,target,בעבר · אנחנו,פיחדנו,פיחדנו,False,,,,,
hebverb_122,פחד,pi'el,DA_RIVEDERE: scared of מ that ש,target,בעבר · אנחנו,פחדנו,פחדנו,False,,,,,
hebverb_122,פחד,pi'el,DA_RIVEDERE: scared of מ that ש,target,בעבר · אתם,פיחדתם,פיחדתם,False,,,,,
hebverb_122,פחד,pi'el,DA_RIVEDERE: scared of מ that ש,target,בעבר · אתם,פחדתם,פחדתם,False,,,,,
hebverb_122,פחד,pi'el,DA_RIVEDERE: scared of מ that ש,target,בעבר · אתן,פיחדתן,פיחדתן,False,,,,,
hebverb_122,פחד,pi'el,DA_RIVEDERE: scared of מ that ש,target,בעבר · אתן,פחדתן,פחדתן,False,,,,,
hebverb_122,פחד,pi'el,DA_RIVEDERE: scared of מ that ש,target,בעבר · הם,פיחדו,פיחדו,False,,,,,
hebverb_122,פחד,pi'el,DA_RIVEDERE: scared of מ that ש,target,בעבר · הם,פחדו,פחדו,False,,,,,
hebverb_122,פחד,pi'el,DA_RIVEDERE: scared of מ that ש,target,בעבר · הן,פיחדו,פיחדו,False,,,,,
hebverb_122,פחד,pi'el,DA_RIVEDERE: scared of מ that ש,target,בעבר · הן,פחדו,פחדו,False,,,,,
hebverb_122,פחד,pi'el,DA_RIVEDERE: scared of מ that ש,target,בעתיד · אני,אפחד,אפחד,False,,,,,
hebverb_122,פחד,pi'el,DA_RIVEDERE: scared of מ that ש,target,בעתיד · אתה,תפחד,תפחד,False,,,,,
hebverb_122,פחד,pi'el,DA_RIVEDERE: scared of מ that ש,target,בעתיד · את,תפחדי,תפחדי,False,,,,,
hebverb_122,פחד,pi'el,DA_RIVEDERE: scared of מ that ש,target,בעתיד · הוא,יפחד,יפחד,False,,,,,
hebverb_122,פחד,pi'el,DA_RIVEDERE: scared of מ that ש,target,בעתיד · היא,תפחד,תפחד,False,,,,,
hebverb_122,פחד,pi'el,DA_RIVEDERE: scared of מ that ש,target,בעתיד · אנחנו,נפחד,נפחד,False,,,,,
hebverb_122,פחד,pi'el,DA_RIVEDERE: scared of מ that ש,target,בעתיד · אתם,תפחדו,תפחדו,False,,,,,
hebverb_122,פחד,pi'el,DA_RIVEDERE: scared of מ that ש,target,בעתיד · אתן,תפחדנה,תפחדנה,False,,,,,
hebverb_122,פחד,pi'el,DA_RIVEDERE: scared of מ that ש,target,בעתיד · הם,יפחדו,יפחדו,False,,,,,
hebverb_122,פחד,pi'el,DA_RIVEDERE: scared of מ that ש,target,בעתיד · הן,תפחדנה,תפחדנה,False,,,,,
hebverb_123,אשר,pi'el,approvare,infinitive,infinitive,לאשר,לאשר,True,26.66305807,505.5777777777778,0.8611111111111112,442.3235294117647,1.0
hebverb_123,אשר,pi'el,approvare,present_1,present_1,מאשר,מאשר,True,210.527189,602.097368368421,0.9736842105263158,,
hebverb_123,אשר,pi'el,approvare,present_2,present_2,מאשרת,מאשרת,False,,,,,
hebverb_123,אשר,pi'el,approvare,present_3,present_3,מאשרים,מאשרים,True,3.614096568,552.0945945945946,0.972972972972973,,
hebverb_123,אשר,pi'el,approvare,present_4,present_4,מאשרות,מאשרות,False,,,,,
hebverb_123,אשר,pi'el,approvare,target,בעבר · אני,אישרתי,אישרתי,False,,,,,
hebverb_123,אשר,pi'el,approvare,target,בעבר · אני,אשרתי,אשרתי,False,,,,,
hebverb_123,אשר,pi'el,approvare,target,בעבר · אתה,אישרת,אישרת,False,,,,,
hebverb_123,אשר,pi'el,approvare,target,בעבר · אתה,אשרת,אשרת,False,,,,,
hebverb_123,אשר,pi'el,approvare,target,בעבר · את,אישרת,אישרת,False,,,,,
hebverb_123,אשר,pi'el,approvare,target,בעבר · את,אשרת,אשרת,False,,,,,
hebverb_123,אשר,pi'el,approvare,target,בעבר · הוא,אישר,אישר,False,,,,,
hebverb_123,אשר,pi'el,approvare,target,בעבר · הוא,אשר,אשר,False,,,,,
hebverb_123,אשר,pi'el,approvare,target,בעבר · היא,אישרה,אישרה,False,,,,,
hebverb_123,אשר,pi'el,approvare,target,בעבר · היא,אשרה,אשרה,False,,,,,
hebverb_123,אשר,pi'el,approvare,target,בעבר · אנחנו,אישרנו,אישרנו,False,,,,,
hebverb_123,אשר,pi'el,approvare,target,בעבר · אנחנו,אשרנו,אשרנו,False,,,,,
hebverb_123,אשר,pi'el,approvare,target,בעבר · אתם,אישרתם,אישרתם,False,,,,,
hebverb_123,אשר,pi'el,approvare,target,בעבר · אתם,אשרתם,אשרתם,False,,,,,
hebverb_123,אשר,pi'el,approvare,target,בעבר · אתן,אישרתן,אישרתן,False,,,,,
hebverb_123,אשר,pi'el,approvare,target,בעבר · אתן,אשרתן,אשרתן,False,,,,,
hebverb_123,אשר,pi'el,approvare,target,בעבר · הם,אישרו,אישרו,False,,,,,
hebverb_123,אשר,pi'el,approvare,target,בעבר · הם,אשרו,אשרו,False,,,,,
hebverb_123,אשר,pi'el,approvare,target,בעבר · הן,אישרו,אישרו,False,,,,,
hebverb_123,אשר,pi'el,approvare,target,בעבר · הן,אשרו,אשרו,False,,,,,
hebverb_123,אשר,pi'el,approvare,target,בעתיד · אני,אאשר,אאשר,True,1.661514194,604.545945918919,0.7567567567567568,,
hebverb_123,אשר,pi'el,approvare,target,בעתיד · אתה,תאשר,תאשר,False,,,,,
hebverb_123,אשר,pi'el,approvare,target,בעתיד · את,תאשרי,תאשרי,False,,,,,
hebverb_123,אשר,pi'el,approvare,target,בעתיד · הוא,יאשר,יאשר,False,,,,,
hebverb_123,אשר,pi'el,approvare,target,בעתיד · היא,תאשר,תאשר,False,,,,,
hebverb_123,אשר,pi'el,approvare,target,בעתיד · אנחנו,נאשר,נאשר,False,,,,,
hebverb_123,אשר,pi'el,approvare,target,בעתיד · אתם,תאשרו,תאשרו,False,,,,,
hebverb_123,אשר,pi'el,approvare,target,בעתיד · אתן,תאשרנה,תאשרנה,False,,,,,
hebverb_123,אשר,pi'el,approvare,target,בעתיד · הם,יאשרו,יאשרו,True,1.631194592,600.5114285714285,0.8857142857142857,438.8787878787879,0.9736842105263158
hebverb_123,אשר,pi'el,approvare,target,בעתיד · הן,תאשרנה,תאשרנה,False,,,,,
hebverb_124,גלה,pi'el,scoprire,infinitive,infinitive,לגלות,לגלות,True,123.1824793,524.6457142857142,0.9714285714285714,,
hebverb_124,גלה,pi'el,scoprire,present_1,present_1,מגלה,מגלה,False,,,,,
hebverb_124,גלה,pi'el,scoprire,present_2,present_2,מגלה,מגלה,False,,,,,
hebverb_124,גלה,pi'el,scoprire,present_3,present_3,מגלים,מגלים,False,,,,,
hebverb_124,גלה,pi'el,scoprire,present_4,present_4,מגלות,מגלות,False,,,,,
hebverb_124,גלה,pi'el,scoprire,target,בעבר · אני,גיליתי,גיליתי,False,,,,,
hebverb_124,גלה,pi'el,scoprire,target,בעבר · אני,גליתי,גליתי,False,,,,,
hebverb_124,גלה,pi'el,scoprire,target,בעבר · אתה,גילית,גילית,True,16.79099563,601.52,0.9428571428571428,468.3,0.926829268292683
hebverb_124,גלה,pi'el,scoprire,target,בעבר · אתה,גלית,גלית,False,,,,,
hebverb_124,גלה,pi'el,scoprire,target,בעבר · את,גילית,גילית,True,16.79099563,601.52,0.9428571428571428,468.3,0.926829268292683
hebverb_124,גלה,pi'el,scoprire,target,בעבר · את,גלית,גלית,False,,,,,
hebverb_124,גלה,pi'el,scoprire,target,בעבר · הוא,גילה,גילה,True,34.94637336,560.5771428571429,0.9428571428571428,474.275,1.0
hebverb_124,גלה,pi'el,scoprire,target,בעבר · הוא,גלה,גלה,False,,,,,
hebverb_124,גלה,pi'el,scoprire,target,בעבר · היא,גילתה,גילתה,False,,,,,
hebverb_124,גלה,pi'el,scoprire,target,בעבר · היא,גלתה,גלתה,False,,,,,
hebverb_124,גלה,pi'el,scoprire,target,בעבר · אנחנו,גילינו,גילינו,False,,,,,
hebverb_124,גלה,pi'el,scoprire,target,בעבר · אנחנו,גלינו,גלינו,False,,,,,
hebverb_124,גלה,pi'el,scoprire,target,בעבר · אתם,גיליתם,גיליתם,False,,,,,
hebverb_124,גלה,pi'el,scoprire,target,בעבר · אתם,גליתם,גליתם,False,,,,,
hebverb_124,גלה,pi'el,scoprire,target,בעבר · אתן,גיליתן,גיליתן,False,,,,,
hebverb_124,גלה,pi'el,scoprire,target,בעבר · אתן,גליתן,גליתן,False,,,,,
hebverb_124,גלה,pi'el,scoprire,target,בעבר · הם,גילו,גילו,True,17.94920443,588.8142857142857,0.9714285714285714,,
hebverb_124,גלה,pi'el,scoprire,target,בעבר · הם,גלו,גלו,False,,,,,
hebverb_124,גלה,pi'el,scoprire,target,בעבר · הן,גילו,גילו,True,17.94920443,588.8142857142857,0.9714285714285714,,
hebverb_124,גלה,pi'el,scoprire,target,בעבר · הן,גלו,גלו,False,,,,,
hebverb_124,גלה,pi'el,scoprire,target,בעתיד · אני,אגלה,אגלה,False,,,,,
hebverb_124,גלה,pi'el,scoprire,target,בעתיד · אתה,תגלה,תגלה,True,25.80804529,542.4102564102565,0.8974358974358975,,
hebverb_124,גלה,pi'el,scoprire,target,בעתיד · את,תגלי,תגלי,False,,,,,
hebverb_124,גלה,pi'el,scoprire,target,בעתיד · הוא,יגלה,יגלה,False,,,,,
hebverb_124,גלה,pi'el,scoprire,target,בעתיד · היא,תגלה,תגלה,True,25.80804529,542.4102564102565,0.8974358974358975,,
hebverb_124,גלה,pi'el,scoprire,target,בעתיד · אנחנו,נגלה,נגלה,True,16.14215615,536.5,0.9722222222222222,463.6363636363636,1.0
hebverb_124,גלה,pi'el,scoprire,target,בעתיד · אתם,תגלו,תגלו,False,,,,,
hebverb_124,גלה,pi'el,scoprire,target,בעתיד · אתן,תגלינה,תגלינה,False,,,,,
hebverb_124,גלה,pi'el,scoprire,target,בעתיד · הם,יגלו,יגלו,False,,,,,
hebverb_124,גלה,pi'el,scoprire,target,בעתיד · הן,תגלינה,תגלינה,False,,,,,
hebverb_125,גלח,pi'el,radere,infinitive,infinitive,לגלח,לגלח,False,,,,,
hebverb_125,גלח,pi'el,radere,present_1,present_1,מגלח,מגלח,False,,,,,
hebverb_125,גלח,pi'el,radere,present_2,present_2,מגלחת,מגלחת,False,,,,,
hebverb_125,גלח,pi'el,radere,present_3,present_3,מגלחים,מגלחים,False,,,,,
hebverb_125,גלח,pi'el,radere,present_4,present_4,מגלחות,מגלחות,False,,,,,
hebverb_125,גלח,pi'el,radere,target,בעבר · אני,גילחתי,גילחתי,False,,,,,
hebverb_125,גלח,pi'el,radere,target,בעבר · אני,גלחתי,גלחתי,False,,,,,
hebverb_125,גלח,pi'el,radere,target,בעבר · אתה,גילחת,גילחת,False,,,,,
hebverb_125,גלח,pi'el,radere,target,בעבר · אתה,גלחת,גלחת,False,,,,,
hebverb_125,גלח,pi'el,radere,target,בעבר · את,גילחת,גילחת,False,,,,,
hebverb_125,גלח,pi'el,radere,target,בעבר · את,גלחת,גלחת,False,,,,,
hebverb_125,גלח,pi'el,radere,target,בעבר · הוא,גילח,גילח,False,,,,,
hebverb_125,גלח,pi'el,radere,target,בעבר · הוא,גלח,גלח,False,,,,,
hebverb_125,גלח,pi'el,radere,target,בעבר · היא,גילחה,גילחה,False,,,,,
hebverb_125,גלח,pi'el,radere,target,בעבר · היא,גלחה,גלחה,False,,,,,
hebverb_125,גלח,pi'el,radere,target,בעבר · אנחנו,גילחנו,גילחנו,False,,,,,
hebverb_125,גלח,pi'el,radere,target,בעבר · אנחנו,גלחנו,גלחנו,False,,,,,
hebverb_125,גלח,pi'el,radere,target,בעבר · אתם,גילחתם,גילחתם,False,,,,,
hebverb_125,גלח,pi'el,radere,target,בעבר · אתם,גלחתם,גלחתם,False,,,,,
hebverb_125,גלח,pi'el,radere,target,בעבר · אתן,גילחתן,גילחתן,False,,,,,
hebverb_125,גלח,pi'el,radere,target,בעבר · אתן,גלחתן,גלחתן,False,,,,,
hebverb_125,גלח,pi'el,radere,target,בעבר · הם,גילחו,גילחו,False,,,,,
hebverb_125,גלח,pi'el,radere,target,בעבר · הם,גלחו,גלחו,False,,,,,
hebverb_125,גלח,pi'el,radere,target,בעבר · הן,גילחו,גילחו,False,,,,,
hebverb_125,גלח,pi'el,radere,target,בעבר · הן,גלחו,גלחו,False,,,,,
hebverb_125,גלח,pi'el,radere,target,בעתיד · אני,אגלח,אגלח,False,,,,,
hebverb_125,גלח,pi'el,radere,target,בעתיד · אתה,תגלח,תגלח,False,,,,,
hebverb_125,גלח,pi'el,radere,target,בעתיד · את,תגלחי,תגלחי,False,,,,,
hebverb_125,גלח,pi'el,radere,target,בעתיד · הוא,יגלח,יגלח,False,,,,,
hebverb_125,גלח,pi'el,radere,target,בעתיד · היא,תגלח,תגלח,False,,,,,
hebverb_125,גלח,pi'el,radere,target,בעתיד · אנחנו,נגלח,נגלח,False,,,,,
hebverb_125,גלח,pi'el,radere,target,בעתיד · אתם,תגלחו,תגלחו,False,,,,,
hebverb_125,גלח,pi'el,radere,target,בעתיד · אתן,תגלחנה,תגלחנה,False,,,,,
hebverb_125,גלח,pi'el,radere,target,בעתיד · הם,יגלחו,יגלחו,False,,,,,
hebverb_125,גלח,pi'el,radere,target,בעתיד · הן,תגלחנה,תגלחנה,False,,,,,
hebverb_126,חדש,pi'el,rinnovare,infinitive,infinitive,לחדש,לחדש,False,,,,,
hebverb_126,חדש,pi'el,rinnovare,present_1,present_1,מחדש,מחדש,True,198.9875484,546.8368420789474,0.8421052631578947,,
hebverb_126,חדש,pi'el,rinnovare,present_2,present_2,מחדשת,מחדשת,False,,,,,
hebverb_126,חדש,pi'el,rinnovare,present_3,present_3,מחדשים,מחדשים,False,,,,,
hebverb_126,חדש,pi'el,rinnovare,present_4,present_4,מחדשות,מחדשות,False,,,,,
hebverb_126,חדש,pi'el,rinnovare,target,בעבר · אני,חידשתי,חידשתי,False,,,,,
hebverb_126,חדש,pi'el,rinnovare,target,בעבר · אני,חדשתי,חדשתי,False,,,,,
hebverb_126,חדש,pi'el,rinnovare,target,בעבר · אתה,חידשת,חידשת,False,,,,,
hebverb_126,חדש,pi'el,rinnovare,target,בעבר · אתה,חדשת,חדשת,False,,,,,
hebverb_126,חדש,pi'el,rinnovare,target,בעבר · את,חידשת,חידשת,False,,,,,
hebverb_126,חדש,pi'el,rinnovare,target,בעבר · את,חדשת,חדשת,False,,,,,
hebverb_126,חדש,pi'el,rinnovare,target,בעבר · הוא,חידש,חידש,False,,,,,
hebverb_126,חדש,pi'el,rinnovare,target,בעבר · הוא,חדש,חדש,False,,,,,
hebverb_126,חדש,pi'el,rinnovare,target,בעבר · היא,חידשה,חידשה,False,,,,,
hebverb_126,חדש,pi'el,rinnovare,target,בעבר · היא,חדשה,חדשה,False,,,,,
hebverb_126,חדש,pi'el,rinnovare,target,בעבר · אנחנו,חידשנו,חידשנו,False,,,,,
hebverb_126,חדש,pi'el,rinnovare,target,בעבר · אנחנו,חדשנו,חדשנו,False,,,,,
hebverb_126,חדש,pi'el,rinnovare,target,בעבר · אתם,חידשתם,חידשתם,False,,,,,
hebverb_126,חדש,pi'el,rinnovare,target,בעבר · אתם,חדשתם,חדשתם,False,,,,,
hebverb_126,חדש,pi'el,rinnovare,target,בעבר · אתן,חידשתן,חידשתן,False,,,,,
hebverb_126,חדש,pi'el,rinnovare,target,בעבר · אתן,חדשתן,חדשתן,False,,,,,
hebverb_126,חדש,pi'el,rinnovare,target,בעבר · הם,חידשו,חידשו,False,,,,,
hebverb_126,חדש,pi'el,rinnovare,target,בעבר · הם,חדשו,חדשו,False,,,,,
hebverb_126,חדש,pi'el,rinnovare,target,בעבר · הן,חידשו,חידשו,False,,,,,
hebverb_126,חדש,pi'el,rinnovare,target,בעבר · הן,חדשו,חדשו,False,,,,,
hebverb_126,חדש,pi'el,rinnovare,target,בעתיד · אני,אחדש,אחדש,False,,,,,
hebverb_126,חדש,pi'el,rinnovare,target,בעתיד · אתה,תחדש,תחדש,False,,,,,
hebverb_126,חדש,pi'el,rinnovare,target,בעתיד · את,תחדשי,תחדשי,False,,,,,
hebverb_126,חדש,pi'el,rinnovare,target,בעתיד · הוא,יחדש,יחדש,False,,,,,
hebverb_126,חדש,pi'el,rinnovare,target,בעתיד · היא,תחדש,תחדש,False,,,,,
hebverb_126,חדש,pi'el,rinnovare,target,בעתיד · אנחנו,נחדש,נחדש,False,,,,,
hebverb_126,חדש,pi'el,rinnovare,target,בעתיד · אתם,תחדשו,תחדשו,False,,,,,
hebverb_126,חדש,pi'el,rinnovare,target,בעתיד · אתן,תחדשנה,תחדשנה,False,,,,,
hebverb_126,חדש,pi'el,rinnovare,target,בעתיד · הם,יחדשו,יחדשו,False,,,,,
hebverb_126,חדש,pi'el,rinnovare,target,בעתיד · הן,תחדשנה,תחדשנה,False,,,,,
hebverb_127,ברך,pi'el,benedire / salutare,infinitive,infinitive,לברך,לברך,False,,,,,
hebverb_127,ברך,pi'el,benedire / salutare,present_1,present_1,מברך,מברך,False,,,,,
hebverb_127,ברך,pi'el,benedire / salutare,present_2,present_2,מברכת,מברכת,False,,,,,
hebverb_127,ברך,pi'el,benedire / salutare,present_3,present_3,מברכים,מברכים,False,,,,,
hebverb_127,ברך,pi'el,benedire / salutare,present_4,present_4,מברכות,מברכות,False,,,,,
hebverb_127,ברך,pi'el,benedire / salutare,target,בעבר · אני,בירכתי,בירכתי,True,1.02480255,700.4263158157895,0.9210526315789473,,
hebverb_127,ברך,pi'el,benedire / salutare,target,בעבר · אני,ברכתי,ברכתי,False,,,,,
hebverb_127,ברך,pi'el,benedire / salutare,target,בעבר · אתה,בירכת,בירכת,False,,,,,
hebverb_127,ברך,pi'el,benedire / salutare,target,בעבר · אתה,ברכת,ברכת,False,,,,,
hebverb_127,ברך,pi'el,benedire / salutare,target,בעבר · את,בירכת,בירכת,False,,,,,
hebverb_127,ברך,pi'el,benedire / salutare,target,בעבר · את,ברכת,ברכת,False,,,,,
hebverb_127,ברך,pi'el,benedire / salutare,target,בעבר · הוא,בירך,בירך,False,,,,,
hebverb_127,ברך,pi'el,benedire / salutare,target,בעבר · הוא,ברך,ברך,False,,,,,
hebverb_127,ברך,pi'el,benedire / salutare,target,בעבר · היא,בירכה,בירכה,False,,,,,
hebverb_127,ברך,pi'el,benedire / salutare,target,בעבר · היא,ברכה,ברכה,False,,,,,
hebverb_127,ברך,pi'el,benedire / salutare,target,בעבר · אנחנו,בירכנו,בירכנו,False,,,,,
hebverb_127,ברך,pi'el,benedire / salutare,target,בעבר · אנחנו,ברכנו,ברכנו,False,,,,,
hebverb_127,ברך,pi'el,benedire / salutare,target,בעבר · אתם,בירכתם,בירכתם,False,,,,,
hebverb_127,ברך,pi'el,benedire / salutare,target,בעבר · אתם,ברכתם,ברכתם,False,,,,,
hebverb_127,ברך,pi'el,benedire / salutare,target,בעבר · אתן,בירכתן,בירכתן,False,,,,,
hebverb_127,ברך,pi'el,benedire / salutare,target,בעבר · אתן,ברכתן,ברכתן,False,,,,,
hebverb_127,ברך,pi'el,benedire / salutare,target,בעבר · הם,בירכו,בירכו,False,,,,,
hebverb_127,ברך,pi'el,benedire / salutare,target,בעבר · הם,ברכו,ברכו,False,,,,,
hebverb_127,ברך,pi'el,benedire / salutare,target,בעבר · הן,בירכו,בירכו,False,,,,,
hebverb_127,ברך,pi'el,benedire / salutare,target,בעבר · הן,ברכו,ברכו,False,,,,,
hebverb_127,ברך,pi'el,benedire / salutare,target,בעתיד · אני,אברך,אברך,False,,,,,
hebverb_127,ברך,pi'el,benedire / salutare,target,בעתיד · אתה,תברך,תברך,False,,,,,
hebverb_127,ברך,pi'el,benedire / salutare,target,בעתיד · את,תברכי,תברכי,False,,,,,
hebverb_127,ברך,pi'el,benedire / salutare,target,בעתיד · הוא,יברך,יברך,True,10.46026272,539.4394736842105,0.9473684210526315,454.88235294117646,1.0
hebverb_127,ברך,pi'el,benedire / salutare,target,בעתיד · היא,תברך,תברך,False,,,,,
hebverb_127,ברך,pi'el,benedire / salutare,target,בעתיד · אנחנו,נברך,נברך,False,,,,,
hebverb_127,ברך,pi'el,benedire / salutare,target,בעתיד · אתם,תברכו,תברכו,False,,,,,
hebverb_127,ברך,pi'el,benedire / salutare,target,בעתיד · אתן,תברכנה,תברכנה,False,,,,,
hebverb_127,ברך,pi'el,benedire / salutare,target,בעתיד · הם,יברכו,יברכו,False,,,,,
hebverb_127,ברך,pi'el,benedire / salutare,target,בעתיד · הן,תברכנה,תברכנה,False,,,,,
hebverb_128,תאר,pi'el,descrivere,infinitive,infinitive,לתאר,לתאר,True,30.38024128,527.4131579210526,0.868421052631579,,
hebverb_128,תאר,pi'el,descrivere,present_1,present_1,מתאר,מתאר,False,,,,,
hebverb_128,תאר,pi'el,descrivere,present_2,present_2,מתארת,מתארת,False,,,,,
hebverb_128,תאר,pi'el,descrivere,present_3,present_3,מתארים,מתארים,False,,,,,
hebverb_128,תאר,pi'el,descrivere,present_4,present_4,מתארות,מתארות,False,,,,,
hebverb_128,תאר,pi'el,descrivere,target,בעבר · אני,תיארתי,תיארתי,False,,,,,
hebverb_128,תאר,pi'el,descrivere,target,בעבר · אני,תארתי,תארתי,False,,,,,
hebverb_128,תאר,pi'el,descrivere,target,בעבר · אתה,תיארת,תיארת,True,1.770664761,671.5461538461539,0.9,526.3125,0.9393939393939394
hebverb_128,תאר,pi'el,descrivere,target,בעבר · אתה,תארת,תארת,False,,,,,
hebverb_128,תאר,pi'el,descrivere,target,בעבר · את,תיארת,תיארת,True,1.770664761,671.5461538461539,0.9,526.3125,0.9393939393939394
hebverb_128,תאר,pi'el,descrivere,target,בעבר · את,תארת,תארת,False,,,,,
hebverb_128,תאר,pi'el,descrivere,target,בעבר · הוא,תיאר,תיאר,False,,,,,
hebverb_128,תאר,pi'el,descrivere,target,בעבר · הוא,תאר,תאר,False,,,,,
hebverb_128,תאר,pi'el,descrivere,target,בעבר · היא,תיארה,תיארה,False,,,,,
hebverb_128,תאר,pi'el,descrivere,target,בעבר · היא,תארה,תארה,False,,,,,
hebverb_128,תאר,pi'el,descrivere,target,בעבר · אנחנו,תיארנו,תיארנו,False,,,,,
hebverb_128,תאר,pi'el,descrivere,target,בעבר · אנחנו,תארנו,תארנו,False,,,,,
hebverb_128,תאר,pi'el,descrivere,target,בעבר · אתם,תיארתם,תיארתם,False,,,,,
hebverb_128,תאר,pi'el,descrivere,target,בעבר · אתם,תארתם,תארתם,False,,,,,
hebverb_128,תאר,pi'el,descrivere,target,בעבר · אתן,תיארתן,תיארתן,False,,,,,
hebverb_128,תאר,pi'el,descrivere,target,בעבר · אתן,תארתן,תארתן,False,,,,,
hebverb_128,תאר,pi'el,descrivere,target,בעבר · הם,תיארו,תיארו,False,,,,,
hebverb_128,תאר,pi'el,descrivere,target,בעבר · הם,תארו,תארו,False,,,,,
hebverb_128,תאר,pi'el,descrivere,target,בעבר · הן,תיארו,תיארו,False,,,,,
hebverb_128,תאר,pi'el,descrivere,target,בעבר · הן,תארו,תארו,False,,,,,
hebverb_128,תאר,pi'el,descrivere,target,בעתיד · אני,אתאר,אתאר,False,,,,,
hebverb_128,תאר,pi'el,descrivere,target,בעתיד · אתה,תתאר,תתאר,False,,,,,
hebverb_128,תאר,pi'el,descrivere,target,בעתיד · את,תתארי,תתארי,False,,,,,
hebverb_128,תאר,pi'el,descrivere,target,בעתיד · הוא,יתאר,יתאר,False,,,,,
hebverb_128,תאר,pi'el,descrivere,target,בעתיד · היא,תתאר,תתאר,False,,,,,
hebverb_128,תאר,pi'el,descrivere,target,בעתיד · אנחנו,נתאר,נתאר,False,,,,,
hebverb_128,תאר,pi'el,descrivere,target,בעתיד · אתם,תתארו,תתארו,False,,,,,
hebverb_128,תאר,pi'el,descrivere,target,בעתיד · אתן,תתארנה,תתארנה,False,,,,,
hebverb_128,תאר,pi'el,descrivere,target,בעתיד · הם,יתארו,יתארו,False,,,,,
hebverb_128,תאר,pi'el,descrivere,target,בעתיד · הן,תתארנה,תתארנה,False,,,,,
hebverb_129,תקן,pi'el,riparare,infinitive,infinitive,לתקן,לתקן,True,98.01114568,606.36,0.8857142857142857,421.60526315789474,1.0
hebverb_129,תקן,pi'el,riparare,present_1,present_1,מתקן,מתקן,True,31.50813048,556.9131578947369,0.868421052631579,541.6206896551724,1.0
hebverb_129,תקן,pi'el,riparare,present_2,present_2,מתקנת,מתקנת,False,,,,,
hebverb_129,תקן,pi'el,riparare,present_3,present_3,מתקנים,מתקנים,True,4.81475281,599.2425000000001,0.975,,
hebverb_129,תקן,pi'el,riparare,present_4,present_4,מתקנות,מתקנות,False,,,,,
hebverb_129,תקן,pi'el,riparare,target,בעבר · אני,תיקנתי,תיקנתי,False,,,,,
hebverb_129,תקן,pi'el,riparare,target,בעבר · אני,תקנתי,תקנתי,False,,,,,
hebverb_129,תקן,pi'el,riparare,target,בעבר · אתה,תיקנת,תיקנת,True,2.292161917,658.8210526578947,0.8947368421052632,,
hebverb_129,תקן,pi'el,riparare,target,בעבר · אתה,תקנת,תקנת,False,,,,,
hebverb_129,תקן,pi'el,riparare,target,בעבר · את,תיקנת,תיקנת,True,2.292161917,658.8210526578947,0.8947368421052632,,
hebverb_129,תקן,pi'el,riparare,target,בעבר · את,תקנת,תקנת,False,,,,,
hebverb_129,תקן,pi'el,riparare,target,בעבר · הוא,תיקן,תיקן,False,,,,,
hebverb_129,תקן,pi'el,riparare,target,בעבר · הוא,תקן,תקן,False,,,,,
hebverb_129,תקן,pi'el,riparare,target,בעבר · היא,תיקנה,תיקנה,False,,,,,
hebverb_129,תקן,pi'el,riparare,target,בעבר · היא,תקנה,תקנה,True,19.62891039,578.85999995,0.95,,
hebverb_129,תקן,pi'el,riparare,target,בעבר · אנחנו,תיקנו,תיקנו,False,,,,,
hebverb_129,תקן,pi'el,riparare,target,בעבר · אנחנו,תקנו,תקנו,False,,,,,
hebverb_129,תקן,pi'el,riparare,target,בעבר · אתם,תיקנתם,תיקנתם,False,,,,,
hebverb_129,תקן,pi'el,riparare,target,בעבר · אתם,תקנתם,תקנתם,False,,,,,
hebverb_129,תקן,pi'el,riparare,target,בעבר · אתן,תיקנתן,תיקנתן,False,,,,,
hebverb_129,תקן,pi'el,riparare,target,בעבר · אתן,תקנתן,תקנתן,False,,,,,
hebverb_129,תקן,pi'el,riparare,target,בעבר · הם,תיקנו,תיקנו,False,,,,,
hebverb_129,תקן,pi'el,riparare,target,בעבר · הם,תקנו,תקנו,False,,,,,
hebverb_129,תקן,pi'el,riparare,target,בעבר · הן,תיקנו,תיקנו,False,,,,,
hebverb_129,תקן,pi'el,riparare,target,בעבר · הן,תקנו,תקנו,False,,,,,
hebverb_129,תקן,pi'el,riparare,target,בעתיד · אני,אתקן,אתקן,False,,,,,
hebverb_129,תקן,pi'el,riparare,target,בעתיד · אתה,תתקן,תתקן,False,,,,,
hebverb_129,תקן,pi'el,riparare,target,בעתיד · את,תתקני,תתקני,True,1.121825277,600.1461537692308,0.9230769230769231,,
hebverb_129,תקן,pi'el,riparare,target,בעתיד · הוא,יתקן,יתקן,False,,,,,
hebverb_129,תקן,pi'el,riparare,target,בעתיד · היא,תתקן,תתקן,False,,,,,
hebverb_129,תקן,pi'el,riparare,target,בעתיד · אנחנו,נתקן,נתקן,False,,,,,
hebverb_129,תקן,pi'el,riparare,target,בעתיד · אתם,תתקנו,תתקנו,False,,,,,
hebverb_129,תקן,pi'el,riparare,target,בעתיד · אתן,תתקנה,תתקנה,False,,,,,
hebverb_129,תקן,pi'el,riparare,target,בעתיד · הם,יתקנו,יתקנו,False,,,,,
hebverb_129,תקן,pi'el,riparare,target,בעתיד · הן,תתקנה,תתקנה,False,,,,,
hebverb_130,היה,pa'al,essere,infinitive,infinitive,להיות,להיות,True,3000.342927,522.0028571428572,0.9428571428571428,,
hebverb_130,היה,pa'al,essere,present_1,present_1,הווה,הווה,False,,,,,
hebverb_130,היה,pa'al,essere,present_2,present_2,הווה,הווה,False,,,,,
hebverb_130,היה,pa'al,essere,present_3,present_3,הווים,הווים,False,,,,,
hebverb_130,היה,pa'al,essere,present_4,present_4,הוות,הוות,False,,,,,
hebverb_130,היה,pa'al,essere,target,בעבר · אני,הייתי,הייתי,True,1829.866816,551.042499975,1.0,,
hebverb_130,היה,pa'al,essere,target,בעבר · אתה,היית,היית,True,928.7924983,553.0564102564102,0.8717948717948718,,
hebverb_130,היה,pa'al,essere,target,בעבר · את,היית,היית,True,928.7924983,553.0564102564102,0.8717948717948718,,
hebverb_130,היה,pa'al,essere,target,בעבר · הוא,היה,היה,False,,,,,
hebverb_130,היה,pa'al,essere,target,בעבר · היא,הייתה,הייתה,True,1088.479779,560.7885714285713,0.9428571428571428,455.75,1.0
hebverb_130,היה,pa'al,essere,target,בעבר · היא,היתה,היתה,False,,,,,
hebverb_130,היה,pa'al,essere,target,בעבר · אנחנו,היינו,היינו,False,,,,,
hebverb_130,היה,pa'al,essere,target,בעבר · אתם,הייתם,הייתם,False,,,,,
hebverb_130,היה,pa'al,essere,target,בעבר · אתן,הייתן,הייתן,False,,,,,
hebverb_130,היה,pa'al,essere,target,בעבר · הם,היו,היו,False,,,,,
hebverb_130,היה,pa'al,essere,target,בעבר · הן,היו,היו,False,,,,,
hebverb_130,היה,pa'al,essere,target,בעתיד · אני,אהיה,אהיה,False,,,,,
hebverb_130,היה,pa'al,essere,target,בעתיד · אתה,תהיה,תהיה,False,,,,,
hebverb_130,היה,pa'al,essere,target,בעתיד · את,תהיי,תהיי,True,103.6505917,591.1945945945946,0.8648648648648649,481.1515151515151,0.9411764705882353
hebverb_130,היה,pa'al,essere,target,בעתיד · הוא,יהיה,יהיה,True,1282.155333,544.2973684210526,0.8461538461538461,,
hebverb_130,היה,pa'al,essere,target,בעתיד · הוא,יהא,יהא,False,,,,,
hebverb_130,היה,pa'al,essere,target,בעתיד · היא,תהיה,תהיה,False,,,,,
hebverb_130,היה,pa'al,essere,target,בעתיד · היא,תהא,תהא,False,,,,,
hebverb_130,היה,pa'al,essere,target,בעתיד · אנחנו,נהיה,נהיה,True,177.3878639,554.0973684210527,0.8421052631578947,,
hebverb_130,היה,pa'al,essere,target,בעתיד · אתם,תהיו,תהיו,False,,,,,
hebverb_130,היה,pa'al,essere,target,בעתיד · אתן,תהיינה,תהיינה,False,,,,,
hebverb_130,היה,pa'al,essere,target,בעתיד · הם,יהיו,יהיו,False,,,,,
hebverb_130,היה,pa'al,essere,target,בעתיד · הן,תהיינה,תהיינה,False,,,,,
hebverb_131,קשב,hiph'il,ascoltare,infinitive,infinitive,להקשיב,להקשיב,False,,,,,
hebverb_131,קשב,hiph'il,ascoltare,present_1,present_1,מקשיב,מקשיב,False,,,,,
hebverb_131,קשב,hiph'il,ascoltare,present_2,present_2,מקשיבה,מקשיבה,False,,,,,
hebverb_131,קשב,hiph'il,ascoltare,present_3,present_3,מקשיבים,מקשיבים,False,,,,,
hebverb_131,קשב,hiph'il,ascoltare,present_4,present_4,מקשיבות,מקשיבות,False,,,,,
hebverb_131,קשב,hiph'il,ascoltare,target,בעבר · אני,הקשבתי,הקשבתי,False,,,,,
hebverb_131,קשב,hiph'il,ascoltare,target,בעבר · אתה,הקשבת,הקשבת,False,,,,,
hebverb_131,קשב,hiph'il,ascoltare,target,בעבר · את,הקשבת,הקשבת,False,,,,,
hebverb_131,קשב,hiph'il,ascoltare,target,בעבר · הוא,הקשיב,הקשיב,False,,,,,
hebverb_131,קשב,hiph'il,ascoltare,target,בעבר · היא,הקשיבה,הקשיבה,False,,,,,
hebverb_131,קשב,hiph'il,ascoltare,target,בעבר · אנחנו,הקשבנו,הקשבנו,False,,,,,
hebverb_131,קשב,hiph'il,ascoltare,target,בעבר · אתם,הקשבתם,הקשבתם,False,,,,,
hebverb_131,קשב,hiph'il,ascoltare,target,בעבר · אתן,הקשבתן,הקשבתן,False,,,,,
hebverb_131,קשב,hiph'il,ascoltare,target,בעבר · הם,הקשיבו,הקשיבו,False,,,,,
hebverb_131,קשב,hiph'il,ascoltare,target,בעבר · הן,הקשיבו,הקשיבו,False,,,,,
hebverb_131,קשב,hiph'il,ascoltare,target,בעתיד · אני,אקשיב,אקשיב,True,3.765694578,581.4131579210526,0.9736842105263158,510.60526315789474,1.0
hebverb_131,קשב,hiph'il,ascoltare,target,בעתיד · אתה,תקשיב,תקשיב,False,,,,,
hebverb_131,קשב,hiph'il,ascoltare,target,בעתיד · את,תקשיבי,תקשיבי,False,,,,,
hebverb_131,קשב,hiph'il,ascoltare,target,בעתיד · הוא,יקשיב,יקשיב,False,,,,,
hebverb_131,קשב,hiph'il,ascoltare,target,בעתיד · היא,תקשיב,תקשיב,False,,,,,
hebverb_131,קשב,hiph'il,ascoltare,target,בעתיד · אנחנו,נקשיב,נקשיב,False,,,,,
hebverb_131,קשב,hiph'il,ascoltare,target,בעתיד · אתם,תקשיבו,תקשיבו,False,,,,,
hebverb_131,קשב,hiph'il,ascoltare,target,בעתיד · אתן,תקשבנה,תקשבנה,False,,,,,
hebverb_131,קשב,hiph'il,ascoltare,target,בעתיד · הם,יקשיבו,יקשיבו,True,3.147174696,568.5868421052631,0.8157894736842105,476.6969696969697,0.9393939393939394
hebverb_131,קשב,hiph'il,ascoltare,target,בעתיד · הן,תקשבנה,תקשבנה,False,,,,,
hebverb_132,ראה,hiph'il,mostrare,infinitive,infinitive,להראות,להראות,True,160.8030416,620.2628571428571,0.9714285714285714,,
hebverb_132,ראה,hiph'il,mostrare,present_1,present_1,מראה,מראה,True,79.88002364,532.2114285714287,0.9142857142857143,467.1081081081081,1.0
hebverb_132,ראה,hiph'il,mostrare,present_2,present_2,מראה,מראה,True,79.88002364,532.2114285714287,0.9142857142857143,467.1081081081081,1.0
hebverb_132,ראה,hiph'il,mostrare,present_3,present_3,מראים,מראים,False,,,,,
hebverb_132,ראה,hiph'il,mostrare,present_4,present_4,מראות,מראות,True,9.684080904,643.8,0.9714285714285714,,
hebverb_132,ראה,hiph'il,mostrare,target,בעבר · אני,הראיתי,הראיתי,False,,,,,
hebverb_132,ראה,hiph'il,mostrare,target,בעבר · אתה,הראית,הראית,True,6.160943142,660.829268292683,0.6585365853658537,491.55882352941177,0.8292682926829268
hebverb_132,ראה,hiph'il,mostrare,target,בעבר · את,הראית,הראית,True,6.160943142,660.829268292683,0.6585365853658537,491.55882352941177,0.8292682926829268
hebverb_132,ראה,hiph'il,mostrare,target,בעבר · הוא,הראה,הראה,False,,,,,
hebverb_132,ראה,hiph'il,mostrare,target,בעבר · היא,הראתה,הראתה,False,,,,,
hebverb_132,ראה,hiph'il,mostrare,target,בעבר · אנחנו,הראינו,הראינו,False,,,,,
hebverb_132,ראה,hiph'il,mostrare,target,בעבר · אתם,הראיתם,הראיתם,False,,,,,
hebverb_132,ראה,hiph'il,mostrare,target,בעבר · אתן,הראיתן,הראיתן,False,,,,,
hebverb_132,ראה,hiph'il,mostrare,target,בעבר · הם,הראו,הראו,False,,,,,
hebverb_132,ראה,hiph'il,mostrare,target,בעבר · הן,הראו,הראו,False,,,,,
hebverb_132,ראה,hiph'il,mostrare,target,בעתיד · אני,אראה,אראה,False,,,,,
hebverb_132,ראה,hiph'il,mostrare,target,בעתיד · אתה,תראה,תראה,True,553.3569936,554.3609756097561,0.926829268292683,482.47058823529414,1.0
hebverb_132,ראה,hiph'il,mostrare,target,בעתיד · את,תראי,תראי,True,248.1901987,560.1342857142857,1.0,481.8709677419355,1.0
hebverb_132,ראה,hiph'il,mostrare,target,בעתיד · הוא,יראה,יראה,True,69.02560609,544.9783783783784,0.8648648648648649,,
hebverb_132,ראה,hiph'il,mostrare,target,בעתיד · היא,תראה,תראה,True,553.3569936,554.3609756097561,0.926829268292683,482.47058823529414,1.0
hebverb_132,ראה,hiph'il,mostrare,target,בעתיד · אנחנו,נראה,נראה,True,1382.513216,506.45757575757574,0.9142857142857143,449.0,0.9736842105263158
hebverb_132,ראה,hiph'il,mostrare,target,בעתיד · אתם,תראו,תראו,True,152.926009,536.463888888889,0.8888888888888888,498.47058823529414,1.0
hebverb_132,ראה,hiph'il,mostrare,target,בעתיד · אתן,תראינה,תראינה,False,,,,,
hebverb_132,ראה,hiph'il,mostrare,target,בעתיד · הם,יראו,יראו,False,,,,,
hebverb_132,ראה,hiph'il,mostrare,target,בעתיד · הן,תראינה,תראינה,False,,,,,
hebverb_133,אזן,hiph'il,ascoltare musica,infinitive,infinitive,להאזין,להאזין,False,,,,,
hebverb_133,אזן,hiph'il,ascoltare musica,present_1,present_1,מאזין,מאזין,False,,,,,
hebverb_133,אזן,hiph'il,ascoltare musica,present_2,present_2,מאזינה,מאזינה,False,,,,,
hebverb_133,אזן,hiph'il,ascoltare musica,present_3,present_3,מאזינים,מאזינים,False,,,,,
hebverb_133,אזן,hiph'il,ascoltare musica,present_4,present_4,מאזינות,מאזינות,False,,,,,
hebverb_133,אזן,hiph'il,ascoltare musica,target,בעבר · אני,האזנתי,האזנתי,False,,,,,
hebverb_133,אזן,hiph'il,ascoltare musica,target,בעבר · אתה,האזנת,האזנת,False,,,,,
hebverb_133,אזן,hiph'il,ascoltare musica,target,בעבר · את,האזנת,האזנת,False,,,,,
hebverb_133,אזן,hiph'il,ascoltare musica,target,בעבר · הוא,האזין,האזין,False,,,,,
hebverb_133,אזן,hiph'il,ascoltare musica,target,בעבר · היא,האזינה,האזינה,False,,,,,
hebverb_133,אזן,hiph'il,ascoltare musica,target,בעבר · אנחנו,האזנו,האזנו,False,,,,,
hebverb_133,אזן,hiph'il,ascoltare musica,target,בעבר · אתם,האזנתם,האזנתם,False,,,,,
hebverb_133,אזן,hiph'il,ascoltare musica,target,בעבר · אתן,האזנתן,האזנתן,False,,,,,
hebverb_133,אזן,hiph'il,ascoltare musica,target,בעבר · הם,האזינו,האזינו,False,,,,,
hebverb_133,אזן,hiph'il,ascoltare musica,target,בעבר · הן,האזינו,האזינו,False,,,,,
hebverb_133,אזן,hiph'il,ascoltare musica,target,בעתיד · אני,אאזין,אאזין,False,,,,,
hebverb_133,אזן,hiph'il,ascoltare musica,target,בעתיד · אתה,תאזין,תאזין,False,,,,,
hebverb_133,אזן,hiph'il,ascoltare musica,target,בעתיד · את,תאזיני,תאזיני,False,,,,,
hebverb_133,אזן,hiph'il,ascoltare musica,target,בעתיד · הוא,יאזין,יאזין,False,,,,,
hebverb_133,אזן,hiph'il,ascoltare musica,target,בעתיד · היא,תאזין,תאזין,False,,,,,
hebverb_133,אזן,hiph'il,ascoltare musica,target,בעתיד · אנחנו,נאזין,נאזין,False,,,,,
hebverb_133,אזן,hiph'il,ascoltare musica,target,בעתיד · אתם,תאזינו,תאזינו,False,,,,,
hebverb_133,אזן,hiph'il,ascoltare musica,target,בעתיד · אתן,תאזנה,תאזנה,False,,,,,
hebverb_133,אזן,hiph'il,ascoltare musica,target,בעתיד · הם,יאזינו,יאזינו,False,,,,,
hebverb_133,אזן,hiph'il,ascoltare musica,target,בעתיד · הן,תאזנה,תאזנה,False,,,,,
hebverb_134,יצע,hiph'il,proporre,infinitive,infinitive,להציע,להציע,True,71.63309187,546.7538461794873,0.9743589743589743,,
hebverb_134,יצע,hiph'il,proporre,present_1,present_1,מציע,מציע,True,83.12422106,534.5358974871795,0.8974358974358975,,
hebverb_134,יצע,hiph'il,proporre,present_2,present_2,מציעה,מציעה,True,21.32074418,619.2974358974359,0.9743589743589743,492.21875,0.9696969696969697
hebverb_134,יצע,hiph'il,proporre,present_3,present_3,מציעים,מציעים,False,,,,,
hebverb_134,יצע,hiph'il,proporre,present_4,present_4,מציעות,מציעות,False,,,,,
hebverb_134,יצע,hiph'il,proporre,target,בעבר · אני,הצעתי,הצעתי,False,,,,,
hebverb_134,יצע,hiph'il,proporre,target,בעבר · אתה,הצעת,הצעת,False,,,,,
hebverb_134,יצע,hiph'il,proporre,target,בעבר · את,הצעת,הצעת,False,,,,,
hebverb_134,יצע,hiph'il,proporre,target,בעבר · הוא,הציע,הציע,True,30.9805694,591.9028571428571,0.9142857142857143,507.969696969697,1.0
hebverb_134,יצע,hiph'il,proporre,target,בעבר · היא,הציעה,הציעה,False,,,,,
hebverb_134,יצע,hiph'il,proporre,target,בעבר · אנחנו,הצענו,הצענו,False,,,,,
hebverb_134,יצע,hiph'il,proporre,target,בעבר · אתם,הצעתם,הצעתם,False,,,,,
hebverb_134,יצע,hiph'il,proporre,target,בעבר · אתן,הצעתן,הצעתן,False,,,,,
hebverb_134,יצע,hiph'il,proporre,target,בעבר · הם,הציעו,הציעו,False,,,,,
hebverb_134,יצע,hiph'il,proporre,target,בעבר · הן,הציעו,הציעו,False,,,,,
hebverb_134,יצע,hiph'il,proporre,target,בעתיד · אני,אציע,אציע,False,,,,,
hebverb_134,יצע,hiph'il,proporre,target,בעתיד · אתה,תציע,תציע,True,4.711666163,543.3828571428572,0.9142857142857143,,
hebverb_134,יצע,hiph'il,proporre,target,בעתיד · את,תציעי,תציעי,False,,,,,
hebverb_134,יצע,hiph'il,proporre,target,בעתיד · הוא,יציע,יציע,False,,,,,
hebverb_134,יצע,hiph'il,proporre,target,בעתיד · היא,תציע,תציע,True,4.711666163,543.3828571428572,0.9142857142857143,,
hebverb_134,יצע,hiph'il,proporre,target,בעתיד · אנחנו,נציע,נציע,False,,,,,
hebverb_134,יצע,hiph'il,proporre,target,בעתיד · אתם,תציעו,תציעו,False,,,,,
hebverb_134,יצע,hiph'il,proporre,target,בעתיד · אתן,תצענה,תצענה,False,,,,,
hebverb_134,יצע,hiph'il,proporre,target,בעתיד · הם,יציעו,יציעו,True,1.400765616,574.0567567297297,0.8648648648648649,437.30555555555554,0.972972972972973
hebverb_134,יצע,hiph'il,proporre,target,בעתיד · הן,תצענה,תצענה,False,,,,,
hebverb_135,רגש,hiph'il,sentire / provare,infinitive,infinitive,להרגיש,להרגיש,False,,,,,
hebverb_135,רגש,hiph'il,sentire / provare,present_1,present_1,מרגיש,מרגיש,False,,,,,
hebverb_135,רגש,hiph'il,sentire / provare,present_2,present_2,מרגישה,מרגישה,True,180.353121,567.4971428571429,0.9714285714285714,461.4390243902439,0.926829268292683
hebverb_135,רגש,hiph'il,sentire / provare,present_3,present_3,מרגישים,מרגישים,False,,,,,
hebverb_135,רגש,hiph'il,sentire / provare,present_4,present_4,מרגישות,מרגישות,False,,,,,
hebverb_135,רגש,hiph'il,sentire / provare,target,בעבר · אני,הרגשתי,הרגשתי,False,,,,,
hebverb_135,רגש,hiph'il,sentire / provare,target,בעבר · אתה,הרגשת,הרגשת,True,19.03464619,585.7857142857143,0.9428571428571428,491.3529411764706,0.8918918918918919
hebverb_135,רגש,hiph'il,sentire / provare,target,בעבר · את,הרגשת,הרגשת,True,19.03464619,585.7857142857143,0.9428571428571428,491.3529411764706,0.8918918918918919
hebverb_135,רגש,hiph'il,sentire / provare,target,בעבר · הוא,הרגיש,הרגיש,False,,,,,
hebverb_135,רגש,hiph'il,sentire / provare,target,בעבר · היא,הרגישה,הרגישה,False,,,,,
hebverb_135,רגש,hiph'il,sentire / provare,target,בעבר · אנחנו,הרגשנו,הרגשנו,False,,,,,
hebverb_135,רגש,hiph'il,sentire / provare,target,בעבר · אתם,הרגשתם,הרגשתם,False,,,,,
hebverb_135,רגש,hiph'il,sentire / provare,target,בעבר · אתן,הרגשתן,הרגשתן,False,,,,,
hebverb_135,רגש,hiph'il,sentire / provare,target,בעבר · הם,הרגישו,הרגישו,True,5.136140592,567.7184210526316,0.868421052631579,464.9032258064516,1.0
hebverb_135,רגש,hiph'il,sentire / provare,target,בעבר · הן,הרגישו,הרגישו,True,5.136140592,567.7184210526316,0.868421052631579,464.9032258064516,1.0
hebverb_135,רגש,hiph'il,sentire / provare,target,בעתיד · אני,ארגיש,ארגיש,False,,,,,
hebverb_135,רגש,hiph'il,sentire / provare,target,בעתיד · אתה,תרגיש,תרגיש,False,,,,,
hebverb_135,רגש,hiph'il,sentire / provare,target,בעתיד · את,תרגישי,תרגישי,False,,,,,
hebverb_135,רגש,hiph'il,sentire / provare,target,בעתיד · הוא,ירגיש,ירגיש,True,10.94537635,560.8166666944445,0.8648648648648649,,
hebverb_135,רגש,hiph'il,sentire / provare,target,בעתיד · היא,תרגיש,תרגיש,False,,,,,
hebverb_135,רגש,hiph'il,sentire / provare,target,בעתיד · אנחנו,נרגיש,נרגיש,False,,,,,
hebverb_135,רגש,hiph'il,sentire / provare,target,בעתיד · אתם,תרגישו,תרגישו,False,,,,,
hebverb_135,רגש,hiph'il,sentire / provare,target,בעתיד · אתן,תרגשנה,תרגשנה,False,,,,,
hebverb_135,רגש,hiph'il,sentire / provare,target,בעתיד · הם,ירגישו,ירגישו,True,4.929967298,649.3184210526316,0.8947368421052632,,
hebverb_135,רגש,hiph'il,sentire / provare,target,בעתיד · הן,תרגשנה,תרגשנה,False,,,,,
hebverb_136,כון,hiph'il,preparare / fare,infinitive,infinitive,להכין,להכין,False,,,,,
hebverb_136,כון,hiph'il,preparare / fare,present_1,present_1,מכין,מכין,True,25.29261205,598.7473684210527,0.868421052631579,474.3225806451613,0.9714285714285714
hebverb_136,כון,hiph'il,preparare / fare,present_2,present_2,מכינה,מכינה,True,19.83508368,602.2314285714286,1.0,,
hebverb_136,כון,hiph'il,preparare / fare,present_3,present_3,מכינים,מכינים,True,12.68572151,549.0263157894736,0.8947368421052632,489.1818181818182,1.0
hebverb_136,כון,hiph'il,preparare / fare,present_4,present_4,מכינות,מכינות,False,,,,,
hebverb_136,כון,hiph'il,preparare / fare,target,בעבר · אני,הכנתי,הכנתי,True,34.01859353,593.9057142857143,1.0,,
hebverb_136,כון,hiph'il,preparare / fare,target,בעבר · אתה,הכנת,הכנת,False,,,,,
hebverb_136,כון,hiph'il,preparare / fare,target,בעבר · את,הכנת,הכנת,False,,,,,
hebverb_136,כון,hiph'il,preparare / fare,target,בעבר · הוא,הכין,הכין,False,,,,,
hebverb_136,כון,hiph'il,preparare / fare,target,בעבר · היא,הכינה,הכינה,True,9.435460167,679.2268292439024,0.926829268292683,474.48571428571427,0.8780487804878049
hebverb_136,כון,hiph'il,preparare / fare,target,בעבר · אנחנו,הכנו,הכנו,False,,,,,
hebverb_136,כון,hiph'il,preparare / fare,target,בעבר · אתם,הכנתם,הכנתם,False,,,,,
hebverb_136,כון,hiph'il,preparare / fare,target,בעבר · אתן,הכנתן,הכנתן,False,,,,,
hebverb_136,כון,hiph'il,preparare / fare,target,בעבר · הם,הכינו,הכינו,False,,,,,
hebverb_136,כון,hiph'il,preparare / fare,target,בעבר · הן,הכינו,הכינו,False,,,,,
hebverb_136,כון,hiph'il,preparare / fare,target,בעתיד · אני,אכין,אכין,True,18.67687488,561.7914285714286,0.8857142857142857,465.0,0.9444444444444444
hebverb_136,כון,hiph'il,preparare / fare,target,בעתיד · אתה,תכין,תכין,False,,,,,
hebverb_136,כון,hiph'il,preparare / fare,target,בעתיד · את,תכיני,תכיני,False,,,,,
hebverb_136,כון,hiph'il,preparare / fare,target,בעתיד · הוא,יכין,יכין,True,2.63174146,540.891891945946,0.8918918918918919,,
hebverb_136,כון,hiph'il,preparare / fare,target,בעתיד · היא,תכין,תכין,False,,,,,
hebverb_136,כון,hiph'il,preparare / fare,target,בעתיד · אנחנו,נכין,נכין,False,,,,,
hebverb_136,כון,hiph'il,preparare / fare,target,בעתיד · אתם,תכינו,תכינו,False,,,,,
hebverb_136,כון,hiph'il,preparare / fare,target,בעתיד · אתן,תכנה,תכנה,False,,,,,
hebverb_136,כון,hiph'il,preparare / fare,target,בעתיד · הם,יכינו,יכינו,False,,,,,
hebverb_136,כון,hiph'il,preparare / fare,target,בעתיד · הן,תכנה,תכנה,False,,,,,
hebverb_137,אמן,hiph'il,credere,infinitive,infinitive,להאמין,להאמין,True,144.4789678,587.6026315789474,0.9210526315789473,,
hebverb_137,אמן,hiph'il,credere,present_1,present_1,מאמין,מאמין,False,,,,,
hebverb_137,אמן,hiph'il,credere,present_2,present_2,מאמינה,מאמינה,False,,,,,
hebverb_137,אמן,hiph'il,credere,present_3,present_3,מאמינים,מאמינים,True,60.71803512,520.578947368421,1.0,468.7878787878788,1.0
hebverb_137,אמן,hiph'il,credere,present_4,present_4,מאמינות,מאמינות,False,,,,,
hebverb_137,אמן,hiph'il,credere,target,בעבר · אני,האמנתי,האמנתי,True,22.93981093,540.263157868421,0.8947368421052632,438.09375,0.8571428571428571
hebverb_137,אמן,hiph'il,credere,target,בעבר · אתה,האמנת,האמנת,False,,,,,
hebverb_137,אמן,hiph'il,credere,target,בעבר · את,האמנת,האמנת,False,,,,,
hebverb_137,אמן,hiph'il,credere,target,בעבר · הוא,האמין,האמין,False,,,,,
hebverb_137,אמן,hiph'il,credere,target,בעבר · היא,האמינה,האמינה,False,,,,,
hebverb_137,אמן,hiph'il,credere,target,בעבר · אנחנו,האמנו,האמנו,False,,,,,
hebverb_137,אמן,hiph'il,credere,target,בעבר · אתם,האמנתם,האמנתם,False,,,,,
hebverb_137,אמן,hiph'il,credere,target,בעבר · אתן,האמנתן,האמנתן,False,,,,,
hebverb_137,אמן,hiph'il,credere,target,בעבר · הם,האמינו,האמינו,False,,,,,
hebverb_137,אמן,hiph'il,credere,target,בעבר · הן,האמינו,האמינו,False,,,,,
hebverb_137,אמן,hiph'il,credere,target,בעתיד · אני,אאמין,אאמין,False,,,,,
hebverb_137,אמן,hiph'il,credere,target,בעתיד · אתה,תאמין,תאמין,False,,,,,
hebverb_137,אמן,hiph'il,credere,target,בעתיד · את,תאמיני,תאמיני,True,28.76117453,533.8833333333333,1.0,468.4375,1.0
hebverb_137,אמן,hiph'il,credere,target,בעתיד · הוא,יאמין,יאמין,False,,,,,
hebverb_137,אמן,hiph'il,credere,target,בעתיד · היא,תאמין,תאמין,False,,,,,
hebverb_137,אמן,hiph'il,credere,target,בעתיד · אנחנו,נאמין,נאמין,False,,,,,
hebverb_137,אמן,hiph'il,credere,target,בעתיד · אתם,תאמינו,תאמינו,True,14.09861497,648.4421052631578,0.9736842105263158,,
hebverb_137,אמן,hiph'il,credere,target,בעתיד · אתן,תאמנה,תאמנה,False,,,,,
hebverb_137,אמן,hiph'il,credere,target,בעתיד · הם,יאמינו,יאמינו,False,,,,,
hebverb_137,אמן,hiph'il,credere,target,בעתיד · הן,תאמנה,תאמנה,False,,,,,
hebverb_138,סכם,hiph'il,essere d'accordo,infinitive,infinitive,להסכים,להסכים,True,24.4739828,532.5552631578947,0.9736842105263158,,
hebverb_138,סכם,hiph'il,essere d'accordo,present_1,present_1,מסכים,מסכים,False,,,,,
hebverb_138,סכם,hiph'il,essere d'accordo,present_2,present_2,מסכימה,מסכימה,False,,,,,
hebverb_138,סכם,hiph'il,essere d'accordo,present_3,present_3,מסכימים,מסכימים,True,17.33068455,565.4837837837838,0.972972972972973,473.625,0.9736842105263158
hebverb_138,סכם,hiph'il,essere d'accordo,present_4,present_4,מסכימות,מסכימות,False,,,,,
hebverb_138,סכם,hiph'il,essere d'accordo,target,בעבר · אני,הסכמתי,הסכמתי,True,13.6620127,583.8475000000001,0.975,468.60526315789474,0.9743589743589743
hebverb_138,סכם,hiph'il,essere d'accordo,target,בעבר · אתה,הסכמת,הסכמת,False,,,,,
hebverb_138,סכם,hiph'il,essere d'accordo,target,בעבר · את,הסכמת,הסכמת,False,,,,,
hebverb_138,סכם,hiph'il,essere d'accordo,target,בעבר · הוא,הסכים,הסכים,False,,,,,
hebverb_138,סכם,hiph'il,essere d'accordo,target,בעבר · היא,הסכימה,הסכימה,False,,,,,
hebverb_138,סכם,hiph'il,essere d'accordo,target,בעבר · אנחנו,הסכמנו,הסכמנו,False,,,,,
hebverb_138,סכם,hiph'il,essere d'accordo,target,בעבר · אתם,הסכמתם,הסכמתם,False,,,,,
hebverb_138,סכם,hiph'il,essere d'accordo,target,בעבר · אתן,הסכמתן,הסכמתן,False,,,,,
hebverb_138,סכם,hiph'il,essere d'accordo,target,בעבר · הם,הסכימו,הסכימו,False,,,,,
hebverb_138,סכם,hiph'il,essere d'accordo,target,בעבר · הן,הסכימו,הסכימו,False,,,,,
hebverb_138,סכם,hiph'il,essere d'accordo,target,בעתיד · אני,אסכים,אסכים,True,7.331279783,540.8257142857143,0.9428571428571428,478.43589743589746,0.926829268292683
hebverb_138,סכם,hiph'il,essere d'accordo,target,בעתיד · אתה,תסכים,תסכים,False,,,,,
hebverb_138,סכם,hiph'il,essere d'accordo,target,בעתיד · את,תסכימי,תסכימי,False,,,,,
hebverb_138,סכם,hiph'il,essere d'accordo,target,בעתיד · הוא,יסכים,יסכים,False,,,,,
hebverb_138,סכם,hiph'il,essere d'accordo,target,בעתיד · היא,תסכים,תסכים,False,,,,,
hebverb_138,סכם,hiph'il,essere d'accordo,target,בעתיד · אנחנו,נסכים,נסכים,False,,,,,
hebverb_138,סכם,hiph'il,essere d'accordo,target,בעתיד · אתם,תסכימו,תסכימו,False,,,,,
hebverb_138,סכם,hiph'il,essere d'accordo,target,בעתיד · אתן,תסכמנה,תסכמנה,False,,,,,
hebverb_138,סכם,hiph'il,essere d'accordo,target,בעתיד · הם,יסכימו,יסכימו,False,,,,,
hebverb_138,סכם,hiph'il,essere d'accordo,target,בעתיד · הן,תסכמנה,תסכמנה,False,,,,,
hebverb_139,תחל,hiph'il,iniziare,infinitive,infinitive,להתחיל,להתחיל,True,198.872334,520.1589743333334,0.8717948717948718,,
hebverb_139,תחל,hiph'il,iniziare,present_1,present_1,מתחיל,מתחיל,True,174.1315387,514.8833333333333,0.9722222222222222,503.88235294117646,1.0
hebverb_139,תחל,hiph'il,iniziare,present_2,present_2,מתחילה,מתחילה,True,60.22079365,603.6135134864865,0.972972972972973,,
hebverb_139,תחל,hiph'il,iniziare,present_3,present_3,מתחילים,מתחילים,True,64.11383056,543.7702702702703,0.972972972972973,460.2432432432432,1.0
hebverb_139,תחל,hiph'il,iniziare,present_4,present_4,מתחילות,מתחילות,False,,,,,
hebverb_139,תחל,hiph'il,iniziare,target,בעבר · אני,התחלתי,התחלתי,True,65.56917146,542.7578947368421,0.9473684210526315,495.8285714285714,0.9714285714285714
hebverb_139,תחל,hiph'il,iniziare,target,בעבר · אתה,התחלת,התחלת,False,,,,,
hebverb_139,תחל,hiph'il,iniziare,target,בעבר · את,התחלת,התחלת,False,,,,,
hebverb_139,תחל,hiph'il,iniziare,target,בעבר · הוא,התחיל,התחיל,True,100.5883119,537.7837837837837,0.9473684210526315,515.7894736842105,1.0
hebverb_139,תחל,hiph'il,iniziare,target,בעבר · היא,התחילה,התחילה,False,,,,,
hebverb_139,תחל,hiph'il,iniziare,target,בעבר · אנחנו,התחלנו,התחלנו,True,26.57209926,554.525640948718,0.8974358974358975,,
hebverb_139,תחל,hiph'il,iniziare,target,בעבר · אתם,התחלתם,התחלתם,False,,,,,
hebverb_139,תחל,hiph'il,iniziare,target,בעבר · אתן,התחלתן,התחלתן,False,,,,,
hebverb_139,תחל,hiph'il,iniziare,target,בעבר · הם,התחילו,התחילו,True,37.46290033,544.2333334615385,0.9487179487179487,,
hebverb_139,תחל,hiph'il,iniziare,target,בעבר · הן,התחילו,התחילו,True,37.46290033,544.2333334615385,0.9487179487179487,,
hebverb_139,תחל,hiph'il,iniziare,target,בעתיד · אני,אתחיל,אתחיל,True,26.14762483,608.7473684210527,0.8947368421052632,,
hebverb_139,תחל,hiph'il,iniziare,target,בעתיד · אתה,תתחיל,תתחיל,False,,,,,
hebverb_139,תחל,hiph'il,iniziare,target,בעתיד · את,תתחילי,תתחילי,True,17.2579175,607.9475,1.0,498.43589743589746,1.0
hebverb_139,תחל,hiph'il,iniziare,target,בעתיד · הוא,יתחיל,יתחיל,False,,,,,
hebverb_139,תחל,hiph'il,iniziare,target,בעתיד · היא,תתחיל,תתחיל,False,,,,,
hebverb_139,תחל,hiph'il,iniziare,target,בעתיד · אנחנו,נתחיל,נתחיל,False,,,,,
hebverb_139,תחל,hiph'il,iniziare,target,בעתיד · אתם,תתחילו,תתחילו,False,,,,,
hebverb_139,תחל,hiph'il,iniziare,target,בעתיד · אתן,תתחלנה,תתחלנה,False,,,,,
hebverb_139,תחל,hiph'il,iniziare,target,בעתיד · הם,יתחילו,יתחילו,False,,,,,
hebverb_139,תחל,hiph'il,iniziare,target,בעתיד · הן,תתחלנה,תתחלנה,False,,,,,
hebverb_140,נגע,hiph'il,arrivare,infinitive,infinitive,להגיע,להגיע,True,332.6606101,525.2972972432432,0.972972972972973,,
hebverb_140,נגע,hiph'il,arrivare,present_1,present_1,מגיע,מגיע,False,,,,,
hebverb_140,נגע,hiph'il,arrivare,present_2,present_2,מגיעה,מגיעה,True,70.3657325,503.5081081081081,0.9459459459459459,457.0571428571429,1.0
hebverb_140,נגע,hiph'il,arrivare,present_3,present_3,מגיעים,מגיעים,False,,,,,
hebverb_140,נגע,hiph'il,arrivare,present_4,present_4,מגיעות,מגיעות,True,12.01869026,554.3536585365854,0.975609756097561,429.9,0.975609756097561
hebverb_140,נגע,hiph'il,arrivare,target,בעבר · אני,הגעתי,הגעתי,True,69.00741433,556.54,1.0,,
hebverb_140,נגע,hiph'il,arrivare,target,בעבר · אתה,הגעת,הגעת,False,,,,,
hebverb_140,נגע,hiph'il,arrivare,target,בעבר · את,הגעת,הגעת,False,,,,,
hebverb_140,נגע,hiph'il,arrivare,target,בעבר · הוא,הגיע,הגיע,False,,,,,
hebverb_140,נגע,hiph'il,arrivare,target,בעבר · היא,הגיעה,הגיעה,False,,,,,
hebverb_140,נגע,hiph'il,arrivare,target,בעבר · אנחנו,הגענו,הגענו,False,,,,,
hebverb_140,נגע,hiph'il,arrivare,target,בעבר · אתם,הגעתם,הגעתם,False,,,,,
hebverb_140,נגע,hiph'il,arrivare,target,בעבר · אתן,הגעתן,הגעתן,False,,,,,
hebverb_140,נגע,hiph'il,arrivare,target,בעבר · הם,הגיעו,הגיעו,True,78.5035137,575.944736868421,0.9473684210526315,467.9032258064516,1.0
hebverb_140,נגע,hiph'il,arrivare,target,בעבר · הן,הגיעו,הגיעו,True,78.5035137,575.944736868421,0.9473684210526315,467.9032258064516,1.0
hebverb_140,נגע,hiph'il,arrivare,target,בעתיד · אני,אגיע,אגיע,False,,,,,
hebverb_140,נגע,hiph'il,arrivare,target,בעתיד · אתה,תגיע,תגיע,False,,,,,
hebverb_140,נגע,hiph'il,arrivare,target,בעתיד · את,תגיעי,תגיעי,False,,,,,
hebverb_140,נגע,hiph'il,arrivare,target,בעתיד · הוא,יגיע,יגיע,True,90.7101855,564.7459459459459,0.972972972972973,449.70588235294116,0.9705882352941176
hebverb_140,נגע,hiph'il,arrivare,target,בעתיד · היא,תגיע,תגיע,False,,,,,
hebverb_140,נגע,hiph'il,arrivare,target,בעתיד · אנחנו,נגיע,נגיע,True,34.80083927,533.1973684210526,0.8947368421052632,,
hebverb_140,נגע,hiph'il,arrivare,target,בעתיד · אתם,תגיעו,תגיעו,True,7.112978648,541.6447368421053,0.8421052631578947,,
hebverb_140,נגע,hiph'il,arrivare,target,בעתיד · אתן,תגענה,תגענה,False,,,,,
hebverb_140,נגע,hiph'il,arrivare,target,בעתיד · הם,יגיעו,יגיעו,True,38.2572739,526.8228571428572,0.9166666666666666,461.75757575757575,1.0
hebverb_140,נגע,hiph'il,arrivare,target,בעתיד · הן,תגענה,תגענה,False,,,,,
hebverb_141,ידה,hiph'il,ringraziare,infinitive,infinitive,להודות,להודות,True,124.3588799,537.8894736842105,0.9210526315789473,472.8125,1.0
hebverb_141,ידה,hiph'il,ringraziare,present_1,present_1,מודה,מודה,False,,,,,
hebverb_141,ידה,hiph'il,ringraziare,present_2,present_2,מודה,מודה,False,,,,,
hebverb_141,ידה,hiph'il,ringraziare,present_3,present_3,מודים,מודים,False,,,,,
hebverb_141,ידה,hiph'il,ringraziare,present_4,present_4,מודות,מודות,False,,,,,
hebverb_141,ידה,hiph'il,ringraziare,target,בעבר · אני,הודיתי,הודיתי,False,,,,,
hebverb_141,ידה,hiph'il,ringraziare,target,בעבר · אתה,הודית,הודית,False,,,,,
hebverb_141,ידה,hiph'il,ringraziare,target,בעבר · את,הודית,הודית,False,,,,,
hebverb_141,ידה,hiph'il,ringraziare,target,בעבר · הוא,הודה,הודה,False,,,,,
hebverb_141,ידה,hiph'il,ringraziare,target,בעבר · היא,הודתה,הודתה,True,3.911228668,612.4552631578947,0.8947368421052632,,
hebverb_141,ידה,hiph'il,ringraziare,target,בעבר · אנחנו,הודינו,הודינו,False,,,,,
hebverb_141,ידה,hiph'il,ringraziare,target,בעבר · אתם,הודיתם,הודיתם,False,,,,,
hebverb_141,ידה,hiph'il,ringraziare,target,בעבר · אתן,הודיתן,הודיתן,False,,,,,
hebverb_141,ידה,hiph'il,ringraziare,target,בעבר · הם,הודו,הודו,False,,,,,
hebverb_141,ידה,hiph'il,ringraziare,target,בעבר · הן,הודו,הודו,False,,,,,
hebverb_141,ידה,hiph'il,ringraziare,target,בעתיד · אני,אודה,אודה,False,,,,,
hebverb_141,ידה,hiph'il,ringraziare,target,בעתיד · אתה,תודה,תודה,True,671.2456704,490.08918918918914,1.0,480.8048780487805,1.0
hebverb_141,ידה,hiph'il,ringraziare,target,בעתיד · את,תודי,תודי,True,7.167553931,602.1815789473685,0.868421052631579,,
hebverb_141,ידה,hiph'il,ringraziare,target,בעתיד · הוא,יודה,יודה,False,,,,,
hebverb_141,ידה,hiph'il,ringraziare,target,בעתיד · היא,תודה,תודה,True,671.2456704,490.08918918918914,1.0,480.8048780487805,1.0
hebverb_141,ידה,hiph'il,ringraziare,target,בעתיד · אנחנו,נודה,נודה,False,,,,,
hebverb_141,ידה,hiph'il,ringraziare,target,בעתיד · אתם,תודו,תודו,False,,,,,
hebverb_141,ידה,hiph'il,ringraziare,target,בעתיד · אתן,תודינה,תודינה,False,,,,,
hebverb_141,ידה,hiph'il,ringraziare,target,בעתיד · הם,יודו,יודו,False,,,,,
hebverb_141,ידה,hiph'il,ringraziare,target,בעתיד · הן,תודינה,תודינה,False,,,,,
hebverb_142,עבר,hiph'il,passare,infinitive,infinitive,להעביר,להעביר,False,,,,,
hebverb_142,עבר,hiph'il,passare,present_1,present_1,מעביר,מעביר,True,22.12118168,590.0,0.9743589743589743,442.1875,1.0
hebverb_142,עבר,hiph'il,passare,present_2,present_2,מעבירה,מעבירה,False,,,,,
hebverb_142,עבר,hiph'il,passare,present_3,present_3,מעבירים,מעבירים,False,,,,,
hebverb_142,עבר,hiph'il,passare,present_4,present_4,מעבירות,מעבירות,False,,,,,
hebverb_142,עבר,hiph'il,passare,target,בעבר · אני,העברתי,העברתי,False,,,,,
hebverb_142,עבר,hiph'il,passare,target,בעבר · אתה,העברת,העברת,False,,,,,
hebverb_142,עבר,hiph'il,passare,target,בעבר · את,העברת,העברת,False,,,,,
hebverb_142,עבר,hiph'il,passare,target,בעבר · הוא,העביר,העביר,False,,,,,
hebverb_142,עבר,hiph'il,passare,target,בעבר · היא,העבירה,העבירה,True,7.331279783,579.4371428571428,0.9142857142857143,462.2352941176471,0.9705882352941176
hebverb_142,עבר,hiph'il,passare,target,בעבר · אנחנו,העברנו,העברנו,False,,,,,
hebverb_142,עבר,hiph'il,passare,target,בעבר · אתם,העברתם,העברתם,False,,,,,
hebverb_142,עבר,hiph'il,passare,target,בעבר · אתן,העברתן,העברתן,False,,,,,
hebverb_142,עבר,hiph'il,passare,target,בעבר · הם,העבירו,העבירו,False,,,,,
hebverb_142,עבר,hiph'il,passare,target,בעבר · הן,העבירו,העבירו,False,,,,,
hebverb_142,עבר,hiph'il,passare,target,בעתיד · אני,אעביר,אעביר,False,,,,,
hebverb_142,עבר,hiph'il,passare,target,בעתיד · אתה,תעביר,תעביר,False,,,,,
hebverb_142,עבר,hiph'il,passare,target,בעתיד · את,תעבירי,תעבירי,False,,,,,
hebverb_142,עבר,hiph'il,passare,target,בעתיד · הוא,יעביר,יעביר,False,,,,,
hebverb_142,עבר,hiph'il,passare,target,בעתיד · היא,תעביר,תעביר,False,,,,,
hebverb_142,עבר,hiph'il,passare,target,בעתיד · אנחנו,נעביר,נעביר,False,,,,,
hebverb_142,עבר,hiph'il,passare,target,בעתיד · אתם,תעבירו,תעבירו,False,,,,,
hebverb_142,עבר,hiph'il,passare,target,בעתיד · אתן,תעברנה,תעברנה,False,,,,,
hebverb_142,עבר,hiph'il,passare,target,בעתיד · הם,יעבירו,יעבירו,False,,,,,
hebverb_142,עבר,hiph'il,passare,target,בעתיד · הן,תעברנה,תעברנה,False,,,,,
hebverb_143,צלח,hiph'il,riuscire,infinitive,infinitive,להצליח,להצליח,True,27.22093875,557.045945945946,0.8947368421052632,,
hebverb_143,צלח,hiph'il,riuscire,present_1,present_1,מצליח,מצליח,False,,,,,
hebverb_143,צלח,hiph'il,riuscire,present_2,present_2,מצליחה,מצליחה,True,33.80635632,533.6314285714286,0.9714285714285714,,
hebverb_143,צלח,hiph'il,riuscire,present_3,present_3,מצליחים,מצליחים,False,,,,,
hebverb_143,צלח,hiph'il,riuscire,present_4,present_4,מצליחות,מצליחות,False,,,,,
hebverb_143,צלח,hiph'il,riuscire,target,בעבר · אני,הצלחתי,הצלחתי,False,,,,,
hebverb_143,צלח,hiph'il,riuscire,target,בעבר · אתה,הצלחת,הצלחת,False,,,,,
hebverb_143,צלח,hiph'il,riuscire,target,בעבר · את,הצלחת,הצלחת,False,,,,,
hebverb_143,צלח,hiph'il,riuscire,target,בעבר · הוא,הצליח,הצליח,True,62.84647119,513.8971428571429,0.9428571428571428,492.45,0.975609756097561
hebverb_143,צלח,hiph'il,riuscire,target,בעבר · היא,הצליחה,הצליחה,True,19.64103823,556.2222222222222,0.9722222222222222,505.94117647058823,0.9230769230769231
hebverb_143,צלח,hiph'il,riuscire,target,בעבר · אנחנו,הצלחנו,הצלחנו,False,,,,,
hebverb_143,צלח,hiph'il,riuscire,target,בעבר · אתם,הצלחתם,הצלחתם,False,,,,,
hebverb_143,צלח,hiph'il,riuscire,target,בעבר · אתן,הצלחתן,הצלחתן,False,,,,,
hebverb_143,צלח,hiph'il,riuscire,target,בעבר · הם,הצליחו,הצליחו,False,,,,,
hebverb_143,צלח,hiph'il,riuscire,target,בעבר · הן,הצליחו,הצליחו,False,,,,,
hebverb_143,צלח,hiph'il,riuscire,target,בעתיד · אני,אצליח,אצליח,True,27.08146858,655.7710526052631,0.9473684210526315,491.54545454545456,1.0
hebverb_143,צלח,hiph'il,riuscire,target,בעתיד · אתה,תצליח,תצליח,True,29.45852538,539.6171428571428,0.9714285714285714,489.875,1.0
hebverb_143,צלח,hiph'il,riuscire,target,בעתיד · את,תצליחי,תצליחי,False,,,,,
hebverb_143,צלח,hiph'il,riuscire,target,בעתיד · הוא,יצליח,יצליח,True,30.13162055,567.1027028108108,0.8648648648648649,,
hebverb_143,צלח,hiph'il,riuscire,target,בעתיד · היא,תצליח,תצליח,True,29.45852538,539.6171428571428,0.9714285714285714,489.875,1.0
hebverb_143,צלח,hiph'il,riuscire,target,בעתיד · אנחנו,נצליח,נצליח,True,28.75511061,543.5914285714285,0.9142857142857143,452.88235294117646,1.0
hebverb_143,צלח,hiph'il,riuscire,target,בעתיד · אתם,תצליחו,תצליחו,True,4.766241447,565.2585365853658,0.9512195121951219,493.475,0.975609756097561
hebverb_143,צלח,hiph'il,riuscire,target,בעתיד · אתן,תצלחנה,תצלחנה,False,,,,,
hebverb_143,צלח,hiph'il,riuscire,target,בעתיד · הם,יצליחו,יצליחו,True,9.356629202,512.3971428571429,0.8857142857142857,464.8235294117647,1.0
hebverb_143,צלח,hiph'il,riuscire,target,בעתיד · הן,תצלחנה,תצלחנה,False,,,,,
hebverb_144,חזר,hiph'il,tornare / ripetere,infinitive,infinitive,להחזיר,להחזיר,True,134.5402023,545.4222222222222,0.9722222222222222,461.15625,1.0
hebverb_144,חזר,hiph'il,tornare / ripetere,present_1,present_1,מחזיר,מחזיר,False,,,,,
hebverb_144,חזר,hiph'il,tornare / ripetere,present_2,present_2,מחזירה,מחזירה,False,,,,,
hebverb_144,חזר,hiph'il,tornare / ripetere,present_3,present_3,מחזירים,מחזירים,False,,,,,
hebverb_144,חזר,hiph'il,tornare / ripetere,present_4,present_4,מחזירות,מחזירות,False,,,,,
hebverb_144,חזר,hiph'il,tornare / ripetere,target,בעבר · אני,החזרתי,החזרתי,True,7.458622111,575.2075,0.925,496.3783783783784,1.0
hebverb_144,חזר,hiph'il,tornare / ripetere,target,בעבר · אתה,החזרת,החזרת,False,,,,,
hebverb_144,חזר,hiph'il,tornare / ripetere,target,בעבר · את,החזרת,החזרת,False,,,,,
hebverb_144,חזר,hiph'il,tornare / ripetere,target,בעבר · הוא,החזיר,החזיר,True,24.87420155,626.2052631578947,0.9473684210526315,,
hebverb_144,חזר,hiph'il,tornare / ripetere,target,בעבר · היא,החזירה,החזירה,False,,,,,
hebverb_144,חזר,hiph'il,tornare / ripetere,target,בעבר · אנחנו,החזרנו,החזרנו,False,,,,,
hebverb_144,חזר,hiph'il,tornare / ripetere,target,בעבר · אתם,החזרתם,החזרתם,False,,,,,
hebverb_144,חזר,hiph'il,tornare / ripetere,target,בעבר · אתן,החזרתן,החזרתן,False,,,,,
hebverb_144,חזר,hiph'il,tornare / ripetere,target,בעבר · הם,החזירו,החזירו,False,,,,,
hebverb_144,חזר,hiph'il,tornare / ripetere,target,בעבר · הן,החזירו,החזירו,False,,,,,
hebverb_144,חזר,hiph'il,tornare / ripetere,target,בעתיד · אני,אחזיר,אחזיר,True,20.30806947,585.0263157894736,0.9473684210526315,,
hebverb_144,חזר,hiph'il,tornare / ripetere,target,בעתיד · אתה,תחזיר,תחזיר,True,30.67130946,597.6756756756756,0.8918918918918919,,
hebverb_144,חזר,hiph'il,tornare / ripetere,target,בעתיד · את,תחזירי,תחזירי,False,,,,,
hebverb_144,חזר,hiph'il,tornare / ripetere,target,בעתיד · הוא,יחזיר,יחזיר,True,11.01207948,547.1162162162162,0.8947368421052632,462.6969696969697,1.0
hebverb_144,חזר,hiph'il,tornare / ripetere,target,בעתיד · היא,תחזיר,תחזיר,True,30.67130946,597.6756756756756,0.8918918918918919,,
hebverb_144,חזר,hiph'il,tornare / ripetere,target,בעתיד · אנחנו,נחזיר,נחזיר,False,,,,,
hebverb_144,חזר,hiph'il,tornare / ripetere,target,בעתיד · אתם,תחזירו,תחזירו,False,,,,,
hebverb_144,חזר,hiph'il,tornare / ripetere,target,בעתיד · אתן,תחזרנה,תחזרנה,False,,,,,
hebverb_144,חזר,hiph'il,tornare / ripetere,target,בעתיד · הם,יחזירו,יחזירו,True,3.413987194,549.2081081081081,0.9210526315789473,479.0882352941176,0.9714285714285714
hebverb_144,חזר,hiph'il,tornare / ripetere,target,בעתיד · הן,תחזרנה,תחזרנה,False,,,,,
hebverb_145,נשג,hiph'il,ottenere / raggiungere,infinitive,infinitive,להשיג,להשיג,True,244.964193,544.5833333333334,0.918918918918919,,
hebverb_145,נשג,hiph'il,ottenere / raggiungere,present_1,present_1,משיג,משיג,True,17.75515898,560.6285714285714,1.0,,
hebverb_145,נשג,hiph'il,ottenere / raggiungere,present_2,present_2,משיגה,משיגה,True,5.706149111,555.8891892162162,0.8918918918918919,,
hebverb_145,נשג,hiph'il,ottenere / raggiungere,present_3,present_3,משיגים,משיגים,False,,,,,
hebverb_145,נשג,hiph'il,ottenere / raggiungere,present_4,present_4,משיגות,משיגות,False,,,,,
hebverb_145,נשג,hiph'il,ottenere / raggiungere,target,בעבר · אני,השגתי,השגתי,True,32.32675974,580.3789473684211,0.9473684210526315,,
hebverb_145,נשג,hiph'il,ottenere / raggiungere,target,בעבר · אתה,השגת,השגת,False,,,,,
hebverb_145,נשג,hiph'il,ottenere / raggiungere,target,בעבר · את,השגת,השגת,False,,,,,
hebverb_145,נשג,hiph'il,ottenere / raggiungere,target,בעבר · הוא,השיג,השיג,False,,,,,
hebverb_145,נשג,hiph'il,ottenere / raggiungere,target,בעבר · היא,השיגה,השיגה,False,,,,,
hebverb_145,נשג,hiph'il,ottenere / raggiungere,target,בעבר · אנחנו,השגנו,השגנו,False,,,,,
hebverb_145,נשג,hiph'il,ottenere / raggiungere,target,בעבר · אתם,השגתם,השגתם,False,,,,,
hebverb_145,נשג,hiph'il,ottenere / raggiungere,target,בעבר · אתן,השגתן,השגתן,False,,,,,
hebverb_145,נשג,hiph'il,ottenere / raggiungere,target,בעבר · הם,השיגו,השיגו,False,,,,,
hebverb_145,נשג,hiph'il,ottenere / raggiungere,target,בעבר · הן,השיגו,השיגו,False,,,,,
hebverb_145,נשג,hiph'il,ottenere / raggiungere,target,בעתיד · אני,אשיג,אשיג,True,25.80804529,617.5578947368422,0.8157894736842105,,
hebverb_145,נשג,hiph'il,ottenere / raggiungere,target,בעתיד · אתה,תשיג,תשיג,False,,,,,
hebverb_145,נשג,hiph'il,ottenere / raggiungere,target,בעתיד · את,תשיגי,תשיגי,False,,,,,
hebverb_145,נשג,hiph'il,ottenere / raggiungere,target,בעתיד · הוא,ישיג,ישיג,False,,,,,
hebverb_145,נשג,hiph'il,ottenere / raggiungere,target,בעתיד · היא,תשיג,תשיג,False,,,,,
hebverb_145,נשג,hiph'il,ottenere / raggiungere,target,בעתיד · אנחנו,נשיג,נשיג,False,,,,,
hebverb_145,נשג,hiph'il,ottenere / raggiungere,target,בעתיד · אתם,תשיגו,תשיגו,False,,,,,
hebverb_145,נשג,hiph'il,ottenere / raggiungere,target,בעתיד · אתן,תשגנה,תשגנה,False,,,,,
hebverb_145,נשג,hiph'il,ottenere / raggiungere,target,בעתיד · הם,ישיגו,ישיגו,False,,,,,
hebverb_145,נשג,hiph'il,ottenere / raggiungere,target,בעתיד · הן,תשגנה,תשגנה,False,,,,,
hebverb_146,שכר,hiph'il,dare in affitto,infinitive,infinitive,להשכיר,להשכיר,True,5.190715876,572.8914285714286,0.9428571428571428,428.8787878787879,1.0
hebverb_146,שכר,hiph'il,dare in affitto,present_1,present_1,משכיר,משכיר,True,1.643322433,560.5314285714285,0.9714285714285714,,
hebverb_146,שכר,hiph'il,dare in affitto,present_2,present_2,משכירה,משכירה,False,,,,,
hebverb_146,שכר,hiph'il,dare in affitto,present_3,present_3,משכירים,משכירים,False,,,,,
hebverb_146,שכר,hiph'il,dare in affitto,present_4,present_4,משכירות,משכירות,False,,,,,
hebverb_146,שכר,hiph'il,dare in affitto,target,בעבר · אני,השכרתי,השכרתי,False,,,,,
hebverb_146,שכר,hiph'il,dare in affitto,target,בעבר · אתה,השכרת,השכרת,False,,,,,
hebverb_146,שכר,hiph'il,dare in affitto,target,בעבר · את,השכרת,השכרת,False,,,,,
hebverb_146,שכר,hiph'il,dare in affitto,target,בעבר · הוא,השכיר,השכיר,False,,,,,
hebverb_146,שכר,hiph'il,dare in affitto,target,בעבר · היא,השכירה,השכירה,False,,,,,
hebverb_146,שכר,hiph'il,dare in affitto,target,בעבר · אנחנו,השכרנו,השכרנו,False,,,,,
hebverb_146,שכר,hiph'il,dare in affitto,target,בעבר · אתם,השכרתם,השכרתם,False,,,,,
hebverb_146,שכר,hiph'il,dare in affitto,target,בעבר · אתן,השכרתן,השכרתן,False,,,,,
hebverb_146,שכר,hiph'il,dare in affitto,target,בעבר · הם,השכירו,השכירו,False,,,,,
hebverb_146,שכר,hiph'il,dare in affitto,target,בעבר · הן,השכירו,השכירו,False,,,,,
hebverb_146,שכר,hiph'il,dare in affitto,target,בעתיד · אני,אשכיר,אשכיר,False,,,,,
hebverb_146,שכר,hiph'il,dare in affitto,target,בעתיד · אתה,תשכיר,תשכיר,False,,,,,
hebverb_146,שכר,hiph'il,dare in affitto,target,בעתיד · את,תשכירי,תשכירי,False,,,,,
hebverb_146,שכר,hiph'il,dare in affitto,target,בעתיד · הוא,ישכיר,ישכיר,False,,,,,
hebverb_146,שכר,hiph'il,dare in affitto,target,בעתיד · היא,תשכיר,תשכיר,False,,,,,
hebverb_146,שכר,hiph'il,dare in affitto,target,בעתיד · אנחנו,נשכיר,נשכיר,False,,,,,
hebverb_146,שכר,hiph'il,dare in affitto,target,בעתיד · אתם,תשכירו,תשכירו,False,,,,,
hebverb_146,שכר,hiph'il,dare in affitto,target,בעתיד · אתן,תשכרנה,תשכרנה,False,,,,,
hebverb_146,שכר,hiph'il,dare in affitto,target,בעתיד · הם,ישכירו,ישכירו,False,,,,,
hebverb_146,שכר,hiph'il,dare in affitto,target,בעתיד · הן,תשכרנה,תשכרנה,False,,,,,
hebverb_147,מלץ,hiph'il,raccomandare,infinitive,infinitive,להמליץ,להמליץ,True,5.051245706,605.9666666666667,0.9743589743589743,454.7837837837838,1.0
hebverb_147,מלץ,hiph'il,raccomandare,present_1,present_1,ממליץ,ממליץ,True,14.63830388,549.6457142571428,0.9428571428571428,,
hebverb_147,מלץ,hiph'il,raccomandare,present_2,present_2,ממליצה,ממליצה,False,,,,,
hebverb_147,מלץ,hiph'il,raccomandare,present_3,present_3,ממליצים,ממליצים,True,2.146627827,550.2605263157895,0.9736842105263158,509.8157894736842,1.0
hebverb_147,מלץ,hiph'il,raccomandare,present_4,present_4,ממליצות,ממליצות,False,,,,,
hebverb_147,מלץ,hiph'il,raccomandare,target,בעבר · אני,המלצתי,המלצתי,False,,,,,
hebverb_147,מלץ,hiph'il,raccomandare,target,בעבר · אתה,המלצת,המלצת,False,,,,,
hebverb_147,מלץ,hiph'il,raccomandare,target,בעבר · את,המלצת,המלצת,False,,,,,
hebverb_147,מלץ,hiph'il,raccomandare,target,בעבר · הוא,המליץ,המליץ,False,,,,,
hebverb_147,מלץ,hiph'il,raccomandare,target,בעבר · היא,המליצה,המליצה,False,,,,,
hebverb_147,מלץ,hiph'il,raccomandare,target,בעבר · אנחנו,המלצנו,המלצנו,False,,,,,
hebverb_147,מלץ,hiph'il,raccomandare,target,בעבר · אתם,המלצתם,המלצתם,False,,,,,
hebverb_147,מלץ,hiph'il,raccomandare,target,בעבר · אתן,המלצתן,המלצתן,False,,,,,
hebverb_147,מלץ,hiph'il,raccomandare,target,בעבר · הם,המליצו,המליצו,False,,,,,
hebverb_147,מלץ,hiph'il,raccomandare,target,בעבר · הן,המליצו,המליצו,False,,,,,
hebverb_147,מלץ,hiph'il,raccomandare,target,בעתיד · אני,אמליץ,אמליץ,False,,,,,
hebverb_147,מלץ,hiph'il,raccomandare,target,בעתיד · אתה,תמליץ,תמליץ,False,,,,,
hebverb_147,מלץ,hiph'il,raccomandare,target,בעתיד · את,תמליצי,תמליצי,False,,,,,
hebverb_147,מלץ,hiph'il,raccomandare,target,בעתיד · הוא,ימליץ,ימליץ,False,,,,,
hebverb_147,מלץ,hiph'il,raccomandare,target,בעתיד · היא,תמליץ,תמליץ,False,,,,,
hebverb_147,מלץ,hiph'il,raccomandare,target,בעתיד · אנחנו,נמליץ,נמליץ,False,,,,,
hebverb_147,מלץ,hiph'il,raccomandare,target,בעתיד · אתם,תמליצו,תמליצו,False,,,,,
hebverb_147,מלץ,hiph'il,raccomandare,target,בעתיד · אתן,תמלצנה,תמלצנה,False,,,,,
hebverb_147,מלץ,hiph'il,raccomandare,target,בעתיד · הם,ימליצו,ימליצו,False,,,,,
hebverb_147,מלץ,hiph'il,raccomandare,target,בעתיד · הן,תמלצנה,תמלצנה,False,,,,,
hebverb_148,חזק,hiph'il,tenere,infinitive,infinitive,להחזיק,להחזיק,True,100.5276727,561.1951219268293,0.9024390243902439,427.9,0.975609756097561
hebverb_148,חזק,hiph'il,tenere,present_1,present_1,מחזיק,מחזיק,False,,,,,
hebverb_148,חזק,hiph'il,tenere,present_2,present_2,מחזיקה,מחזיקה,True,22.6911902,522.4891891891891,0.918918918918919,462.77142857142854,0.972972972972973
hebverb_148,חזק,hiph'il,tenere,present_3,present_3,מחזיקים,מחזיקים,True,27.6817967,585.3675675405404,0.9459459459459459,477.3235294117647,1.0
hebverb_148,חזק,hiph'il,tenere,present_4,present_4,מחזיקות,מחזיקות,False,,,,,
hebverb_148,חזק,hiph'il,tenere,target,בעבר · אני,החזקתי,החזקתי,False,,,,,
hebverb_148,חזק,hiph'il,tenere,target,בעבר · אתה,החזקת,החזקת,False,,,,,
hebverb_148,חזק,hiph'il,tenere,target,בעבר · את,החזקת,החזקת,False,,,,,
hebverb_148,חזק,hiph'il,tenere,target,בעבר · הוא,החזיק,החזיק,False,,,,,
hebverb_148,חזק,hiph'il,tenere,target,בעבר · היא,החזיקה,החזיקה,False,,,,,
hebverb_148,חזק,hiph'il,tenere,target,בעבר · אנחנו,החזקנו,החזקנו,False,,,,,
hebverb_148,חזק,hiph'il,tenere,target,בעבר · אתם,החזקתם,החזקתם,False,,,,,
hebverb_148,חזק,hiph'il,tenere,target,בעבר · אתן,החזקתן,החזקתן,False,,,,,
hebverb_148,חזק,hiph'il,tenere,target,בעבר · הם,החזיקו,החזיקו,True,8.137781198,566.971052631579,0.8947368421052632,,
hebverb_148,חזק,hiph'il,tenere,target,בעבר · הן,החזיקו,החזיקו,True,8.137781198,566.971052631579,0.8947368421052632,,
hebverb_148,חזק,hiph'il,tenere,target,בעתיד · אני,אחזיק,אחזיק,True,7.222129215,623.9268292682926,0.8780487804878049,477.3235294117647,1.0
hebverb_148,חזק,hiph'il,tenere,target,בעתיד · אתה,תחזיק,תחזיק,False,,,,,
hebverb_148,חזק,hiph'il,tenere,target,בעתיד · את,תחזיקי,תחזיקי,False,,,,,
hebverb_148,חזק,hiph'il,tenere,target,בעתיד · הוא,יחזיק,יחזיק,False,,,,,
hebverb_148,חזק,hiph'il,tenere,target,בעתיד · היא,תחזיק,תחזיק,False,,,,,
hebverb_148,חזק,hiph'il,tenere,target,בעתיד · אנחנו,נחזיק,נחזיק,False,,,,,
hebverb_148,חזק,hiph'il,tenere,target,בעתיד · אתם,תחזיקו,תחזיקו,False,,,,,
hebverb_148,חזק,hiph'il,tenere,target,בעתיד · אתן,תחזקנה,תחזקנה,False,,,,,
hebverb_148,חזק,hiph'il,tenere,target,בעתיד · הם,יחזיקו,יחזיקו,False,,,,,
hebverb_148,חזק,hiph'il,tenere,target,בעתיד · הן,תחזקנה,תחזקנה,False,,,,,
hebverb_149,נפק,hiph'il,produrre,infinitive,infinitive,להפיק,להפיק,False,,,,,
hebverb_149,נפק,hiph'il,produrre,present_1,present_1,מפיק,מפיק,False,,,,,
hebverb_149,נפק,hiph'il,produrre,present_2,present_2,מפיקה,מפיקה,False,,,,,
hebverb_149,נפק,hiph'il,produrre,present_3,present_3,מפיקים,מפיקים,True,2.267906235,568.1891891891892,0.8157894736842105,546.0285714285715,1.0
hebverb_149,נפק,hiph'il,produrre,present_4,present_4,מפיקות,מפיקות,False,,,,,
hebverb_149,נפק,hiph'il,produrre,target,בעבר · אני,הפקתי,הפקתי,False,,,,,
hebverb_149,נפק,hiph'il,produrre,target,בעבר · אתה,הפקת,הפקת,False,,,,,
hebverb_149,נפק,hiph'il,produrre,target,בעבר · את,הפקת,הפקת,False,,,,,
hebverb_149,נפק,hiph'il,produrre,target,בעבר · הוא,הפיק,הפיק,False,,,,,
hebverb_149,נפק,hiph'il,produrre,target,בעבר · היא,הפיקה,הפיקה,False,,,,,
hebverb_149,נפק,hiph'il,produrre,target,בעבר · אנחנו,הפקנו,הפקנו,False,,,,,
hebverb_149,נפק,hiph'il,produrre,target,בעבר · אתם,הפקתם,הפקתם,False,,,,,
hebverb_149,נפק,hiph'il,produrre,target,בעבר · אתן,הפקתן,הפקתן,False,,,,,
hebverb_149,נפק,hiph'il,produrre,target,בעבר · הם,הפיקו,הפיקו,False,,,,,
hebverb_149,נפק,hiph'il,produrre,target,בעבר · הן,הפיקו,הפיקו,False,,,,,
hebverb_149,נפק,hiph'il,produrre,target,בעתיד · אני,אפיק,אפיק,False,,,,,
hebverb_149,נפק,hiph'il,produrre,target,בעתיד · אתה,תפיק,תפיק,False,,,,,
hebverb_149,נפק,hiph'il,produrre,target,בעתיד · את,תפיקי,תפיקי,False,,,,,
hebverb_149,נפק,hiph'il,produrre,target,בעתיד · הוא,יפיק,יפיק,False,,,,,
hebverb_149,נפק,hiph'il,produrre,target,בעתיד · היא,תפיק,תפיק,False,,,,,
hebverb_149,נפק,hiph'il,produrre,target,בעתיד · אנחנו,נפיק,נפיק,False,,,,,
hebverb_149,נפק,hiph'il,produrre,target,בעתיד · אתם,תפיקו,תפיקו,False,,,,,
hebverb_149,נפק,hiph'il,produrre,target,בעתיד · אתן,תפקנה,תפקנה,False,,,,,
hebverb_149,נפק,hiph'il,produrre,target,בעתיד · הם,יפיקו,יפיקו,False,,,,,
hebverb_149,נפק,hiph'il,produrre,target,בעתיד · הן,תפקנה,תפקנה,False,,,,,
hebverb_150,נוח,hiph'il,deporre / supporre,infinitive,infinitive,להניח,להניח,False,,,,,
hebverb_150,נוח,hiph'il,deporre / supporre,present_1,present_1,מניח,מניח,False,,,,,
hebverb_150,נוח,hiph'il,deporre / supporre,present_2,present_2,מניחה,מניחה,False,,,,,
hebverb_150,נוח,hiph'il,deporre / supporre,present_3,present_3,מניחים,מניחים,False,,,,,
hebverb_150,נוח,hiph'il,deporre / supporre,present_4,present_4,מניחות,מניחות,False,,,,,
hebverb_150,נוח,hiph'il,deporre / supporre,target,בעבר · אני,הנחתי,הנחתי,True,31.5141944,553.6609756097561,0.8536585365853658,458.07894736842104,1.0
hebverb_150,נוח,hiph'il,deporre / supporre,target,בעבר · אתה,הנחת,הנחת,False,,,,,
hebverb_150,נוח,hiph'il,deporre / supporre,target,בעבר · את,הנחת,הנחת,False,,,,,
hebverb_150,נוח,hiph'il,deporre / supporre,target,בעבר · הוא,הניח,הניח,False,,,,,
hebverb_150,נוח,hiph'il,deporre / supporre,target,בעבר · היא,הניחה,הניחה,False,,,,,
hebverb_150,נוח,hiph'il,deporre / supporre,target,בעבר · אנחנו,הנחנו,הנחנו,True,3.686863613,655.6055555277777,0.7027027027027027,,
hebverb_150,נוח,hiph'il,deporre / supporre,target,בעבר · אתם,הנחתם,הנחתם,False,,,,,
hebverb_150,נוח,hiph'il,deporre / supporre,target,בעבר · אתן,הנחתן,הנחתן,False,,,,,
hebverb_150,נוח,hiph'il,deporre / supporre,target,בעבר · הם,הניחו,הניחו,False,,,,,
hebverb_150,נוח,hiph'il,deporre / supporre,target,בעבר · הן,הניחו,הניחו,False,,,,,
hebverb_150,נוח,hiph'il,deporre / supporre,target,בעתיד · אני,אניח,אניח,False,,,,,
hebverb_150,נוח,hiph'il,deporre / supporre,target,בעתיד · אתה,תניח,תניח,False,,,,,
hebverb_150,נוח,hiph'il,deporre / supporre,target,בעתיד · את,תניחי,תניחי,False,,,,,
hebverb_150,נוח,hiph'il,deporre / supporre,target,בעתיד · הוא,יניח,יניח,True,3.777822419,599.622500025,0.95,,
hebverb_150,נוח,hiph'il,deporre / supporre,target,בעתיד · היא,תניח,תניח,False,,,,,
hebverb_150,נוח,hiph'il,deporre / supporre,target,בעתיד · אנחנו,נניח,נניח,False,,,,,
hebverb_150,נוח,hiph'il,deporre / supporre,target,בעתיד · אתם,תניחו,תניחו,False,,,,,
hebverb_150,נוח,hiph'il,deporre / supporre,target,בעתיד · אתן,תנחנה,תנחנה,False,,,,,
hebverb_150,נוח,hiph'il,deporre / supporre,target,בעתיד · הם,יניחו,יניחו,True,2.643869301,588.235,0.925,465.7,1.0
hebverb_150,נוח,hiph'il,deporre / supporre,target,בעתיד · הן,תנחנה,תנחנה,False,,,,,
hebverb_151,יפע,hiph'il,apparire / esibirsi,infinitive,infinitive,להופיע,להופיע,False,,,,,
hebverb_151,יפע,hiph'il,apparire / esibirsi,present_1,present_1,מופיע,מופיע,True,43.36309489,579.854054054054,0.972972972972973,,
hebverb_151,יפע,hiph'il,apparire / esibirsi,present_2,present_2,מופיעה,מופיעה,False,,,,,
hebverb_151,יפע,hiph'il,apparire / esibirsi,present_3,present_3,מופיעים,מופיעים,False,,,,,
hebverb_151,יפע,hiph'il,apparire / esibirsi,present_4,present_4,מופיעות,מופיעות,False,,,,,
hebverb_151,יפע,hiph'il,apparire / esibirsi,target,בעבר · אני,הופעתי,הופעתי,False,,,,,
hebverb_151,יפע,hiph'il,apparire / esibirsi,target,בעבר · אתה,הופעת,הופעת,False,,,,,
hebverb_151,יפע,hiph'il,apparire / esibirsi,target,בעבר · את,הופעת,הופעת,False,,,,,
hebverb_151,יפע,hiph'il,apparire / esibirsi,target,בעבר · הוא,הופיע,הופיע,True,33.41220149,600.946875,0.8571428571428571,,
hebverb_151,יפע,hiph'il,apparire / esibirsi,target,בעבר · היא,הופיעה,הופיעה,False,,,,,
hebverb_151,יפע,hiph'il,apparire / esibirsi,target,בעבר · אנחנו,הופענו,הופענו,False,,,,,
hebverb_151,יפע,hiph'il,apparire / esibirsi,target,בעבר · אתם,הופעתם,הופעתם,False,,,,,
hebverb_151,יפע,hiph'il,apparire / esibirsi,target,בעבר · אתן,הופעתן,הופעתן,False,,,,,
hebverb_151,יפע,hiph'il,apparire / esibirsi,target,בעבר · הם,הופיעו,הופיעו,False,,,,,
hebverb_151,יפע,hiph'il,apparire / esibirsi,target,בעבר · הן,הופיעו,הופיעו,False,,,,,
hebverb_151,יפע,hiph'il,apparire / esibirsi,target,בעתיד · אני,אופיע,אופיע,False,,,,,
hebverb_151,יפע,hiph'il,apparire / esibirsi,target,בעתיד · אתה,תופיע,תופיע,True,8.325762731,611.9611111111111,0.8611111111111112,562.9090909090909,0.9428571428571428
hebverb_151,יפע,hiph'il,apparire / esibirsi,target,בעתיד · את,תופיעי,תופיעי,False,,,,,
hebverb_151,יפע,hiph'il,apparire / esibirsi,target,בעתיד · הוא,יופיע,יופיע,False,,,,,
hebverb_151,יפע,hiph'il,apparire / esibirsi,target,בעתיד · היא,תופיע,תופיע,True,8.325762731,611.9611111111111,0.8611111111111112,562.9090909090909,0.9428571428571428
hebverb_151,יפע,hiph'il,apparire / esibirsi,target,בעתיד · אנחנו,נופיע,נופיע,True,1.176400561,584.1,0.8157894736842105,492.86486486486484,1.0
hebverb_151,יפע,hiph'il,apparire / esibirsi,target,בעתיד · אתם,תופיעו,תופיעו,False,,,,,
hebverb_151,יפע,hiph'il,apparire / esibirsi,target,בעתיד · אתן,תופענה,תופענה,False,,,,,
hebverb_151,יפע,hiph'il,apparire / esibirsi,target,בעתיד · הם,יופיעו,יופיעו,False,,,,,
hebverb_151,יפע,hiph'il,apparire / esibirsi,target,בעתיד · הן,תופענה,תופענה,False,,,,,
hebverb_152,יסף,hiph'il,aggiungere,infinitive,infinitive,להוסיף,להוסיף,True,32.92102394,521.6685714285715,1.0,,
hebverb_152,יסף,hiph'il,aggiungere,present_1,present_1,מוסיף,מוסיף,False,,,,,
hebverb_152,יסף,hiph'il,aggiungere,present_2,present_2,מוסיפה,מוסיפה,False,,,,,
hebverb_152,יסף,hiph'il,aggiungere,present_3,present_3,מוסיפים,מוסיפים,False,,,,,
hebverb_152,יסף,hiph'il,aggiungere,present_4,present_4,מוסיפות,מוסיפות,False,,,,,
hebverb_152,יסף,hiph'il,aggiungere,target,בעבר · אני,הוספתי,הוספתי,False,,,,,
hebverb_152,יסף,hiph'il,aggiungere,target,בעבר · אתה,הוספת,הוספת,False,,,,,
hebverb_152,יסף,hiph'il,aggiungere,target,בעבר · את,הוספת,הוספת,False,,,,,
hebverb_152,יסף,hiph'il,aggiungere,target,בעבר · הוא,הוסיף,הוסיף,False,,,,,
hebverb_152,יסף,hiph'il,aggiungere,target,בעבר · היא,הוסיפה,הוסיפה,False,,,,,
hebverb_152,יסף,hiph'il,aggiungere,target,בעבר · אנחנו,הוספנו,הוספנו,True,1.012674709,560.2394736842105,0.8157894736842105,477.1142857142857,0.9714285714285714
hebverb_152,יסף,hiph'il,aggiungere,target,בעבר · אתם,הוספתם,הוספתם,False,,,,,
hebverb_152,יסף,hiph'il,aggiungere,target,בעבר · אתן,הוספתן,הוספתן,False,,,,,
hebverb_152,יסף,hiph'il,aggiungere,target,בעבר · הם,הוסיפו,הוסיפו,True,2.061732941,549.4527777777778,0.9459459459459459,,
hebverb_152,יסף,hiph'il,aggiungere,target,בעבר · הן,הוסיפו,הוסיפו,True,2.061732941,549.4527777777778,0.9459459459459459,,
hebverb_152,יסף,hiph'il,aggiungere,target,בעתיד · אני,אוסיף,אוסיף,False,,,,,
hebverb_152,יסף,hiph'il,aggiungere,target,בעתיד · אתה,תוסיף,תוסיף,False,,,,,
hebverb_152,יסף,hiph'il,aggiungere,target,בעתיד · את,תוסיפי,תוסיפי,True,2.358865042,597.5432432432432,0.9459459459459459,471.70588235294116,1.0
hebverb_152,יסף,hiph'il,aggiungere,target,בעתיד · הוא,יוסיף,יוסיף,False,,,,,
hebverb_152,יסף,hiph'il,aggiungere,target,בעתיד · היא,תוסיף,תוסיף,False,,,,,
hebverb_152,יסף,hiph'il,aggiungere,target,בעתיד · אנחנו,נוסיף,נוסיף,False,,,,,
hebverb_152,יסף,hiph'il,aggiungere,target,בעתיד · אתם,תוסיפו,תוסיפו,False,,,,,
hebverb_152,יסף,hiph'il,aggiungere,target,בעתיד · אתן,תוספנה,תוספנה,False,,,,,
hebverb_152,יסף,hiph'il,aggiungere,target,בעתיד · הם,יוסיפו,יוסיפו,False,,,,,
hebverb_152,יסף,hiph'il,aggiungere,target,בעתיד · הן,תוספנה,תוספנה,False,,,,,
hebverb_153,נגש,hiph'il,servire / presentare,infinitive,infinitive,להגיש,להגיש,True,34.0671049,586.92777775,0.8918918918918919,,
hebverb_153,נגש,hiph'il,servire / presentare,present_1,present_1,מגיש,מגיש,True,9.174711589,501.30243902439025,0.9512195121951219,440.57575757575756,0.9722222222222222
hebverb_153,נגש,hiph'il,servire / presentare,present_2,present_2,מגישה,מגישה,False,,,,,
hebverb_153,נגש,hiph'il,servire / presentare,present_3,present_3,מגישים,מגישים,False,,,,,
hebverb_153,נגש,hiph'il,servire / presentare,present_4,present_4,מגישות,מגישות,False,,,,,
hebverb_153,נגש,hiph'il,servire / presentare,target,בעבר · אני,הגשתי,הגשתי,False,,,,,
hebverb_153,נגש,hiph'il,servire / presentare,target,בעבר · אתה,הגשת,הגשת,False,,,,,
hebverb_153,נגש,hiph'il,servire / presentare,target,בעבר · את,הגשת,הגשת,False,,,,,
hebverb_153,נגש,hiph'il,servire / presentare,target,בעבר · הוא,הגיש,הגיש,False,,,,,
hebverb_153,נגש,hiph'il,servire / presentare,target,בעבר · היא,הגישה,הגישה,True,32.01143587,565.0444444444445,0.918918918918919,,
hebverb_153,נגש,hiph'il,servire / presentare,target,בעבר · אנחנו,הגשנו,הגשנו,True,1.200656242,679.5828571428572,0.9714285714285714,461.3939393939394,0.9722222222222222
hebverb_153,נגש,hiph'il,servire / presentare,target,בעבר · אתם,הגשתם,הגשתם,False,,,,,
hebverb_153,נגש,hiph'il,servire / presentare,target,בעבר · אתן,הגשתן,הגשתן,False,,,,,
hebverb_153,נגש,hiph'il,servire / presentare,target,בעבר · הם,הגישו,הגישו,False,,,,,
hebverb_153,נגש,hiph'il,servire / presentare,target,בעבר · הן,הגישו,הגישו,False,,,,,
hebverb_153,נגש,hiph'il,servire / presentare,target,בעתיד · אני,אגיש,אגיש,True,4.359958779,559.8317073170732,0.7804878048780488,425.7317073170732,0.975609756097561
hebverb_153,נגש,hiph'il,servire / presentare,target,בעתיד · אתה,תגיש,תגיש,False,,,,,
hebverb_153,נגש,hiph'il,servire / presentare,target,בעתיד · את,תגישי,תגישי,False,,,,,
hebverb_153,נגש,hiph'il,servire / presentare,target,בעתיד · הוא,יגיש,יגיש,False,,,,,
hebverb_153,נגש,hiph'il,servire / presentare,target,בעתיד · היא,תגיש,תגיש,False,,,,,
hebverb_153,נגש,hiph'il,servire / presentare,target,בעתיד · אנחנו,נגיש,נגיש,False,,,,,
hebverb_153,נגש,hiph'il,servire / presentare,target,בעתיד · אתם,תגישו,תגישו,False,,,,,
hebverb_153,נגש,hiph'il,servire / presentare,target,בעתיד · אתן,תגשנה,תגשנה,False,,,,,
hebverb_153,נגש,hiph'il,servire / presentare,target,בעתיד · הם,יגישו,יגישו,False,,,,,
hebverb_153,נגש,hiph'il,servire / presentare,target,בעתיד · הן,תגשנה,תגשנה,False,,,,,
hebverb_154,משך,hiph'il,continuare,infinitive,infinitive,להמשיך,להמשיך,False,,,,,
hebverb_154,משך,hiph'il,continuare,present_1,present_1,ממשיך,ממשיך,False,,,,,
hebverb_154,משך,hiph'il,continuare,present_2,present_2,ממשיכה,ממשיכה,False,,,,,
hebverb_154,משך,hiph'il,continuare,present_3,present_3,ממשיכים,ממשיכים,False,,,,,
hebverb_154,משך,hiph'il,continuare,present_4,present_4,ממשיכות,ממשיכות,False,,,,,
hebverb_154,משך,hiph'il,continuare,target,בעבר · אני,המשכתי,המשכתי,False,,,,,
hebverb_154,משך,hiph'il,continuare,target,בעבר · אתה,המשכת,המשכת,True,3.783886339,663.6411764705882,0.8,503.77777777777777,0.7560975609756098
hebverb_154,משך,hiph'il,continuare,target,בעבר · את,המשכת,המשכת,True,3.783886339,663.6411764705882,0.8,503.77777777777777,0.7560975609756098
hebverb_154,משך,hiph'il,continuare,target,בעבר · הוא,המשיך,המשיך,True,17.61568881,563.6949999999999,0.975,488.45454545454544,0.9696969696969697
hebverb_154,משך,hiph'il,continuare,target,בעבר · היא,המשיכה,המשיכה,True,15.48118882,579.6742857142857,0.9428571428571428,467.18918918918916,1.0
hebverb_154,משך,hiph'il,continuare,target,בעבר · אנחנו,המשכנו,המשכנו,False,,,,,
hebverb_154,משך,hiph'il,continuare,target,בעבר · אתם,המשכתם,המשכתם,False,,,,,
hebverb_154,משך,hiph'il,continuare,target,בעבר · אתן,המשכתן,המשכתן,False,,,,,
hebverb_154,משך,hiph'il,continuare,target,בעבר · הם,המשיכו,המשיכו,False,,,,,
hebverb_154,משך,hiph'il,continuare,target,בעבר · הן,המשיכו,המשיכו,False,,,,,
hebverb_154,משך,hiph'il,continuare,target,בעתיד · אני,אמשיך,אמשיך,False,,,,,
hebverb_154,משך,hiph'il,continuare,target,בעתיד · אתה,תמשיך,תמשיך,True,71.60883619,508.31052628947367,0.9210526315789473,,
hebverb_154,משך,hiph'il,continuare,target,בעתיד · את,תמשיכי,תמשיכי,True,28.21542169,588.0694444722222,0.918918918918919,,
hebverb_154,משך,hiph'il,continuare,target,בעתיד · הוא,ימשיך,ימשיך,False,,,,,
hebverb_154,משך,hiph'il,continuare,target,בעתיד · היא,תמשיך,תמשיך,True,71.60883619,508.31052628947367,0.9210526315789473,,
hebverb_154,משך,hiph'il,continuare,target,בעתיד · אנחנו,נמשיך,נמשיך,False,,,,,
hebverb_154,משך,hiph'il,continuare,target,בעתיד · אתם,תמשיכו,תמשיכו,True,18.04622716,661.5526315789474,0.9736842105263158,,
hebverb_154,משך,hiph'il,continuare,target,בעתיד · אתן,תמשכנה,תמשכנה,False,,,,,
hebverb_154,משך,hiph'il,continuare,target,בעתיד · הם,ימשיכו,ימשיכו,False,,,,,
hebverb_154,משך,hiph'il,continuare,target,בעתיד · הן,תמשכנה,תמשכנה,False,,,,,
hebverb_155,יצג,hiph'il,presentare,infinitive,infinitive,להציג,להציג,True,55.89115447,549.9513513243244,0.972972972972973,,
hebverb_155,יצג,hiph'il,presentare,present_1,present_1,מציג,מציג,False,,,,,
hebverb_155,יצג,hiph'il,presentare,present_2,present_2,מציגה,מציגה,False,,,,,
hebverb_155,יצג,hiph'il,presentare,present_3,present_3,מציגים,מציגים,False,,,,,
hebverb_155,יצג,hiph'il,presentare,present_4,present_4,מציגות,מציגות,False,,,,,
hebverb_155,יצג,hiph'il,presentare,target,בעבר · אני,הצגתי,הצגתי,False,,,,,
hebverb_155,יצג,hiph'il,presentare,target,בעבר · אתה,הצגת,הצגת,False,,,,,
hebverb_155,יצג,hiph'il,presentare,target,בעבר · את,הצגת,הצגת,False,,,,,
hebverb_155,יצג,hiph'il,presentare,target,בעבר · הוא,הציג,הציג,False,,,,,
hebverb_155,יצג,hiph'il,presentare,target,בעבר · היא,הציגה,הציגה,False,,,,,
hebverb_155,יצג,hiph'il,presentare,target,בעבר · אנחנו,הצגנו,הצגנו,False,,,,,
hebverb_155,יצג,hiph'il,presentare,target,בעבר · אתם,הצגתם,הצגתם,False,,,,,
hebverb_155,יצג,hiph'il,presentare,target,בעבר · אתן,הצגתן,הצגתן,False,,,,,
hebverb_155,יצג,hiph'il,presentare,target,בעבר · הם,הציגו,הציגו,False,,,,,
hebverb_155,יצג,hiph'il,presentare,target,בעבר · הן,הציגו,הציגו,False,,,,,
hebverb_155,יצג,hiph'il,presentare,target,בעתיד · אני,אציג,אציג,False,,,,,
hebverb_155,יצג,hiph'il,presentare,target,בעתיד · אתה,תציג,תציג,False,,,,,
hebverb_155,יצג,hiph'il,presentare,target,בעתיד · את,תציגי,תציגי,True,1.206720163,555.8538461538461,0.9487179487179487,479.7142857142857,1.0
hebverb_155,יצג,hiph'il,presentare,target,בעתיד · הוא,יציג,יציג,False,,,,,
hebverb_155,יצג,hiph'il,presentare,target,בעתיד · היא,תציג,תציג,False,,,,,
hebverb_155,יצג,hiph'il,presentare,target,בעתיד · אנחנו,נציג,נציג,False,,,,,
hebverb_155,יצג,hiph'il,presentare,target,בעתיד · אתם,תציגו,תציגו,False,,,,,
hebverb_155,יצג,hiph'il,presentare,target,בעתיד · אתן,תצגנה,תצגנה,False,,,,,
hebverb_155,יצג,hiph'il,presentare,target,בעתיד · הם,יציגו,יציגו,False,,,,,
hebverb_155,יצג,hiph'il,presentare,target,בעתיד · הן,תצגנה,תצגנה,False,,,,,
hebverb_156,כרז,hiph'il,annunciare,infinitive,infinitive,להכריז,להכריז,False,,,,,
hebverb_156,כרז,hiph'il,annunciare,present_1,present_1,מכריז,מכריז,False,,,,,
hebverb_156,כרז,hiph'il,annunciare,present_2,present_2,מכריזה,מכריזה,False,,,,,
hebverb_156,כרז,hiph'il,annunciare,present_3,present_3,מכריזים,מכריזים,False,,,,,
hebverb_156,כרז,hiph'il,annunciare,present_4,present_4,מכריזות,מכריזות,False,,,,,
hebverb_156,כרז,hiph'il,annunciare,target,בעבר · אני,הכרזתי,הכרזתי,False,,,,,
hebverb_156,כרז,hiph'il,annunciare,target,בעבר · אתה,הכרזת,הכרזת,True,2.492271291,578.1342105526315,0.8947368421052632,,
hebverb_156,כרז,hiph'il,annunciare,target,בעבר · את,הכרזת,הכרזת,True,2.492271291,578.1342105526315,0.8947368421052632,,
hebverb_156,כרז,hiph'il,annunciare,target,בעבר · הוא,הכריז,הכריז,False,,,,,
hebverb_156,כרז,hiph'il,annunciare,target,בעבר · היא,הכריזה,הכריזה,False,,,,,
hebverb_156,כרז,hiph'il,annunciare,target,בעבר · אנחנו,הכרזנו,הכרזנו,False,,,,,
hebverb_156,כרז,hiph'il,annunciare,target,בעבר · אתם,הכרזתם,הכרזתם,False,,,,,
hebverb_156,כרז,hiph'il,annunciare,target,בעבר · אתן,הכרזתן,הכרזתן,False,,,,,
hebverb_156,כרז,hiph'il,annunciare,target,בעבר · הם,הכריזו,הכריזו,False,,,,,
hebverb_156,כרז,hiph'il,annunciare,target,בעבר · הן,הכריזו,הכריזו,False,,,,,
hebverb_156,כרז,hiph'il,annunciare,target,בעתיד · אני,אכריז,אכריז,False,,,,,
hebverb_156,כרז,hiph'il,annunciare,target,בעתיד · אתה,תכריז,תכריז,True,1.279487208,578.88,1.0,,
hebverb_156,כרז,hiph'il,annunciare,target,בעתיד · את,תכריזי,תכריזי,False,,,,,
hebverb_156,כרז,hiph'il,annunciare,target,בעתיד · הוא,יכריז,יכריז,False,,,,,
hebverb_156,כרז,hiph'il,annunciare,target,בעתיד · היא,תכריז,תכריז,True,1.279487208,578.88,1.0,,
hebverb_156,כרז,hiph'il,annunciare,target,בעתיד · אנחנו,נכריז,נכריז,True,1.31587073,597.6885714285714,0.8857142857142857,470.125,1.0
hebverb_156,כרז,hiph'il,annunciare,target,בעתיד · אתם,תכריזו,תכריזו,False,,,,,
hebverb_156,כרז,hiph'il,annunciare,target,בעתיד · אתן,תכרזנה,תכרזנה,False,,,,,
hebverb_156,כרז,hiph'il,annunciare,target,בעתיד · הם,יכריזו,יכריזו,False,,,,,
hebverb_156,כרז,hiph'il,annunciare,target,בעתיד · הן,תכרזנה,תכרזנה,False,,,,,
hebverb_157,זמן,hiph'il,invitare / ordinare,infinitive,infinitive,להזמין,להזמין,True,66.15130782,583.1285714285714,0.9428571428571428,,
hebverb_157,זמן,hiph'il,invitare / ordinare,present_1,present_1,מזמין,מזמין,False,,,,,
hebverb_157,זמן,hiph'il,invitare / ordinare,present_2,present_2,מזמינה,מזמינה,True,8.089269835,588.9657894736843,0.9473684210526315,462.5151515151515,1.0
hebverb_157,זמן,hiph'il,invitare / ordinare,present_3,present_3,מזמינים,מזמינים,False,,,,,
hebverb_157,זמן,hiph'il,invitare / ordinare,present_4,present_4,מזמינות,מזמינות,False,,,,,
hebverb_157,זמן,hiph'il,invitare / ordinare,target,בעבר · אני,הזמנתי,הזמנתי,False,,,,,
hebverb_157,זמן,hiph'il,invitare / ordinare,target,בעבר · אתה,הזמנת,הזמנת,True,17.58536921,601.6108108108108,0.9210526315789473,,
hebverb_157,זמן,hiph'il,invitare / ordinare,target,בעבר · את,הזמנת,הזמנת,True,17.58536921,601.6108108108108,0.9210526315789473,,
hebverb_157,זמן,hiph'il,invitare / ordinare,target,בעבר · הוא,הזמין,הזמין,False,,,,,
hebverb_157,זמן,hiph'il,invitare / ordinare,target,בעבר · היא,הזמינה,הזמינה,False,,,,,
hebverb_157,זמן,hiph'il,invitare / ordinare,target,בעבר · אנחנו,הזמנו,הזמנו,False,,,,,
hebverb_157,זמן,hiph'il,invitare / ordinare,target,בעבר · אתם,הזמנתם,הזמנתם,True,1.418957377,622.6657142857142,0.8571428571428571,490.6060606060606,0.9411764705882353
hebverb_157,זמן,hiph'il,invitare / ordinare,target,בעבר · אתן,הזמנתן,הזמנתן,False,,,,,
hebverb_157,זמן,hiph'il,invitare / ordinare,target,בעבר · הם,הזמינו,הזמינו,False,,,,,
hebverb_157,זמן,hiph'il,invitare / ordinare,target,בעבר · הן,הזמינו,הזמינו,False,,,,,
hebverb_157,זמן,hiph'il,invitare / ordinare,target,בעתיד · אני,אזמין,אזמין,False,,,,,
hebverb_157,זמן,hiph'il,invitare / ordinare,target,בעתיד · אתה,תזמין,תזמין,True,9.878126357,542.0324324054054,0.9459459459459459,,
hebverb_157,זמן,hiph'il,invitare / ordinare,target,בעתיד · את,תזמיני,תזמיני,False,,,,,
hebverb_157,זמן,hiph'il,invitare / ordinare,target,בעתיד · הוא,יזמין,יזמין,False,,,,,
hebverb_157,זמן,hiph'il,invitare / ordinare,target,בעתיד · היא,תזמין,תזמין,True,9.878126357,542.0324324054054,0.9459459459459459,,
hebverb_157,זמן,hiph'il,invitare / ordinare,target,בעתיד · אנחנו,נזמין,נזמין,False,,,,,
hebverb_157,זמן,hiph'il,invitare / ordinare,target,בעתיד · אתם,תזמינו,תזמינו,True,1.916198851,567.9131578684211,0.9210526315789473,455.0,1.0
hebverb_157,זמן,hiph'il,invitare / ordinare,target,בעתיד · אתן,תזמנה,תזמנה,False,,,,,
hebverb_157,זמן,hiph'il,invitare / ordinare,target,בעתיד · הם,יזמינו,יזמינו,False,,,,,
hebverb_157,זמן,hiph'il,invitare / ordinare,target,בעתיד · הן,תזמנה,תזמנה,False,,,,,
hebverb_158,רשה,hiph'il,permettere,infinitive,infinitive,להרשות,להרשות,True,59.60833769,620.1171428571428,1.0,437.2,0.975609756097561
hebverb_158,רשה,hiph'il,permettere,present_1,present_1,מרשה,מרשה,True,19.42273709,589.4216215945945,0.9459459459459459,463.0,1.0
hebverb_158,רשה,hiph'il,permettere,present_2,present_2,מרשה,מרשה,True,19.42273709,589.4216215945945,0.9459459459459459,463.0,1.0
hebverb_158,רשה,hiph'il,permettere,present_3,present_3,מרשים,מרשים,True,29.39182226,592.6829268780488,0.975609756097561,434.7142857142857,1.0
hebverb_158,רשה,hiph'il,permettere,present_4,present_4,מרשות,מרשות,False,,,,,
hebverb_158,רשה,hiph'il,permettere,target,בעבר · אני,הרשיתי,הרשיתי,False,,,,,
hebverb_158,רשה,hiph'il,permettere,target,בעבר · אתה,הרשית,הרשית,True,1.831303966,674.4694444444444,0.5135135135135135,,
hebverb_158,רשה,hiph'il,permettere,target,בעבר · את,הרשית,הרשית,True,1.831303966,674.4694444444444,0.5135135135135135,,
hebverb_158,רשה,hiph'il,permettere,target,בעבר · הוא,הרשה,הרשה,False,,,,,
hebverb_158,רשה,hiph'il,permettere,target,בעבר · היא,הרשתה,הרשתה,False,,,,,
hebverb_158,רשה,hiph'il,permettere,target,בעבר · אנחנו,הרשינו,הרשינו,False,,,,,
hebverb_158,רשה,hiph'il,permettere,target,בעבר · אתם,הרשיתם,הרשיתם,False,,,,,
hebverb_158,רשה,hiph'il,permettere,target,בעבר · אתן,הרשיתן,הרשיתן,False,,,,,
hebverb_158,רשה,hiph'il,permettere,target,בעבר · הם,הרשו,הרשו,False,,,,,
hebverb_158,רשה,hiph'il,permettere,target,בעבר · הן,הרשו,הרשו,False,,,,,
hebverb_158,רשה,hiph'il,permettere,target,בעתיד · אני,ארשה,ארשה,False,,,,,
hebverb_158,רשה,hiph'il,permettere,target,בעתיד · אתה,תרשה,תרשה,True,17.15483086,728.5702702702703,0.6842105263157895,,
hebverb_158,רשה,hiph'il,permettere,target,בעתיד · את,תרשי,תרשי,True,8.186292561,574.3710526315789,0.7631578947368421,475.030303030303,1.0
hebverb_158,רשה,hiph'il,permettere,target,בעתיד · הוא,ירשה,ירשה,True,4.262936052,565.9114285428572,0.8,,
hebverb_158,רשה,hiph'il,permettere,target,בעתיד · היא,תרשה,תרשה,True,17.15483086,728.5702702702703,0.6842105263157895,,
hebverb_158,רשה,hiph'il,permettere,target,בעתיד · אנחנו,נרשה,נרשה,False,,,,,
hebverb_158,רשה,hiph'il,permettere,target,בעתיד · אתם,תרשו,תרשו,False,,,,,
hebverb_158,רשה,hiph'il,permettere,target,בעתיד · אתן,תרשינה,תרשינה,False,,,,,
hebverb_158,רשה,hiph'il,permettere,target,בעתיד · הם,ירשו,ירשו,False,,,,,
hebverb_158,רשה,hiph'il,permettere,target,בעתיד · הן,תרשינה,תרשינה,False,,,,,
hebverb_159,זכר,hiph'il,ricordare a qualcuno,infinitive,infinitive,להזכיר,להזכיר,True,48.45678804,507.5571428571429,0.9714285714285714,426.1470588235294,0.9428571428571428
hebverb_159,זכר,hiph'il,ricordare a qualcuno,present_1,present_1,מזכיר,מזכיר,True,46.56484487,523.727027027027,0.918918918918919,448.30555555555554,0.972972972972973
hebverb_159,זכר,hiph'il,ricordare a qualcuno,present_2,present_2,מזכירה,מזכירה,False,,,,,
hebverb_159,זכר,hiph'il,ricordare a qualcuno,present_3,present_3,מזכירים,מזכירים,True,4.268999973,569.1685714285715,0.9714285714285714,,
hebverb_159,זכר,hiph'il,ricordare a qualcuno,present_4,present_4,מזכירות,מזכירות,False,,,,,
hebverb_159,זכר,hiph'il,ricordare a qualcuno,target,בעבר · אני,הזכרתי,הזכרתי,False,,,,,
hebverb_159,זכר,hiph'il,ricordare a qualcuno,target,בעבר · אתה,הזכרת,הזכרת,False,,,,,
hebverb_159,זכר,hiph'il,ricordare a qualcuno,target,בעבר · את,הזכרת,הזכרת,False,,,,,
hebverb_159,זכר,hiph'il,ricordare a qualcuno,target,בעבר · הוא,הזכיר,הזכיר,False,,,,,
hebverb_159,זכר,hiph'il,ricordare a qualcuno,target,בעבר · היא,הזכירה,הזכירה,False,,,,,
hebverb_159,זכר,hiph'il,ricordare a qualcuno,target,בעבר · אנחנו,הזכרנו,הזכרנו,False,,,,,
hebverb_159,זכר,hiph'il,ricordare a qualcuno,target,בעבר · אתם,הזכרתם,הזכרתם,False,,,,,
hebverb_159,זכר,hiph'il,ricordare a qualcuno,target,בעבר · אתן,הזכרתן,הזכרתן,False,,,,,
hebverb_159,זכר,hiph'il,ricordare a qualcuno,target,בעבר · הם,הזכירו,הזכירו,False,,,,,
hebverb_159,זכר,hiph'il,ricordare a qualcuno,target,בעבר · הן,הזכירו,הזכירו,False,,,,,
hebverb_159,זכר,hiph'il,ricordare a qualcuno,target,בעתיד · אני,אזכיר,אזכיר,True,3.462498557,544.2108108108108,0.918918918918919,474.7096774193548,0.9411764705882353
hebverb_159,זכר,hiph'il,ricordare a qualcuno,target,בעתיד · אתה,תזכיר,תזכיר,False,,,,,
hebverb_159,זכר,hiph'il,ricordare a qualcuno,target,בעתיד · את,תזכירי,תזכירי,False,,,,,
hebverb_159,זכר,hiph'il,ricordare a qualcuno,target,בעתיד · הוא,יזכיר,יזכיר,False,,,,,
hebverb_159,זכר,hiph'il,ricordare a qualcuno,target,בעתיד · היא,תזכיר,תזכיר,False,,,,,
hebverb_159,זכר,hiph'il,ricordare a qualcuno,target,בעתיד · אנחנו,נזכיר,נזכיר,False,,,,,
hebverb_159,זכר,hiph'il,ricordare a qualcuno,target,בעתיד · אתם,תזכירו,תזכירו,False,,,,,
hebverb_159,זכר,hiph'il,ricordare a qualcuno,target,בעתיד · אתן,תזכרנה,תזכרנה,False,,,,,
hebverb_159,זכר,hiph'il,ricordare a qualcuno,target,בעתיד · הם,יזכירו,יזכירו,False,,,,,
hebverb_159,זכר,hiph'il,ricordare a qualcuno,target,בעתיד · הן,תזכרנה,תזכרנה,False,,,,,
hebverb_160,עדף,hiph'il,preferire,infinitive,infinitive,להעדיף,להעדיף,False,,,,,
hebverb_160,עדף,hiph'il,preferire,present_1,present_1,מעדיף,מעדיף,False,,,,,
hebverb_160,עדף,hiph'il,preferire,present_2,present_2,מעדיפה,מעדיפה,True,41.61668581,527.18,1.0,,
hebverb_160,עדף,hiph'il,preferire,present_3,present_3,מעדיפים,מעדיפים,True,11.52144879,550.5184210263158,0.9210526315789473,,
hebverb_160,עדף,hiph'il,preferire,present_4,present_4,מעדיפות,מעדיפות,False,,,,,
hebverb_160,עדף,hiph'il,preferire,target,בעבר · אני,העדפתי,העדפתי,False,,,,,
hebverb_160,עדף,hiph'il,preferire,target,בעבר · אתה,העדפת,העדפת,False,,,,,
hebverb_160,עדף,hiph'il,preferire,target,בעבר · את,העדפת,העדפת,False,,,,,
hebverb_160,עדף,hiph'il,preferire,target,בעבר · הוא,העדיף,העדיף,False,,,,,
hebverb_160,עדף,hiph'il,preferire,target,בעבר · היא,העדיפה,העדיפה,False,,,,,
hebverb_160,עדף,hiph'il,preferire,target,בעבר · אנחנו,העדפנו,העדפנו,False,,,,,
hebverb_160,עדף,hiph'il,preferire,target,בעבר · אתם,העדפתם,העדפתם,False,,,,,
hebverb_160,עדף,hiph'il,preferire,target,בעבר · אתן,העדפתן,העדפתן,False,,,,,
hebverb_160,עדף,hiph'il,preferire,target,בעבר · הם,העדיפו,העדיפו,False,,,,,
hebverb_160,עדף,hiph'il,preferire,target,בעבר · הן,העדיפו,העדיפו,False,,,,,
hebverb_160,עדף,hiph'il,preferire,target,בעתיד · אני,אעדיף,אעדיף,False,,,,,
hebverb_160,עדף,hiph'il,preferire,target,בעתיד · אתה,תעדיף,תעדיף,False,,,,,
hebverb_160,עדף,hiph'il,preferire,target,בעתיד · את,תעדיפי,תעדיפי,False,,,,,
hebverb_160,עדף,hiph'il,preferire,target,בעתיד · הוא,יעדיף,יעדיף,True,1.60693891,546.1428571428571,0.9428571428571428,423.45714285714286,0.9722222222222222
hebverb_160,עדף,hiph'il,preferire,target,בעתיד · היא,תעדיף,תעדיף,False,,,,,
hebverb_160,עדף,hiph'il,preferire,target,בעתיד · אנחנו,נעדיף,נעדיף,False,,,,,
hebverb_160,עדף,hiph'il,preferire,target,בעתיד · אתם,תעדיפו,תעדיפו,False,,,,,
hebverb_160,עדף,hiph'il,preferire,target,בעתיד · אתן,תעדפנה,תעדפנה,False,,,,,
hebverb_160,עדף,hiph'il,preferire,target,בעתיד · הם,יעדיפו,יעדיפו,False,,,,,
hebverb_160,עדף,hiph'il,preferire,target,בעתיד · הן,תעדפנה,תעדפנה,False,,,,,
hebverb_161,תאם,hiph'il,andare bene / essere adatto,infinitive,infinitive,להתאים,להתאים,False,,,,,
hebverb_161,תאם,hiph'il,andare bene / essere adatto,present_1,present_1,מתאים,מתאים,True,97.1561329,621.5142857142857,0.9428571428571428,,
hebverb_161,תאם,hiph'il,andare bene / essere adatto,present_2,present_2,מתאימה,מתאימה,True,23.0489615,534.934999975,0.95,,
hebverb_161,תאם,hiph'il,andare bene / essere adatto,present_3,present_3,מתאימים,מתאימים,False,,,,,
hebverb_161,תאם,hiph'il,andare bene / essere adatto,present_4,present_4,מתאימות,מתאימות,False,,,,,
hebverb_161,תאם,hiph'il,andare bene / essere adatto,target,בעבר · אני,התאמתי,התאמתי,False,,,,,
hebverb_161,תאם,hiph'il,andare bene / essere adatto,target,בעבר · אתה,התאמת,התאמת,False,,,,,
hebverb_161,תאם,hiph'il,andare bene / essere adatto,target,בעבר · את,התאמת,התאמת,False,,,,,
hebverb_161,תאם,hiph'il,andare bene / essere adatto,target,בעבר · הוא,התאים,התאים,False,,,,,
hebverb_161,תאם,hiph'il,andare bene / essere adatto,target,בעבר · היא,התאימה,התאימה,False,,,,,
hebverb_161,תאם,hiph'il,andare bene / essere adatto,target,בעבר · אנחנו,התאמנו,התאמנו,True,3.001640606,658.4027027297298,0.8648648648648649,,
hebverb_161,תאם,hiph'il,andare bene / essere adatto,target,בעבר · אתם,התאמתם,התאמתם,False,,,,,
hebverb_161,תאם,hiph'il,andare bene / essere adatto,target,בעבר · אתן,התאמתן,התאמתן,False,,,,,
hebverb_161,תאם,hiph'il,andare bene / essere adatto,target,בעבר · הם,התאימו,התאימו,False,,,,,
hebverb_161,תאם,hiph'il,andare bene / essere adatto,target,בעבר · הן,התאימו,התאימו,False,,,,,
hebverb_161,תאם,hiph'il,andare bene / essere adatto,target,בעתיד · אני,אתאים,אתאים,False,,,,,
hebverb_161,תאם,hiph'il,andare bene / essere adatto,target,בעתיד · אתה,תתאים,תתאים,False,,,,,
hebverb_161,תאם,hiph'il,andare bene / essere adatto,target,בעתיד · את,תתאימי,תתאימי,False,,,,,
hebverb_161,תאם,hiph'il,andare bene / essere adatto,target,בעתיד · הוא,יתאים,יתאים,True,8.871515568,617.2184210263158,0.868421052631579,,
hebverb_161,תאם,hiph'il,andare bene / essere adatto,target,בעתיד · היא,תתאים,תתאים,False,,,,,
hebverb_161,תאם,hiph'il,andare bene / essere adatto,target,בעתיד · אנחנו,נתאים,נתאים,False,,,,,
hebverb_161,תאם,hiph'il,andare bene / essere adatto,target,בעתיד · אתם,תתאימו,תתאימו,False,,,,,
hebverb_161,תאם,hiph'il,andare bene / essere adatto,target,בעתיד · אתן,תתאמנה,תתאמנה,False,,,,,
hebverb_161,תאם,hiph'il,andare bene / essere adatto,target,בעתיד · הם,יתאימו,יתאימו,True,2.571102256,568.381081081081,0.8918918918918919,448.9142857142857,0.972972972972973
hebverb_161,תאם,hiph'il,andare bene / essere adatto,target,בעתיד · הן,תתאמנה,תתאמנה,False,,,,,
hebverb_162,חלט,hiph'il,decidere,infinitive,infinitive,להחליט,להחליט,False,,,,,
hebverb_162,חלט,hiph'il,decidere,present_1,present_1,מחליט,מחליט,False,,,,,
hebverb_162,חלט,hiph'il,decidere,present_2,present_2,מחליטה,מחליטה,False,,,,,
hebverb_162,חלט,hiph'il,decidere,present_3,present_3,מחליטים,מחליטים,True,5.324122125,628.113157868421,0.9736842105263158,,
hebverb_162,חלט,hiph'il,decidere,present_4,present_4,מחליטות,מחליטות,False,,,,,
hebverb_162,חלט,hiph'il,decidere,target,בעבר · אני,החלטתי,החלטתי,False,,,,,
hebverb_162,חלט,hiph'il,decidere,target,בעבר · אתה,החלטת,החלטת,False,,,,,
hebverb_162,חלט,hiph'il,decidere,target,בעבר · את,החלטת,החלטת,False,,,,,
hebverb_162,חלט,hiph'il,decidere,target,בעבר · הוא,החליט,החליט,False,,,,,
hebverb_162,חלט,hiph'il,decidere,target,בעבר · היא,החליטה,החליטה,False,,,,,
hebverb_162,חלט,hiph'il,decidere,target,בעבר · אנחנו,החלטנו,החלטנו,False,,,,,
hebverb_162,חלט,hiph'il,decidere,target,בעבר · אתם,החלטתם,החלטתם,False,,,,,
hebverb_162,חלט,hiph'il,decidere,target,בעבר · אתן,החלטתן,החלטתן,False,,,,,
hebverb_162,חלט,hiph'il,decidere,target,בעבר · הם,החליטו,החליטו,False,,,,,
hebverb_162,חלט,hiph'il,decidere,target,בעבר · הן,החליטו,החליטו,False,,,,,
hebverb_162,חלט,hiph'il,decidere,target,בעתיד · אני,אחליט,אחליט,False,,,,,
hebverb_162,חלט,hiph'il,decidere,target,בעתיד · אתה,תחליט,תחליט,False,,,,,
hebverb_162,חלט,hiph'il,decidere,target,בעתיד · את,תחליטי,תחליטי,False,,,,,
hebverb_162,חלט,hiph'il,decidere,target,בעתיד · הוא,יחליט,יחליט,False,,,,,
hebverb_162,חלט,hiph'il,decidere,target,בעתיד · היא,תחליט,תחליט,False,,,,,
hebverb_162,חלט,hiph'il,decidere,target,בעתיד · אנחנו,נחליט,נחליט,False,,,,,
hebverb_162,חלט,hiph'il,decidere,target,בעתיד · אתם,תחליטו,תחליטו,True,1.970774135,539.5837838108108,0.972972972972973,,
hebverb_162,חלט,hiph'il,decidere,target,בעתיד · אתן,תחלטנה,תחלטנה,False,,,,,
hebverb_162,חלט,hiph'il,decidere,target,בעתיד · הם,יחליטו,יחליטו,False,,,,,
hebverb_162,חלט,hiph'il,decidere,target,בעתיד · הן,תחלטנה,תחלטנה,False,,,,,
hebverb_163,בין,hiph'il,capire,infinitive,infinitive,להבין,להבין,False,,,,,
hebverb_163,בין,hiph'il,capire,present_1,present_1,מבין,מבין,True,457.8926945,532.8552631578947,1.0,506.0,1.0
hebverb_163,בין,hiph'il,capire,present_2,present_2,מבינה,מבינה,False,,,,,
hebverb_163,בין,hiph'il,capire,present_3,present_3,מבינים,מבינים,False,,,,,
hebverb_163,בין,hiph'il,capire,present_4,present_4,מבינות,מבינות,False,,,,,
hebverb_163,בין,hiph'il,capire,target,בעבר · אני,הבנתי,הבנתי,True,121.0540433,503.43513510810806,0.9459459459459459,446.6060606060606,1.0
hebverb_163,בין,hiph'il,capire,target,בעבר · אתה,הבנת,הבנת,True,38.03290885,565.112499975,0.925,,
hebverb_163,בין,hiph'il,capire,target,בעבר · את,הבנת,הבנת,True,38.03290885,565.112499975,0.925,,
hebverb_163,בין,hiph'il,capire,target,בעבר · הוא,הבין,הבין,False,,,,,
hebverb_163,בין,hiph'il,capire,target,בעבר · היא,הבינה,הבינה,False,,,,,
hebverb_163,בין,hiph'il,capire,target,בעבר · אנחנו,הבנו,הבנו,False,,,,,
hebverb_163,בין,hiph'il,capire,target,בעבר · אתם,הבנתם,הבנתם,False,,,,,
hebverb_163,בין,hiph'il,capire,target,בעבר · אתן,הבנתן,הבנתן,False,,,,,
hebverb_163,בין,hiph'il,capire,target,בעבר · הם,הבינו,הבינו,False,,,,,
hebverb_163,בין,hiph'il,capire,target,בעבר · הן,הבינו,הבינו,False,,,,,
hebverb_163,בין,hiph'il,capire,target,בעתיד · אני,אבין,אבין,True,9.872062437,598.3342857142858,0.7428571428571429,,
hebverb_163,בין,hiph'il,capire,target,בעתיד · אתה,תבין,תבין,False,,,,,
hebverb_163,בין,hiph'il,capire,target,בעתיד · את,תביני,תביני,True,17.2275979,550.3444444444444,0.9166666666666666,473.9375,1.0
hebverb_163,בין,hiph'il,capire,target,בעתיד · הוא,יבין,יבין,True,13.377008440000001,555.1850000000001,0.925,434.02941176470586,1.0
hebverb_163,בין,hiph'il,capire,target,בעתיד · היא,תבין,תבין,False,,,,,
hebverb_163,בין,hiph'il,capire,target,בעתיד · אנחנו,נבין,נבין,False,,,,,
hebverb_163,בין,hiph'il,capire,target,בעתיד · אתם,תבינו,תבינו,False,,,,,
hebverb_163,בין,hiph'il,capire,target,בעתיד · אתן,תבנה,תבנה,False,,,,,
hebverb_163,בין,hiph'il,capire,target,בעתיד · הם,יבינו,יבינו,False,,,,,
hebverb_163,בין,hiph'il,capire,target,בעתיד · הן,תבנה,תבנה,False,,,,,
hebverb_164,כול,hiph'il,contenere,infinitive,infinitive,להכיל,להכיל,False,,,,,
hebverb_164,כול,hiph'il,contenere,present_1,present_1,מכיל,מכיל,False,,,,,
hebverb_164,כול,hiph'il,contenere,present_2,present_2,מכילה,מכילה,False,,,,,
hebverb_164,כול,hiph'il,contenere,present_3,present_3,מכילים,מכילים,False,,,,,
hebverb_164,כול,hiph'il,contenere,present_4,present_4,מכילות,מכילות,False,,,,,
hebverb_164,כול,hiph'il,contenere,target,בעבר · אני,הכלתי,הכלתי,False,,,,,
hebverb_164,כול,hiph'il,contenere,target,בעבר · אתה,הכלת,הכלת,False,,,,,
hebverb_164,כול,hiph'il,contenere,target,בעבר · את,הכלת,הכלת,False,,,,,
hebverb_164,כול,hiph'il,contenere,target,בעבר · הוא,הכיל,הכיל,True,2.049605101,635.8108108378378,0.8918918918918919,459.25,0.9024390243902439
hebverb_164,כול,hiph'il,contenere,target,בעבר · היא,הכילה,הכילה,False,,,,,
hebverb_164,כול,hiph'il,contenere,target,בעבר · אנחנו,הכלנו,הכלנו,False,,,,,
hebverb_164,כול,hiph'il,contenere,target,בעבר · אתם,הכלתם,הכלתם,False,,,,,
hebverb_164,כול,hiph'il,contenere,target,בעבר · אתן,הכלתן,הכלתן,False,,,,,
hebverb_164,כול,hiph'il,contenere,target,בעבר · הם,הכילו,הכילו,False,,,,,
hebverb_164,כול,hiph'il,contenere,target,בעבר · הן,הכילו,הכילו,False,,,,,
hebverb_164,כול,hiph'il,contenere,target,בעתיד · אני,אכיל,אכיל,False,,,,,
hebverb_164,כול,hiph'il,contenere,target,בעתיד · אתה,תכיל,תכיל,False,,,,,
hebverb_164,כול,hiph'il,contenere,target,בעתיד · את,תכילי,תכילי,False,,,,,
hebverb_164,כול,hiph'il,contenere,target,בעתיד · הוא,יכיל,יכיל,False,,,,,
hebverb_164,כול,hiph'il,contenere,target,בעתיד · היא,תכיל,תכיל,False,,,,,
hebverb_164,כול,hiph'il,contenere,target,בעתיד · אנחנו,נכיל,נכיל,False,,,,,
hebverb_164,כול,hiph'il,contenere,target,בעתיד · אתם,תכילו,תכילו,False,,,,,
hebverb_164,כול,hiph'il,contenere,target,בעתיד · אתן,תכלנה,תכלנה,False,,,,,
hebverb_164,כול,hiph'il,contenere,target,בעתיד · הם,יכילו,יכילו,False,,,,,
hebverb_164,כול,hiph'il,contenere,target,בעתיד · הן,תכלנה,תכלנה,False,,,,,
hebverb_165,חלף,hiph'il,sostituire,infinitive,infinitive,להחליף,להחליף,False,,,,,
hebverb_165,חלף,hiph'il,sostituire,present_1,present_1,מחליף,מחליף,True,17.2579175,534.3264705882352,0.9714285714285714,484.1515151515151,1.0
hebverb_165,חלף,hiph'il,sostituire,present_2,present_2,מחליפה,מחליפה,True,6.99776416,615.3894736842105,0.9736842105263158,,
hebverb_165,חלף,hiph'il,sostituire,present_3,present_3,מחליפים,מחליפים,False,,,,,
hebverb_165,חלף,hiph'il,sostituire,present_4,present_4,מחליפות,מחליפות,False,,,,,
hebverb_165,חלף,hiph'il,sostituire,target,בעבר · אני,החלפתי,החלפתי,False,,,,,
hebverb_165,חלף,hiph'il,sostituire,target,בעבר · אתה,החלפת,החלפת,False,,,,,
hebverb_165,חלף,hiph'il,sostituire,target,בעבר · את,החלפת,החלפת,False,,,,,
hebverb_165,חלף,hiph'il,sostituire,target,בעבר · הוא,החליף,החליף,False,,,,,
hebverb_165,חלף,hiph'il,sostituire,target,בעבר · היא,החליפה,החליפה,False,,,,,
hebverb_165,חלף,hiph'il,sostituire,target,בעבר · אנחנו,החלפנו,החלפנו,False,,,,,
hebverb_165,חלף,hiph'il,sostituire,target,בעבר · אתם,החלפתם,החלפתם,False,,,,,
hebverb_165,חלף,hiph'il,sostituire,target,בעבר · אתן,החלפתן,החלפתן,False,,,,,
hebverb_165,חלף,hiph'il,sostituire,target,בעבר · הם,החליפו,החליפו,False,,,,,
hebverb_165,חלף,hiph'il,sostituire,target,בעבר · הן,החליפו,החליפו,False,,,,,
hebverb_165,חלף,hiph'il,sostituire,target,בעתיד · אני,אחליף,אחליף,False,,,,,
hebverb_165,חלף,hiph'il,sostituire,target,בעתיד · אתה,תחליף,תחליף,False,,,,,
hebverb_165,חלף,hiph'il,sostituire,target,בעתיד · את,תחליפי,תחליפי,False,,,,,
hebverb_165,חלף,hiph'il,sostituire,target,בעתיד · הוא,יחליף,יחליף,False,,,,,
hebverb_165,חלף,hiph'il,sostituire,target,בעתיד · היא,תחליף,תחליף,False,,,,,
hebverb_165,חלף,hiph'il,sostituire,target,בעתיד · אנחנו,נחליף,נחליף,False,,,,,
hebverb_165,חלף,hiph'il,sostituire,target,בעתיד · אתם,תחליפו,תחליפו,True,1.279487208,575.722499975,0.925,,
hebverb_165,חלף,hiph'il,sostituire,target,בעתיד · אתן,תחלפנה,תחלפנה,False,,,,,
hebverb_165,חלף,hiph'il,sostituire,target,בעתיד · הם,יחליפו,יחליפו,False,,,,,
hebverb_165,חלף,hiph'il,sostituire,target,בעתיד · הן,תחלפנה,תחלפנה,False,,,,,
hebverb_166,ערך,hiph'il,apprezzare,infinitive,infinitive,להעריך,להעריך,True,18.87698425,545.7189188918919,0.918918918918919,,
hebverb_166,ערך,hiph'il,apprezzare,present_1,present_1,מעריך,מעריך,False,,,,,
hebverb_166,ערך,hiph'il,apprezzare,present_2,present_2,מעריכה,מעריכה,False,,,,,
hebverb_166,ערך,hiph'il,apprezzare,present_3,present_3,מעריכים,מעריכים,True,14.92330814,568.1394736842105,0.9210526315789473,450.375,0.9714285714285714
hebverb_166,ערך,hiph'il,apprezzare,present_4,present_4,מעריכות,מעריכות,False,,,,,
hebverb_166,ערך,hiph'il,apprezzare,target,בעבר · אני,הערכתי,הערכתי,False,,,,,
hebverb_166,ערך,hiph'il,apprezzare,target,בעבר · אתה,הערכת,הערכת,True,6.379244277,692.1682926829269,0.9512195121951219,453.5882352941176,0.9444444444444444
hebverb_166,ערך,hiph'il,apprezzare,target,בעבר · את,הערכת,הערכת,True,6.379244277,692.1682926829269,0.9512195121951219,453.5882352941176,0.9444444444444444
hebverb_166,ערך,hiph'il,apprezzare,target,בעבר · הוא,העריך,העריך,False,,,,,
hebverb_166,ערך,hiph'il,apprezzare,target,בעבר · היא,העריכה,העריכה,False,,,,,
hebverb_166,ערך,hiph'il,apprezzare,target,בעבר · אנחנו,הערכנו,הערכנו,False,,,,,
hebverb_166,ערך,hiph'il,apprezzare,target,בעבר · אתם,הערכתם,הערכתם,False,,,,,
hebverb_166,ערך,hiph'il,apprezzare,target,בעבר · אתן,הערכתן,הערכתן,False,,,,,
hebverb_166,ערך,hiph'il,apprezzare,target,בעבר · הם,העריכו,העריכו,False,,,,,
hebverb_166,ערך,hiph'il,apprezzare,target,בעבר · הן,העריכו,העריכו,False,,,,,
hebverb_166,ערך,hiph'il,apprezzare,target,בעתיד · אני,אעריך,אעריך,False,,,,,
hebverb_166,ערך,hiph'il,apprezzare,target,בעתיד · אתה,תעריך,תעריך,False,,,,,
hebverb_166,ערך,hiph'il,apprezzare,target,בעתיד · את,תעריכי,תעריכי,False,,,,,
hebverb_166,ערך,hiph'il,apprezzare,target,בעתיד · הוא,יעריך,יעריך,False,,,,,
hebverb_166,ערך,hiph'il,apprezzare,target,בעתיד · היא,תעריך,תעריך,False,,,,,
hebverb_166,ערך,hiph'il,apprezzare,target,בעתיד · אנחנו,נעריך,נעריך,False,,,,,
hebverb_166,ערך,hiph'il,apprezzare,target,בעתיד · אתם,תעריכו,תעריכו,False,,,,,
hebverb_166,ערך,hiph'il,apprezzare,target,בעתיד · אתן,תערכנה,תערכנה,False,,,,,
hebverb_166,ערך,hiph'il,apprezzare,target,בעתיד · הם,יעריכו,יעריכו,False,,,,,
hebverb_166,ערך,hiph'il,apprezzare,target,בעתיד · הן,תערכנה,תערכנה,False,,,,,
hebverb_167,בוא,hiph'il,portare,infinitive,infinitive,להביא,להביא,True,290.6133859,534.145945918919,0.9473684210526315,,
hebverb_167,בוא,hiph'il,portare,present_1,present_1,מביא,מביא,False,,,,,
hebverb_167,בוא,hiph'il,portare,present_2,present_2,מביאה,מביאה,False,,,,,
hebverb_167,בוא,hiph'il,portare,present_3,present_3,מביאים,מביאים,True,21.30255242,572.6736841842106,0.8947368421052632,,
hebverb_167,בוא,hiph'il,portare,present_4,present_4,מביאות,מביאות,False,,,,,
hebverb_167,בוא,hiph'il,portare,target,בעבר · אני,הבאתי,הבאתי,False,,,,,
hebverb_167,בוא,hiph'il,portare,target,בעבר · אתה,הבאת,הבאת,True,53.38675534,563.9121951219513,1.0,464.94117647058823,0.9024390243902439
hebverb_167,בוא,hiph'il,portare,target,בעבר · את,הבאת,הבאת,True,53.38675534,563.9121951219513,1.0,464.94117647058823,0.9024390243902439
hebverb_167,בוא,hiph'il,portare,target,בעבר · הוא,הביא,הביא,True,64.2169172,574.1131579210527,0.8421052631578947,459.77142857142854,1.0
hebverb_167,בוא,hiph'il,portare,target,בעבר · היא,הביאה,הביאה,False,,,,,
hebverb_167,בוא,hiph'il,portare,target,בעבר · אנחנו,הבאנו,הבאנו,False,,,,,
hebverb_167,בוא,hiph'il,portare,target,בעבר · אתם,הבאתם,הבאתם,False,,,,,
hebverb_167,בוא,hiph'il,portare,target,בעבר · אתן,הבאתן,הבאתן,False,,,,,
hebverb_167,בוא,hiph'il,portare,target,בעבר · הם,הביאו,הביאו,True,29.1674572,556.9970588235294,0.8857142857142857,456.65714285714284,1.0
hebverb_167,בוא,hiph'il,portare,target,בעבר · הן,הביאו,הביאו,True,29.1674572,556.9970588235294,0.8857142857142857,456.65714285714284,1.0
hebverb_167,בוא,hiph'il,portare,target,בעתיד · אני,אביא,אביא,True,64.85362885,625.4842105,0.7894736842105263,,
hebverb_167,בוא,hiph'il,portare,target,בעתיד · אתה,תביא,תביא,True,109.2354624,559.4925000000001,0.95,456.57575757575756,1.0
hebverb_167,בוא,hiph'il,portare,target,בעתיד · את,תביאי,תביאי,False,,,,,
hebverb_167,בוא,hiph'il,portare,target,בעתיד · הוא,יביא,יביא,True,29.36756657,550.9621621621621,0.8648648648648649,,
hebverb_167,בוא,hiph'il,portare,target,בעתיד · היא,תביא,תביא,True,109.2354624,559.4925000000001,0.95,456.57575757575756,1.0
hebverb_167,בוא,hiph'il,portare,target,בעתיד · אנחנו,נביא,נביא,False,,,,,
hebverb_167,בוא,hiph'il,portare,target,בעתיד · אתם,תביאו,תביאו,False,,,,,
hebverb_167,בוא,hiph'il,portare,target,בעתיד · אתן,תבאנה,תבאנה,False,,,,,
hebverb_167,בוא,hiph'il,portare,target,בעתיד · הם,יביאו,יביאו,False,,,,,
hebverb_167,בוא,hiph'il,portare,target,בעתיד · הן,תבאנה,תבאנה,False,,,,,
hebverb_168,נגד,hiph'il,dire / raccontare,infinitive,infinitive,להגיד,להגיד,False,,,,,
hebverb_168,נגד,hiph'il,dire / raccontare,present_1,present_1,מגיד,מגיד,False,,,,,
hebverb_168,נגד,hiph'il,dire / raccontare,present_2,present_2,מגידה,מגידה,False,,,,,
hebverb_168,נגד,hiph'il,dire / raccontare,present_3,present_3,מגידים,מגידים,False,,,,,
hebverb_168,נגד,hiph'il,dire / raccontare,present_4,present_4,מגידות,מגידות,False,,,,,
hebverb_168,נגד,hiph'il,dire / raccontare,target,בעבר · אני,הגדתי,הגדתי,False,,,,,
hebverb_168,נגד,hiph'il,dire / raccontare,target,בעבר · אתה,הגדת,הגדת,False,,,,,
hebverb_168,נגד,hiph'il,dire / raccontare,target,בעבר · את,הגדת,הגדת,False,,,,,
hebverb_168,נגד,hiph'il,dire / raccontare,target,בעבר · הוא,הגיד,הגיד,False,,,,,
hebverb_168,נגד,hiph'il,dire / raccontare,target,בעבר · היא,הגידה,הגידה,False,,,,,
hebverb_168,נגד,hiph'il,dire / raccontare,target,בעבר · אנחנו,הגדנו,הגדנו,False,,,,,
hebverb_168,נגד,hiph'il,dire / raccontare,target,בעבר · אתם,הגדתם,הגדתם,False,,,,,
hebverb_168,נגד,hiph'il,dire / raccontare,target,בעבר · אתן,הגדתן,הגדתן,False,,,,,
hebverb_168,נגד,hiph'il,dire / raccontare,target,בעבר · הם,הגידו,הגידו,False,,,,,
hebverb_168,נגד,hiph'il,dire / raccontare,target,בעבר · הן,הגידו,הגידו,False,,,,,
hebverb_168,נגד,hiph'il,dire / raccontare,target,בעתיד · אני,אגיד,אגיד,False,,,,,
hebverb_168,נגד,hiph'il,dire / raccontare,target,בעתיד · אתה,תגיד,תגיד,True,392.4326736,526.7114285714287,0.9428571428571428,442.6829268292683,0.975609756097561
hebverb_168,נגד,hiph'il,dire / raccontare,target,בעתיד · את,תגידי,תגידי,False,,,,,
hebverb_168,נגד,hiph'il,dire / raccontare,target,בעתיד · הוא,יגיד,יגיד,False,,,,,
hebverb_168,נגד,hiph'il,dire / raccontare,target,בעתיד · היא,תגיד,תגיד,True,392.4326736,526.7114285714287,0.9428571428571428,442.6829268292683,0.975609756097561
hebverb_168,נגד,hiph'il,dire / raccontare,target,בעתיד · אנחנו,נגיד,נגיד,False,,,,,
hebverb_168,נגד,hiph'il,dire / raccontare,target,בעתיד · אתם,תגידו,תגידו,False,,,,,
hebverb_168,נגד,hiph'il,dire / raccontare,target,בעתיד · אתן,תגדנה,תגדנה,False,,,,,
hebverb_168,נגד,hiph'il,dire / raccontare,target,בעתיד · הם,יגידו,יגידו,False,,,,,
hebverb_168,נגד,hiph'il,dire / raccontare,target,בעתיד · הן,תגדנה,תגדנה,False,,,,,
hebverb_169,גור,pa'al,abitare / vivere,infinitive,infinitive,לגור,לגור,False,,,,,
hebverb_169,גור,pa'al,abitare / vivere,present_1,present_1,גר,גר,False,,,,,
hebverb_169,גור,pa'al,abitare / vivere,present_2,present_2,גרה,גרה,True,47.12272555,604.5243243243243,0.972972972972973,523.8181818181819,1.0
hebverb_169,גור,pa'al,abitare / vivere,present_3,present_3,גרים,גרים,True,28.90670862,552.4025641025642,0.8974358974358975,,
hebverb_169,גור,pa'al,abitare / vivere,present_4,present_4,גרות,גרות,False,,,,,
hebverb_169,גור,pa'al,abitare / vivere,target,בעבר · אני,גרתי,גרתי,False,,,,,
hebverb_169,גור,pa'al,abitare / vivere,target,בעבר · אתה,גרת,גרת,False,,,,,
hebverb_169,גור,pa'al,abitare / vivere,target,בעבר · את,גרת,גרת,False,,,,,
hebverb_169,גור,pa'al,abitare / vivere,target,בעבר · הוא,גר,גר,False,,,,,
hebverb_169,גור,pa'al,abitare / vivere,target,בעבר · היא,גרה,גרה,True,47.12272555,604.5243243243243,0.972972972972973,523.8181818181819,1.0
hebverb_169,גור,pa'al,abitare / vivere,target,בעבר · אנחנו,גרנו,גרנו,False,,,,,
hebverb_169,גור,pa'al,abitare / vivere,target,בעבר · אתם,גרתם,גרתם,False,,,,,
hebverb_169,גור,pa'al,abitare / vivere,target,בעבר · אתן,גרתן,גרתן,False,,,,,
hebverb_169,גור,pa'al,abitare / vivere,target,בעבר · הם,גרו,גרו,False,,,,,
hebverb_169,גור,pa'al,abitare / vivere,target,בעבר · הן,גרו,גרו,False,,,,,
hebverb_169,גור,pa'al,abitare / vivere,target,בעתיד · אני,אגור,אגור,True,2.710572426,653.245,0.8,,
hebverb_169,גור,pa'al,abitare / vivere,target,בעתיד · אתה,תגור,תגור,True,2.831850834,599.9394736842105,0.8461538461538461,483.5405405405405,0.9487179487179487
hebverb_169,גור,pa'al,abitare / vivere,target,בעתיד · את,תגורי,תגורי,False,,,,,
hebverb_169,גור,pa'al,abitare / vivere,target,בעתיד · הוא,יגור,יגור,True,1.958646294,582.5297297297296,0.918918918918919,,
hebverb_169,גור,pa'al,abitare / vivere,target,בעתיד · היא,תגור,תגור,True,2.831850834,599.9394736842105,0.8461538461538461,483.5405405405405,0.9487179487179487
hebverb_169,גור,pa'al,abitare / vivere,target,בעתיד · אנחנו,נגור,נגור,False,,,,,
hebverb_169,גור,pa'al,abitare / vivere,target,בעתיד · אתם,תגורו,תגורו,False,,,,,
hebverb_169,גור,pa'al,abitare / vivere,target,בעתיד · אתן,תגורנה,תגורנה,False,,,,,
hebverb_169,גור,pa'al,abitare / vivere,target,בעתיד · אתן,תגרנה,תגרנה,False,,,,,
hebverb_169,גור,pa'al,abitare / vivere,target,בעתיד · הם,יגורו,יגורו,False,,,,,
hebverb_169,גור,pa'al,abitare / vivere,target,בעתיד · הן,תגורנה,תגורנה,False,,,,,
hebverb_169,גור,pa'al,abitare / vivere,target,בעתיד · הן,תגרנה,תגרנה,False,,,,,
hebverb_170,סבל,pa'al,soffrire,infinitive,infinitive,לסבול,לסבול,True,49.02679656,571.6297297297297,0.8918918918918919,,
hebverb_170,סבל,pa'al,soffrire,present_1,present_1,סובל,סובל,False,,,,,
hebverb_170,סבל,pa'al,soffrire,present_2,present_2,סובלת,סובלת,True,17.93707659,518.9571428571429,1.0,,
hebverb_170,סבל,pa'al,soffrire,present_3,present_3,סובלים,סובלים,False,,,,,
hebverb_170,סבל,pa'al,soffrire,present_4,present_4,סובלות,סובלות,True,0.903524142,664.1394736842105,0.9230769230769231,519.9459459459459,0.7692307692307693
hebverb_170,סבל,pa'al,soffrire,target,בעבר · אני,סבלתי,סבלתי,False,,,,,
hebverb_170,סבל,pa'al,soffrire,target,בעבר · אתה,סבלת,סבלת,False,,,,,
hebverb_170,סבל,pa'al,soffrire,target,בעבר · את,סבלת,סבלת,False,,,,,
hebverb_170,סבל,pa'al,soffrire,target,בעבר · הוא,סבל,סבל,True,22.55778395,560.5085714285714,0.9428571428571428,452.0263157894737,1.0
hebverb_170,סבל,pa'al,soffrire,target,בעבר · היא,סבלה,סבלה,False,,,,,
hebverb_170,סבל,pa'al,soffrire,target,בעבר · אנחנו,סבלנו,סבלנו,False,,,,,
hebverb_170,סבל,pa'al,soffrire,target,בעבר · אתם,סבלתם,סבלתם,False,,,,,
hebverb_170,סבל,pa'al,soffrire,target,בעבר · אתן,סבלתן,סבלתן,False,,,,,
hebverb_170,סבל,pa'al,soffrire,target,בעבר · הם,סבלו,סבלו,False,,,,,
hebverb_170,סבל,pa'al,soffrire,target,בעבר · הן,סבלו,סבלו,False,,,,,
hebverb_170,סבל,pa'al,soffrire,target,בעתיד · אני,אסבול,אסבול,False,,,,,
hebverb_170,סבל,pa'al,soffrire,target,בעתיד · אני,אסבל,אסבל,False,,,,,
hebverb_170,סבל,pa'al,soffrire,target,בעתיד · אתה,תסבול,תסבול,False,,,,,
hebverb_170,סבל,pa'al,soffrire,target,בעתיד · אתה,תסבל,תסבל,False,,,,,
hebverb_170,סבל,pa'al,soffrire,target,בעתיד · את,תסבלי,תסבלי,True,0.921715903,610.2026315789474,0.9743589743589743,556.0,1.0
hebverb_170,סבל,pa'al,soffrire,target,בעתיד · הוא,יסבול,יסבול,True,3.826333782,585.4599999999999,0.9142857142857143,480.53846153846155,1.0
hebverb_170,סבל,pa'al,soffrire,target,בעתיד · הוא,יסבל,יסבל,False,,,,,
hebverb_170,סבל,pa'al,soffrire,target,בעתיד · היא,תסבול,תסבול,False,,,,,
hebverb_170,סבל,pa'al,soffrire,target,בעתיד · היא,תסבל,תסבל,False,,,,,
hebverb_170,סבל,pa'al,soffrire,target,בעתיד · אנחנו,נסבול,נסבול,False,,,,,
hebverb_170,סבל,pa'al,soffrire,target,בעתיד · אנחנו,נסבל,נסבל,False,,,,,
hebverb_170,סבל,pa'al,soffrire,target,בעתיד · אתם,תסבלו,תסבלו,False,,,,,
hebverb_170,סבל,pa'al,soffrire,target,בעתיד · אתן,תסבולנה,תסבולנה,False,,,,,
hebverb_170,סבל,pa'al,soffrire,target,בעתיד · אתן,תסבלנה,תסבלנה,False,,,,,
hebverb_170,סבל,pa'al,soffrire,target,בעתיד · הם,יסבלו,יסבלו,False,,,,,
hebverb_170,סבל,pa'al,soffrire,target,בעתיד · הן,תסבולנה,תסבולנה,False,,,,,
hebverb_170,סבל,pa'al,soffrire,target,בעתיד · הן,תסבלנה,תסבלנה,False,,,,,
hebverb_171,מנע,pa'al,impedire,infinitive,infinitive,למנוע,למנוע,True,63.77425101,572.3542856857143,0.8857142857142857,,
hebverb_171,מנע,pa'al,impedire,present_1,present_1,מונע,מונע,False,,,,,
hebverb_171,מנע,pa'al,impedire,present_2,present_2,מונעת,מונעת,False,,,,,
hebverb_171,מנע,pa'al,impedire,present_3,present_3,מונעים,מונעים,False,,,,,
hebverb_171,מנע,pa'al,impedire,present_4,present_4,מונעות,מונעות,False,,,,,
hebverb_171,מנע,pa'al,impedire,target,בעבר · אני,מנעתי,מנעתי,True,1.267359367,598.7675675675677,0.8421052631578947,498.57894736842104,1.0
hebverb_171,מנע,pa'al,impedire,target,בעבר · אתה,מנעת,מנעת,True,1.243103685,592.7951219756097,0.6829268292682927,545.59375,0.5294117647058824
hebverb_171,מנע,pa'al,impedire,target,בעבר · את,מנעת,מנעת,True,1.243103685,592.7951219756097,0.6829268292682927,545.59375,0.5294117647058824
hebverb_171,מנע,pa'al,impedire,target,בעבר · הוא,מנע,מנע,True,5.760724395,620.0317073414634,0.8536585365853658,464.79487179487177,0.975609756097561
hebverb_171,מנע,pa'al,impedire,target,בעבר · היא,מנעה,מנעה,False,,,,,
hebverb_171,מנע,pa'al,impedire,target,בעבר · אנחנו,מנענו,מנענו,False,,,,,
hebverb_171,מנע,pa'al,impedire,target,בעבר · אתם,מנעתם,מנעתם,False,,,,,
hebverb_171,מנע,pa'al,impedire,target,בעבר · אתן,מנעתן,מנעתן,False,,,,,
hebverb_171,מנע,pa'al,impedire,target,בעבר · הם,מנעו,מנעו,False,,,,,
hebverb_171,מנע,pa'al,impedire,target,בעבר · הן,מנעו,מנעו,False,,,,,
hebverb_171,מנע,pa'al,impedire,target,בעתיד · אני,אמנע,אמנע,False,,,,,
hebverb_171,מנע,pa'al,impedire,target,בעתיד · אתה,תמנע,תמנע,False,,,,,
hebverb_171,מנע,pa'al,impedire,target,בעתיד · את,תמנעי,תמנעי,False,,,,,
hebverb_171,מנע,pa'al,impedire,target,בעתיד · הוא,ימנע,ימנע,False,,,,,
hebverb_171,מנע,pa'al,impedire,target,בעתיד · היא,תמנע,תמנע,False,,,,,
hebverb_171,מנע,pa'al,impedire,target,בעתיד · אנחנו,נמנע,נמנע,False,,,,,
hebverb_171,מנע,pa'al,impedire,target,בעתיד · אתם,תמנעו,תמנעו,False,,,,,
hebverb_171,מנע,pa'al,impedire,target,בעתיד · אתן,תמנענה,תמנענה,False,,,,,
hebverb_171,מנע,pa'al,impedire,target,בעתיד · הם,ימנעו,ימנעו,False,,,,,
hebverb_171,מנע,pa'al,impedire,target,בעתיד · הן,תמנענה,תמנענה,False,,,,,
hebverb_172,ציר,pi'el,disegnare,infinitive,infinitive,לצייר,לצייר,False,,,,,
hebverb_172,ציר,pi'el,disegnare,present_1,present_1,מצייר,מצייר,False,,,,,
hebverb_172,ציר,pi'el,disegnare,present_1,present_1,מציר,מציר,False,,,,,
hebverb_172,ציר,pi'el,disegnare,present_2,present_2,מציירת,מציירת,False,,,,,
hebverb_172,ציר,pi'el,disegnare,present_2,present_2,מצירת,מצירת,False,,,,,
hebverb_172,ציר,pi'el,disegnare,present_3,present_3,מציירים,מציירים,False,,,,,
hebverb_172,ציר,pi'el,disegnare,present_3,present_3,מצירים,מצירים,False,,,,,
hebverb_172,ציר,pi'el,disegnare,present_4,present_4,מציירות,מציירות,False,,,,,
hebverb_172,ציר,pi'el,disegnare,present_4,present_4,מצירות,מצירות,False,,,,,
hebverb_172,ציר,pi'el,disegnare,target,בעבר · אני,ציירתי,ציירתי,False,,,,,
hebverb_172,ציר,pi'el,disegnare,target,בעבר · אני,צירתי,צירתי,False,,,,,
hebverb_172,ציר,pi'el,disegnare,target,בעבר · אתה,ציירת,ציירת,False,,,,,
hebverb_172,ציר,pi'el,disegnare,target,בעבר · אתה,צירת,צירת,False,,,,,
hebverb_172,ציר,pi'el,disegnare,target,בעבר · את,ציירת,ציירת,False,,,,,
hebverb_172,ציר,pi'el,disegnare,target,בעבר · את,צירת,צירת,False,,,,,
hebverb_172,ציר,pi'el,disegnare,target,בעבר · הוא,צייר,צייר,False,,,,,
hebverb_172,ציר,pi'el,disegnare,target,בעבר · הוא,ציר,ציר,False,,,,,
hebverb_172,ציר,pi'el,disegnare,target,בעבר · היא,ציירה,ציירה,False,,,,,
hebverb_172,ציר,pi'el,disegnare,target,בעבר · היא,צירה,צירה,False,,,,,
hebverb_172,ציר,pi'el,disegnare,target,בעבר · אנחנו,ציירנו,ציירנו,False,,,,,
hebverb_172,ציר,pi'el,disegnare,target,בעבר · אנחנו,צירנו,צירנו,False,,,,,
hebverb_172,ציר,pi'el,disegnare,target,בעבר · אתם,ציירתם,ציירתם,False,,,,,
hebverb_172,ציר,pi'el,disegnare,target,בעבר · אתם,צירתם,צירתם,False,,,,,
hebverb_172,ציר,pi'el,disegnare,target,בעבר · אתן,ציירתן,ציירתן,False,,,,,
hebverb_172,ציר,pi'el,disegnare,target,בעבר · אתן,צירתן,צירתן,False,,,,,
hebverb_172,ציר,pi'el,disegnare,target,בעבר · הם,ציירו,ציירו,True,1.182464481,549.2055555833334,0.8648648648648649,,
hebverb_172,ציר,pi'el,disegnare,target,בעבר · הם,צירו,צירו,False,,,,,
hebverb_172,ציר,pi'el,disegnare,target,בעבר · הן,ציירו,ציירו,True,1.182464481,549.2055555833334,0.8648648648648649,,
hebverb_172,ציר,pi'el,disegnare,target,בעבר · הן,צירו,צירו,False,,,,,
hebverb_172,ציר,pi'el,disegnare,target,בעתיד · אני,אצייר,אצייר,False,,,,,
hebverb_172,ציר,pi'el,disegnare,target,בעתיד · אני,אציר,אציר,False,,,,,
hebverb_172,ציר,pi'el,disegnare,target,בעתיד · אתה,תצייר,תצייר,False,,,,,
hebverb_172,ציר,pi'el,disegnare,target,בעתיד · אתה,תציר,תציר,False,,,,,
hebverb_172,ציר,pi'el,disegnare,target,בעתיד · את,תציירי,תציירי,False,,,,,
hebverb_172,ציר,pi'el,disegnare,target,בעתיד · את,תצירי,תצירי,False,,,,,
hebverb_172,ציר,pi'el,disegnare,target,בעתיד · הוא,יצייר,יצייר,False,,,,,
hebverb_172,ציר,pi'el,disegnare,target,בעתיד · הוא,יציר,יציר,False,,,,,
hebverb_172,ציר,pi'el,disegnare,target,בעתיד · היא,תצייר,תצייר,False,,,,,
hebverb_172,ציר,pi'el,disegnare,target,בעתיד · היא,תציר,תציר,False,,,,,
hebverb_172,ציר,pi'el,disegnare,target,בעתיד · אנחנו,נצייר,נצייר,False,,,,,
hebverb_172,ציר,pi'el,disegnare,target,בעתיד · אנחנו,נציר,נציר,False,,,,,
hebverb_172,ציר,pi'el,disegnare,target,בעתיד · אתם,תציירו,תציירו,False,,,,,
hebverb_172,ציר,pi'el,disegnare,target,בעתיד · אתם,תצירו,תצירו,False,,,,,
hebverb_172,ציר,pi'el,disegnare,target,בעתיד · אתן,תציירנה,תציירנה,False,,,,,
hebverb_172,ציר,pi'el,disegnare,target,בעתיד · אתן,תצירנה,תצירנה,False,,,,,
hebverb_172,ציר,pi'el,disegnare,target,בעתיד · הם,יציירו,יציירו,False,,,,,
hebverb_172,ציר,pi'el,disegnare,target,בעתיד · הם,יצירו,יצירו,False,,,,,
hebverb_172,ציר,pi'el,disegnare,target,בעתיד · הן,תציירנה,תציירנה,False,,,,,
hebverb_172,ציר,pi'el,disegnare,target,בעתיד · הן,תצירנה,תצירנה,False,,,,,
hebverb_173,שפע,hiph'il,influenzare,infinitive,infinitive,להשפיע,להשפיע,False,,,,,
hebverb_173,שפע,hiph'il,influenzare,present_1,present_1,משפיע,משפיע,False,,,,,
hebverb_173,שפע,hiph'il,influenzare,present_2,present_2,משפיעה,משפיעה,False,,,,,
hebverb_173,שפע,hiph'il,influenzare,present_3,present_3,משפיעים,משפיעים,False,,,,,
hebverb_173,שפע,hiph'il,influenzare,present_4,present_4,משפיעות,משפיעות,True,1.140017038,588.8114285714286,0.8857142857142857,,
hebverb_173,שפע,hiph'il,influenzare,target,בעבר · אני,השפעתי,השפעתי,False,,,,,
hebverb_173,שפע,hiph'il,influenzare,target,בעבר · אתה,השפעת,השפעת,False,,,,,
hebverb_173,שפע,hiph'il,influenzare,target,בעבר · את,השפעת,השפעת,False,,,,,
hebverb_173,שפע,hiph'il,influenzare,target,בעבר · הוא,השפיע,השפיע,True,8.010438869,556.2743589487179,0.9230769230769231,,
hebverb_173,שפע,hiph'il,influenzare,target,בעבר · היא,השפיעה,השפיעה,False,,,,,
hebverb_173,שפע,hiph'il,influenzare,target,בעבר · אנחנו,השפענו,השפענו,False,,,,,
hebverb_173,שפע,hiph'il,influenzare,target,בעבר · אתם,השפעתם,השפעתם,False,,,,,
hebverb_173,שפע,hiph'il,influenzare,target,בעבר · אתן,השפעתן,השפעתן,False,,,,,
hebverb_173,שפע,hiph'il,influenzare,target,בעבר · הם,השפיעו,השפיעו,False,,,,,
hebverb_173,שפע,hiph'il,influenzare,target,בעבר · הן,השפיעו,השפיעו,False,,,,,
hebverb_173,שפע,hiph'il,influenzare,target,בעתיד · אני,אשפיע,אשפיע,False,,,,,
hebverb_173,שפע,hiph'il,influenzare,target,בעתיד · אתה,תשפיע,תשפיע,True,1.867687488,569.1358974102563,0.8717948717948718,,
hebverb_173,שפע,hiph'il,influenzare,target,בעתיד · את,תשפיעי,תשפיעי,False,,,,,
hebverb_173,שפע,hiph'il,influenzare,target,בעתיד · הוא,ישפיע,ישפיע,False,,,,,
hebverb_173,שפע,hiph'il,influenzare,target,בעתיד · היא,תשפיע,תשפיע,True,1.867687488,569.1358974102563,0.8717948717948718,,
hebverb_173,שפע,hiph'il,influenzare,target,בעתיד · אנחנו,נשפיע,נשפיע,False,,,,,
hebverb_173,שפע,hiph'il,influenzare,target,בעתיד · אתם,תשפיעו,תשפיעו,False,,,,,
hebverb_173,שפע,hiph'il,influenzare,target,בעתיד · אתן,תשפענה,תשפענה,False,,,,,
hebverb_173,שפע,hiph'il,influenzare,target,בעתיד · הם,ישפיעו,ישפיעו,False,,,,,
hebverb_173,שפע,hiph'il,influenzare,target,בעתיד · הן,תשפענה,תשפענה,False,,,,,
hebverb_174,גדל,hiph'il,aumentare,infinitive,infinitive,להגדיל,להגדיל,False,,,,,
hebverb_174,גדל,hiph'il,aumentare,present_1,present_1,מגדיל,מגדיל,True,1.691833796,614.5083333611111,0.972972972972973,,
hebverb_174,גדל,hiph'il,aumentare,present_2,present_2,מגדילה,מגדילה,False,,,,,
hebverb_174,גדל,hiph'il,aumentare,present_3,present_3,מגדילים,מגדילים,False,,,,,
hebverb_174,גדל,hiph'il,aumentare,present_4,present_4,מגדילות,מגדילות,False,,,,,
hebverb_174,גדל,hiph'il,aumentare,target,בעבר · אני,הגדלתי,הגדלתי,False,,,,,
hebverb_174,גדל,hiph'il,aumentare,target,בעבר · אתה,הגדלת,הגדלת,False,,,,,
hebverb_174,גדל,hiph'il,aumentare,target,בעבר · את,הגדלת,הגדלת,False,,,,,
hebverb_174,גדל,hiph'il,aumentare,target,בעבר · הוא,הגדיל,הגדיל,False,,,,,
hebverb_174,גדל,hiph'il,aumentare,target,בעבר · היא,הגדילה,הגדילה,False,,,,,
hebverb_174,גדל,hiph'il,aumentare,target,בעבר · אנחנו,הגדלנו,הגדלנו,False,,,,,
hebverb_174,גדל,hiph'il,aumentare,target,בעבר · אתם,הגדלתם,הגדלתם,False,,,,,
hebverb_174,גדל,hiph'il,aumentare,target,בעבר · אתן,הגדלתן,הגדלתן,False,,,,,
hebverb_174,גדל,hiph'il,aumentare,target,בעבר · הם,הגדילו,הגדילו,False,,,,,
hebverb_174,גדל,hiph'il,aumentare,target,בעבר · הן,הגדילו,הגדילו,False,,,,,
hebverb_174,גדל,hiph'il,aumentare,target,בעתיד · אני,אגדיל,אגדיל,False,,,,,
hebverb_174,גדל,hiph'il,aumentare,target,בעתיד · אתה,תגדיל,תגדיל,False,,,,,
hebverb_174,גדל,hiph'il,aumentare,target,בעתיד · את,תגדילי,תגדילי,False,,,,,
hebverb_174,גדל,hiph'il,aumentare,target,בעתיד · הוא,יגדיל,יגדיל,False,,,,,
hebverb_174,גדל,hiph'il,aumentare,target,בעתיד · היא,תגדיל,תגדיל,False,,,,,
hebverb_174,גדל,hiph'il,aumentare,target,בעתיד · אנחנו,נגדיל,נגדיל,False,,,,,
hebverb_174,גדל,hiph'il,aumentare,target,בעתיד · אתם,תגדילו,תגדילו,False,,,,,
hebverb_174,גדל,hiph'il,aumentare,target,בעתיד · אתן,תגדלנה,תגדלנה,False,,,,,
hebverb_174,גדל,hiph'il,aumentare,target,בעתיד · הם,יגדילו,יגדילו,False,,,,,
hebverb_174,גדל,hiph'il,aumentare,target,בעתיד · הן,תגדלנה,תגדלנה,False,,,,,
hebverb_175,שפר,pi'el,migliorare,infinitive,infinitive,לשפר,לשפר,False,,,,,
hebverb_175,שפר,pi'el,migliorare,present_1,present_1,משפר,משפר,False,,,,,
hebverb_175,שפר,pi'el,migliorare,present_2,present_2,משפרת,משפרת,False,,,,,
hebverb_175,שפר,pi'el,migliorare,present_3,present_3,משפרים,משפרים,False,,,,,
hebverb_175,שפר,pi'el,migliorare,present_4,present_4,משפרות,משפרות,False,,,,,
hebverb_175,שפר,pi'el,migliorare,target,בעבר · אני,שיפרתי,שיפרתי,False,,,,,
hebverb_175,שפר,pi'el,migliorare,target,בעבר · אני,שפרתי,שפרתי,False,,,,,
hebverb_175,שפר,pi'el,migliorare,target,בעבר · אתה,שיפרת,שיפרת,False,,,,,
hebverb_175,שפר,pi'el,migliorare,target,בעבר · אתה,שפרת,שפרת,False,,,,,
hebverb_175,שפר,pi'el,migliorare,target,בעבר · את,שיפרת,שיפרת,False,,,,,
hebverb_175,שפר,pi'el,migliorare,target,בעבר · את,שפרת,שפרת,False,,,,,
hebverb_175,שפר,pi'el,migliorare,target,בעבר · הוא,שיפר,שיפר,False,,,,,
hebverb_175,שפר,pi'el,migliorare,target,בעבר · הוא,שפר,שפר,False,,,,,
hebverb_175,שפר,pi'el,migliorare,target,בעבר · היא,שיפרה,שיפרה,False,,,,,
hebverb_175,שפר,pi'el,migliorare,target,בעבר · היא,שפרה,שפרה,False,,,,,
hebverb_175,שפר,pi'el,migliorare,target,בעבר · אנחנו,שיפרנו,שיפרנו,False,,,,,
hebverb_175,שפר,pi'el,migliorare,target,בעבר · אנחנו,שפרנו,שפרנו,False,,,,,
hebverb_175,שפר,pi'el,migliorare,target,בעבר · אתם,שיפרתם,שיפרתם,False,,,,,
hebverb_175,שפר,pi'el,migliorare,target,בעבר · אתם,שפרתם,שפרתם,False,,,,,
hebverb_175,שפר,pi'el,migliorare,target,בעבר · אתן,שיפרתן,שיפרתן,False,,,,,
hebverb_175,שפר,pi'el,migliorare,target,בעבר · אתן,שפרתן,שפרתן,False,,,,,
hebverb_175,שפר,pi'el,migliorare,target,בעבר · הם,שיפרו,שיפרו,False,,,,,
hebverb_175,שפר,pi'el,migliorare,target,בעבר · הם,שפרו,שפרו,False,,,,,
hebverb_175,שפר,pi'el,migliorare,target,בעבר · הן,שיפרו,שיפרו,False,,,,,
hebverb_175,שפר,pi'el,migliorare,target,בעבר · הן,שפרו,שפרו,False,,,,,
hebverb_175,שפר,pi'el,migliorare,target,בעתיד · אני,אשפר,אשפר,False,,,,,
hebverb_175,שפר,pi'el,migliorare,target,בעתיד · אתה,תשפר,תשפר,False,,,,,
hebverb_175,שפר,pi'el,migliorare,target,בעתיד · את,תשפרי,תשפרי,False,,,,,
hebverb_175,שפר,pi'el,migliorare,target,בעתיד · הוא,ישפר,ישפר,False,,,,,
hebverb_175,שפר,pi'el,migliorare,target,בעתיד · היא,תשפר,תשפר,False,,,,,
hebverb_175,שפר,pi'el,migliorare,target,בעתיד · אנחנו,נשפר,נשפר,False,,,,,
hebverb_175,שפר,pi'el,migliorare,target,בעתיד · אתם,תשפרו,תשפרו,False,,,,,
hebverb_175,שפר,pi'el,migliorare,target,בעתיד · אתן,תשפרנה,תשפרנה,False,,,,,
hebverb_175,שפר,pi'el,migliorare,target,בעתיד · הם,ישפרו,ישפרו,False,,,,,
hebverb_175,שפר,pi'el,migliorare,target,בעתיד · הן,תשפרנה,תשפרנה,False,,,,,
hebverb_176,גדר,hiph'il,definire,infinitive,infinitive,להגדיר,להגדיר,False,,,,,
hebverb_176,גדר,hiph'il,definire,present_1,present_1,מגדיר,מגדיר,False,,,,,
hebverb_176,גדר,hiph'il,definire,present_2,present_2,מגדירה,מגדירה,False,,,,,
hebverb_176,גדר,hiph'il,definire,present_3,present_3,מגדירים,מגדירים,False,,,,,
hebverb_176,גדר,hiph'il,definire,present_4,present_4,מגדירות,מגדירות,False,,,,,
hebverb_176,גדר,hiph'il,definire,target,בעבר · אני,הגדרתי,הגדרתי,False,,,,,
hebverb_176,גדר,hiph'il,definire,target,בעבר · אתה,הגדרת,הגדרת,False,,,,,
hebverb_176,גדר,hiph'il,definire,target,בעבר · את,הגדרת,הגדרת,False,,,,,
hebverb_176,גדר,hiph'il,definire,target,בעבר · הוא,הגדיר,הגדיר,False,,,,,
hebverb_176,גדר,hiph'il,definire,target,בעבר · היא,הגדירה,הגדירה,False,,,,,
hebverb_176,גדר,hiph'il,definire,target,בעבר · אנחנו,הגדרנו,הגדרנו,False,,,,,
hebverb_176,גדר,hiph'il,definire,target,בעבר · אתם,הגדרתם,הגדרתם,False,,,,,
hebverb_176,גדר,hiph'il,definire,target,בעבר · אתן,הגדרתן,הגדרתן,False,,,,,
hebverb_176,גדר,hiph'il,definire,target,בעבר · הם,הגדירו,הגדירו,False,,,,,
hebverb_176,גדר,hiph'il,definire,target,בעבר · הן,הגדירו,הגדירו,False,,,,,
hebverb_176,גדר,hiph'il,definire,target,בעתיד · אני,אגדיר,אגדיר,False,,,,,
hebverb_176,גדר,hiph'il,definire,target,בעתיד · אתה,תגדיר,תגדיר,False,,,,,
hebverb_176,גדר,hiph'il,definire,target,בעתיד · את,תגדירי,תגדירי,False,,,,,
hebverb_176,גדר,hiph'il,definire,target,בעתיד · הוא,יגדיר,יגדיר,False,,,,,
hebverb_176,גדר,hiph'il,definire,target,בעתיד · היא,תגדיר,תגדיר,False,,,,,
hebverb_176,גדר,hiph'il,definire,target,בעתיד · אנחנו,נגדיר,נגדיר,False,,,,,
hebverb_176,גדר,hiph'il,definire,target,בעתיד · אתם,תגדירו,תגדירו,False,,,,,
hebverb_176,גדר,hiph'il,definire,target,בעתיד · אתן,תגדרנה,תגדרנה,False,,,,,
hebverb_176,גדר,hiph'il,definire,target,בעתיד · הם,יגדירו,יגדירו,False,,,,,
hebverb_176,גדר,hiph'il,definire,target,בעתיד · הן,תגדרנה,תגדרנה,False,,,,,
hebverb_177,כסה,pi'el,coprire,infinitive,infinitive,לכסות,לכסות,False,,,,,
hebverb_177,כסה,pi'el,coprire,present_1,present_1,מכסה,מכסה,True,20.84775839,618.9475,0.875,,
hebverb_177,כסה,pi'el,coprire,present_2,present_2,מכסה,מכסה,True,20.84775839,618.9475,0.875,,
hebverb_177,כסה,pi'el,coprire,present_3,present_3,מכסים,מכסים,True,3.977931793,588.3,0.975,498.9032258064516,0.9142857142857143
hebverb_177,כסה,pi'el,coprire,present_4,present_4,מכסות,מכסות,False,,,,,
hebverb_177,כסה,pi'el,coprire,target,בעבר · אני,כיסיתי,כיסיתי,True,1.922262772,584.5371428571428,0.9142857142857143,485.45454545454544,0.9705882352941176
hebverb_177,כסה,pi'el,coprire,target,בעבר · אני,כסיתי,כסיתי,False,,,,,
hebverb_177,כסה,pi'el,coprire,target,בעבר · אתה,כיסית,כיסית,False,,,,,
hebverb_177,כסה,pi'el,coprire,target,בעבר · אתה,כסית,כסית,False,,,,,
hebverb_177,כסה,pi'el,coprire,target,בעבר · את,כיסית,כיסית,False,,,,,
hebverb_177,כסה,pi'el,coprire,target,בעבר · את,כסית,כסית,False,,,,,
hebverb_177,כסה,pi'el,coprire,target,בעבר · הוא,כיסה,כיסה,False,,,,,
hebverb_177,כסה,pi'el,coprire,target,בעבר · הוא,כסה,כסה,False,,,,,
hebverb_177,כסה,pi'el,coprire,target,בעבר · היא,כיסתה,כיסתה,False,,,,,
hebverb_177,כסה,pi'el,coprire,target,בעבר · היא,כסתה,כסתה,False,,,,,
hebverb_177,כסה,pi'el,coprire,target,בעבר · אנחנו,כיסינו,כיסינו,False,,,,,
hebverb_177,כסה,pi'el,coprire,target,בעבר · אנחנו,כסינו,כסינו,False,,,,,
hebverb_177,כסה,pi'el,coprire,target,בעבר · אתם,כיסיתם,כיסיתם,False,,,,,
hebverb_177,כסה,pi'el,coprire,target,בעבר · אתם,כסיתם,כסיתם,False,,,,,
hebverb_177,כסה,pi'el,coprire,target,בעבר · אתן,כיסיתן,כיסיתן,False,,,,,
hebverb_177,כסה,pi'el,coprire,target,בעבר · אתן,כסיתן,כסיתן,False,,,,,
hebverb_177,כסה,pi'el,coprire,target,בעבר · הם,כיסו,כיסו,True,2.067796862,612.3842105526315,0.8947368421052632,,
hebverb_177,כסה,pi'el,coprire,target,בעבר · הם,כסו,כסו,False,,,,,
hebverb_177,כסה,pi'el,coprire,target,בעבר · הן,כיסו,כיסו,True,2.067796862,612.3842105526315,0.8947368421052632,,
hebverb_177,כסה,pi'el,coprire,target,בעבר · הן,כסו,כסו,False,,,,,
hebverb_177,כסה,pi'el,coprire,target,בעתיד · אני,אכסה,אכסה,False,,,,,
hebverb_177,כסה,pi'el,coprire,target,בעתיד · אתה,תכסה,תכסה,False,,,,,
hebverb_177,כסה,pi'el,coprire,target,בעתיד · את,תכסי,תכסי,False,,,,,
hebverb_177,כסה,pi'el,coprire,target,בעתיד · הוא,יכסה,יכסה,True,3.2078139,626.9333333333333,0.675,500.97297297297297,1.0
hebverb_177,כסה,pi'el,coprire,target,בעתיד · היא,תכסה,תכסה,False,,,,,
hebverb_177,כסה,pi'el,coprire,target,בעתיד · אנחנו,נכסה,נכסה,False,,,,,
hebverb_177,כסה,pi'el,coprire,target,בעתיד · אתם,תכסו,תכסו,False,,,,,
hebverb_177,כסה,pi'el,coprire,target,בעתיד · אתן,תכסינה,תכסינה,False,,,,,
hebverb_177,כסה,pi'el,coprire,target,בעתיד · הם,יכסו,יכסו,False,,,,,
hebverb_177,כסה,pi'el,coprire,target,בעתיד · הן,תכסינה,תכסינה,False,,,,,
hebverb_178,אפשר,pi'el,permettere,infinitive,infinitive,לאפשר,לאפשר,True,25.67463904,600.271052631579,0.9473684210526315,469.55555555555554,1.0
hebverb_178,אפשר,pi'el,permettere,present_1,present_1,מאפשר,מאפשר,True,18.1493138,582.8125,0.95,,
hebverb_178,אפשר,pi'el,permettere,present_2,present_2,מאפשרת,מאפשרת,False,,,,,
hebverb_178,אפשר,pi'el,permettere,present_3,present_3,מאפשרים,מאפשרים,True,5.936578087,558.0289473421053,0.9473684210526315,500.94736842105266,1.0
hebverb_178,אפשר,pi'el,permettere,present_4,present_4,מאפשרות,מאפשרות,False,,,,,
hebverb_178,אפשר,pi'el,permettere,target,בעבר · אני,אפשרתי,אפשרתי,True,1.394701696,702.1971428571429,0.8571428571428571,507.06060606060606,0.23529411764705882
hebverb_178,אפשר,pi'el,permettere,target,בעבר · אני,איפשרתי,איפשרתי,False,,,,,
hebverb_178,אפשר,pi'el,permettere,target,בעבר · אתה,אפשרת,אפשרת,False,,,,,
hebverb_178,אפשר,pi'el,permettere,target,בעבר · אתה,איפשרת,איפשרת,False,,,,,
hebverb_178,אפשר,pi'el,permettere,target,בעבר · את,אפשרת,אפשרת,False,,,,,
hebverb_178,אפשר,pi'el,permettere,target,בעבר · את,איפשרת,איפשרת,False,,,,,
hebverb_178,אפשר,pi'el,permettere,target,בעבר · הוא,אפשר,אפשר,False,,,,,
hebverb_178,אפשר,pi'el,permettere,target,בעבר · הוא,איפשר,איפשר,False,,,,,
hebverb_178,אפשר,pi'el,permettere,target,בעבר · היא,אפשרה,אפשרה,True,1.46140482,638.375,0.8611111111111112,523.3548387096774,0.9393939393939394
hebverb_178,אפשר,pi'el,permettere,target,בעבר · היא,איפשרה,איפשרה,False,,,,,
hebverb_178,אפשר,pi'el,permettere,target,בעבר · אנחנו,אפשרנו,אפשרנו,False,,,,,
hebverb_178,אפשר,pi'el,permettere,target,בעבר · אנחנו,איפשרנו,איפשרנו,False,,,,,
hebverb_178,אפשר,pi'el,permettere,target,בעבר · אתם,אפשרתם,אפשרתם,False,,,,,
hebverb_178,אפשר,pi'el,permettere,target,בעבר · אתם,איפשרתם,איפשרתם,False,,,,,
hebverb_178,אפשר,pi'el,permettere,target,בעבר · אתן,אפשרתן,אפשרתן,False,,,,,
hebverb_178,אפשר,pi'el,permettere,target,בעבר · אתן,איפשרתן,איפשרתן,False,,,,,
hebverb_178,אפשר,pi'el,permettere,target,בעבר · הם,אפשרו,אפשרו,False,,,,,
hebverb_178,אפשר,pi'el,permettere,target,בעבר · הם,איפשרו,איפשרו,False,,,,,
hebverb_178,אפשר,pi'el,permettere,target,בעבר · הן,אפשרו,אפשרו,False,,,,,
hebverb_178,אפשר,pi'el,permettere,target,בעבר · הן,איפשרו,איפשרו,False,,,,,
hebverb_178,אפשר,pi'el,permettere,target,בעתיד · אני,אאפשר,אאפשר,False,,,,,
hebverb_178,אפשר,pi'el,permettere,target,בעתיד · אתה,תאפשר,תאפשר,False,,,,,
hebverb_178,אפשר,pi'el,permettere,target,בעתיד · את,תאפשרי,תאפשרי,False,,,,,
hebverb_178,אפשר,pi'el,permettere,target,בעתיד · הוא,יאפשר,יאפשר,False,,,,,
hebverb_178,אפשר,pi'el,permettere,target,בעתיד · היא,תאפשר,תאפשר,False,,,,,
hebverb_178,אפשר,pi'el,permettere,target,בעתיד · אנחנו,נאפשר,נאפשר,False,,,,,
hebverb_178,אפשר,pi'el,permettere,target,בעתיד · אתם,תאפשרו,תאפשרו,False,,,,,
hebverb_178,אפשר,pi'el,permettere,target,בעתיד · אתן,תאפשרנה,תאפשרנה,False,,,,,
hebverb_178,אפשר,pi'el,permettere,target,בעתיד · הם,יאפשרו,יאפשרו,True,1.89800709,561.5777777777778,0.8333333333333334,467.05555555555554,1.0
hebverb_178,אפשר,pi'el,permettere,target,בעתיד · הן,תאפשרנה,תאפשרנה,False,,,,,
hebverb_179,פתח,pi'el,sviluppare,infinitive,infinitive,לפתח,לפתח,False,,,,,
hebverb_179,פתח,pi'el,sviluppare,present_1,present_1,מפתח,מפתח,False,,,,,
hebverb_179,פתח,pi'el,sviluppare,present_2,present_2,מפתחת,מפתחת,False,,,,,
hebverb_179,פתח,pi'el,sviluppare,present_3,present_3,מפתחים,מפתחים,False,,,,,
hebverb_179,פתח,pi'el,sviluppare,present_4,present_4,מפתחות,מפתחות,False,,,,,
hebverb_179,פתח,pi'el,sviluppare,target,בעבר · אני,פתחתי,פתחתי,False,,,,,
hebverb_179,פתח,pi'el,sviluppare,target,בעבר · אני,פיתחתי,פיתחתי,False,,,,,
hebverb_179,פתח,pi'el,sviluppare,target,בעבר · אתה,פתחת,פתחת,True,6.670312457,676.8628571428571,0.9428571428571428,453.8536585365854,0.975609756097561
hebverb_179,פתח,pi'el,sviluppare,target,בעבר · אתה,פיתחת,פיתחת,False,,,,,
hebverb_179,פתח,pi'el,sviluppare,target,בעבר · את,פתחת,פתחת,True,6.670312457,676.8628571428571,0.9428571428571428,453.8536585365854,0.975609756097561
hebverb_179,פתח,pi'el,sviluppare,target,בעבר · את,פיתחת,פיתחת,False,,,,,
hebverb_179,פתח,pi'el,sviluppare,target,בעבר · הוא,פתח,פתח,False,,,,,
hebverb_179,פתח,pi'el,sviluppare,target,בעבר · הוא,פיתח,פיתח,False,,,,,
hebverb_179,פתח,pi'el,sviluppare,target,בעבר · היא,פתחה,פתחה,False,,,,,
hebverb_179,פתח,pi'el,sviluppare,target,בעבר · היא,פיתחה,פיתחה,False,,,,,
hebverb_179,פתח,pi'el,sviluppare,target,בעבר · אנחנו,פתחנו,פתחנו,True,3.286644865,607.8657894736842,0.9210526315789473,493.3142857142857,0.9714285714285714
hebverb_179,פתח,pi'el,sviluppare,target,בעבר · אנחנו,פיתחנו,פיתחנו,False,,,,,
hebverb_179,פתח,pi'el,sviluppare,target,בעבר · אתם,פתחתם,פתחתם,False,,,,,
hebverb_179,פתח,pi'el,sviluppare,target,בעבר · אתם,פיתחתם,פיתחתם,False,,,,,
hebverb_179,פתח,pi'el,sviluppare,target,בעבר · אתן,פתחתן,פתחתן,False,,,,,
hebverb_179,פתח,pi'el,sviluppare,target,בעבר · אתן,פיתחתן,פיתחתן,False,,,,,
hebverb_179,פתח,pi'el,sviluppare,target,בעבר · הם,פתחו,פתחו,False,,,,,
hebverb_179,פתח,pi'el,sviluppare,target,בעבר · הם,פיתחו,פיתחו,True,4.420597983,551.6485714285715,0.8333333333333334,560.375,1.0
hebverb_179,פתח,pi'el,sviluppare,target,בעבר · הן,פתחו,פתחו,False,,,,,
hebverb_179,פתח,pi'el,sviluppare,target,בעבר · הן,פיתחו,פיתחו,True,4.420597983,551.6485714285715,0.8333333333333334,560.375,1.0
hebverb_179,פתח,pi'el,sviluppare,target,בעתיד · אני,אפתח,אפתח,False,,,,,
hebverb_179,פתח,pi'el,sviluppare,target,בעתיד · אתה,תפתח,תפתח,True,26.85710352,616.3514285714285,0.8857142857142857,527.8857142857142,0.9736842105263158
hebverb_179,פתח,pi'el,sviluppare,target,בעתיד · את,תפתחי,תפתחי,False,,,,,
hebverb_179,פתח,pi'el,sviluppare,target,בעתיד · הוא,יפתח,יפתח,False,,,,,
hebverb_179,פתח,pi'el,sviluppare,target,בעתיד · היא,תפתח,תפתח,True,26.85710352,616.3514285714285,0.8857142857142857,527.8857142857142,0.9736842105263158
hebverb_179,פתח,pi'el,sviluppare,target,בעתיד · אנחנו,נפתח,נפתח,False,,,,,
hebverb_179,פתח,pi'el,sviluppare,target,בעתיד · אתם,תפתחו,תפתחו,False,,,,,
hebverb_179,פתח,pi'el,sviluppare,target,בעתיד · אתן,תפתחנה,תפתחנה,False,,,,,
hebverb_179,פתח,pi'el,sviluppare,target,בעתיד · הם,יפתחו,יפתחו,False,,,,,
hebverb_179,פתח,pi'el,sviluppare,target,בעתיד · הן,תפתחנה,תפתחנה,False,,,,,
hebverb_180,מות,pa'al,DA_RIVEDERE: die,infinitive,infinitive,למות,למות,False,,,,,
hebverb_180,מות,pa'al,DA_RIVEDERE: die,present_1,present_1,מת,מת,False,,,,,
hebverb_180,מות,pa'al,DA_RIVEDERE: die,present_2,present_2,מתה,מתה,False,,,,,
hebverb_180,מות,pa'al,DA_RIVEDERE: die,present_3,present_3,מתים,מתים,False,,,,,
hebverb_180,מות,pa'al,DA_RIVEDERE: die,present_4,present_4,מתות,מתות,False,,,,,
hebverb_180,מות,pa'al,DA_RIVEDERE: die,target,בעבר · אני,מתי,מתי,False,,,,,
hebverb_180,מות,pa'al,DA_RIVEDERE: die,target,בעבר · אתה,מת,מת,False,,,,,
hebverb_180,מות,pa'al,DA_RIVEDERE: die,target,בעבר · את,מת,מת,False,,,,,
hebverb_180,מות,pa'al,DA_RIVEDERE: die,target,בעבר · הוא,מת,מת,False,,,,,
hebverb_180,מות,pa'al,DA_RIVEDERE: die,target,בעבר · היא,מתה,מתה,False,,,,,
hebverb_180,מות,pa'al,DA_RIVEDERE: die,target,בעבר · אנחנו,מתנו,מתנו,False,,,,,
hebverb_180,מות,pa'al,DA_RIVEDERE: die,target,בעבר · אתם,מתם,מתם,False,,,,,
hebverb_180,מות,pa'al,DA_RIVEDERE: die,target,בעבר · אתן,מתן,מתן,False,,,,,
hebverb_180,מות,pa'al,DA_RIVEDERE: die,target,בעבר · הם,מתו,מתו,False,,,,,
hebverb_180,מות,pa'al,DA_RIVEDERE: die,target,בעבר · הן,מתו,מתו,False,,,,,
hebverb_180,מות,pa'al,DA_RIVEDERE: die,target,בעתיד · אני,אמות,אמות,True,29.95576685,670.9475,0.925,476.3225806451613,0.9714285714285714
hebverb_180,מות,pa'al,DA_RIVEDERE: die,target,בעתיד · אתה,תמות,תמות,False,,,,,
hebverb_180,מות,pa'al,DA_RIVEDERE: die,target,בעתיד · את,תמותי,תמותי,True,8.17416472,599.7742857142857,0.9428571428571428,478.3636363636364,0.9210526315789473
hebverb_180,מות,pa'al,DA_RIVEDERE: die,target,בעתיד · הוא,ימות,ימות,True,47.0196389,621.9102564102565,0.9743589743589743,449.0967741935484,1.0
hebverb_180,מות,pa'al,DA_RIVEDERE: die,target,בעתיד · היא,תמות,תמות,False,,,,,
hebverb_180,מות,pa'al,DA_RIVEDERE: die,target,בעתיד · אנחנו,נמות,נמות,True,16.28162632,557.7105262894737,0.9210526315789473,,
hebverb_180,מות,pa'al,DA_RIVEDERE: die,target,בעתיד · אתם,תמותו,תמותו,False,,,,,
hebverb_180,מות,pa'al,DA_RIVEDERE: die,target,בעתיד · אתן,תמתנה,תמתנה,False,,,,,
hebverb_180,מות,pa'al,DA_RIVEDERE: die,target,בעתיד · אתן,תמותנה,תמותנה,False,,,,,
hebverb_180,מות,pa'al,DA_RIVEDERE: die,target,בעתיד · הם,ימותו,ימותו,True,22.87310781,602.2157895,0.9736842105263158,,
hebverb_180,מות,pa'al,DA_RIVEDERE: die,target,בעתיד · הן,תמתנה,תמתנה,False,,,,,
hebverb_180,מות,pa'al,DA_RIVEDERE: die,target,בעתיד · הן,תמותנה,תמותנה,False,,,,,
hebverb_181,גוב,hiph'il,"DA_RIVEDERE: respond, react",infinitive,infinitive,להגיב,להגיב,False,,,,,
hebverb_181,גוב,hiph'il,"DA_RIVEDERE: respond, react",present_1,present_1,מגיב,מגיב,False,,,,,
hebverb_181,גוב,hiph'il,"DA_RIVEDERE: respond, react",present_2,present_2,מגיבה,מגיבה,True,5.609126385,571.5026315526316,0.8947368421052632,,
hebverb_181,גוב,hiph'il,"DA_RIVEDERE: respond, react",present_3,present_3,מגיבים,מגיבים,True,7.052339444,537.6305555833334,0.9459459459459459,,
hebverb_181,גוב,hiph'il,"DA_RIVEDERE: respond, react",present_4,present_4,מגיבות,מגיבות,False,,,,,
hebverb_181,גוב,hiph'il,"DA_RIVEDERE: respond, react",target,בעבר · אני,הגבתי,הגבתי,False,,,,,
hebverb_181,גוב,hiph'il,"DA_RIVEDERE: respond, react",target,בעבר · אתה,הגבת,הגבת,False,,,,,
hebverb_181,גוב,hiph'il,"DA_RIVEDERE: respond, react",target,בעבר · את,הגבת,הגבת,False,,,,,
hebverb_181,גוב,hiph'il,"DA_RIVEDERE: respond, react",target,בעבר · הוא,הגיב,הגיב,False,,,,,
hebverb_181,גוב,hiph'il,"DA_RIVEDERE: respond, react",target,בעבר · היא,הגיבה,הגיבה,False,,,,,
hebverb_181,גוב,hiph'il,"DA_RIVEDERE: respond, react",target,בעבר · אנחנו,הגבנו,הגבנו,False,,,,,
hebverb_181,גוב,hiph'il,"DA_RIVEDERE: respond, react",target,בעבר · אתם,הגבתם,הגבתם,False,,,,,
hebverb_181,גוב,hiph'il,"DA_RIVEDERE: respond, react",target,בעבר · אתן,הגבתן,הגבתן,False,,,,,
hebverb_181,גוב,hiph'il,"DA_RIVEDERE: respond, react",target,בעבר · הם,הגיבו,הגיבו,False,,,,,
hebverb_181,גוב,hiph'il,"DA_RIVEDERE: respond, react",target,בעבר · הן,הגיבו,הגיבו,False,,,,,
hebverb_181,גוב,hiph'il,"DA_RIVEDERE: respond, react",target,בעתיד · אני,אגיב,אגיב,False,,,,,
hebverb_181,גוב,hiph'il,"DA_RIVEDERE: respond, react",target,בעתיד · אתה,תגיב,תגיב,False,,,,,
hebverb_181,גוב,hiph'il,"DA_RIVEDERE: respond, react",target,בעתיד · את,תגיבי,תגיבי,False,,,,,
hebverb_181,גוב,hiph'il,"DA_RIVEDERE: respond, react",target,בעתיד · הוא,יגיב,יגיב,True,3.141110775,535.1457142857142,1.0,,
hebverb_181,גוב,hiph'il,"DA_RIVEDERE: respond, react",target,בעתיד · היא,תגיב,תגיב,False,,,,,
hebverb_181,גוב,hiph'il,"DA_RIVEDERE: respond, react",target,בעתיד · אנחנו,נגיב,נגיב,False,,,,,
hebverb_181,גוב,hiph'il,"DA_RIVEDERE: respond, react",target,בעתיד · אתם,תגיבו,תגיבו,False,,,,,
hebverb_181,גוב,hiph'il,"DA_RIVEDERE: respond, react",target,בעתיד · אתן,תגבנה,תגבנה,False,,,,,
hebverb_181,גוב,hiph'il,"DA_RIVEDERE: respond, react",target,בעתיד · הם,יגיבו,יגיבו,False,,,,,
hebverb_181,גוב,hiph'il,"DA_RIVEDERE: respond, react",target,בעתיד · הן,תגבנה,תגבנה,False,,,,,
hebverb_182,פסד,hiph'il,perdere,infinitive,infinitive,להפסיד,להפסיד,False,,,,,
hebverb_182,פסד,hiph'il,perdere,present_1,present_1,מפסיד,מפסיד,False,,,,,
hebverb_182,פסד,hiph'il,perdere,present_2,present_2,מפסידה,מפסידה,False,,,,,
hebverb_182,פסד,hiph'il,perdere,present_3,present_3,מפסידים,מפסידים,False,,,,,
hebverb_182,פסד,hiph'il,perdere,present_4,present_4,מפסידות,מפסידות,False,,,,,
hebverb_182,פסד,hiph'il,perdere,target,בעבר · אני,הפסדתי,הפסדתי,True,9.514291132,547.4864864864865,0.918918918918919,490.90625,1.0
hebverb_182,פסד,hiph'il,perdere,target,בעבר · אתה,הפסדת,הפסדת,False,,,,,
hebverb_182,פסד,hiph'il,perdere,target,בעבר · את,הפסדת,הפסדת,False,,,,,
hebverb_182,פסד,hiph'il,perdere,target,בעבר · הוא,הפסיד,הפסיד,True,7.495005634,545.0472221944444,0.918918918918919,,
hebverb_182,פסד,hiph'il,perdere,target,בעבר · היא,הפסידה,הפסידה,False,,,,,
hebverb_182,פסד,hiph'il,perdere,target,בעבר · אנחנו,הפסדנו,הפסדנו,True,6.154879222,541.9405405405405,0.9459459459459459,488.8235294117647,1.0
hebverb_182,פסד,hiph'il,perdere,target,בעבר · אתם,הפסדתם,הפסדתם,False,,,,,
hebverb_182,פסד,hiph'il,perdere,target,בעבר · אתן,הפסדתן,הפסדתן,False,,,,,
hebverb_182,פסד,hiph'il,perdere,target,בעבר · הם,הפסידו,הפסידו,True,3.523137762,557.9026315789473,0.8947368421052632,,
hebverb_182,פסד,hiph'il,perdere,target,בעבר · הן,הפסידו,הפסידו,True,3.523137762,557.9026315789473,0.8947368421052632,,
hebverb_182,פסד,hiph'il,perdere,target,בעתיד · אני,אפסיד,אפסיד,False,,,,,
hebverb_182,פסד,hiph'il,perdere,target,בעתיד · אתה,תפסיד,תפסיד,False,,,,,
hebverb_182,פסד,hiph'il,perdere,target,בעתיד · את,תפסידי,תפסידי,True,1.522044024,565.5710526315789,0.9473684210526315,,
hebverb_182,פסד,hiph'il,perdere,target,בעתיד · הוא,יפסיד,יפסיד,False,,,,,
hebverb_182,פסד,hiph'il,perdere,target,בעתיד · היא,תפסיד,תפסיד,False,,,,,
hebverb_182,פסד,hiph'il,perdere,target,בעתיד · אנחנו,נפסיד,נפסיד,False,,,,,
hebverb_182,פסד,hiph'il,perdere,target,בעתיד · אתם,תפסידו,תפסידו,False,,,,,
hebverb_182,פסד,hiph'il,perdere,target,בעתיד · אתן,תפסדנה,תפסדנה,False,,,,,
hebverb_182,פסד,hiph'il,perdere,target,בעתיד · הם,יפסידו,יפסידו,False,,,,,
hebverb_182,פסד,hiph'il,perdere,target,בעתיד · הן,תפסדנה,תפסדנה,False,,,,,
hebverb_183,שמש,hitpa'el,usare,infinitive,infinitive,להשתמש,להשתמש,True,233.8550908,608.3058823529412,0.9714285714285714,441.1142857142857,0.9473684210526315
hebverb_183,שמש,hitpa'el,usare,present_1,present_1,משתמש,משתמש,False,,,,,
hebverb_183,שמש,hitpa'el,usare,present_2,present_2,משתמשת,משתמשת,False,,,,,
hebverb_183,שמש,hitpa'el,usare,present_3,present_3,משתמשים,משתמשים,True,54.96337465,542.7837837837837,0.8648648648648649,,
hebverb_183,שמש,hitpa'el,usare,present_4,present_4,משתמשות,משתמשות,False,,,,,
hebverb_183,שמש,hitpa'el,usare,target,בעבר · אני,השתמשתי,השתמשתי,False,,,,,
hebverb_183,שמש,hitpa'el,usare,target,בעבר · אתה,השתמשת,השתמשת,False,,,,,
hebverb_183,שמש,hitpa'el,usare,target,בעבר · את,השתמשת,השתמשת,False,,,,,
hebverb_183,שמש,hitpa'el,usare,target,בעבר · הוא,השתמש,השתמש,False,,,,,
hebverb_183,שמש,hitpa'el,usare,target,בעבר · היא,השתמשה,השתמשה,False,,,,,
hebverb_183,שמש,hitpa'el,usare,target,בעבר · אנחנו,השתמשנו,השתמשנו,False,,,,,
hebverb_183,שמש,hitpa'el,usare,target,בעבר · אתם,השתמשתם,השתמשתם,False,,,,,
hebverb_183,שמש,hitpa'el,usare,target,בעבר · אתן,השתמשתן,השתמשתן,False,,,,,
hebverb_183,שמש,hitpa'el,usare,target,בעבר · הם,השתמשו,השתמשו,True,22.92161917,619.6025641025641,0.925,497.43243243243245,1.0
hebverb_183,שמש,hitpa'el,usare,target,בעבר · הן,השתמשו,השתמשו,True,22.92161917,619.6025641025641,0.925,497.43243243243245,1.0
hebverb_183,שמש,hitpa'el,usare,target,בעתיד · אני,אשתמש,אשתמש,False,,,,,
hebverb_183,שמש,hitpa'el,usare,target,בעתיד · אתה,תשתמש,תשתמש,True,25.94751546,558.4621621621621,0.8918918918918919,,
hebverb_183,שמש,hitpa'el,usare,target,בעתיד · את,תשתמשי,תשתמשי,False,,,,,
hebverb_183,שמש,hitpa'el,usare,target,בעתיד · הוא,ישתמש,ישתמש,False,,,,,
hebverb_183,שמש,hitpa'el,usare,target,בעתיד · היא,תשתמש,תשתמש,True,25.94751546,558.4621621621621,0.8918918918918919,,
hebverb_183,שמש,hitpa'el,usare,target,בעתיד · אנחנו,נשתמש,נשתמש,False,,,,,
hebverb_183,שמש,hitpa'el,usare,target,בעתיד · אתם,תשתמשו,תשתמשו,False,,,,,
hebverb_183,שמש,hitpa'el,usare,target,בעתיד · אתן,תשתמשנה,תשתמשנה,False,,,,,
hebverb_183,שמש,hitpa'el,usare,target,בעתיד · הם,ישתמשו,ישתמשו,False,,,,,
hebverb_183,שמש,hitpa'el,usare,target,בעתיד · הן,תשתמשנה,תשתמשנה,False,,,,,
hebverb_184,אשש,hitpa'el,DA_RIVEDERE: recover,infinitive,infinitive,להתאושש,להתאושש,True,6.621801094,580.3567567567568,0.868421052631579,466.46875,1.0
hebverb_184,אשש,hitpa'el,DA_RIVEDERE: recover,present_1,present_1,מתאושש,מתאושש,False,,,,,
hebverb_184,אשש,hitpa'el,DA_RIVEDERE: recover,present_2,present_2,מתאוששת,מתאוששת,False,,,,,
hebverb_184,אשש,hitpa'el,DA_RIVEDERE: recover,present_3,present_3,מתאוששים,מתאוששים,False,,,,,
hebverb_184,אשש,hitpa'el,DA_RIVEDERE: recover,present_4,present_4,מתאוששות,מתאוששות,False,,,,,
hebverb_184,אשש,hitpa'el,DA_RIVEDERE: recover,target,בעבר · אני,התאוששתי,התאוששתי,False,,,,,
hebverb_184,אשש,hitpa'el,DA_RIVEDERE: recover,target,בעבר · אתה,התאוששת,התאוששת,False,,,,,
hebverb_184,אשש,hitpa'el,DA_RIVEDERE: recover,target,בעבר · את,התאוששת,התאוששת,False,,,,,
hebverb_184,אשש,hitpa'el,DA_RIVEDERE: recover,target,בעבר · הוא,התאושש,התאושש,False,,,,,
hebverb_184,אשש,hitpa'el,DA_RIVEDERE: recover,target,בעבר · היא,התאוששה,התאוששה,False,,,,,
hebverb_184,אשש,hitpa'el,DA_RIVEDERE: recover,target,בעבר · אנחנו,התאוששנו,התאוששנו,False,,,,,
hebverb_184,אשש,hitpa'el,DA_RIVEDERE: recover,target,בעבר · אתם,התאוששתם,התאוששתם,False,,,,,
hebverb_184,אשש,hitpa'el,DA_RIVEDERE: recover,target,בעבר · אתן,התאוששתן,התאוששתן,False,,,,,
hebverb_184,אשש,hitpa'el,DA_RIVEDERE: recover,target,בעבר · הם,התאוששו,התאוששו,False,,,,,
hebverb_184,אשש,hitpa'el,DA_RIVEDERE: recover,target,בעבר · הן,התאוששו,התאוששו,False,,,,,
hebverb_184,אשש,hitpa'el,DA_RIVEDERE: recover,target,בעתיד · אני,אתאושש,אתאושש,False,,,,,
hebverb_184,אשש,hitpa'el,DA_RIVEDERE: recover,target,בעתיד · אתה,תתאושש,תתאושש,False,,,,,
hebverb_184,אשש,hitpa'el,DA_RIVEDERE: recover,target,בעתיד · את,תתאוששי,תתאוששי,False,,,,,
hebverb_184,אשש,hitpa'el,DA_RIVEDERE: recover,target,בעתיד · הוא,יתאושש,יתאושש,False,,,,,
hebverb_184,אשש,hitpa'el,DA_RIVEDERE: recover,target,בעתיד · היא,תתאושש,תתאושש,False,,,,,
hebverb_184,אשש,hitpa'el,DA_RIVEDERE: recover,target,בעתיד · אנחנו,נתאושש,נתאושש,False,,,,,
hebverb_184,אשש,hitpa'el,DA_RIVEDERE: recover,target,בעתיד · אתם,תתאוששו,תתאוששו,False,,,,,
hebverb_184,אשש,hitpa'el,DA_RIVEDERE: recover,target,בעתיד · אתן,תתאוששנה,תתאוששנה,False,,,,,
hebverb_184,אשש,hitpa'el,DA_RIVEDERE: recover,target,בעתיד · הם,יתאוששו,יתאוששו,False,,,,,
hebverb_184,אשש,hitpa'el,DA_RIVEDERE: recover,target,בעתיד · הן,תתאוששנה,תתאוששנה,False,,,,,
hebverb_185,פגש,pa'al,incontrarsi,infinitive,infinitive,לפגוש,לפגוש,False,,,,,
hebverb_185,פגש,pa'al,incontrarsi,present_1,present_1,פוגש,פוגש,True,20.20498283,493.4135135135135,0.8918918918918919,,
hebverb_185,פגש,pa'al,incontrarsi,present_2,present_2,פוגשת,פוגשת,False,,,,,
hebverb_185,פגש,pa'al,incontrarsi,present_3,present_3,פוגשים,פוגשים,True,4.905711616,515.4578947631578,0.8947368421052632,,
hebverb_185,פגש,pa'al,incontrarsi,present_4,present_4,פוגשות,פוגשות,False,,,,,
hebverb_185,פגש,pa'al,incontrarsi,target,בעבר · אני,פגשתי,פגשתי,False,,,,,
hebverb_185,פגש,pa'al,incontrarsi,target,בעבר · אתה,פגשת,פגשת,True,28.96734783,602.5837838108108,0.9459459459459459,,
hebverb_185,פגש,pa'al,incontrarsi,target,בעבר · את,פגשת,פגשת,True,28.96734783,602.5837838108108,0.9459459459459459,,
hebverb_185,פגש,pa'al,incontrarsi,target,בעבר · הוא,פגש,פגש,False,,,,,
hebverb_185,פגש,pa'al,incontrarsi,target,בעבר · היא,פגשה,פגשה,False,,,,,
hebverb_185,פגש,pa'al,incontrarsi,target,בעבר · אנחנו,פגשנו,פגשנו,False,,,,,
hebverb_185,פגש,pa'al,incontrarsi,target,בעבר · אתם,פגשתם,פגשתם,False,,,,,
hebverb_185,פגש,pa'al,incontrarsi,target,בעבר · אתן,פגשתן,פגשתן,False,,,,,
hebverb_185,פגש,pa'al,incontrarsi,target,בעבר · הם,פגשו,פגשו,False,,,,,
hebverb_185,פגש,pa'al,incontrarsi,target,בעבר · הן,פגשו,פגשו,False,,,,,
hebverb_185,פגש,pa'al,incontrarsi,target,בעתיד · אני,אפגוש,אפגוש,True,20.9690368,520.6342105,0.9473684210526315,,
hebverb_185,פגש,pa'al,incontrarsi,target,בעתיד · אני,אפגש,אפגש,False,,,,,
hebverb_185,פגש,pa'al,incontrarsi,target,בעתיד · אתה,תפגוש,תפגוש,False,,,,,
hebverb_185,פגש,pa'al,incontrarsi,target,בעתיד · אתה,תפגש,תפגש,False,,,,,
hebverb_185,פגש,pa'al,incontrarsi,target,בעתיד · את,תפגשי,תפגשי,False,,,,,
hebverb_185,פגש,pa'al,incontrarsi,target,בעתיד · הוא,יפגוש,יפגוש,False,,,,,
hebverb_185,פגש,pa'al,incontrarsi,target,בעתיד · הוא,יפגש,יפגש,False,,,,,
hebverb_185,פגש,pa'al,incontrarsi,target,בעתיד · היא,תפגוש,תפגוש,False,,,,,
hebverb_185,פגש,pa'al,incontrarsi,target,בעתיד · היא,תפגש,תפגש,False,,,,,
hebverb_185,פגש,pa'al,incontrarsi,target,בעתיד · אנחנו,נפגוש,נפגוש,False,,,,,
hebverb_185,פגש,pa'al,incontrarsi,target,בעתיד · אנחנו,נפגש,נפגש,False,,,,,
hebverb_185,פגש,pa'al,incontrarsi,target,בעתיד · אתם,תפגשו,תפגשו,True,2.637805381,580.2473684210527,0.868421052631579,597.3939393939394,0.9696969696969697
hebverb_185,פגש,pa'al,incontrarsi,target,בעתיד · אתן,תפגושנה,תפגושנה,False,,,,,
hebverb_185,פגש,pa'al,incontrarsi,target,בעתיד · אתן,תפגשנה,תפגשנה,False,,,,,
hebverb_185,פגש,pa'al,incontrarsi,target,בעתיד · הם,יפגשו,יפגשו,False,,,,,
hebverb_185,פגש,pa'al,incontrarsi,target,בעתיד · הן,תפגושנה,תפגושנה,False,,,,,
hebverb_185,פגש,pa'al,incontrarsi,target,בעתיד · הן,תפגשנה,תפגשנה,False,,,,,
hebverb_186,עצר,pa'al,DA_RIVEDERE: stop,infinitive,infinitive,לעצור,לעצור,False,,,,,
hebverb_186,עצר,pa'al,DA_RIVEDERE: stop,present_1,present_1,עוצר,עוצר,True,28.39733931,554.0500000000001,0.9210526315789473,,
hebverb_186,עצר,pa'al,DA_RIVEDERE: stop,present_2,present_2,עוצרת,עוצרת,False,,,,,
hebverb_186,עצר,pa'al,DA_RIVEDERE: stop,present_3,present_3,עוצרים,עוצרים,False,,,,,
hebverb_186,עצר,pa'al,DA_RIVEDERE: stop,present_4,present_4,עוצרות,עוצרות,False,,,,,
hebverb_186,עצר,pa'al,DA_RIVEDERE: stop,target,בעבר · אני,עצרתי,עצרתי,False,,,,,
hebverb_186,עצר,pa'al,DA_RIVEDERE: stop,target,בעבר · אתה,עצרת,עצרת,False,,,,,
hebverb_186,עצר,pa'al,DA_RIVEDERE: stop,target,בעבר · את,עצרת,עצרת,False,,,,,
hebverb_186,עצר,pa'al,DA_RIVEDERE: stop,target,בעבר · הוא,עצר,עצר,False,,,,,
hebverb_186,עצר,pa'al,DA_RIVEDERE: stop,target,בעבר · היא,עצרה,עצרה,False,,,,,
hebverb_186,עצר,pa'al,DA_RIVEDERE: stop,target,בעבר · אנחנו,עצרנו,עצרנו,True,9.617377779,617.0975609756098,1.0,464.92105263157896,1.0
hebverb_186,עצר,pa'al,DA_RIVEDERE: stop,target,בעבר · אתם,עצרתם,עצרתם,True,1.958646294,626.12,0.8857142857142857,478.61764705882354,1.0
hebverb_186,עצר,pa'al,DA_RIVEDERE: stop,target,בעבר · אתן,עצרתן,עצרתן,False,,,,,
hebverb_186,עצר,pa'al,DA_RIVEDERE: stop,target,בעבר · הם,עצרו,עצרו,False,,,,,
hebverb_186,עצר,pa'al,DA_RIVEDERE: stop,target,בעבר · הן,עצרו,עצרו,False,,,,,
hebverb_186,עצר,pa'al,DA_RIVEDERE: stop,target,בעתיד · אני,אעצור,אעצור,False,,,,,
hebverb_186,עצר,pa'al,DA_RIVEDERE: stop,target,בעתיד · אני,אעצר,אעצר,False,,,,,
hebverb_186,עצר,pa'al,DA_RIVEDERE: stop,target,בעתיד · אתה,תעצור,תעצור,True,26.43869301,518.3428571428572,0.9166666666666666,455.0625,1.0
hebverb_186,עצר,pa'al,DA_RIVEDERE: stop,target,בעתיד · אתה,תעצר,תעצר,False,,,,,
hebverb_186,עצר,pa'al,DA_RIVEDERE: stop,target,בעתיד · את,תעצרי,תעצרי,False,,,,,
hebverb_186,עצר,pa'al,DA_RIVEDERE: stop,target,בעתיד · הוא,יעצור,יעצור,False,,,,,
hebverb_186,עצר,pa'al,DA_RIVEDERE: stop,target,בעתיד · הוא,יעצר,יעצר,False,,,,,
hebverb_186,עצר,pa'al,DA_RIVEDERE: stop,target,בעתיד · היא,תעצור,תעצור,True,26.43869301,518.3428571428572,0.9166666666666666,455.0625,1.0
hebverb_186,עצר,pa'al,DA_RIVEDERE: stop,target,בעתיד · היא,תעצר,תעצר,False,,,,,
hebverb_186,עצר,pa'al,DA_RIVEDERE: stop,target,בעתיד · אנחנו,נעצור,נעצור,True,16.17853967,584.9100000000001,0.975,461.3939393939394,0.8857142857142857
hebverb_186,עצר,pa'al,DA_RIVEDERE: stop,target,בעתיד · אנחנו,נעצר,נעצר,False,,,,,
hebverb_186,עצר,pa'al,DA_RIVEDERE: stop,target,בעתיד · אתם,תעצרו,תעצרו,False,,,,,
hebverb_186,עצר,pa'al,DA_RIVEDERE: stop,target,בעתיד · אתן,תעצורנה,תעצורנה,False,,,,,
hebverb_186,עצר,pa'al,DA_RIVEDERE: stop,target,בעתיד · אתן,תעצרנה,תעצרנה,False,,,,,
hebverb_186,עצר,pa'al,DA_RIVEDERE: stop,target,בעתיד · הם,יעצרו,יעצרו,False,,,,,
hebverb_186,עצר,pa'al,DA_RIVEDERE: stop,target,בעתיד · הן,תעצורנה,תעצורנה,False,,,,,
hebverb_186,עצר,pa'al,DA_RIVEDERE: stop,target,בעתיד · הן,תעצרנה,תעצרנה,False,,,,,
hebverb_187,שאר,nif'al,"DA_RIVEDERE: stay, remain",infinitive,infinitive,להישאר,להישאר,True,272.8946105,529.7594594594594,0.972972972972973,,
hebverb_187,שאר,nif'al,"DA_RIVEDERE: stay, remain",present_1,present_1,נשאר,נשאר,False,,,,,
hebverb_187,שאר,nif'al,"DA_RIVEDERE: stay, remain",present_2,present_2,נשארת,נשארת,True,33.13326115,570.6342105263159,0.9736842105263158,,
hebverb_187,שאר,nif'al,"DA_RIVEDERE: stay, remain",present_3,present_3,נשארים,נשארים,True,22.70331804,512.8342857142858,0.9714285714285714,491.5,0.9705882352941176
hebverb_187,שאר,nif'al,"DA_RIVEDERE: stay, remain",present_4,present_4,נשארות,נשארות,True,3.092599412,611.8,0.975609756097561,466.76666666666665,1.0
hebverb_187,שאר,nif'al,"DA_RIVEDERE: stay, remain",target,בעבר · אני,נשארתי,נשארתי,True,13.3648806,544.9717948717949,0.9230769230769231,498.4864864864865,1.0
hebverb_187,שאר,nif'al,"DA_RIVEDERE: stay, remain",target,בעבר · אתה,נשארת,נשארת,True,33.13326115,570.6342105263159,0.9736842105263158,,
hebverb_187,שאר,nif'al,"DA_RIVEDERE: stay, remain",target,בעבר · את,נשארת,נשארת,True,33.13326115,570.6342105263159,0.9736842105263158,,
hebverb_187,שאר,nif'al,"DA_RIVEDERE: stay, remain",target,בעבר · הוא,נשאר,נשאר,False,,,,,
hebverb_187,שאר,nif'al,"DA_RIVEDERE: stay, remain",target,בעבר · היא,נשארה,נשארה,False,,,,,
hebverb_187,שאר,nif'al,"DA_RIVEDERE: stay, remain",target,בעבר · אנחנו,נשארנו,נשארנו,False,,,,,
hebverb_187,שאר,nif'al,"DA_RIVEDERE: stay, remain",target,בעבר · אתם,נשארתם,נשארתם,False,,,,,
hebverb_187,שאר,nif'al,"DA_RIVEDERE: stay, remain",target,בעבר · אתן,נשארתן,נשארתן,False,,,,,
hebverb_187,שאר,nif'al,"DA_RIVEDERE: stay, remain",target,בעבר · הם,נשארו,נשארו,True,32.98166314,534.9857142857143,0.9428571428571428,479.3030303030303,0.9117647058823529
hebverb_187,שאר,nif'al,"DA_RIVEDERE: stay, remain",target,בעבר · הן,נשארו,נשארו,True,32.98166314,534.9857142857143,0.9428571428571428,479.3030303030303,0.9117647058823529
hebverb_187,שאר,nif'al,"DA_RIVEDERE: stay, remain",target,בעתיד · אני,אשאר,אשאר,True,33.44858501,570.6025,0.975,,
hebverb_187,שאר,nif'al,"DA_RIVEDERE: stay, remain",target,בעתיד · אתה,תישאר,תישאר,False,,,,,
hebverb_187,שאר,nif'al,"DA_RIVEDERE: stay, remain",target,בעתיד · אתה,תשאר,תשאר,True,15.67523427,571.7951219268292,0.9512195121951219,476.969696969697,0.9736842105263158
hebverb_187,שאר,nif'al,"DA_RIVEDERE: stay, remain",target,בעתיד · את,תישארי,תישארי,True,25.56548847,519.9054054324324,0.972972972972973,,
hebverb_187,שאר,nif'al,"DA_RIVEDERE: stay, remain",target,בעתיד · את,תשארי,תשארי,False,,,,,
hebverb_187,שאר,nif'al,"DA_RIVEDERE: stay, remain",target,בעתיד · הוא,יישאר,יישאר,True,30.25896287,548.3305555555555,0.8888888888888888,495.3142857142857,0.9714285714285714
hebverb_187,שאר,nif'al,"DA_RIVEDERE: stay, remain",target,בעתיד · הוא,ישאר,ישאר,False,,,,,
hebverb_187,שאר,nif'al,"DA_RIVEDERE: stay, remain",target,בעתיד · היא,תישאר,תישאר,False,,,,,
hebverb_187,שאר,nif'al,"DA_RIVEDERE: stay, remain",target,בעתיד · היא,תשאר,תשאר,True,15.67523427,571.7951219268292,0.9512195121951219,476.969696969697,0.9736842105263158
hebverb_187,שאר,nif'al,"DA_RIVEDERE: stay, remain",target,בעתיד · אנחנו,נישאר,נישאר,False,,,,,
hebverb_187,שאר,nif'al,"DA_RIVEDERE: stay, remain",target,בעתיד · אנחנו,נשאר,נשאר,False,,,,,
hebverb_187,שאר,nif'al,"DA_RIVEDERE: stay, remain",target,בעתיד · אתם,תישארו,תישארו,False,,,,,
hebverb_187,שאר,nif'al,"DA_RIVEDERE: stay, remain",target,בעתיד · אתם,תשארו,תשארו,False,,,,,
hebverb_187,שאר,nif'al,"DA_RIVEDERE: stay, remain",target,בעתיד · אתן,תישארנה,תישארנה,False,,,,,
hebverb_187,שאר,nif'al,"DA_RIVEDERE: stay, remain",target,בעתיד · אתן,תשארנה,תשארנה,False,,,,,
hebverb_187,שאר,nif'al,"DA_RIVEDERE: stay, remain",target,בעתיד · הם,יישארו,יישארו,True,10.24196158,642.0540540540541,0.9487179487179487,512.2105263157895,0.9487179487179487
hebverb_187,שאר,nif'al,"DA_RIVEDERE: stay, remain",target,בעתיד · הם,ישארו,ישארו,False,,,,,
hebverb_187,שאר,nif'al,"DA_RIVEDERE: stay, remain",target,בעתיד · הן,תישארנה,תישארנה,False,,,,,
hebverb_187,שאר,nif'al,"DA_RIVEDERE: stay, remain",target,בעתיד · הן,תשארנה,תשארנה,False,,,,,
hebverb_188,בנה,pa'al,DA_RIVEDERE: build,infinitive,infinitive,לבנות,לבנות,True,89.83698096,545.0526316052632,0.9736842105263158,,
hebverb_188,בנה,pa'al,DA_RIVEDERE: build,present_1,present_1,בונה,בונה,False,,,,,
hebverb_188,בנה,pa'al,DA_RIVEDERE: build,present_2,present_2,בונה,בונה,False,,,,,
hebverb_188,בנה,pa'al,DA_RIVEDERE: build,present_3,present_3,בונים,בונים,False,,,,,
hebverb_188,בנה,pa'al,DA_RIVEDERE: build,present_4,present_4,בונות,בונות,False,,,,,
hebverb_188,בנה,pa'al,DA_RIVEDERE: build,target,בעבר · אני,בניתי,בניתי,False,,,,,
hebverb_188,בנה,pa'al,DA_RIVEDERE: build,target,בעבר · אתה,בנית,בנית,False,,,,,
hebverb_188,בנה,pa'al,DA_RIVEDERE: build,target,בעבר · את,בנית,בנית,False,,,,,
hebverb_188,בנה,pa'al,DA_RIVEDERE: build,target,בעבר · הוא,בנה,בנה,False,,,,,
hebverb_188,בנה,pa'al,DA_RIVEDERE: build,target,בעבר · היא,בנתה,בנתה,False,,,,,
hebverb_188,בנה,pa'al,DA_RIVEDERE: build,target,בעבר · אנחנו,בנינו,בנינו,True,12.31582236,593.72,0.9714285714285714,447.35,1.0
hebverb_188,בנה,pa'al,DA_RIVEDERE: build,target,בעבר · אתם,בניתם,בניתם,False,,,,,
hebverb_188,בנה,pa'al,DA_RIVEDERE: build,target,בעבר · אתן,בניתן,בניתן,False,,,,,
hebverb_188,בנה,pa'al,DA_RIVEDERE: build,target,בעבר · הם,בנו,בנו,True,120.0110489,564.2162162162163,0.8918918918918919,,
hebverb_188,בנה,pa'al,DA_RIVEDERE: build,target,בעבר · הן,בנו,בנו,True,120.0110489,564.2162162162163,0.8918918918918919,,
hebverb_188,בנה,pa'al,DA_RIVEDERE: build,target,בעתיד · אני,אבנה,אבנה,False,,,,,
hebverb_188,בנה,pa'al,DA_RIVEDERE: build,target,בעתיד · אתה,תבנה,תבנה,False,,,,,
hebverb_188,בנה,pa'al,DA_RIVEDERE: build,target,בעתיד · את,תבני,תבני,False,,,,,
hebverb_188,בנה,pa'al,DA_RIVEDERE: build,target,בעתיד · הוא,יבנה,יבנה,False,,,,,
hebverb_188,בנה,pa'al,DA_RIVEDERE: build,target,בעתיד · היא,תבנה,תבנה,False,,,,,
hebverb_188,בנה,pa'al,DA_RIVEDERE: build,target,בעתיד · אנחנו,נבנה,נבנה,True,14.65649564,526.627027027027,0.918918918918919,,
hebverb_188,בנה,pa'al,DA_RIVEDERE: build,target,בעתיד · אתם,תבנו,תבנו,False,,,,,
hebverb_188,בנה,pa'al,DA_RIVEDERE: build,target,בעתיד · אתן,תבנינה,תבנינה,False,,,,,
hebverb_188,בנה,pa'al,DA_RIVEDERE: build,target,בעתיד · הם,יבנו,יבנו,False,,,,,
hebverb_188,בנה,pa'al,DA_RIVEDERE: build,target,בעתיד · הן,תבנינה,תבנינה,False,,,,,
hebverb_189,גרם,nif'al,DA_RIVEDERE: caused by,infinitive,infinitive,להגרם,להגרם,False,,,,,
hebverb_189,גרם,nif'al,DA_RIVEDERE: caused by,present_1,present_1,נגרם,נגרם,False,,,,,
hebverb_189,גרם,nif'al,DA_RIVEDERE: caused by,present_2,present_2,נגרמת,נגרמת,False,,,,,
hebverb_189,גרם,nif'al,DA_RIVEDERE: caused by,present_3,present_3,נגרמים,נגרמים,False,,,,,
hebverb_189,גרם,nif'al,DA_RIVEDERE: caused by,present_4,present_4,נגרמות,נגרמות,False,,,,,
hebverb_189,גרם,nif'al,DA_RIVEDERE: caused by,target,בעבר · אני,נגרמתי,נגרמתי,False,,,,,
hebverb_189,גרם,nif'al,DA_RIVEDERE: caused by,target,בעבר · אתה,נגרמת,נגרמת,False,,,,,
hebverb_189,גרם,nif'al,DA_RIVEDERE: caused by,target,בעבר · את,נגרמת,נגרמת,False,,,,,
hebverb_189,גרם,nif'al,DA_RIVEDERE: caused by,target,בעבר · הוא,נגרם,נגרם,False,,,,,
hebverb_189,גרם,nif'al,DA_RIVEDERE: caused by,target,בעבר · היא,נגרמה,נגרמה,False,,,,,
hebverb_189,גרם,nif'al,DA_RIVEDERE: caused by,target,בעבר · אנחנו,נגרמנו,נגרמנו,False,,,,,
hebverb_189,גרם,nif'al,DA_RIVEDERE: caused by,target,בעבר · אתם,נגרמתם,נגרמתם,False,,,,,
hebverb_189,גרם,nif'al,DA_RIVEDERE: caused by,target,בעבר · אתן,נגרמתן,נגרמתן,False,,,,,
hebverb_189,גרם,nif'al,DA_RIVEDERE: caused by,target,בעבר · הם,נגרמו,נגרמו,False,,,,,
hebverb_189,גרם,nif'al,DA_RIVEDERE: caused by,target,בעבר · הן,נגרמו,נגרמו,False,,,,,
hebverb_189,גרם,nif'al,DA_RIVEDERE: caused by,target,בעתיד · אני,אגרם,אגרם,False,,,,,
hebverb_189,גרם,nif'al,DA_RIVEDERE: caused by,target,בעתיד · אתה,תגרם,תגרם,False,,,,,
hebverb_189,גרם,nif'al,DA_RIVEDERE: caused by,target,בעתיד · אתה,תיגרם,תיגרם,False,,,,,
hebverb_189,גרם,nif'al,DA_RIVEDERE: caused by,target,בעתיד · את,תגרמי,תגרמי,True,10.34504823,568.5756756756757,0.868421052631579,481.0,0.9743589743589743
hebverb_189,גרם,nif'al,DA_RIVEDERE: caused by,target,בעתיד · את,תיגרמי,תיגרמי,False,,,,,
hebverb_189,גרם,nif'al,DA_RIVEDERE: caused by,target,בעתיד · הוא,יגרם,יגרם,False,,,,,
hebverb_189,גרם,nif'al,DA_RIVEDERE: caused by,target,בעתיד · הוא,ייגרם,ייגרם,False,,,,,
hebverb_189,גרם,nif'al,DA_RIVEDERE: caused by,target,בעתיד · היא,תגרם,תגרם,False,,,,,
hebverb_189,גרם,nif'al,DA_RIVEDERE: caused by,target,בעתיד · היא,תיגרם,תיגרם,False,,,,,
hebverb_189,גרם,nif'al,DA_RIVEDERE: caused by,target,בעתיד · אנחנו,נגרם,נגרם,False,,,,,
hebverb_189,גרם,nif'al,DA_RIVEDERE: caused by,target,בעתיד · אנחנו,ניגרם,ניגרם,False,,,,,
hebverb_189,גרם,nif'al,DA_RIVEDERE: caused by,target,בעתיד · אתם,תגרמו,תגרמו,False,,,,,
hebverb_189,גרם,nif'al,DA_RIVEDERE: caused by,target,בעתיד · אתם,תיגרמו,תיגרמו,False,,,,,
hebverb_189,גרם,nif'al,DA_RIVEDERE: caused by,target,בעתיד · אתן,תגרמנה,תגרמנה,False,,,,,
hebverb_189,גרם,nif'al,DA_RIVEDERE: caused by,target,בעתיד · אתן,תיגרמנה,תיגרמנה,False,,,,,
hebverb_189,גרם,nif'al,DA_RIVEDERE: caused by,target,בעתיד · הם,יגרמו,יגרמו,True,5.433272693,587.6894736842105,0.9210526315789473,,
hebverb_189,גרם,nif'al,DA_RIVEDERE: caused by,target,בעתיד · הם,ייגרמו,ייגרמו,False,,,,,
hebverb_189,גרם,nif'al,DA_RIVEDERE: caused by,target,בעתיד · הן,תגרמנה,תגרמנה,False,,,,,
hebverb_189,גרם,nif'al,DA_RIVEDERE: caused by,target,בעתיד · הן,תיגרמנה,תיגרמנה,False,,,,,
hebverb_190,חמץ,hiph'il,perdere / mancare,infinitive,infinitive,להחמיץ,להחמיץ,False,,,,,
hebverb_190,חמץ,hiph'il,perdere / mancare,present_1,present_1,מחמיץ,מחמיץ,True,4.026443156,562.5447368421053,0.9473684210526315,494.0967741935484,1.0
hebverb_190,חמץ,hiph'il,perdere / mancare,present_2,present_2,מחמיצה,מחמיצה,True,1.60693891,573.5513513783784,1.0,,
hebverb_190,חמץ,hiph'il,perdere / mancare,present_3,present_3,מחמיצים,מחמיצים,False,,,,,
hebverb_190,חמץ,hiph'il,perdere / mancare,present_4,present_4,מחמיצות,מחמיצות,False,,,,,
hebverb_190,חמץ,hiph'il,perdere / mancare,target,בעבר · אני,החמצתי,החמצתי,False,,,,,
hebverb_190,חמץ,hiph'il,perdere / mancare,target,בעבר · אתה,החמצת,החמצת,False,,,,,
hebverb_190,חמץ,hiph'il,perdere / mancare,target,בעבר · את,החמצת,החמצת,False,,,,,
hebverb_190,חמץ,hiph'il,perdere / mancare,target,בעבר · הוא,החמיץ,החמיץ,True,3.78995026,673.3175,0.975,503.90625,0.9428571428571428
hebverb_190,חמץ,hiph'il,perdere / mancare,target,בעבר · היא,החמיצה,החמיצה,False,,,,,
hebverb_190,חמץ,hiph'il,perdere / mancare,target,בעבר · אנחנו,החמצנו,החמצנו,False,,,,,
hebverb_190,חמץ,hiph'il,perdere / mancare,target,בעבר · אתם,החמצתם,החמצתם,False,,,,,
hebverb_190,חמץ,hiph'il,perdere / mancare,target,בעבר · אתן,החמצתן,החמצתן,False,,,,,
hebverb_190,חמץ,hiph'il,perdere / mancare,target,בעבר · הם,החמיצו,החמיצו,True,0.939907664,581.7615384358975,0.9230769230769231,,
hebverb_190,חמץ,hiph'il,perdere / mancare,target,בעבר · הן,החמיצו,החמיצו,True,0.939907664,581.7615384358975,0.9230769230769231,,
hebverb_190,חמץ,hiph'il,perdere / mancare,target,בעתיד · אני,אחמיץ,אחמיץ,False,,,,,
hebverb_190,חמץ,hiph'il,perdere / mancare,target,בעתיד · אתה,תחמיץ,תחמיץ,False,,,,,
hebverb_190,חמץ,hiph'il,perdere / mancare,target,בעתיד · את,תחמיצי,תחמיצי,False,,,,,
hebverb_190,חמץ,hiph'il,perdere / mancare,target,בעתיד · הוא,יחמיץ,יחמיץ,False,,,,,
hebverb_190,חמץ,hiph'il,perdere / mancare,target,בעתיד · היא,תחמיץ,תחמיץ,False,,,,,
hebverb_190,חמץ,hiph'il,perdere / mancare,target,בעתיד · אנחנו,נחמיץ,נחמיץ,True,1.17033664,634.8578947368421,0.7105263157894737,495.44444444444446,0.9743589743589743
hebverb_190,חמץ,hiph'il,perdere / mancare,target,בעתיד · אתם,תחמיצו,תחמיצו,False,,,,,
hebverb_190,חמץ,hiph'il,perdere / mancare,target,בעתיד · אתן,תחמצנה,תחמצנה,False,,,,,
hebverb_190,חמץ,hiph'il,perdere / mancare,target,בעתיד · הם,יחמיצו,יחמיצו,False,,,,,
hebverb_190,חמץ,hiph'il,perdere / mancare,target,בעתיד · הן,תחמצנה,תחמצנה,False,,,,,
hebverb_191,נפל,pa'al,DA_RIVEDERE: fall,infinitive,infinitive,לפל,לפל,False,,,,,
hebverb_191,נפל,pa'al,DA_RIVEDERE: fall,present_1,present_1,נופל,נופל,False,,,,,
hebverb_191,נפל,pa'al,DA_RIVEDERE: fall,present_2,present_2,נופלת,נופלת,False,,,,,
hebverb_191,נפל,pa'al,DA_RIVEDERE: fall,present_3,present_3,נופלים,נופלים,True,12.83731952,553.9230769230769,0.9487179487179487,491.34375,1.0
hebverb_191,נפל,pa'al,DA_RIVEDERE: fall,present_4,present_4,נופלות,נופלות,False,,,,,
hebverb_191,נפל,pa'al,DA_RIVEDERE: fall,target,בעבר · אני,נפלתי,נפלתי,True,11.0787826,595.7170731707317,0.975609756097561,433.11764705882354,1.0
hebverb_191,נפל,pa'al,DA_RIVEDERE: fall,target,בעבר · אתה,נפלת,נפלת,False,,,,,
hebverb_191,נפל,pa'al,DA_RIVEDERE: fall,target,בעבר · את,נפלת,נפלת,False,,,,,
hebverb_191,נפל,pa'al,DA_RIVEDERE: fall,target,בעבר · הוא,נפל,נפל,True,49.76053093,529.8432432162163,0.9210526315789473,482.40625,1.0
hebverb_191,נפל,pa'al,DA_RIVEDERE: fall,target,בעבר · היא,נפלה,נפלה,False,,,,,
hebverb_191,נפל,pa'al,DA_RIVEDERE: fall,target,בעבר · אנחנו,נפלנו,נפלנו,False,,,,,
hebverb_191,נפל,pa'al,DA_RIVEDERE: fall,target,בעבר · אתם,נפלתם,נפלתם,False,,,,,
hebverb_191,נפל,pa'al,DA_RIVEDERE: fall,target,בעבר · אתן,נפלתן,נפלתן,False,,,,,
hebverb_191,נפל,pa'al,DA_RIVEDERE: fall,target,בעבר · הם,נפלו,נפלו,True,11.88528401,531.4947368421052,0.9210526315789473,,
hebverb_191,נפל,pa'al,DA_RIVEDERE: fall,target,בעבר · הן,נפלו,נפלו,True,11.88528401,531.4947368421052,0.9210526315789473,,
hebverb_191,נפל,pa'al,DA_RIVEDERE: fall,target,בעתיד · אני,אפל,אפל,True,21.19340185,699.7514285714285,0.9714285714285714,,
hebverb_191,נפל,pa'al,DA_RIVEDERE: fall,target,בעתיד · אני,אפול,אפול,False,,,,,
hebverb_191,נפל,pa'al,DA_RIVEDERE: fall,target,בעתיד · אתה,תפל,תפל,False,,,,,
hebverb_191,נפל,pa'al,DA_RIVEDERE: fall,target,בעתיד · אתה,תיפול,תיפול,False,,,,,
hebverb_191,נפל,pa'al,DA_RIVEDERE: fall,target,בעתיד · את,תפלי,תפלי,False,,,,,
hebverb_191,נפל,pa'al,DA_RIVEDERE: fall,target,בעתיד · את,תיפלי,תיפלי,True,0.909588062,628.9828571428571,0.8571428571428571,513.4722222222222,0.9473684210526315
hebverb_191,נפל,pa'al,DA_RIVEDERE: fall,target,בעתיד · הוא,יפל,יפל,False,,,,,
hebverb_191,נפל,pa'al,DA_RIVEDERE: fall,target,בעתיד · הוא,ייפול,ייפול,True,6.870421831,566.1131578947368,0.9210526315789473,522.75,1.0
hebverb_191,נפל,pa'al,DA_RIVEDERE: fall,target,בעתיד · היא,תפל,תפל,False,,,,,
hebverb_191,נפל,pa'al,DA_RIVEDERE: fall,target,בעתיד · היא,תיפול,תיפול,False,,,,,
hebverb_191,נפל,pa'al,DA_RIVEDERE: fall,target,בעתיד · אנחנו,נפל,נפל,True,49.76053093,529.8432432162163,0.9210526315789473,482.40625,1.0
hebverb_191,נפל,pa'al,DA_RIVEDERE: fall,target,בעתיד · אנחנו,ניפול,ניפול,False,,,,,
hebverb_191,נפל,pa'al,DA_RIVEDERE: fall,target,בעתיד · אתם,תפלו,תפלו,False,,,,,
hebverb_191,נפל,pa'al,DA_RIVEDERE: fall,target,בעתיד · אתם,תיפלו,תיפלו,False,,,,,
hebverb_191,נפל,pa'al,DA_RIVEDERE: fall,target,בעתיד · אתן,תפלנה,תפלנה,False,,,,,
hebverb_191,נפל,pa'al,DA_RIVEDERE: fall,target,בעתיד · אתן,תיפולנה,תיפולנה,False,,,,,
hebverb_191,נפל,pa'al,DA_RIVEDERE: fall,target,בעתיד · הם,יפלו,יפלו,False,,,,,
hebverb_191,נפל,pa'al,DA_RIVEDERE: fall,target,בעתיד · הם,ייפלו,ייפלו,False,,,,,
hebverb_191,נפל,pa'al,DA_RIVEDERE: fall,target,בעתיד · הן,תפלנה,תפלנה,False,,,,,
hebverb_191,נפל,pa'al,DA_RIVEDERE: fall,target,בעתיד · הן,תיפולנה,תיפולנה,False,,,,,
hebverb_192,קפץ,pa'al,DA_RIVEDERE: jump,infinitive,infinitive,לקפץ,לקפץ,False,,,,,
hebverb_192,קפץ,pa'al,DA_RIVEDERE: jump,present_1,present_1,קופץ,קופץ,False,,,,,
hebverb_192,קפץ,pa'al,DA_RIVEDERE: jump,present_2,present_2,קופצת,קופצת,False,,,,,
hebverb_192,קפץ,pa'al,DA_RIVEDERE: jump,present_3,present_3,קופצים,קופצים,False,,,,,
hebverb_192,קפץ,pa'al,DA_RIVEDERE: jump,present_4,present_4,קופצות,קופצות,True,1.31587073,599.4945945405404,0.8648648648648649,,
hebverb_192,קפץ,pa'al,DA_RIVEDERE: jump,target,בעבר · אני,קפצתי,קפצתי,False,,,,,
hebverb_192,קפץ,pa'al,DA_RIVEDERE: jump,target,בעבר · אתה,קפצת,קפצת,False,,,,,
hebverb_192,קפץ,pa'al,DA_RIVEDERE: jump,target,בעבר · את,קפצת,קפצת,False,,,,,
hebverb_192,קפץ,pa'al,DA_RIVEDERE: jump,target,בעבר · הוא,קפץ,קפץ,True,16.62120586,549.9054054054054,0.8648648648648649,530.7575757575758,0.9705882352941176
hebverb_192,קפץ,pa'al,DA_RIVEDERE: jump,target,בעבר · היא,קפצה,קפצה,True,6.239774108,595.7351351621622,0.972972972972973,,
hebverb_192,קפץ,pa'al,DA_RIVEDERE: jump,target,בעבר · אנחנו,קפצנו,קפצנו,False,,,,,
hebverb_192,קפץ,pa'al,DA_RIVEDERE: jump,target,בעבר · אתם,קפצתם,קפצתם,False,,,,,
hebverb_192,קפץ,pa'al,DA_RIVEDERE: jump,target,בעבר · אתן,קפצתן,קפצתן,False,,,,,
hebverb_192,קפץ,pa'al,DA_RIVEDERE: jump,target,בעבר · הם,קפצו,קפצו,False,,,,,
hebverb_192,קפץ,pa'al,DA_RIVEDERE: jump,target,בעבר · הן,קפצו,קפצו,False,,,,,
hebverb_192,קפץ,pa'al,DA_RIVEDERE: jump,target,בעתיד · אני,אקפץ,אקפץ,False,,,,,
hebverb_192,קפץ,pa'al,DA_RIVEDERE: jump,target,בעתיד · אני,אקפוץ,אקפוץ,True,7.015955921,571.2578947368421,0.8947368421052632,505.13513513513516,1.0
hebverb_192,קפץ,pa'al,DA_RIVEDERE: jump,target,בעתיד · אתה,תקפץ,תקפץ,False,,,,,
hebverb_192,קפץ,pa'al,DA_RIVEDERE: jump,target,בעתיד · אתה,תקפוץ,תקפוץ,False,,,,,
hebverb_192,קפץ,pa'al,DA_RIVEDERE: jump,target,בעתיד · את,תקפצי,תקפצי,True,3.183558218,562.7085714285714,0.9428571428571428,509.48387096774195,0.8421052631578947
hebverb_192,קפץ,pa'al,DA_RIVEDERE: jump,target,בעתיד · הוא,יקפץ,יקפץ,False,,,,,
hebverb_192,קפץ,pa'al,DA_RIVEDERE: jump,target,בעתיד · הוא,יקפוץ,יקפוץ,False,,,,,
hebverb_192,קפץ,pa'al,DA_RIVEDERE: jump,target,בעתיד · היא,תקפץ,תקפץ,False,,,,,
hebverb_192,קפץ,pa'al,DA_RIVEDERE: jump,target,בעתיד · היא,תקפוץ,תקפוץ,False,,,,,
hebverb_192,קפץ,pa'al,DA_RIVEDERE: jump,target,בעתיד · אנחנו,נקפץ,נקפץ,False,,,,,
hebverb_192,קפץ,pa'al,DA_RIVEDERE: jump,target,בעתיד · אנחנו,נקפוץ,נקפוץ,False,,,,,
hebverb_192,קפץ,pa'al,DA_RIVEDERE: jump,target,בעתיד · אתם,תקפצו,תקפצו,False,,,,,
hebverb_192,קפץ,pa'al,DA_RIVEDERE: jump,target,בעתיד · אתן,תקפצנה,תקפצנה,False,,,,,
hebverb_192,קפץ,pa'al,DA_RIVEDERE: jump,target,בעתיד · אתן,תקפוצנה,תקפוצנה,False,,,,,
hebverb_192,קפץ,pa'al,DA_RIVEDERE: jump,target,בעתיד · הם,יקפצו,יקפצו,False,,,,,
hebverb_192,קפץ,pa'al,DA_RIVEDERE: jump,target,בעתיד · הן,תקפצנה,תקפצנה,False,,,,,
hebverb_192,קפץ,pa'al,DA_RIVEDERE: jump,target,בעתיד · הן,תקפוצנה,תקפוצנה,False,,,,,
hebverb_193,קלח,hitpa'el,DA_RIVEDERE: shower,infinitive,infinitive,להתקלח,להתקלח,False,,,,,
hebverb_193,קלח,hitpa'el,DA_RIVEDERE: shower,present_1,present_1,מתקלח,מתקלח,False,,,,,
hebverb_193,קלח,hitpa'el,DA_RIVEDERE: shower,present_2,present_2,מתקלחת,מתקלחת,False,,,,,
hebverb_193,קלח,hitpa'el,DA_RIVEDERE: shower,present_3,present_3,מתקלחים,מתקלחים,False,,,,,
hebverb_193,קלח,hitpa'el,DA_RIVEDERE: shower,present_4,present_4,מתקלחות,מתקלחות,False,,,,,
hebverb_193,קלח,hitpa'el,DA_RIVEDERE: shower,target,בעבר · אני,התקלחתי,התקלחתי,False,,,,,
hebverb_193,קלח,hitpa'el,DA_RIVEDERE: shower,target,בעבר · אתה,התקלחת,התקלחת,False,,,,,
hebverb_193,קלח,hitpa'el,DA_RIVEDERE: shower,target,בעבר · את,התקלחת,התקלחת,False,,,,,
hebverb_193,קלח,hitpa'el,DA_RIVEDERE: shower,target,בעבר · הוא,התקלח,התקלח,False,,,,,
hebverb_193,קלח,hitpa'el,DA_RIVEDERE: shower,target,בעבר · היא,התקלחה,התקלחה,False,,,,,
hebverb_193,קלח,hitpa'el,DA_RIVEDERE: shower,target,בעבר · אנחנו,התקלחנו,התקלחנו,False,,,,,
hebverb_193,קלח,hitpa'el,DA_RIVEDERE: shower,target,בעבר · אתם,התקלחתם,התקלחתם,False,,,,,
hebverb_193,קלח,hitpa'el,DA_RIVEDERE: shower,target,בעבר · אתן,התקלחתן,התקלחתן,False,,,,,
hebverb_193,קלח,hitpa'el,DA_RIVEDERE: shower,target,בעבר · הם,התקלחו,התקלחו,False,,,,,
hebverb_193,קלח,hitpa'el,DA_RIVEDERE: shower,target,בעבר · הן,התקלחו,התקלחו,False,,,,,
hebverb_193,קלח,hitpa'el,DA_RIVEDERE: shower,target,בעתיד · אני,אתקלח,אתקלח,False,,,,,
hebverb_193,קלח,hitpa'el,DA_RIVEDERE: shower,target,בעתיד · אתה,תתקלח,תתקלח,True,1.042994312,649.1,0.8947368421052632,,
hebverb_193,קלח,hitpa'el,DA_RIVEDERE: shower,target,בעתיד · את,תתקלחי,תתקלחי,False,,,,,
hebverb_193,קלח,hitpa'el,DA_RIVEDERE: shower,target,בעתיד · הוא,יתקלח,יתקלח,False,,,,,
hebverb_193,קלח,hitpa'el,DA_RIVEDERE: shower,target,בעתיד · היא,תתקלח,תתקלח,True,1.042994312,649.1,0.8947368421052632,,
hebverb_193,קלח,hitpa'el,DA_RIVEDERE: shower,target,בעתיד · אנחנו,נתקלח,נתקלח,False,,,,,
hebverb_193,קלח,hitpa'el,DA_RIVEDERE: shower,target,בעתיד · אתם,תתקלחו,תתקלחו,False,,,,,
hebverb_193,קלח,hitpa'el,DA_RIVEDERE: shower,target,בעתיד · אתן,תתקלחנה,תתקלחנה,False,,,,,
hebverb_193,קלח,hitpa'el,DA_RIVEDERE: shower,target,בעתיד · הם,יתקלחו,יתקלחו,False,,,,,
hebverb_193,קלח,hitpa'el,DA_RIVEDERE: shower,target,בעתיד · הן,תתקלחנה,תתקלחנה,False,,,,,
hebverb_194,גלח,hitpa'el,radere,infinitive,infinitive,להתגלח,להתגלח,False,,,,,
hebverb_194,גלח,hitpa'el,radere,present_1,present_1,מתגלח,מתגלח,False,,,,,
hebverb_194,גלח,hitpa'el,radere,present_2,present_2,מתגלחת,מתגלחת,False,,,,,
hebverb_194,גלח,hitpa'el,radere,present_3,present_3,מתגלחים,מתגלחים,False,,,,,
hebverb_194,גלח,hitpa'el,radere,present_4,present_4,מתגלחות,מתגלחות,False,,,,,
hebverb_194,גלח,hitpa'el,radere,target,בעבר · אני,התגלחתי,התגלחתי,False,,,,,
hebverb_194,גלח,hitpa'el,radere,target,בעבר · אתה,התגלחת,התגלחת,False,,,,,
hebverb_194,גלח,hitpa'el,radere,target,בעבר · את,התגלחת,התגלחת,False,,,,,
hebverb_194,גלח,hitpa'el,radere,target,בעבר · הוא,התגלח,התגלח,False,,,,,
hebverb_194,גלח,hitpa'el,radere,target,בעבר · היא,התגלחה,התגלחה,False,,,,,
hebverb_194,גלח,hitpa'el,radere,target,בעבר · אנחנו,התגלחנו,התגלחנו,False,,,,,
hebverb_194,גלח,hitpa'el,radere,target,בעבר · אתם,התגלחתם,התגלחתם,False,,,,,
hebverb_194,גלח,hitpa'el,radere,target,בעבר · אתן,התגלחתן,התגלחתן,False,,,,,
hebverb_194,גלח,hitpa'el,radere,target,בעבר · הם,התגלחו,התגלחו,False,,,,,
hebverb_194,גלח,hitpa'el,radere,target,בעבר · הן,התגלחו,התגלחו,False,,,,,
hebverb_194,גלח,hitpa'el,radere,target,בעתיד · אני,אתגלח,אתגלח,False,,,,,
hebverb_194,גלח,hitpa'el,radere,target,בעתיד · אתה,תתגלח,תתגלח,False,,,,,
hebverb_194,גלח,hitpa'el,radere,target,בעתיד · את,תתגלחי,תתגלחי,False,,,,,
hebverb_194,גלח,hitpa'el,radere,target,בעתיד · הוא,יתגלח,יתגלח,False,,,,,
hebverb_194,גלח,hitpa'el,radere,target,בעתיד · היא,תתגלח,תתגלח,False,,,,,
hebverb_194,גלח,hitpa'el,radere,target,בעתיד · אנחנו,נתגלח,נתגלח,False,,,,,
hebverb_194,גלח,hitpa'el,radere,target,בעתיד · אתם,תתגלחו,תתגלחו,False,,,,,
hebverb_194,גלח,hitpa'el,radere,target,בעתיד · אתן,תתגלחנה,תתגלחנה,False,,,,,
hebverb_194,גלח,hitpa'el,radere,target,בעתיד · הם,יתגלחו,יתגלחו,False,,,,,
hebverb_194,גלח,hitpa'el,radere,target,בעתיד · הן,תתגלחנה,תתגלחנה,False,,,,,
hebverb_195,ספר,hitpa'el,DA_RIVEDERE: get haircut,infinitive,infinitive,להסתפר,להסתפר,False,,,,,
hebverb_195,ספר,hitpa'el,DA_RIVEDERE: get haircut,present_1,present_1,מסתפר,מסתפר,False,,,,,
hebverb_195,ספר,hitpa'el,DA_RIVEDERE: get haircut,present_2,present_2,מסתפרת,מסתפרת,False,,,,,
hebverb_195,ספר,hitpa'el,DA_RIVEDERE: get haircut,present_3,present_3,מסתפרים,מסתפרים,False,,,,,
hebverb_195,ספר,hitpa'el,DA_RIVEDERE: get haircut,present_4,present_4,מסתפרות,מסתפרות,False,,,,,
hebverb_195,ספר,hitpa'el,DA_RIVEDERE: get haircut,target,בעבר · אני,הסתפרתי,הסתפרתי,False,,,,,
hebverb_195,ספר,hitpa'el,DA_RIVEDERE: get haircut,target,בעבר · אתה,הסתפרת,הסתפרת,False,,,,,
hebverb_195,ספר,hitpa'el,DA_RIVEDERE: get haircut,target,בעבר · את,הסתפרת,הסתפרת,False,,,,,
hebverb_195,ספר,hitpa'el,DA_RIVEDERE: get haircut,target,בעבר · הוא,הסתפר,הסתפר,False,,,,,
hebverb_195,ספר,hitpa'el,DA_RIVEDERE: get haircut,target,בעבר · היא,הסתפרה,הסתפרה,False,,,,,
hebverb_195,ספר,hitpa'el,DA_RIVEDERE: get haircut,target,בעבר · אנחנו,הסתפרנו,הסתפרנו,False,,,,,
hebverb_195,ספר,hitpa'el,DA_RIVEDERE: get haircut,target,בעבר · אתם,הסתפרתם,הסתפרתם,False,,,,,
hebverb_195,ספר,hitpa'el,DA_RIVEDERE: get haircut,target,בעבר · אתן,הסתפרתן,הסתפרתן,False,,,,,
hebverb_195,ספר,hitpa'el,DA_RIVEDERE: get haircut,target,בעבר · הם,הסתפרו,הסתפרו,False,,,,,
hebverb_195,ספר,hitpa'el,DA_RIVEDERE: get haircut,target,בעבר · הן,הסתפרו,הסתפרו,False,,,,,
hebverb_195,ספר,hitpa'el,DA_RIVEDERE: get haircut,target,בעתיד · אני,אסתפר,אסתפר,False,,,,,
hebverb_195,ספר,hitpa'el,DA_RIVEDERE: get haircut,target,בעתיד · אתה,תסתפר,תסתפר,False,,,,,
hebverb_195,ספר,hitpa'el,DA_RIVEDERE: get haircut,target,בעתיד · את,תסתפרי,תסתפרי,False,,,,,
hebverb_195,ספר,hitpa'el,DA_RIVEDERE: get haircut,target,בעתיד · הוא,יסתפר,יסתפר,False,,,,,
hebverb_195,ספר,hitpa'el,DA_RIVEDERE: get haircut,target,בעתיד · היא,תסתפר,תסתפר,False,,,,,
hebverb_195,ספר,hitpa'el,DA_RIVEDERE: get haircut,target,בעתיד · אנחנו,נסתפר,נסתפר,False,,,,,
hebverb_195,ספר,hitpa'el,DA_RIVEDERE: get haircut,target,בעתיד · אתם,תסתפרו,תסתפרו,False,,,,,
hebverb_195,ספר,hitpa'el,DA_RIVEDERE: get haircut,target,בעתיד · אתן,תסתפרנה,תסתפרנה,False,,,,,
hebverb_195,ספר,hitpa'el,DA_RIVEDERE: get haircut,target,בעתיד · הם,יסתפרו,יסתפרו,False,,,,,
hebverb_195,ספר,hitpa'el,DA_RIVEDERE: get haircut,target,בעתיד · הן,תסתפרנה,תסתפרנה,False,,,,,
hebverb_196,סכל,hitpa'el,DA_RIVEDERE: look,infinitive,infinitive,להסתכל,להסתכל,True,112.7889197,537.1028571428571,0.9142857142857143,434.9117647058824,1.0
hebverb_196,סכל,hitpa'el,DA_RIVEDERE: look,present_1,present_1,מסתכל,מסתכל,False,,,,,
hebverb_196,סכל,hitpa'el,DA_RIVEDERE: look,present_2,present_2,מסתכלת,מסתכלת,False,,,,,
hebverb_196,סכל,hitpa'el,DA_RIVEDERE: look,present_3,present_3,מסתכלים,מסתכלים,True,29.7617214,602.5131578947369,1.0,,
hebverb_196,סכל,hitpa'el,DA_RIVEDERE: look,present_4,present_4,מסתכלות,מסתכלות,False,,,,,
hebverb_196,סכל,hitpa'el,DA_RIVEDERE: look,target,בעבר · אני,הסתכלתי,הסתכלתי,True,26.57209926,602.4526315526316,0.9736842105263158,,
hebverb_196,סכל,hitpa'el,DA_RIVEDERE: look,target,בעבר · אתה,הסתכלת,הסתכלת,True,10.76345874,605.0742857142857,0.9428571428571428,528.6060606060606,1.0
hebverb_196,סכל,hitpa'el,DA_RIVEDERE: look,target,בעבר · את,הסתכלת,הסתכלת,True,10.76345874,605.0742857142857,0.9428571428571428,528.6060606060606,1.0
hebverb_196,סכל,hitpa'el,DA_RIVEDERE: look,target,בעבר · הוא,הסתכל,הסתכל,True,27.22700267,608.1657142857142,0.9428571428571428,,
hebverb_196,סכל,hitpa'el,DA_RIVEDERE: look,target,בעבר · היא,הסתכלה,הסתכלה,False,,,,,
hebverb_196,סכל,hitpa'el,DA_RIVEDERE: look,target,בעבר · אנחנו,הסתכלנו,הסתכלנו,False,,,,,
hebverb_196,סכל,hitpa'el,DA_RIVEDERE: look,target,בעבר · אתם,הסתכלתם,הסתכלתם,False,,,,,
hebverb_196,סכל,hitpa'el,DA_RIVEDERE: look,target,בעבר · אתן,הסתכלתן,הסתכלתן,False,,,,,
hebverb_196,סכל,hitpa'el,DA_RIVEDERE: look,target,בעבר · הם,הסתכלו,הסתכלו,False,,,,,
hebverb_196,סכל,hitpa'el,DA_RIVEDERE: look,target,בעבר · הן,הסתכלו,הסתכלו,False,,,,,
hebverb_196,סכל,hitpa'el,DA_RIVEDERE: look,target,בעתיד · אני,אסתכל,אסתכל,False,,,,,
hebverb_196,סכל,hitpa'el,DA_RIVEDERE: look,target,בעתיד · אתה,תסתכל,תסתכל,True,103.1109027,559.82,1.0,505.45714285714286,0.9736842105263158
hebverb_196,סכל,hitpa'el,DA_RIVEDERE: look,target,בעתיד · את,תסתכלי,תסתכלי,False,,,,,
hebverb_196,סכל,hitpa'el,DA_RIVEDERE: look,target,בעתיד · הוא,יסתכל,יסתכל,True,6.106367859,537.6166666666667,0.9166666666666666,510.84375,0.9696969696969697
hebverb_196,סכל,hitpa'el,DA_RIVEDERE: look,target,בעתיד · היא,תסתכל,תסתכל,True,103.1109027,559.82,1.0,505.45714285714286,0.9736842105263158
hebverb_196,סכל,hitpa'el,DA_RIVEDERE: look,target,בעתיד · אנחנו,נסתכל,נסתכל,False,,,,,
hebverb_196,סכל,hitpa'el,DA_RIVEDERE: look,target,בעתיד · אתם,תסתכלו,תסתכלו,False,,,,,
hebverb_196,סכל,hitpa'el,DA_RIVEDERE: look,target,בעתיד · אתן,תסתכלנה,תסתכלנה,False,,,,,
hebverb_196,סכל,hitpa'el,DA_RIVEDERE: look,target,בעתיד · הם,יסתכלו,יסתכלו,False,,,,,
hebverb_196,סכל,hitpa'el,DA_RIVEDERE: look,target,בעתיד · הן,תסתכלנה,תסתכלנה,False,,,,,
hebverb_197,קשר,hitpa'el,DA_RIVEDERE: call,infinitive,infinitive,להתקשר,להתקשר,True,156.200526,558.1783784054054,0.918918918918919,,
hebverb_197,קשר,hitpa'el,DA_RIVEDERE: call,present_1,present_1,מתקשר,מתקשר,True,52.47716728,566.4314285714287,0.9428571428571428,,
hebverb_197,קשר,hitpa'el,DA_RIVEDERE: call,present_2,present_2,מתקשרת,מתקשרת,False,,,,,
hebverb_197,קשר,hitpa'el,DA_RIVEDERE: call,present_3,present_3,מתקשרים,מתקשרים,False,,,,,
hebverb_197,קשר,hitpa'el,DA_RIVEDERE: call,present_4,present_4,מתקשרות,מתקשרות,True,0.939907664,696.3027027027027,0.9210526315789473,,
hebverb_197,קשר,hitpa'el,DA_RIVEDERE: call,target,בעבר · אני,התקשרתי,התקשרתי,False,,,,,
hebverb_197,קשר,hitpa'el,DA_RIVEDERE: call,target,בעבר · אתה,התקשרת,התקשרת,True,23.82514331,747.2529411764706,0.9142857142857143,536.3,0.9722222222222222
hebverb_197,קשר,hitpa'el,DA_RIVEDERE: call,target,בעבר · את,התקשרת,התקשרת,True,23.82514331,747.2529411764706,0.9142857142857143,536.3,0.9722222222222222
hebverb_197,קשר,hitpa'el,DA_RIVEDERE: call,target,בעבר · הוא,התקשר,התקשר,True,77.00572536,567.2771428571428,0.9428571428571428,524.15625,0.9705882352941176
hebverb_197,קשר,hitpa'el,DA_RIVEDERE: call,target,בעבר · היא,התקשרה,התקשרה,True,33.01804666,598.8771428571429,0.9444444444444444,555.3823529411765,0.9714285714285714
hebverb_197,קשר,hitpa'el,DA_RIVEDERE: call,target,בעבר · אנחנו,התקשרנו,התקשרנו,False,,,,,
hebverb_197,קשר,hitpa'el,DA_RIVEDERE: call,target,בעבר · אתם,התקשרתם,התקשרתם,False,,,,,
hebverb_197,קשר,hitpa'el,DA_RIVEDERE: call,target,בעבר · אתן,התקשרתן,התקשרתן,False,,,,,
hebverb_197,קשר,hitpa'el,DA_RIVEDERE: call,target,בעבר · הם,התקשרו,התקשרו,False,,,,,
hebverb_197,קשר,hitpa'el,DA_RIVEDERE: call,target,בעבר · הן,התקשרו,התקשרו,False,,,,,
hebverb_197,קשר,hitpa'el,DA_RIVEDERE: call,target,בעתיד · אני,אתקשר,אתקשר,False,,,,,
hebverb_197,קשר,hitpa'el,DA_RIVEDERE: call,target,בעתיד · אתה,תתקשר,תתקשר,False,,,,,
hebverb_197,קשר,hitpa'el,DA_RIVEDERE: call,target,בעתיד · את,תתקשרי,תתקשרי,False,,,,,
hebverb_197,קשר,hitpa'el,DA_RIVEDERE: call,target,בעתיד · הוא,יתקשר,יתקשר,False,,,,,
hebverb_197,קשר,hitpa'el,DA_RIVEDERE: call,target,בעתיד · היא,תתקשר,תתקשר,False,,,,,
hebverb_197,קשר,hitpa'el,DA_RIVEDERE: call,target,בעתיד · אנחנו,נתקשר,נתקשר,False,,,,,
hebverb_197,קשר,hitpa'el,DA_RIVEDERE: call,target,בעתיד · אתם,תתקשרו,תתקשרו,False,,,,,
hebverb_197,קשר,hitpa'el,DA_RIVEDERE: call,target,בעתיד · אתן,תתקשרנה,תתקשרנה,False,,,,,
hebverb_197,קשר,hitpa'el,DA_RIVEDERE: call,target,בעתיד · הם,יתקשרו,יתקשרו,False,,,,,
hebverb_197,קשר,hitpa'el,DA_RIVEDERE: call,target,בעתיד · הן,תתקשרנה,תתקשרנה,False,,,,,
hebverb_198,חזק,hitpa'el,DA_RIVEDERE: get stronger,infinitive,infinitive,להתחזק,להתחזק,False,,,,,
hebverb_198,חזק,hitpa'el,DA_RIVEDERE: get stronger,present_1,present_1,מתחזק,מתחזק,False,,,,,
hebverb_198,חזק,hitpa'el,DA_RIVEDERE: get stronger,present_2,present_2,מתחזקת,מתחזקת,False,,,,,
hebverb_198,חזק,hitpa'el,DA_RIVEDERE: get stronger,present_3,present_3,מתחזקים,מתחזקים,False,,,,,
hebverb_198,חזק,hitpa'el,DA_RIVEDERE: get stronger,present_4,present_4,מתחזקות,מתחזקות,False,,,,,
hebverb_198,חזק,hitpa'el,DA_RIVEDERE: get stronger,target,בעבר · אני,התחזקתי,התחזקתי,False,,,,,
hebverb_198,חזק,hitpa'el,DA_RIVEDERE: get stronger,target,בעבר · אתה,התחזקת,התחזקת,False,,,,,
hebverb_198,חזק,hitpa'el,DA_RIVEDERE: get stronger,target,בעבר · את,התחזקת,התחזקת,False,,,,,
hebverb_198,חזק,hitpa'el,DA_RIVEDERE: get stronger,target,בעבר · הוא,התחזק,התחזק,False,,,,,
hebverb_198,חזק,hitpa'el,DA_RIVEDERE: get stronger,target,בעבר · היא,התחזקה,התחזקה,False,,,,,
hebverb_198,חזק,hitpa'el,DA_RIVEDERE: get stronger,target,בעבר · אנחנו,התחזקנו,התחזקנו,False,,,,,
hebverb_198,חזק,hitpa'el,DA_RIVEDERE: get stronger,target,בעבר · אתם,התחזקתם,התחזקתם,False,,,,,
hebverb_198,חזק,hitpa'el,DA_RIVEDERE: get stronger,target,בעבר · אתן,התחזקתן,התחזקתן,False,,,,,
hebverb_198,חזק,hitpa'el,DA_RIVEDERE: get stronger,target,בעבר · הם,התחזקו,התחזקו,False,,,,,
hebverb_198,חזק,hitpa'el,DA_RIVEDERE: get stronger,target,בעבר · הן,התחזקו,התחזקו,False,,,,,
hebverb_198,חזק,hitpa'el,DA_RIVEDERE: get stronger,target,בעתיד · אני,אתחזק,אתחזק,False,,,,,
hebverb_198,חזק,hitpa'el,DA_RIVEDERE: get stronger,target,בעתיד · אתה,תתחזק,תתחזק,False,,,,,
hebverb_198,חזק,hitpa'el,DA_RIVEDERE: get stronger,target,בעתיד · את,תתחזקי,תתחזקי,False,,,,,
hebverb_198,חזק,hitpa'el,DA_RIVEDERE: get stronger,target,בעתיד · הוא,יתחזק,יתחזק,False,,,,,
hebverb_198,חזק,hitpa'el,DA_RIVEDERE: get stronger,target,בעתיד · היא,תתחזק,תתחזק,False,,,,,
hebverb_198,חזק,hitpa'el,DA_RIVEDERE: get stronger,target,בעתיד · אנחנו,נתחזק,נתחזק,False,,,,,
hebverb_198,חזק,hitpa'el,DA_RIVEDERE: get stronger,target,בעתיד · אתם,תתחזקו,תתחזקו,False,,,,,
hebverb_198,חזק,hitpa'el,DA_RIVEDERE: get stronger,target,בעתיד · אתן,תתחזקנה,תתחזקנה,False,,,,,
hebverb_198,חזק,hitpa'el,DA_RIVEDERE: get stronger,target,בעתיד · הם,יתחזקו,יתחזקו,False,,,,,
hebverb_198,חזק,hitpa'el,DA_RIVEDERE: get stronger,target,בעתיד · הן,תתחזקנה,תתחזקנה,False,,,,,
hebverb_199,אמן,hitpa'el,"DA_RIVEDERE: train, practice",infinitive,infinitive,להתאמן,להתאמן,False,,,,,
hebverb_199,אמן,hitpa'el,"DA_RIVEDERE: train, practice",present_1,present_1,מתאמן,מתאמן,True,10.21164198,595.6945945945946,0.9459459459459459,,
hebverb_199,אמן,hitpa'el,"DA_RIVEDERE: train, practice",present_2,present_2,מתאמנת,מתאמנת,False,,,,,
hebverb_199,אמן,hitpa'el,"DA_RIVEDERE: train, practice",present_3,present_3,מתאמנים,מתאמנים,False,,,,,
hebverb_199,אמן,hitpa'el,"DA_RIVEDERE: train, practice",present_4,present_4,מתאמנות,מתאמנות,False,,,,,
hebverb_199,אמן,hitpa'el,"DA_RIVEDERE: train, practice",target,בעבר · אני,התאמנתי,התאמנתי,False,,,,,
hebverb_199,אמן,hitpa'el,"DA_RIVEDERE: train, practice",target,בעבר · אתה,התאמנת,התאמנת,False,,,,,
hebverb_199,אמן,hitpa'el,"DA_RIVEDERE: train, practice",target,בעבר · את,התאמנת,התאמנת,False,,,,,
hebverb_199,אמן,hitpa'el,"DA_RIVEDERE: train, practice",target,בעבר · הוא,התאמן,התאמן,True,2.079924703,619.2236842105264,0.9473684210526315,486.48387096774195,1.0
hebverb_199,אמן,hitpa'el,"DA_RIVEDERE: train, practice",target,בעבר · היא,התאמנה,התאמנה,False,,,,,
hebverb_199,אמן,hitpa'el,"DA_RIVEDERE: train, practice",target,בעבר · אנחנו,התאמנו,התאמנו,True,3.001640606,658.4027027297298,0.8648648648648649,,
hebverb_199,אמן,hitpa'el,"DA_RIVEDERE: train, practice",target,בעבר · אתם,התאמנתם,התאמנתם,False,,,,,
hebverb_199,אמן,hitpa'el,"DA_RIVEDERE: train, practice",target,בעבר · אתן,התאמנתן,התאמנתן,False,,,,,
hebverb_199,אמן,hitpa'el,"DA_RIVEDERE: train, practice",target,בעבר · הם,התאמנו,התאמנו,True,3.001640606,658.4027027297298,0.8648648648648649,,
hebverb_199,אמן,hitpa'el,"DA_RIVEDERE: train, practice",target,בעבר · הן,התאמנו,התאמנו,True,3.001640606,658.4027027297298,0.8648648648648649,,
hebverb_199,אמן,hitpa'el,"DA_RIVEDERE: train, practice",target,בעתיד · אני,אתאמן,אתאמן,False,,,,,
hebverb_199,אמן,hitpa'el,"DA_RIVEDERE: train, practice",target,בעתיד · אתה,תתאמן,תתאמן,False,,,,,
hebverb_199,אמן,hitpa'el,"DA_RIVEDERE: train, practice",target,בעתיד · את,תתאמני,תתאמני,False,,,,,
hebverb_199,אמן,hitpa'el,"DA_RIVEDERE: train, practice",target,בעתיד · הוא,יתאמן,יתאמן,False,,,,,
hebverb_199,אמן,hitpa'el,"DA_RIVEDERE: train, practice",target,בעתיד · היא,תתאמן,תתאמן,False,,,,,
hebverb_199,אמן,hitpa'el,"DA_RIVEDERE: train, practice",target,בעתיד · אנחנו,נתאמן,נתאמן,False,,,,,
hebverb_199,אמן,hitpa'el,"DA_RIVEDERE: train, practice",target,בעתיד · אתם,תתאמנו,תתאמנו,False,,,,,
hebverb_199,אמן,hitpa'el,"DA_RIVEDERE: train, practice",target,בעתיד · אתן,תתאמנה,תתאמנה,False,,,,,
hebverb_199,אמן,hitpa'el,"DA_RIVEDERE: train, practice",target,בעתיד · הם,יתאמנו,יתאמנו,False,,,,,
hebverb_199,אמן,hitpa'el,"DA_RIVEDERE: train, practice",target,בעתיד · הן,תתאמנה,תתאמנה,False,,,,,
hebverb_200,קרב,hitpa'el,DA_RIVEDERE: get closer,infinitive,infinitive,להתקרב,להתקרב,False,,,,,
hebverb_200,קרב,hitpa'el,DA_RIVEDERE: get closer,present_1,present_1,מתקרב,מתקרב,True,34.41881228,547.9121951219513,1.0,481.05555555555554,1.0
hebverb_200,קרב,hitpa'el,DA_RIVEDERE: get closer,present_2,present_2,מתקרבת,מתקרבת,False,,,,,
hebverb_200,קרב,hitpa'el,DA_RIVEDERE: get closer,present_3,present_3,מתקרבים,מתקרבים,True,19.64710215,631.5285714285715,0.8857142857142857,515.0,0.9705882352941176
hebverb_200,קרב,hitpa'el,DA_RIVEDERE: get closer,present_4,present_4,מתקרבות,מתקרבות,True,2.33460936,704.84,0.8571428571428571,484.11764705882354,0.9210526315789473
hebverb_200,קרב,hitpa'el,DA_RIVEDERE: get closer,target,בעבר · אני,התקרבתי,התקרבתי,False,,,,,
hebverb_200,קרב,hitpa'el,DA_RIVEDERE: get closer,target,בעבר · אתה,התקרבת,התקרבת,False,,,,,
hebverb_200,קרב,hitpa'el,DA_RIVEDERE: get closer,target,בעבר · את,התקרבת,התקרבת,False,,,,,
hebverb_200,קרב,hitpa'el,DA_RIVEDERE: get closer,target,בעבר · הוא,התקרב,התקרב,False,,,,,
hebverb_200,קרב,hitpa'el,DA_RIVEDERE: get closer,target,בעבר · היא,התקרבה,התקרבה,False,,,,,
hebverb_200,קרב,hitpa'el,DA_RIVEDERE: get closer,target,בעבר · אנחנו,התקרבנו,התקרבנו,False,,,,,
hebverb_200,קרב,hitpa'el,DA_RIVEDERE: get closer,target,בעבר · אתם,התקרבתם,התקרבתם,False,,,,,
hebverb_200,קרב,hitpa'el,DA_RIVEDERE: get closer,target,בעבר · אתן,התקרבתן,התקרבתן,False,,,,,
hebverb_200,קרב,hitpa'el,DA_RIVEDERE: get closer,target,בעבר · הם,התקרבו,התקרבו,False,,,,,
hebverb_200,קרב,hitpa'el,DA_RIVEDERE: get closer,target,בעבר · הן,התקרבו,התקרבו,False,,,,,
hebverb_200,קרב,hitpa'el,DA_RIVEDERE: get closer,target,בעתיד · אני,אתקרב,אתקרב,False,,,,,
hebverb_200,קרב,hitpa'el,DA_RIVEDERE: get closer,target,בעתיד · אתה,תתקרב,תתקרב,False,,,,,
hebverb_200,קרב,hitpa'el,DA_RIVEDERE: get closer,target,בעתיד · את,תתקרבי,תתקרבי,False,,,,,
hebverb_200,קרב,hitpa'el,DA_RIVEDERE: get closer,target,בעתיד · הוא,יתקרב,יתקרב,False,,,,,
hebverb_200,קרב,hitpa'el,DA_RIVEDERE: get closer,target,בעתיד · היא,תתקרב,תתקרב,False,,,,,
hebverb_200,קרב,hitpa'el,DA_RIVEDERE: get closer,target,בעתיד · אנחנו,נתקרב,נתקרב,False,,,,,
hebverb_200,קרב,hitpa'el,DA_RIVEDERE: get closer,target,בעתיד · אתם,תתקרבו,תתקרבו,False,,,,,
hebverb_200,קרב,hitpa'el,DA_RIVEDERE: get closer,target,בעתיד · אתן,תתקרבנה,תתקרבנה,False,,,,,
hebverb_200,קרב,hitpa'el,DA_RIVEDERE: get closer,target,בעתיד · הם,יתקרבו,יתקרבו,True,1.406829536,651.8828571428571,0.9714285714285714,,
hebverb_200,קרב,hitpa'el,DA_RIVEDERE: get closer,target,בעתיד · הן,תתקרבנה,תתקרבנה,False,,,,,
hebverb_201,חנך,hitpa'el,DA_RIVEDERE: get educated,infinitive,infinitive,להתחנך,להתחנך,False,,,,,
hebverb_201,חנך,hitpa'el,DA_RIVEDERE: get educated,present_1,present_1,מתחנך,מתחנך,False,,,,,
hebverb_201,חנך,hitpa'el,DA_RIVEDERE: get educated,present_2,present_2,מתחנכת,מתחנכת,False,,,,,
hebverb_201,חנך,hitpa'el,DA_RIVEDERE: get educated,present_3,present_3,מתחנכים,מתחנכים,False,,,,,
hebverb_201,חנך,hitpa'el,DA_RIVEDERE: get educated,present_4,present_4,מתחנכות,מתחנכות,False,,,,,
hebverb_201,חנך,hitpa'el,DA_RIVEDERE: get educated,target,בעבר · אני,התחנכתי,התחנכתי,False,,,,,
hebverb_201,חנך,hitpa'el,DA_RIVEDERE: get educated,target,בעבר · אתה,התחנכת,התחנכת,False,,,,,
hebverb_201,חנך,hitpa'el,DA_RIVEDERE: get educated,target,בעבר · את,התחנכת,התחנכת,False,,,,,
hebverb_201,חנך,hitpa'el,DA_RIVEDERE: get educated,target,בעבר · הוא,התחנך,התחנך,False,,,,,
hebverb_201,חנך,hitpa'el,DA_RIVEDERE: get educated,target,בעבר · היא,התחנכה,התחנכה,False,,,,,
hebverb_201,חנך,hitpa'el,DA_RIVEDERE: get educated,target,בעבר · אנחנו,התחנכנו,התחנכנו,False,,,,,
hebverb_201,חנך,hitpa'el,DA_RIVEDERE: get educated,target,בעבר · אתם,התחנכתם,התחנכתם,False,,,,,
hebverb_201,חנך,hitpa'el,DA_RIVEDERE: get educated,target,בעבר · אתן,התחנכתן,התחנכתן,False,,,,,
hebverb_201,חנך,hitpa'el,DA_RIVEDERE: get educated,target,בעבר · הם,התחנכו,התחנכו,False,,,,,
hebverb_201,חנך,hitpa'el,DA_RIVEDERE: get educated,target,בעבר · הן,התחנכו,התחנכו,False,,,,,
hebverb_201,חנך,hitpa'el,DA_RIVEDERE: get educated,target,בעתיד · אני,אתחנך,אתחנך,False,,,,,
hebverb_201,חנך,hitpa'el,DA_RIVEDERE: get educated,target,בעתיד · אתה,תתחנך,תתחנך,False,,,,,
hebverb_201,חנך,hitpa'el,DA_RIVEDERE: get educated,target,בעתיד · את,תתחנכי,תתחנכי,False,,,,,
hebverb_201,חנך,hitpa'el,DA_RIVEDERE: get educated,target,בעתיד · הוא,יתחנך,יתחנך,False,,,,,
hebverb_201,חנך,hitpa'el,DA_RIVEDERE: get educated,target,בעתיד · היא,תתחנך,תתחנך,False,,,,,
hebverb_201,חנך,hitpa'el,DA_RIVEDERE: get educated,target,בעתיד · אנחנו,נתחנך,נתחנך,False,,,,,
hebverb_201,חנך,hitpa'el,DA_RIVEDERE: get educated,target,בעתיד · אתם,תתחנכו,תתחנכו,False,,,,,
hebverb_201,חנך,hitpa'el,DA_RIVEDERE: get educated,target,בעתיד · אתן,תתחנכנה,תתחנכנה,False,,,,,
hebverb_201,חנך,hitpa'el,DA_RIVEDERE: get educated,target,בעתיד · הם,יתחנכו,יתחנכו,False,,,,,
hebverb_201,חנך,hitpa'el,DA_RIVEDERE: get educated,target,בעתיד · הן,תתחנכנה,תתחנכנה,False,,,,,
hebverb_202,חנן,hitpa'el,DA_RIVEDERE: beg,infinitive,infinitive,להתחנן,להתחנן,False,,,,,
hebverb_202,חנן,hitpa'el,DA_RIVEDERE: beg,present_1,present_1,מתחנן,מתחנן,False,,,,,
hebverb_202,חנן,hitpa'el,DA_RIVEDERE: beg,present_2,present_2,מתחננת,מתחננת,False,,,,,
hebverb_202,חנן,hitpa'el,DA_RIVEDERE: beg,present_3,present_3,מתחננים,מתחננים,False,,,,,
hebverb_202,חנן,hitpa'el,DA_RIVEDERE: beg,present_4,present_4,מתחננות,מתחננות,False,,,,,
hebverb_202,חנן,hitpa'el,DA_RIVEDERE: beg,target,בעבר · אני,התחננתי,התחננתי,False,,,,,
hebverb_202,חנן,hitpa'el,DA_RIVEDERE: beg,target,בעבר · אתה,התחננת,התחננת,False,,,,,
hebverb_202,חנן,hitpa'el,DA_RIVEDERE: beg,target,בעבר · את,התחננת,התחננת,False,,,,,
hebverb_202,חנן,hitpa'el,DA_RIVEDERE: beg,target,בעבר · הוא,התחנן,התחנן,False,,,,,
hebverb_202,חנן,hitpa'el,DA_RIVEDERE: beg,target,בעבר · היא,התחננה,התחננה,False,,,,,
hebverb_202,חנן,hitpa'el,DA_RIVEDERE: beg,target,בעבר · אנחנו,התחננו,התחננו,True,1.133953118,572.223076923077,0.9230769230769231,,
hebverb_202,חנן,hitpa'el,DA_RIVEDERE: beg,target,בעבר · אתם,התחננתם,התחננתם,False,,,,,
hebverb_202,חנן,hitpa'el,DA_RIVEDERE: beg,target,בעבר · אתן,התחננתן,התחננתן,False,,,,,
hebverb_202,חנן,hitpa'el,DA_RIVEDERE: beg,target,בעבר · הם,התחננו,התחננו,True,1.133953118,572.223076923077,0.9230769230769231,,
hebverb_202,חנן,hitpa'el,DA_RIVEDERE: beg,target,בעבר · הן,התחננו,התחננו,True,1.133953118,572.223076923077,0.9230769230769231,,
hebverb_202,חנן,hitpa'el,DA_RIVEDERE: beg,target,בעתיד · אני,אתחנן,אתחנן,False,,,,,
hebverb_202,חנן,hitpa'el,DA_RIVEDERE: beg,target,בעתיד · אתה,תתחנן,תתחנן,True,2.061732941,643.4804878048781,0.926829268292683,516.4,0.9024390243902439
hebverb_202,חנן,hitpa'el,DA_RIVEDERE: beg,target,בעתיד · את,תתחנני,תתחנני,False,,,,,
hebverb_202,חנן,hitpa'el,DA_RIVEDERE: beg,target,בעתיד · הוא,יתחנן,יתחנן,False,,,,,
hebverb_202,חנן,hitpa'el,DA_RIVEDERE: beg,target,בעתיד · היא,תתחנן,תתחנן,True,2.061732941,643.4804878048781,0.926829268292683,516.4,0.9024390243902439
hebverb_202,חנן,hitpa'el,DA_RIVEDERE: beg,target,בעתיד · אנחנו,נתחנן,נתחנן,False,,,,,
hebverb_202,חנן,hitpa'el,DA_RIVEDERE: beg,target,בעתיד · אתם,תתחננו,תתחננו,False,,,,,
hebverb_202,חנן,hitpa'el,DA_RIVEDERE: beg,target,בעתיד · אתן,תתחננה,תתחננה,False,,,,,
hebverb_202,חנן,hitpa'el,DA_RIVEDERE: beg,target,בעתיד · הם,יתחננו,יתחננו,False,,,,,
hebverb_202,חנן,hitpa'el,DA_RIVEDERE: beg,target,בעתיד · הן,תתחננה,תתחננה,False,,,,,
hebverb_203,גבר,hitpa'el,DA_RIVEDERE: overcome,infinitive,infinitive,להתגבר,להתגבר,True,25.22590893,507.7333332564103,0.9743589743589743,,
hebverb_203,גבר,hitpa'el,DA_RIVEDERE: overcome,present_1,present_1,מתגבר,מתגבר,False,,,,,
hebverb_203,גבר,hitpa'el,DA_RIVEDERE: overcome,present_2,present_2,מתגברת,מתגברת,True,1.661514194,612.1771428857143,0.9428571428571428,,
hebverb_203,גבר,hitpa'el,DA_RIVEDERE: overcome,present_3,present_3,מתגברים,מתגברים,False,,,,,
hebverb_203,גבר,hitpa'el,DA_RIVEDERE: overcome,present_4,present_4,מתגברות,מתגברות,False,,,,,
hebverb_203,גבר,hitpa'el,DA_RIVEDERE: overcome,target,בעבר · אני,התגברתי,התגברתי,False,,,,,
hebverb_203,גבר,hitpa'el,DA_RIVEDERE: overcome,target,בעבר · אתה,התגברת,התגברת,False,,,,,
hebverb_203,גבר,hitpa'el,DA_RIVEDERE: overcome,target,בעבר · את,התגברת,התגברת,False,,,,,
hebverb_203,גבר,hitpa'el,DA_RIVEDERE: overcome,target,בעבר · הוא,התגבר,התגבר,False,,,,,
hebverb_203,גבר,hitpa'el,DA_RIVEDERE: overcome,target,בעבר · היא,התגברה,התגברה,False,,,,,
hebverb_203,גבר,hitpa'el,DA_RIVEDERE: overcome,target,בעבר · אנחנו,התגברנו,התגברנו,False,,,,,
hebverb_203,גבר,hitpa'el,DA_RIVEDERE: overcome,target,בעבר · אתם,התגברתם,התגברתם,False,,,,,
hebverb_203,גבר,hitpa'el,DA_RIVEDERE: overcome,target,בעבר · אתן,התגברתן,התגברתן,False,,,,,
hebverb_203,גבר,hitpa'el,DA_RIVEDERE: overcome,target,בעבר · הם,התגברו,התגברו,False,,,,,
hebverb_203,גבר,hitpa'el,DA_RIVEDERE: overcome,target,בעבר · הן,התגברו,התגברו,False,,,,,
hebverb_203,גבר,hitpa'el,DA_RIVEDERE: overcome,target,בעתיד · אני,אתגבר,אתגבר,False,,,,,
hebverb_203,גבר,hitpa'el,DA_RIVEDERE: overcome,target,בעתיד · אתה,תתגבר,תתגבר,False,,,,,
hebverb_203,גבר,hitpa'el,DA_RIVEDERE: overcome,target,בעתיד · את,תתגברי,תתגברי,True,1.370446014,590.7621621621622,0.9210526315789473,,
hebverb_203,גבר,hitpa'el,DA_RIVEDERE: overcome,target,בעתיד · הוא,יתגבר,יתגבר,False,,,,,
hebverb_203,גבר,hitpa'el,DA_RIVEDERE: overcome,target,בעתיד · היא,תתגבר,תתגבר,False,,,,,
hebverb_203,גבר,hitpa'el,DA_RIVEDERE: overcome,target,בעתיד · אנחנו,נתגבר,נתגבר,False,,,,,
hebverb_203,גבר,hitpa'el,DA_RIVEDERE: overcome,target,בעתיד · אתם,תתגברו,תתגברו,False,,,,,
hebverb_203,גבר,hitpa'el,DA_RIVEDERE: overcome,target,בעתיד · אתן,תתגברנה,תתגברנה,False,,,,,
hebverb_203,גבר,hitpa'el,DA_RIVEDERE: overcome,target,בעתיד · הם,יתגברו,יתגברו,False,,,,,
hebverb_203,גבר,hitpa'el,DA_RIVEDERE: overcome,target,בעתיד · הן,תתגברנה,תתגברנה,False,,,,,
hebverb_204,סים,hitpa'el,DA_RIVEDERE: end,infinitive,infinitive,להסתים,להסתים,False,,,,,
hebverb_204,סים,hitpa'el,DA_RIVEDERE: end,present_1,present_1,מסתים,מסתים,False,,,,,
hebverb_204,סים,hitpa'el,DA_RIVEDERE: end,present_1,present_1,מסתיים,מסתיים,True,14.46245019,533.0384615128205,0.9487179487179487,,
hebverb_204,סים,hitpa'el,DA_RIVEDERE: end,present_2,present_2,מסתימת,מסתימת,False,,,,,
hebverb_204,סים,hitpa'el,DA_RIVEDERE: end,present_2,present_2,מסתיימת,מסתיימת,False,,,,,
hebverb_204,סים,hitpa'el,DA_RIVEDERE: end,present_3,present_3,מסתימים,מסתימים,False,,,,,
hebverb_204,סים,hitpa'el,DA_RIVEDERE: end,present_3,present_3,מסתיימים,מסתיימים,False,,,,,
hebverb_204,סים,hitpa'el,DA_RIVEDERE: end,present_4,present_4,מסתימות,מסתימות,False,,,,,
hebverb_204,סים,hitpa'el,DA_RIVEDERE: end,present_4,present_4,מסתיימות,מסתיימות,True,1.061186073,559.7810810810811,0.918918918918919,,
hebverb_204,סים,hitpa'el,DA_RIVEDERE: end,target,בעבר · אני,הסתימתי,הסתימתי,False,,,,,
hebverb_204,סים,hitpa'el,DA_RIVEDERE: end,target,בעבר · אני,הסתיימתי,הסתיימתי,False,,,,,
hebverb_204,סים,hitpa'el,DA_RIVEDERE: end,target,בעבר · אתה,הסתימת,הסתימת,False,,,,,
hebverb_204,סים,hitpa'el,DA_RIVEDERE: end,target,בעבר · אתה,הסתיימת,הסתיימת,False,,,,,
hebverb_204,סים,hitpa'el,DA_RIVEDERE: end,target,בעבר · את,הסתימת,הסתימת,False,,,,,
hebverb_204,סים,hitpa'el,DA_RIVEDERE: end,target,בעבר · את,הסתיימת,הסתיימת,False,,,,,
hebverb_204,סים,hitpa'el,DA_RIVEDERE: end,target,בעבר · הוא,הסתים,הסתים,False,,,,,
hebverb_204,סים,hitpa'el,DA_RIVEDERE: end,target,בעבר · הוא,הסתיים,הסתיים,False,,,,,
hebverb_204,סים,hitpa'el,DA_RIVEDERE: end,target,בעבר · היא,הסתימה,הסתימה,False,,,,,
hebverb_204,סים,hitpa'el,DA_RIVEDERE: end,target,בעבר · היא,הסתיימה,הסתיימה,False,,,,,
hebverb_204,סים,hitpa'el,DA_RIVEDERE: end,target,בעבר · אנחנו,הסתימנו,הסתימנו,False,,,,,
hebverb_204,סים,hitpa'el,DA_RIVEDERE: end,target,בעבר · אנחנו,הסתיימנו,הסתיימנו,False,,,,,
hebverb_204,סים,hitpa'el,DA_RIVEDERE: end,target,בעבר · אתם,הסתימתם,הסתימתם,False,,,,,
hebverb_204,סים,hitpa'el,DA_RIVEDERE: end,target,בעבר · אתם,הסתיימתם,הסתיימתם,False,,,,,
hebverb_204,סים,hitpa'el,DA_RIVEDERE: end,target,בעבר · אתן,הסתימתן,הסתימתן,False,,,,,
hebverb_204,סים,hitpa'el,DA_RIVEDERE: end,target,בעבר · אתן,הסתיימתן,הסתיימתן,False,,,,,
hebverb_204,סים,hitpa'el,DA_RIVEDERE: end,target,בעבר · הם,הסתימו,הסתימו,False,,,,,
hebverb_204,סים,hitpa'el,DA_RIVEDERE: end,target,בעבר · הם,הסתיימו,הסתיימו,True,7.313088021,586.18,0.9428571428571428,,
hebverb_204,סים,hitpa'el,DA_RIVEDERE: end,target,בעבר · הן,הסתימו,הסתימו,False,,,,,
hebverb_204,סים,hitpa'el,DA_RIVEDERE: end,target,בעבר · הן,הסתיימו,הסתיימו,True,7.313088021,586.18,0.9428571428571428,,
hebverb_204,סים,hitpa'el,DA_RIVEDERE: end,target,בעתיד · אני,אסתים,אסתים,False,,,,,
hebverb_204,סים,hitpa'el,DA_RIVEDERE: end,target,בעתיד · אני,אסתיים,אסתיים,False,,,,,
hebverb_204,סים,hitpa'el,DA_RIVEDERE: end,target,בעתיד · אתה,תסתים,תסתים,False,,,,,
hebverb_204,סים,hitpa'el,DA_RIVEDERE: end,target,בעתיד · אתה,תסתיים,תסתיים,False,,,,,
hebverb_204,סים,hitpa'el,DA_RIVEDERE: end,target,בעתיד · את,תסתימי,תסתימי,False,,,,,
hebverb_204,סים,hitpa'el,DA_RIVEDERE: end,target,בעתיד · את,תסתיימי,תסתיימי,False,,,,,
hebverb_204,סים,hitpa'el,DA_RIVEDERE: end,target,בעתיד · הוא,יסתים,יסתים,False,,,,,
hebverb_204,סים,hitpa'el,DA_RIVEDERE: end,target,בעתיד · הוא,יסתיים,יסתיים,False,,,,,
hebverb_204,סים,hitpa'el,DA_RIVEDERE: end,target,בעתיד · היא,תסתים,תסתים,False,,,,,
hebverb_204,סים,hitpa'el,DA_RIVEDERE: end,target,בעתיד · היא,תסתיים,תסתיים,False,,,,,
hebverb_204,סים,hitpa'el,DA_RIVEDERE: end,target,בעתיד · אנחנו,נסתים,נסתים,False,,,,,
hebverb_204,סים,hitpa'el,DA_RIVEDERE: end,target,בעתיד · אנחנו,נסתיים,נסתיים,False,,,,,
hebverb_204,סים,hitpa'el,DA_RIVEDERE: end,target,בעתיד · אתם,תסתימו,תסתימו,False,,,,,
hebverb_204,סים,hitpa'el,DA_RIVEDERE: end,target,בעתיד · אתם,תסתיימו,תסתיימו,False,,,,,
hebverb_204,סים,hitpa'el,DA_RIVEDERE: end,target,בעתיד · אתן,תסתימנה,תסתימנה,False,,,,,
hebverb_204,סים,hitpa'el,DA_RIVEDERE: end,target,בעתיד · אתן,תסתיימנה,תסתיימנה,False,,,,,
hebverb_204,סים,hitpa'el,DA_RIVEDERE: end,target,בעתיד · הם,יסתימו,יסתימו,False,,,,,
hebverb_204,סים,hitpa'el,DA_RIVEDERE: end,target,בעתיד · הם,יסתיימו,יסתיימו,False,,,,,
hebverb_204,סים,hitpa'el,DA_RIVEDERE: end,target,בעתיד · הן,תסתימנה,תסתימנה,False,,,,,
hebverb_204,סים,hitpa'el,DA_RIVEDERE: end,target,בעתיד · הן,תסתיימנה,תסתיימנה,False,,,,,
hebverb_205,געגע,hitpa'el,perdere / mancare,infinitive,infinitive,להתגעגע,להתגעגע,False,,,,,
hebverb_205,געגע,hitpa'el,perdere / mancare,present_1,present_1,מתגעגע,מתגעגע,False,,,,,
hebverb_205,געגע,hitpa'el,perdere / mancare,present_2,present_2,מתגעגעת,מתגעגעת,True,24.75292314,593.4487805121952,0.9512195121951219,475.575,1.0
hebverb_205,געגע,hitpa'el,perdere / mancare,present_3,present_3,מתגעגעים,מתגעגעים,False,,,,,
hebverb_205,געגע,hitpa'el,perdere / mancare,present_4,present_4,מתגעגעות,מתגעגעות,False,,,,,
hebverb_205,געגע,hitpa'el,perdere / mancare,target,בעבר · אני,התגעגעתי,התגעגעתי,False,,,,,
hebverb_205,געגע,hitpa'el,perdere / mancare,target,בעבר · אתה,התגעגעת,התגעגעת,True,2.540782654,662.0384615897436,0.925,,
hebverb_205,געגע,hitpa'el,perdere / mancare,target,בעבר · את,התגעגעת,התגעגעת,True,2.540782654,662.0384615897436,0.925,,
hebverb_205,געגע,hitpa'el,perdere / mancare,target,בעבר · הוא,התגעגע,התגעגע,False,,,,,
hebverb_205,געגע,hitpa'el,perdere / mancare,target,בעבר · היא,התגעגעה,התגעגעה,False,,,,,
hebverb_205,געגע,hitpa'el,perdere / mancare,target,בעבר · אנחנו,התגעגענו,התגעגענו,False,,,,,
hebverb_205,געגע,hitpa'el,perdere / mancare,target,בעבר · אתם,התגעגעתם,התגעגעתם,False,,,,,
hebverb_205,געגע,hitpa'el,perdere / mancare,target,בעבר · אתן,התגעגעתן,התגעגעתן,False,,,,,
hebverb_205,געגע,hitpa'el,perdere / mancare,target,בעבר · הם,התגעגעו,התגעגעו,False,,,,,
hebverb_205,געגע,hitpa'el,perdere / mancare,target,בעבר · הן,התגעגעו,התגעגעו,False,,,,,
hebverb_205,געגע,hitpa'el,perdere / mancare,target,בעתיד · אני,אתגעגע,אתגעגע,False,,,,,
hebverb_205,געגע,hitpa'el,perdere / mancare,target,בעתיד · אתה,תתגעגע,תתגעגע,False,,,,,
hebverb_205,געגע,hitpa'el,perdere / mancare,target,בעתיד · את,תתגעגעי,תתגעגעי,False,,,,,
hebverb_205,געגע,hitpa'el,perdere / mancare,target,בעתיד · הוא,יתגעגע,יתגעגע,False,,,,,
hebverb_205,געגע,hitpa'el,perdere / mancare,target,בעתיד · היא,תתגעגע,תתגעגע,False,,,,,
hebverb_205,געגע,hitpa'el,perdere / mancare,target,בעתיד · אנחנו,נתגעגע,נתגעגע,False,,,,,
hebverb_205,געגע,hitpa'el,perdere / mancare,target,בעתיד · אתם,תתגעגעו,תתגעגעו,False,,,,,
hebverb_205,געגע,hitpa'el,perdere / mancare,target,בעתיד · אתן,תתגעגענה,תתגעגענה,False,,,,,
hebverb_205,געגע,hitpa'el,perdere / mancare,target,בעתיד · הם,יתגעגעו,יתגעגעו,False,,,,,
hebverb_205,געגע,hitpa'el,perdere / mancare,target,בעתיד · הן,תתגעגענה,תתגעגענה,False,,,,,
hebverb_206,סבב,hitpa'el,DA_RIVEDERE: turn around,infinitive,infinitive,להסתובב,להסתובב,False,,,,,
hebverb_206,סבב,hitpa'el,DA_RIVEDERE: turn around,present_1,present_1,מסתובב,מסתובב,False,,,,,
hebverb_206,סבב,hitpa'el,DA_RIVEDERE: turn around,present_2,present_2,מסתובבת,מסתובבת,False,,,,,
hebverb_206,סבב,hitpa'el,DA_RIVEDERE: turn around,present_3,present_3,מסתובבים,מסתובבים,False,,,,,
hebverb_206,סבב,hitpa'el,DA_RIVEDERE: turn around,present_4,present_4,מסתובבות,מסתובבות,False,,,,,
hebverb_206,סבב,hitpa'el,DA_RIVEDERE: turn around,target,בעבר · אני,הסתובבתי,הסתובבתי,True,6.918933194,592.5578947105263,0.9473684210526315,465.38235294117646,0.9714285714285714
hebverb_206,סבב,hitpa'el,DA_RIVEDERE: turn around,target,בעבר · אתה,הסתובבת,הסתובבת,False,,,,,
hebverb_206,סבב,hitpa'el,DA_RIVEDERE: turn around,target,בעבר · את,הסתובבת,הסתובבת,False,,,,,
hebverb_206,סבב,hitpa'el,DA_RIVEDERE: turn around,target,בעבר · הוא,הסתובב,הסתובב,True,8.962474374,597.2647058823529,0.9142857142857143,493.86842105263156,0.975609756097561
hebverb_206,סבב,hitpa'el,DA_RIVEDERE: turn around,target,בעבר · היא,הסתובבה,הסתובבה,False,,,,,
hebverb_206,סבב,hitpa'el,DA_RIVEDERE: turn around,target,בעבר · אנחנו,הסתובבנו,הסתובבנו,False,,,,,
hebverb_206,סבב,hitpa'el,DA_RIVEDERE: turn around,target,בעבר · אתם,הסתובבתם,הסתובבתם,False,,,,,
hebverb_206,סבב,hitpa'el,DA_RIVEDERE: turn around,target,בעבר · אתן,הסתובבתן,הסתובבתן,False,,,,,
hebverb_206,סבב,hitpa'el,DA_RIVEDERE: turn around,target,בעבר · הם,הסתובבו,הסתובבו,True,2.267906235,593.927027027027,0.918918918918919,,
hebverb_206,סבב,hitpa'el,DA_RIVEDERE: turn around,target,בעבר · הן,הסתובבו,הסתובבו,True,2.267906235,593.927027027027,0.918918918918919,,
hebverb_206,סבב,hitpa'el,DA_RIVEDERE: turn around,target,בעתיד · אני,אסתובב,אסתובב,True,2.304289758,601.9552631315789,0.8421052631578947,,
hebverb_206,סבב,hitpa'el,DA_RIVEDERE: turn around,target,בעתיד · אתה,תסתובב,תסתובב,False,,,,,
hebverb_206,סבב,hitpa'el,DA_RIVEDERE: turn around,target,בעתיד · את,תסתובבי,תסתובבי,False,,,,,
hebverb_206,סבב,hitpa'el,DA_RIVEDERE: turn around,target,בעתיד · הוא,יסתובב,יסתובב,False,,,,,
hebverb_206,סבב,hitpa'el,DA_RIVEDERE: turn around,target,בעתיד · היא,תסתובב,תסתובב,False,,,,,
hebverb_206,סבב,hitpa'el,DA_RIVEDERE: turn around,target,בעתיד · אנחנו,נסתובב,נסתובב,True,2.134499986,563.1,0.9,464.7142857142857,0.9142857142857143
hebverb_206,סבב,hitpa'el,DA_RIVEDERE: turn around,target,בעתיד · אתם,תסתובבו,תסתובבו,False,,,,,
hebverb_206,סבב,hitpa'el,DA_RIVEDERE: turn around,target,בעתיד · אתן,תסתובבנה,תסתובבנה,False,,,,,
hebverb_206,סבב,hitpa'el,DA_RIVEDERE: turn around,target,בעתיד · הם,יסתובבו,יסתובבו,False,,,,,
hebverb_206,סבב,hitpa'el,DA_RIVEDERE: turn around,target,בעתיד · הן,תסתובבנה,תסתובבנה,False,,,,,
hebverb_207,קרר,hitpa'el,DA_RIVEDERE: get cool,infinitive,infinitive,להתקרר,להתקרר,False,,,,,
hebverb_207,קרר,hitpa'el,DA_RIVEDERE: get cool,present_1,present_1,מתקרר,מתקרר,False,,,,,
hebverb_207,קרר,hitpa'el,DA_RIVEDERE: get cool,present_2,present_2,מתקררת,מתקררת,False,,,,,
hebverb_207,קרר,hitpa'el,DA_RIVEDERE: get cool,present_3,present_3,מתקררים,מתקררים,False,,,,,
hebverb_207,קרר,hitpa'el,DA_RIVEDERE: get cool,present_4,present_4,מתקררות,מתקררות,False,,,,,
hebverb_207,קרר,hitpa'el,DA_RIVEDERE: get cool,target,בעבר · אני,התקררתי,התקררתי,False,,,,,
hebverb_207,קרר,hitpa'el,DA_RIVEDERE: get cool,target,בעבר · אתה,התקררת,התקררת,False,,,,,
hebverb_207,קרר,hitpa'el,DA_RIVEDERE: get cool,target,בעבר · את,התקררת,התקררת,False,,,,,
hebverb_207,קרר,hitpa'el,DA_RIVEDERE: get cool,target,בעבר · הוא,התקרר,התקרר,False,,,,,
hebverb_207,קרר,hitpa'el,DA_RIVEDERE: get cool,target,בעבר · היא,התקררה,התקררה,False,,,,,
hebverb_207,קרר,hitpa'el,DA_RIVEDERE: get cool,target,בעבר · אנחנו,התקררנו,התקררנו,False,,,,,
hebverb_207,קרר,hitpa'el,DA_RIVEDERE: get cool,target,בעבר · אתם,התקררתם,התקררתם,False,,,,,
hebverb_207,קרר,hitpa'el,DA_RIVEDERE: get cool,target,בעבר · אתן,התקררתן,התקררתן,False,,,,,
hebverb_207,קרר,hitpa'el,DA_RIVEDERE: get cool,target,בעבר · הם,התקררו,התקררו,False,,,,,
hebverb_207,קרר,hitpa'el,DA_RIVEDERE: get cool,target,בעבר · הן,התקררו,התקררו,False,,,,,
hebverb_207,קרר,hitpa'el,DA_RIVEDERE: get cool,target,בעתיד · אני,אתקרר,אתקרר,False,,,,,
hebverb_207,קרר,hitpa'el,DA_RIVEDERE: get cool,target,בעתיד · אתה,תתקרר,תתקרר,False,,,,,
hebverb_207,קרר,hitpa'el,DA_RIVEDERE: get cool,target,בעתיד · את,תתקררי,תתקררי,False,,,,,
hebverb_207,קרר,hitpa'el,DA_RIVEDERE: get cool,target,בעתיד · הוא,יתקרר,יתקרר,False,,,,,
hebverb_207,קרר,hitpa'el,DA_RIVEDERE: get cool,target,בעתיד · היא,תתקרר,תתקרר,False,,,,,
hebverb_207,קרר,hitpa'el,DA_RIVEDERE: get cool,target,בעתיד · אנחנו,נתקרר,נתקרר,False,,,,,
hebverb_207,קרר,hitpa'el,DA_RIVEDERE: get cool,target,בעתיד · אתם,תתקררו,תתקררו,False,,,,,
hebverb_207,קרר,hitpa'el,DA_RIVEDERE: get cool,target,בעתיד · אתן,תתקררנה,תתקררנה,False,,,,,
hebverb_207,קרר,hitpa'el,DA_RIVEDERE: get cool,target,בעתיד · הם,יתקררו,יתקררו,False,,,,,
hebverb_207,קרר,hitpa'el,DA_RIVEDERE: get cool,target,בעתיד · הן,תתקררנה,תתקררנה,False,,,,,
hebverb_208,חמם,hitpa'el,DA_RIVEDERE: get hot,infinitive,infinitive,להתחמם,להתחמם,True,6.627865014,572.2944444444444,0.9444444444444444,428.6764705882353,1.0
hebverb_208,חמם,hitpa'el,DA_RIVEDERE: get hot,present_1,present_1,מתחמם,מתחמם,False,,,,,
hebverb_208,חמם,hitpa'el,DA_RIVEDERE: get hot,present_2,present_2,מתחממת,מתחממת,False,,,,,
hebverb_208,חמם,hitpa'el,DA_RIVEDERE: get hot,present_3,present_3,מתחממים,מתחממים,False,,,,,
hebverb_208,חמם,hitpa'el,DA_RIVEDERE: get hot,present_4,present_4,מתחממות,מתחממות,False,,,,,
hebverb_208,חמם,hitpa'el,DA_RIVEDERE: get hot,target,בעבר · אני,התחממתי,התחממתי,False,,,,,
hebverb_208,חמם,hitpa'el,DA_RIVEDERE: get hot,target,בעבר · אתה,התחממת,התחממת,False,,,,,
hebverb_208,חמם,hitpa'el,DA_RIVEDERE: get hot,target,בעבר · את,התחממת,התחממת,False,,,,,
hebverb_208,חמם,hitpa'el,DA_RIVEDERE: get hot,target,בעבר · הוא,התחמם,התחמם,False,,,,,
hebverb_208,חמם,hitpa'el,DA_RIVEDERE: get hot,target,בעבר · היא,התחממה,התחממה,False,,,,,
hebverb_208,חמם,hitpa'el,DA_RIVEDERE: get hot,target,בעבר · אנחנו,התחממנו,התחממנו,False,,,,,
hebverb_208,חמם,hitpa'el,DA_RIVEDERE: get hot,target,בעבר · אתם,התחממתם,התחממתם,False,,,,,
hebverb_208,חמם,hitpa'el,DA_RIVEDERE: get hot,target,בעבר · אתן,התחממתן,התחממתן,False,,,,,
hebverb_208,חמם,hitpa'el,DA_RIVEDERE: get hot,target,בעבר · הם,התחממו,התחממו,False,,,,,
hebverb_208,חמם,hitpa'el,DA_RIVEDERE: get hot,target,בעבר · הן,התחממו,התחממו,False,,,,,
hebverb_208,חמם,hitpa'el,DA_RIVEDERE: get hot,target,בעתיד · אני,אתחמם,אתחמם,False,,,,,
hebverb_208,חמם,hitpa'el,DA_RIVEDERE: get hot,target,בעתיד · אתה,תתחמם,תתחמם,False,,,,,
hebverb_208,חמם,hitpa'el,DA_RIVEDERE: get hot,target,בעתיד · את,תתחממי,תתחממי,False,,,,,
hebverb_208,חמם,hitpa'el,DA_RIVEDERE: get hot,target,בעתיד · הוא,יתחמם,יתחמם,False,,,,,
hebverb_208,חמם,hitpa'el,DA_RIVEDERE: get hot,target,בעתיד · היא,תתחמם,תתחמם,False,,,,,
hebverb_208,חמם,hitpa'el,DA_RIVEDERE: get hot,target,בעתיד · אנחנו,נתחמם,נתחמם,False,,,,,
hebverb_208,חמם,hitpa'el,DA_RIVEDERE: get hot,target,בעתיד · אתם,תתחממו,תתחממו,False,,,,,
hebverb_208,חמם,hitpa'el,DA_RIVEDERE: get hot,target,בעתיד · אתן,תתחממנה,תתחממנה,False,,,,,
hebverb_208,חמם,hitpa'el,DA_RIVEDERE: get hot,target,בעתיד · הם,יתחממו,יתחממו,False,,,,,
hebverb_208,חמם,hitpa'el,DA_RIVEDERE: get hot,target,בעתיד · הן,תתחממנה,תתחממנה,False,,,,,
hebverb_209,זקן,hitpa'el,DA_RIVEDERE: get old,infinitive,infinitive,להזדקן,להזדקן,True,3.371539751,611.7973684210526,0.9210526315789473,,
hebverb_209,זקן,hitpa'el,DA_RIVEDERE: get old,present_1,present_1,מזדקן,מזדקן,False,,,,,
hebverb_209,זקן,hitpa'el,DA_RIVEDERE: get old,present_2,present_2,מזדקנת,מזדקנת,False,,,,,
hebverb_209,זקן,hitpa'el,DA_RIVEDERE: get old,present_3,present_3,מזדקנים,מזדקנים,False,,,,,
hebverb_209,זקן,hitpa'el,DA_RIVEDERE: get old,present_4,present_4,מזדקנות,מזדקנות,False,,,,,
hebverb_209,זקן,hitpa'el,DA_RIVEDERE: get old,target,בעבר · אני,הזדקנתי,הזדקנתי,False,,,,,
hebverb_209,זקן,hitpa'el,DA_RIVEDERE: get old,target,בעבר · אתה,הזדקנת,הזדקנת,False,,,,,
hebverb_209,זקן,hitpa'el,DA_RIVEDERE: get old,target,בעבר · את,הזדקנת,הזדקנת,False,,,,,
hebverb_209,זקן,hitpa'el,DA_RIVEDERE: get old,target,בעבר · הוא,הזדקן,הזדקן,False,,,,,
hebverb_209,זקן,hitpa'el,DA_RIVEDERE: get old,target,בעבר · היא,הזדקנה,הזדקנה,False,,,,,
hebverb_209,זקן,hitpa'el,DA_RIVEDERE: get old,target,בעבר · אנחנו,הזדקנו,הזדקנו,False,,,,,
hebverb_209,זקן,hitpa'el,DA_RIVEDERE: get old,target,בעבר · אתם,הזדקנתם,הזדקנתם,False,,,,,
hebverb_209,זקן,hitpa'el,DA_RIVEDERE: get old,target,בעבר · אתן,הזדקנתן,הזדקנתן,False,,,,,
hebverb_209,זקן,hitpa'el,DA_RIVEDERE: get old,target,בעבר · הם,הזדקנו,הזדקנו,False,,,,,
hebverb_209,זקן,hitpa'el,DA_RIVEDERE: get old,target,בעבר · הן,הזדקנו,הזדקנו,False,,,,,
hebverb_209,זקן,hitpa'el,DA_RIVEDERE: get old,target,בעתיד · אני,אזדקן,אזדקן,False,,,,,
hebverb_209,זקן,hitpa'el,DA_RIVEDERE: get old,target,בעתיד · אתה,תזדקן,תזדקן,False,,,,,
hebverb_209,זקן,hitpa'el,DA_RIVEDERE: get old,target,בעתיד · את,תזדקני,תזדקני,False,,,,,
hebverb_209,זקן,hitpa'el,DA_RIVEDERE: get old,target,בעתיד · הוא,יזדקן,יזדקן,False,,,,,
hebverb_209,זקן,hitpa'el,DA_RIVEDERE: get old,target,בעתיד · היא,תזדקן,תזדקן,False,,,,,
hebverb_209,זקן,hitpa'el,DA_RIVEDERE: get old,target,בעתיד · אנחנו,נזדקן,נזדקן,False,,,,,
hebverb_209,זקן,hitpa'el,DA_RIVEDERE: get old,target,בעתיד · אתם,תזדקנו,תזדקנו,False,,,,,
hebverb_209,זקן,hitpa'el,DA_RIVEDERE: get old,target,בעתיד · אתן,תזדקנה,תזדקנה,False,,,,,
hebverb_209,זקן,hitpa'el,DA_RIVEDERE: get old,target,בעתיד · הם,יזדקנו,יזדקנו,False,,,,,
hebverb_209,זקן,hitpa'el,DA_RIVEDERE: get old,target,בעתיד · הן,תזדקנה,תזדקנה,False,,,,,
hebverb_210,חבא,hitpa'el,DA_RIVEDERE: hide,infinitive,infinitive,להתחבא,להתחבא,False,,,,,
hebverb_210,חבא,hitpa'el,DA_RIVEDERE: hide,present_1,present_1,מתחבא,מתחבא,False,,,,,
hebverb_210,חבא,hitpa'el,DA_RIVEDERE: hide,present_2,present_2,מתחבאת,מתחבאת,False,,,,,
hebverb_210,חבא,hitpa'el,DA_RIVEDERE: hide,present_3,present_3,מתחבאים,מתחבאים,False,,,,,
hebverb_210,חבא,hitpa'el,DA_RIVEDERE: hide,present_4,present_4,מתחבאות,מתחבאות,False,,,,,
hebverb_210,חבא,hitpa'el,DA_RIVEDERE: hide,target,בעבר · אני,התחבאתי,התחבאתי,False,,,,,
hebverb_210,חבא,hitpa'el,DA_RIVEDERE: hide,target,בעבר · אתה,התחבאת,התחבאת,True,1.346190332,692.1617647058823,0.7714285714285715,,
hebverb_210,חבא,hitpa'el,DA_RIVEDERE: hide,target,בעבר · את,התחבאת,התחבאת,True,1.346190332,692.1617647058823,0.7714285714285715,,
hebverb_210,חבא,hitpa'el,DA_RIVEDERE: hide,target,בעבר · הוא,התחבא,התחבא,False,,,,,
hebverb_210,חבא,hitpa'el,DA_RIVEDERE: hide,target,בעבר · היא,התחבאה,התחבאה,False,,,,,
hebverb_210,חבא,hitpa'el,DA_RIVEDERE: hide,target,בעבר · אנחנו,התחבאנו,התחבאנו,False,,,,,
hebverb_210,חבא,hitpa'el,DA_RIVEDERE: hide,target,בעבר · אתם,התחבאתם,התחבאתם,False,,,,,
hebverb_210,חבא,hitpa'el,DA_RIVEDERE: hide,target,בעבר · אתן,התחבאתן,התחבאתן,False,,,,,
hebverb_210,חבא,hitpa'el,DA_RIVEDERE: hide,target,בעבר · הם,התחבאו,התחבאו,False,,,,,
hebverb_210,חבא,hitpa'el,DA_RIVEDERE: hide,target,בעבר · הן,התחבאו,התחבאו,False,,,,,
hebverb_210,חבא,hitpa'el,DA_RIVEDERE: hide,target,בעתיד · אני,אתחבא,אתחבא,False,,,,,
hebverb_210,חבא,hitpa'el,DA_RIVEDERE: hide,target,בעתיד · אתה,תתחבא,תתחבא,False,,,,,
hebverb_210,חבא,hitpa'el,DA_RIVEDERE: hide,target,בעתיד · את,תתחבאי,תתחבאי,False,,,,,
hebverb_210,חבא,hitpa'el,DA_RIVEDERE: hide,target,בעתיד · הוא,יתחבא,יתחבא,False,,,,,
hebverb_210,חבא,hitpa'el,DA_RIVEDERE: hide,target,בעתיד · היא,תתחבא,תתחבא,False,,,,,
hebverb_210,חבא,hitpa'el,DA_RIVEDERE: hide,target,בעתיד · אנחנו,נתחבא,נתחבא,False,,,,,
hebverb_210,חבא,hitpa'el,DA_RIVEDERE: hide,target,בעתיד · אתם,תתחבאו,תתחבאו,False,,,,,
hebverb_210,חבא,hitpa'el,DA_RIVEDERE: hide,target,בעתיד · אתן,תתחבאנה,תתחבאנה,False,,,,,
hebverb_210,חבא,hitpa'el,DA_RIVEDERE: hide,target,בעתיד · הם,יתחבאו,יתחבאו,False,,,,,
hebverb_210,חבא,hitpa'el,DA_RIVEDERE: hide,target,בעתיד · הן,תתחבאנה,תתחבאנה,False,,,,,
hebverb_211,שכר,hitpa'el,DA_RIVEDERE: get drunk,infinitive,infinitive,להשתכר,להשתכר,False,,,,,
hebverb_211,שכר,hitpa'el,DA_RIVEDERE: get drunk,present_1,present_1,משתכר,משתכר,True,2.286097997,600.9200000000001,0.9714285714285714,,
hebverb_211,שכר,hitpa'el,DA_RIVEDERE: get drunk,present_2,present_2,משתכרת,משתכרת,False,,,,,
hebverb_211,שכר,hitpa'el,DA_RIVEDERE: get drunk,present_3,present_3,משתכרים,משתכרים,True,1.224911924,572.7675675675677,0.972972972972973,,
hebverb_211,שכר,hitpa'el,DA_RIVEDERE: get drunk,present_4,present_4,משתכרות,משתכרות,False,,,,,
hebverb_211,שכר,hitpa'el,DA_RIVEDERE: get drunk,target,בעבר · אני,השתכרתי,השתכרתי,False,,,,,
hebverb_211,שכר,hitpa'el,DA_RIVEDERE: get drunk,target,בעבר · אתה,השתכרת,השתכרת,False,,,,,
hebverb_211,שכר,hitpa'el,DA_RIVEDERE: get drunk,target,בעבר · את,השתכרת,השתכרת,False,,,,,
hebverb_211,שכר,hitpa'el,DA_RIVEDERE: get drunk,target,בעבר · הוא,השתכר,השתכר,False,,,,,
hebverb_211,שכר,hitpa'el,DA_RIVEDERE: get drunk,target,בעבר · היא,השתכרה,השתכרה,False,,,,,
hebverb_211,שכר,hitpa'el,DA_RIVEDERE: get drunk,target,בעבר · אנחנו,השתכרנו,השתכרנו,False,,,,,
hebverb_211,שכר,hitpa'el,DA_RIVEDERE: get drunk,target,בעבר · אתם,השתכרתם,השתכרתם,False,,,,,
hebverb_211,שכר,hitpa'el,DA_RIVEDERE: get drunk,target,בעבר · אתן,השתכרתן,השתכרתן,False,,,,,
hebverb_211,שכר,hitpa'el,DA_RIVEDERE: get drunk,target,בעבר · הם,השתכרו,השתכרו,False,,,,,
hebverb_211,שכר,hitpa'el,DA_RIVEDERE: get drunk,target,בעבר · הן,השתכרו,השתכרו,False,,,,,
hebverb_211,שכר,hitpa'el,DA_RIVEDERE: get drunk,target,בעתיד · אני,אשתכר,אשתכר,False,,,,,
hebverb_211,שכר,hitpa'el,DA_RIVEDERE: get drunk,target,בעתיד · אתה,תשתכר,תשתכר,False,,,,,
hebverb_211,שכר,hitpa'el,DA_RIVEDERE: get drunk,target,בעתיד · את,תשתכרי,תשתכרי,False,,,,,
hebverb_211,שכר,hitpa'el,DA_RIVEDERE: get drunk,target,בעתיד · הוא,ישתכר,ישתכר,False,,,,,
hebverb_211,שכר,hitpa'el,DA_RIVEDERE: get drunk,target,בעתיד · היא,תשתכר,תשתכר,False,,,,,
hebverb_211,שכר,hitpa'el,DA_RIVEDERE: get drunk,target,בעתיד · אנחנו,נשתכר,נשתכר,True,0.909588062,593.0857142857143,0.9428571428571428,,
hebverb_211,שכר,hitpa'el,DA_RIVEDERE: get drunk,target,בעתיד · אתם,תשתכרו,תשתכרו,False,,,,,
hebverb_211,שכר,hitpa'el,DA_RIVEDERE: get drunk,target,בעתיד · אתן,תשתכרנה,תשתכרנה,False,,,,,
hebverb_211,שכר,hitpa'el,DA_RIVEDERE: get drunk,target,בעתיד · הם,ישתכרו,ישתכרו,False,,,,,
hebverb_211,שכר,hitpa'el,DA_RIVEDERE: get drunk,target,בעתיד · הן,תשתכרנה,תשתכרנה,False,,,,,
hebverb_212,שנה,hitpa'el,DA_RIVEDERE: change oneself,infinitive,infinitive,להשתנות,להשתנות,True,26.15975267,548.4684210789474,0.9736842105263158,,
hebverb_212,שנה,hitpa'el,DA_RIVEDERE: change oneself,present_1,present_1,משתנה,משתנה,False,,,,,
hebverb_212,שנה,hitpa'el,DA_RIVEDERE: change oneself,present_2,present_2,משתנה,משתנה,False,,,,,
hebverb_212,שנה,hitpa'el,DA_RIVEDERE: change oneself,present_3,present_3,משתנים,משתנים,False,,,,,
hebverb_212,שנה,hitpa'el,DA_RIVEDERE: change oneself,present_4,present_4,משתנות,משתנות,True,2.019285498,638.1675,0.95,496.88235294117646,1.0
hebverb_212,שנה,hitpa'el,DA_RIVEDERE: change oneself,target,בעבר · אני,השתניתי,השתניתי,False,,,,,
hebverb_212,שנה,hitpa'el,DA_RIVEDERE: change oneself,target,בעבר · אתה,השתנית,השתנית,False,,,,,
hebverb_212,שנה,hitpa'el,DA_RIVEDERE: change oneself,target,בעבר · את,השתנית,השתנית,False,,,,,
hebverb_212,שנה,hitpa'el,DA_RIVEDERE: change oneself,target,בעבר · הוא,השתנה,השתנה,False,,,,,
hebverb_212,שנה,hitpa'el,DA_RIVEDERE: change oneself,target,בעבר · היא,השתנתה,השתנתה,False,,,,,
hebverb_212,שנה,hitpa'el,DA_RIVEDERE: change oneself,target,בעבר · אנחנו,השתנינו,השתנינו,False,,,,,
hebverb_212,שנה,hitpa'el,DA_RIVEDERE: change oneself,target,בעבר · אתם,השתניתם,השתניתם,False,,,,,
hebverb_212,שנה,hitpa'el,DA_RIVEDERE: change oneself,target,בעבר · אתן,השתניתן,השתניתן,False,,,,,
hebverb_212,שנה,hitpa'el,DA_RIVEDERE: change oneself,target,בעבר · הם,השתנו,השתנו,False,,,,,
hebverb_212,שנה,hitpa'el,DA_RIVEDERE: change oneself,target,בעבר · הן,השתנו,השתנו,False,,,,,
hebverb_212,שנה,hitpa'el,DA_RIVEDERE: change oneself,target,בעתיד · אני,אשתנה,אשתנה,False,,,,,
hebverb_212,שנה,hitpa'el,DA_RIVEDERE: change oneself,target,בעתיד · אתה,תשתנה,תשתנה,False,,,,,
hebverb_212,שנה,hitpa'el,DA_RIVEDERE: change oneself,target,בעתיד · את,תשתני,תשתני,False,,,,,
hebverb_212,שנה,hitpa'el,DA_RIVEDERE: change oneself,target,בעתיד · הוא,ישתנה,ישתנה,False,,,,,
hebverb_212,שנה,hitpa'el,DA_RIVEDERE: change oneself,target,בעתיד · היא,תשתנה,תשתנה,False,,,,,
hebverb_212,שנה,hitpa'el,DA_RIVEDERE: change oneself,target,בעתיד · אנחנו,נשתנה,נשתנה,False,,,,,
hebverb_212,שנה,hitpa'el,DA_RIVEDERE: change oneself,target,בעתיד · אתם,תשתנו,תשתנו,False,,,,,
hebverb_212,שנה,hitpa'el,DA_RIVEDERE: change oneself,target,בעתיד · אתן,תשתנינה,תשתנינה,False,,,,,
hebverb_212,שנה,hitpa'el,DA_RIVEDERE: change oneself,target,בעתיד · הם,ישתנו,ישתנו,False,,,,,
hebverb_212,שנה,hitpa'el,DA_RIVEDERE: change oneself,target,בעתיד · הן,תשתנינה,תשתנינה,False,,,,,
hebverb_213,אחד,hitpa'el,DA_RIVEDERE: unite,infinitive,infinitive,להתאחד,להתאחד,False,,,,,
hebverb_213,אחד,hitpa'el,DA_RIVEDERE: unite,present_1,present_1,מתאחד,מתאחד,False,,,,,
hebverb_213,אחד,hitpa'el,DA_RIVEDERE: unite,present_2,present_2,מתאחדת,מתאחדת,False,,,,,
hebverb_213,אחד,hitpa'el,DA_RIVEDERE: unite,present_3,present_3,מתאחדים,מתאחדים,False,,,,,
hebverb_213,אחד,hitpa'el,DA_RIVEDERE: unite,present_4,present_4,מתאחדות,מתאחדות,False,,,,,
hebverb_213,אחד,hitpa'el,DA_RIVEDERE: unite,target,בעבר · אני,התאחדתי,התאחדתי,False,,,,,
hebverb_213,אחד,hitpa'el,DA_RIVEDERE: unite,target,בעבר · אתה,התאחדת,התאחדת,False,,,,,
hebverb_213,אחד,hitpa'el,DA_RIVEDERE: unite,target,בעבר · את,התאחדת,התאחדת,False,,,,,
hebverb_213,אחד,hitpa'el,DA_RIVEDERE: unite,target,בעבר · הוא,התאחד,התאחד,False,,,,,
hebverb_213,אחד,hitpa'el,DA_RIVEDERE: unite,target,בעבר · היא,התאחדה,התאחדה,False,,,,,
hebverb_213,אחד,hitpa'el,DA_RIVEDERE: unite,target,בעבר · אנחנו,התאחדנו,התאחדנו,False,,,,,
hebverb_213,אחד,hitpa'el,DA_RIVEDERE: unite,target,בעבר · אתם,התאחדתם,התאחדתם,False,,,,,
hebverb_213,אחד,hitpa'el,DA_RIVEDERE: unite,target,בעבר · אתן,התאחדתן,התאחדתן,False,,,,,
hebverb_213,אחד,hitpa'el,DA_RIVEDERE: unite,target,בעבר · הם,התאחדו,התאחדו,False,,,,,
hebverb_213,אחד,hitpa'el,DA_RIVEDERE: unite,target,בעבר · הן,התאחדו,התאחדו,False,,,,,
hebverb_213,אחד,hitpa'el,DA_RIVEDERE: unite,target,בעתיד · אני,אתאחד,אתאחד,False,,,,,
hebverb_213,אחד,hitpa'el,DA_RIVEDERE: unite,target,בעתיד · אתה,תתאחד,תתאחד,False,,,,,
hebverb_213,אחד,hitpa'el,DA_RIVEDERE: unite,target,בעתיד · את,תתאחדי,תתאחדי,False,,,,,
hebverb_213,אחד,hitpa'el,DA_RIVEDERE: unite,target,בעתיד · הוא,יתאחד,יתאחד,False,,,,,
hebverb_213,אחד,hitpa'el,DA_RIVEDERE: unite,target,בעתיד · היא,תתאחד,תתאחד,False,,,,,
hebverb_213,אחד,hitpa'el,DA_RIVEDERE: unite,target,בעתיד · אנחנו,נתאחד,נתאחד,False,,,,,
hebverb_213,אחד,hitpa'el,DA_RIVEDERE: unite,target,בעתיד · אתם,תתאחדו,תתאחדו,False,,,,,
hebverb_213,אחד,hitpa'el,DA_RIVEDERE: unite,target,בעתיד · אתן,תתאחדנה,תתאחדנה,False,,,,,
hebverb_213,אחד,hitpa'el,DA_RIVEDERE: unite,target,בעתיד · הם,יתאחדו,יתאחדו,False,,,,,
hebverb_213,אחד,hitpa'el,DA_RIVEDERE: unite,target,בעתיד · הן,תתאחדנה,תתאחדנה,False,,,,,
hebverb_214,חבר,hitpa'el,collegare,infinitive,infinitive,להתחבר,להתחבר,True,21.16914617,560.4820513589743,0.9230769230769231,,
hebverb_214,חבר,hitpa'el,collegare,present_1,present_1,מתחבר,מתחבר,True,7.252448817,553.9289473684211,0.9210526315789473,,
hebverb_214,חבר,hitpa'el,collegare,present_2,present_2,מתחברת,מתחברת,False,,,,,
hebverb_214,חבר,hitpa'el,collegare,present_3,present_3,מתחברים,מתחברים,False,,,,,
hebverb_214,חבר,hitpa'el,collegare,present_4,present_4,מתחברות,מתחברות,False,,,,,
hebverb_214,חבר,hitpa'el,collegare,target,בעבר · אני,התחברתי,התחברתי,False,,,,,
hebverb_214,חבר,hitpa'el,collegare,target,בעבר · אתה,התחברת,התחברת,False,,,,,
hebverb_214,חבר,hitpa'el,collegare,target,בעבר · את,התחברת,התחברת,False,,,,,
hebverb_214,חבר,hitpa'el,collegare,target,בעבר · הוא,התחבר,התחבר,False,,,,,
hebverb_214,חבר,hitpa'el,collegare,target,בעבר · היא,התחברה,התחברה,False,,,,,
hebverb_214,חבר,hitpa'el,collegare,target,בעבר · אנחנו,התחברנו,התחברנו,False,,,,,
hebverb_214,חבר,hitpa'el,collegare,target,בעבר · אתם,התחברתם,התחברתם,False,,,,,
hebverb_214,חבר,hitpa'el,collegare,target,בעבר · אתן,התחברתן,התחברתן,False,,,,,
hebverb_214,חבר,hitpa'el,collegare,target,בעבר · הם,התחברו,התחברו,False,,,,,
hebverb_214,חבר,hitpa'el,collegare,target,בעבר · הן,התחברו,התחברו,False,,,,,
hebverb_214,חבר,hitpa'el,collegare,target,בעתיד · אני,אתחבר,אתחבר,False,,,,,
hebverb_214,חבר,hitpa'el,collegare,target,בעתיד · אתה,תתחבר,תתחבר,False,,,,,
hebverb_214,חבר,hitpa'el,collegare,target,בעתיד · את,תתחברי,תתחברי,False,,,,,
hebverb_214,חבר,hitpa'el,collegare,target,בעתיד · הוא,יתחבר,יתחבר,False,,,,,
hebverb_214,חבר,hitpa'el,collegare,target,בעתיד · היא,תתחבר,תתחבר,False,,,,,
hebverb_214,חבר,hitpa'el,collegare,target,בעתיד · אנחנו,נתחבר,נתחבר,False,,,,,
hebverb_214,חבר,hitpa'el,collegare,target,בעתיד · אתם,תתחברו,תתחברו,False,,,,,
hebverb_214,חבר,hitpa'el,collegare,target,בעתיד · אתן,תתחברנה,תתחברנה,False,,,,,
hebverb_214,חבר,hitpa'el,collegare,target,בעתיד · הם,יתחברו,יתחברו,False,,,,,
hebverb_214,חבר,hitpa'el,collegare,target,בעתיד · הן,תתחברנה,תתחברנה,False,,,,,
hebverb_215,נתק,hitpa'el,DA_RIVEDERE: disconnect,infinitive,infinitive,להתנתק,להתנתק,False,,,,,
hebverb_215,נתק,hitpa'el,DA_RIVEDERE: disconnect,present_1,present_1,מתנתק,מתנתק,False,,,,,
hebverb_215,נתק,hitpa'el,DA_RIVEDERE: disconnect,present_2,present_2,מתנתקת,מתנתקת,False,,,,,
hebverb_215,נתק,hitpa'el,DA_RIVEDERE: disconnect,present_3,present_3,מתנתקים,מתנתקים,False,,,,,
hebverb_215,נתק,hitpa'el,DA_RIVEDERE: disconnect,present_4,present_4,מתנתקות,מתנתקות,False,,,,,
hebverb_215,נתק,hitpa'el,DA_RIVEDERE: disconnect,target,בעבר · אני,התנתקתי,התנתקתי,False,,,,,
hebverb_215,נתק,hitpa'el,DA_RIVEDERE: disconnect,target,בעבר · אתה,התנתקת,התנתקת,False,,,,,
hebverb_215,נתק,hitpa'el,DA_RIVEDERE: disconnect,target,בעבר · את,התנתקת,התנתקת,False,,,,,
hebverb_215,נתק,hitpa'el,DA_RIVEDERE: disconnect,target,בעבר · הוא,התנתק,התנתק,True,1.370446014,579.7454545454545,0.9428571428571428,492.0769230769231,0.9512195121951219
hebverb_215,נתק,hitpa'el,DA_RIVEDERE: disconnect,target,בעבר · היא,התנתקה,התנתקה,False,,,,,
hebverb_215,נתק,hitpa'el,DA_RIVEDERE: disconnect,target,בעבר · אנחנו,התנתקנו,התנתקנו,False,,,,,
hebverb_215,נתק,hitpa'el,DA_RIVEDERE: disconnect,target,בעבר · אתם,התנתקתם,התנתקתם,False,,,,,
hebverb_215,נתק,hitpa'el,DA_RIVEDERE: disconnect,target,בעבר · אתן,התנתקתן,התנתקתן,False,,,,,
hebverb_215,נתק,hitpa'el,DA_RIVEDERE: disconnect,target,בעבר · הם,התנתקו,התנתקו,False,,,,,
hebverb_215,נתק,hitpa'el,DA_RIVEDERE: disconnect,target,בעבר · הן,התנתקו,התנתקו,False,,,,,
hebverb_215,נתק,hitpa'el,DA_RIVEDERE: disconnect,target,בעתיד · אני,אתנתק,אתנתק,False,,,,,
hebverb_215,נתק,hitpa'el,DA_RIVEDERE: disconnect,target,בעתיד · אתה,תתנתק,תתנתק,False,,,,,
hebverb_215,נתק,hitpa'el,DA_RIVEDERE: disconnect,target,בעתיד · את,תתנתקי,תתנתקי,False,,,,,
hebverb_215,נתק,hitpa'el,DA_RIVEDERE: disconnect,target,בעתיד · הוא,יתנתק,יתנתק,False,,,,,
hebverb_215,נתק,hitpa'el,DA_RIVEDERE: disconnect,target,בעתיד · היא,תתנתק,תתנתק,False,,,,,
hebverb_215,נתק,hitpa'el,DA_RIVEDERE: disconnect,target,בעתיד · אנחנו,נתנתק,נתנתק,False,,,,,
hebverb_215,נתק,hitpa'el,DA_RIVEDERE: disconnect,target,בעתיד · אתם,תתנתקו,תתנתקו,False,,,,,
hebverb_215,נתק,hitpa'el,DA_RIVEDERE: disconnect,target,בעתיד · אתן,תתנתקנה,תתנתקנה,False,,,,,
hebverb_215,נתק,hitpa'el,DA_RIVEDERE: disconnect,target,בעתיד · הם,יתנתקו,יתנתקו,False,,,,,
hebverb_215,נתק,hitpa'el,DA_RIVEDERE: disconnect,target,בעתיד · הן,תתנתקנה,תתנתקנה,False,,,,,
hebverb_216,יעצ,hitpa'el,DA_RIVEDERE: consult with,infinitive,infinitive,להתיעץ,להתיעץ,False,,,,,
hebverb_216,יעצ,hitpa'el,DA_RIVEDERE: consult with,present_1,present_1,מתיעץ,מתיעץ,False,,,,,
hebverb_216,יעצ,hitpa'el,DA_RIVEDERE: consult with,present_1,present_1,מתייעץ,מתייעץ,False,,,,,
hebverb_216,יעצ,hitpa'el,DA_RIVEDERE: consult with,present_2,present_2,מתיעצת,מתיעצת,False,,,,,
hebverb_216,יעצ,hitpa'el,DA_RIVEDERE: consult with,present_2,present_2,מתייעצת,מתייעצת,False,,,,,
hebverb_216,יעצ,hitpa'el,DA_RIVEDERE: consult with,present_3,present_3,מתיעצים,מתיעצים,False,,,,,
hebverb_216,יעצ,hitpa'el,DA_RIVEDERE: consult with,present_3,present_3,מתייעצים,מתייעצים,False,,,,,
hebverb_216,יעצ,hitpa'el,DA_RIVEDERE: consult with,present_4,present_4,מתיעצות,מתיעצות,False,,,,,
hebverb_216,יעצ,hitpa'el,DA_RIVEDERE: consult with,present_4,present_4,מתייעצות,מתייעצות,False,,,,,
hebverb_216,יעצ,hitpa'el,DA_RIVEDERE: consult with,target,בעבר · אני,התיעצתי,התיעצתי,False,,,,,
hebverb_216,יעצ,hitpa'el,DA_RIVEDERE: consult with,target,בעבר · אני,התייעצתי,התייעצתי,False,,,,,
hebverb_216,יעצ,hitpa'el,DA_RIVEDERE: consult with,target,בעבר · אתה,התיעצת,התיעצת,False,,,,,
hebverb_216,יעצ,hitpa'el,DA_RIVEDERE: consult with,target,בעבר · אתה,התייעצת,התייעצת,False,,,,,
hebverb_216,יעצ,hitpa'el,DA_RIVEDERE: consult with,target,בעבר · את,התיעצת,התיעצת,False,,,,,
hebverb_216,יעצ,hitpa'el,DA_RIVEDERE: consult with,target,בעבר · את,התייעצת,התייעצת,False,,,,,
hebverb_216,יעצ,hitpa'el,DA_RIVEDERE: consult with,target,בעבר · הוא,התיעץ,התיעץ,False,,,,,
hebverb_216,יעצ,hitpa'el,DA_RIVEDERE: consult with,target,בעבר · הוא,התייעץ,התייעץ,False,,,,,
hebverb_216,יעצ,hitpa'el,DA_RIVEDERE: consult with,target,בעבר · היא,התיעצה,התיעצה,False,,,,,
hebverb_216,יעצ,hitpa'el,DA_RIVEDERE: consult with,target,בעבר · היא,התייעצה,התייעצה,False,,,,,
hebverb_216,יעצ,hitpa'el,DA_RIVEDERE: consult with,target,בעבר · אנחנו,התיעצנו,התיעצנו,False,,,,,
hebverb_216,יעצ,hitpa'el,DA_RIVEDERE: consult with,target,בעבר · אנחנו,התייעצנו,התייעצנו,False,,,,,
hebverb_216,יעצ,hitpa'el,DA_RIVEDERE: consult with,target,בעבר · אתם,התיעצתם,התיעצתם,False,,,,,
hebverb_216,יעצ,hitpa'el,DA_RIVEDERE: consult with,target,בעבר · אתם,התייעצתם,התייעצתם,False,,,,,
hebverb_216,יעצ,hitpa'el,DA_RIVEDERE: consult with,target,בעבר · אתן,התיעצתן,התיעצתן,False,,,,,
hebverb_216,יעצ,hitpa'el,DA_RIVEDERE: consult with,target,בעבר · אתן,התייעצתן,התייעצתן,False,,,,,
hebverb_216,יעצ,hitpa'el,DA_RIVEDERE: consult with,target,בעבר · הם,התיעצו,התיעצו,False,,,,,
hebverb_216,יעצ,hitpa'el,DA_RIVEDERE: consult with,target,בעבר · הם,התייעצו,התייעצו,False,,,,,
hebverb_216,יעצ,hitpa'el,DA_RIVEDERE: consult with,target,בעבר · הן,התיעצו,התיעצו,False,,,,,
hebverb_216,יעצ,hitpa'el,DA_RIVEDERE: consult with,target,בעבר · הן,התייעצו,התייעצו,False,,,,,
hebverb_216,יעצ,hitpa'el,DA_RIVEDERE: consult with,target,בעתיד · אני,אתיעץ,אתיעץ,False,,,,,
hebverb_216,יעצ,hitpa'el,DA_RIVEDERE: consult with,target,בעתיד · אני,אתייעץ,אתייעץ,False,,,,,
hebverb_216,יעצ,hitpa'el,DA_RIVEDERE: consult with,target,בעתיד · אתה,תתיעץ,תתיעץ,False,,,,,
hebverb_216,יעצ,hitpa'el,DA_RIVEDERE: consult with,target,בעתיד · אתה,תתייעץ,תתייעץ,False,,,,,
hebverb_216,יעצ,hitpa'el,DA_RIVEDERE: consult with,target,בעתיד · את,תתיעצי,תתיעצי,False,,,,,
hebverb_216,יעצ,hitpa'el,DA_RIVEDERE: consult with,target,בעתיד · את,תתייעצי,תתייעצי,False,,,,,
hebverb_216,יעצ,hitpa'el,DA_RIVEDERE: consult with,target,בעתיד · הוא,יתיעץ,יתיעץ,False,,,,,
hebverb_216,יעצ,hitpa'el,DA_RIVEDERE: consult with,target,בעתיד · הוא,יתייעץ,יתייעץ,False,,,,,
hebverb_216,יעצ,hitpa'el,DA_RIVEDERE: consult with,target,בעתיד · היא,תתיעץ,תתיעץ,False,,,,,
hebverb_216,יעצ,hitpa'el,DA_RIVEDERE: consult with,target,בעתיד · היא,תתייעץ,תתייעץ,False,,,,,
hebverb_216,יעצ,hitpa'el,DA_RIVEDERE: consult with,target,בעתיד · אנחנו,נתיעץ,נתיעץ,False,,,,,
hebverb_216,יעצ,hitpa'el,DA_RIVEDERE: consult with,target,בעתיד · אנחנו,נתייעץ,נתייעץ,False,,,,,
hebverb_216,יעצ,hitpa'el,DA_RIVEDERE: consult with,target,בעתיד · אתם,תתיעצו,תתיעצו,False,,,,,
hebverb_216,יעצ,hitpa'el,DA_RIVEDERE: consult with,target,בעתיד · אתם,תתייעצו,תתייעצו,False,,,,,
hebverb_216,יעצ,hitpa'el,DA_RIVEDERE: consult with,target,בעתיד · אתן,תתיעצנה,תתיעצנה,False,,,,,
hebverb_216,יעצ,hitpa'el,DA_RIVEDERE: consult with,target,בעתיד · אתן,תתייעצנה,תתייעצנה,False,,,,,
hebverb_216,יעצ,hitpa'el,DA_RIVEDERE: consult with,target,בעתיד · הם,יתיעצו,יתיעצו,False,,,,,
hebverb_216,יעצ,hitpa'el,DA_RIVEDERE: consult with,target,בעתיד · הם,יתייעצו,יתייעצו,False,,,,,
hebverb_216,יעצ,hitpa'el,DA_RIVEDERE: consult with,target,בעתיד · הן,תתיעצנה,תתיעצנה,False,,,,,
hebverb_216,יעצ,hitpa'el,DA_RIVEDERE: consult with,target,בעתיד · הן,תתייעצנה,תתייעצנה,False,,,,,
hebverb_217,כון,hitpa'el,DA_RIVEDERE: prepare,infinitive,infinitive,להתכונן,להתכונן,False,,,,,
hebverb_217,כון,hitpa'el,DA_RIVEDERE: prepare,present_1,present_1,מתכונן,מתכונן,False,,,,,
hebverb_217,כון,hitpa'el,DA_RIVEDERE: prepare,present_2,present_2,מתכוננת,מתכוננת,False,,,,,
hebverb_217,כון,hitpa'el,DA_RIVEDERE: prepare,present_3,present_3,מתכוננים,מתכוננים,False,,,,,
hebverb_217,כון,hitpa'el,DA_RIVEDERE: prepare,present_4,present_4,מתכוננות,מתכוננות,False,,,,,
hebverb_217,כון,hitpa'el,DA_RIVEDERE: prepare,target,בעבר · אני,התכוננתי,התכוננתי,False,,,,,
hebverb_217,כון,hitpa'el,DA_RIVEDERE: prepare,target,בעבר · אתה,התכוננת,התכוננת,False,,,,,
hebverb_217,כון,hitpa'el,DA_RIVEDERE: prepare,target,בעבר · את,התכוננת,התכוננת,False,,,,,
hebverb_217,כון,hitpa'el,DA_RIVEDERE: prepare,target,בעבר · הוא,התכונן,התכונן,False,,,,,
hebverb_217,כון,hitpa'el,DA_RIVEDERE: prepare,target,בעבר · היא,התכוננה,התכוננה,False,,,,,
hebverb_217,כון,hitpa'el,DA_RIVEDERE: prepare,target,בעבר · אנחנו,התכוננו,התכוננו,False,,,,,
hebverb_217,כון,hitpa'el,DA_RIVEDERE: prepare,target,בעבר · אתם,התכוננתם,התכוננתם,False,,,,,
hebverb_217,כון,hitpa'el,DA_RIVEDERE: prepare,target,בעבר · אתן,התכוננתן,התכוננתן,False,,,,,
hebverb_217,כון,hitpa'el,DA_RIVEDERE: prepare,target,בעבר · הם,התכוננו,התכוננו,False,,,,,
hebverb_217,כון,hitpa'el,DA_RIVEDERE: prepare,target,בעבר · הן,התכוננו,התכוננו,False,,,,,
hebverb_217,כון,hitpa'el,DA_RIVEDERE: prepare,target,בעתיד · אני,אתכונן,אתכונן,False,,,,,
hebverb_217,כון,hitpa'el,DA_RIVEDERE: prepare,target,בעתיד · אתה,תתכונן,תתכונן,True,8.228740004,575.8315789473684,0.9736842105263158,,
hebverb_217,כון,hitpa'el,DA_RIVEDERE: prepare,target,בעתיד · את,תתכונני,תתכונני,False,,,,,
hebverb_217,כון,hitpa'el,DA_RIVEDERE: prepare,target,בעתיד · הוא,יתכונן,יתכונן,False,,,,,
hebverb_217,כון,hitpa'el,DA_RIVEDERE: prepare,target,בעתיד · היא,תתכונן,תתכונן,True,8.228740004,575.8315789473684,0.9736842105263158,,
hebverb_217,כון,hitpa'el,DA_RIVEDERE: prepare,target,בעתיד · אנחנו,נתכונן,נתכונן,False,,,,,
hebverb_217,כון,hitpa'el,DA_RIVEDERE: prepare,target,בעתיד · אתם,תתכוננו,תתכוננו,False,,,,,
hebverb_217,כון,hitpa'el,DA_RIVEDERE: prepare,target,בעתיד · אתן,תתכוננה,תתכוננה,False,,,,,
hebverb_217,כון,hitpa'el,DA_RIVEDERE: prepare,target,בעתיד · הם,יתכוננו,יתכוננו,False,,,,,
hebverb_217,כון,hitpa'el,DA_RIVEDERE: prepare,target,בעתיד · הן,תתכוננה,תתכוננה,False,,,,,
hebverb_218,צרף,hitpa'el,unirsi,infinitive,infinitive,להצטרף,להצטרף,False,,,,,
hebverb_218,צרף,hitpa'el,unirsi,present_1,present_1,מצטרף,מצטרף,False,,,,,
hebverb_218,צרף,hitpa'el,unirsi,present_2,present_2,מצטרפת,מצטרפת,False,,,,,
hebverb_218,צרף,hitpa'el,unirsi,present_3,present_3,מצטרפים,מצטרפים,False,,,,,
hebverb_218,צרף,hitpa'el,unirsi,present_4,present_4,מצטרפות,מצטרפות,False,,,,,
hebverb_218,צרף,hitpa'el,unirsi,target,בעבר · אני,הצטרפתי,הצטרפתי,False,,,,,
hebverb_218,צרף,hitpa'el,unirsi,target,בעבר · אתה,הצטרפת,הצטרפת,False,,,,,
hebverb_218,צרף,hitpa'el,unirsi,target,בעבר · את,הצטרפת,הצטרפת,False,,,,,
hebverb_218,צרף,hitpa'el,unirsi,target,בעבר · הוא,הצטרף,הצטרף,True,11.16974141,620.7342105263158,0.9736842105263158,,
hebverb_218,צרף,hitpa'el,unirsi,target,בעבר · היא,הצטרפה,הצטרפה,True,2.904617879,601.2714285714286,0.9142857142857143,,
hebverb_218,צרף,hitpa'el,unirsi,target,בעבר · אנחנו,הצטרפנו,הצטרפנו,False,,,,,
hebverb_218,צרף,hitpa'el,unirsi,target,בעבר · אתם,הצטרפתם,הצטרפתם,False,,,,,
hebverb_218,צרף,hitpa'el,unirsi,target,בעבר · אתן,הצטרפתן,הצטרפתן,False,,,,,
hebverb_218,צרף,hitpa'el,unirsi,target,בעבר · הם,הצטרפו,הצטרפו,False,,,,,
hebverb_218,צרף,hitpa'el,unirsi,target,בעבר · הן,הצטרפו,הצטרפו,False,,,,,
hebverb_218,צרף,hitpa'el,unirsi,target,בעתיד · אני,אצטרף,אצטרף,False,,,,,
hebverb_218,צרף,hitpa'el,unirsi,target,בעתיד · אתה,תצטרף,תצטרף,False,,,,,
hebverb_218,צרף,hitpa'el,unirsi,target,בעתיד · את,תצטרפי,תצטרפי,True,4.262936052,674.5486485945945,0.972972972972973,,
hebverb_218,צרף,hitpa'el,unirsi,target,בעתיד · הוא,יצטרף,יצטרף,False,,,,,
hebverb_218,צרף,hitpa'el,unirsi,target,בעתיד · היא,תצטרף,תצטרף,False,,,,,
hebverb_218,צרף,hitpa'el,unirsi,target,בעתיד · אנחנו,נצטרף,נצטרף,False,,,,,
hebverb_218,צרף,hitpa'el,unirsi,target,בעתיד · אתם,תצטרפו,תצטרפו,False,,,,,
hebverb_218,צרף,hitpa'el,unirsi,target,בעתיד · אתן,תצטרפנה,תצטרפנה,False,,,,,
hebverb_218,צרף,hitpa'el,unirsi,target,בעתיד · הם,יצטרפו,יצטרפו,False,,,,,
hebverb_218,צרף,hitpa'el,unirsi,target,בעתיד · הן,תצטרפנה,תצטרפנה,False,,,,,
hebverb_219,מדד,hitpa'el,DA_RIVEDERE: cope,infinitive,infinitive,להתמודד,להתמודד,False,,,,,
hebverb_219,מדד,hitpa'el,DA_RIVEDERE: cope,present_1,present_1,מתמודד,מתמודד,True,19.42880101,560.3052631578947,0.9210526315789473,505.3636363636364,0.9696969696969697
hebverb_219,מדד,hitpa'el,DA_RIVEDERE: cope,present_2,present_2,מתמודדת,מתמודדת,True,8.998857897,552.3971428571429,0.9714285714285714,,
hebverb_219,מדד,hitpa'el,DA_RIVEDERE: cope,present_3,present_3,מתמודדים,מתמודדים,True,17.75515898,542.0594595135135,0.9459459459459459,,
hebverb_219,מדד,hitpa'el,DA_RIVEDERE: cope,present_4,present_4,מתמודדות,מתמודדות,False,,,,,
hebverb_219,מדד,hitpa'el,DA_RIVEDERE: cope,target,בעבר · אני,התמודדתי,התמודדתי,False,,,,,
hebverb_219,מדד,hitpa'el,DA_RIVEDERE: cope,target,בעבר · אתה,התמודדת,התמודדת,False,,,,,
hebverb_219,מדד,hitpa'el,DA_RIVEDERE: cope,target,בעבר · את,התמודדת,התמודדת,False,,,,,
hebverb_219,מדד,hitpa'el,DA_RIVEDERE: cope,target,בעבר · הוא,התמודד,התמודד,False,,,,,
hebverb_219,מדד,hitpa'el,DA_RIVEDERE: cope,target,בעבר · היא,התמודדה,התמודדה,True,1.249167606,631.1142857142858,0.9142857142857143,519.4571428571429,0.9473684210526315
hebverb_219,מדד,hitpa'el,DA_RIVEDERE: cope,target,בעבר · אנחנו,התמודדנו,התמודדנו,False,,,,,
hebverb_219,מדד,hitpa'el,DA_RIVEDERE: cope,target,בעבר · אתם,התמודדתם,התמודדתם,False,,,,,
hebverb_219,מדד,hitpa'el,DA_RIVEDERE: cope,target,בעבר · אתן,התמודדתן,התמודדתן,False,,,,,
hebverb_219,מדד,hitpa'el,DA_RIVEDERE: cope,target,בעבר · הם,התמודדו,התמודדו,False,,,,,
hebverb_219,מדד,hitpa'el,DA_RIVEDERE: cope,target,בעבר · הן,התמודדו,התמודדו,False,,,,,
hebverb_219,מדד,hitpa'el,DA_RIVEDERE: cope,target,בעתיד · אני,אתמודד,אתמודד,False,,,,,
hebverb_219,מדד,hitpa'el,DA_RIVEDERE: cope,target,בעתיד · אתה,תתמודד,תתמודד,False,,,,,
hebverb_219,מדד,hitpa'el,DA_RIVEDERE: cope,target,בעתיד · את,תתמודדי,תתמודדי,True,1.752473,614.0628571428572,0.8285714285714286,,
hebverb_219,מדד,hitpa'el,DA_RIVEDERE: cope,target,בעתיד · הוא,יתמודד,יתמודד,False,,,,,
hebverb_219,מדד,hitpa'el,DA_RIVEDERE: cope,target,בעתיד · היא,תתמודד,תתמודד,False,,,,,
hebverb_219,מדד,hitpa'el,DA_RIVEDERE: cope,target,בעתיד · אנחנו,נתמודד,נתמודד,False,,,,,
hebverb_219,מדד,hitpa'el,DA_RIVEDERE: cope,target,בעתיד · אתם,תתמודדו,תתמודדו,False,,,,,
hebverb_219,מדד,hitpa'el,DA_RIVEDERE: cope,target,בעתיד · אתן,תתמודדנה,תתמודדנה,False,,,,,
hebverb_219,מדד,hitpa'el,DA_RIVEDERE: cope,target,בעתיד · הם,יתמודדו,יתמודדו,False,,,,,
hebverb_219,מדד,hitpa'el,DA_RIVEDERE: cope,target,בעתיד · הן,תתמודדנה,תתמודדנה,False,,,,,
hebverb_220,עלם,hitpa'el,DA_RIVEDERE: ignore,infinitive,infinitive,להתעלם,להתעלם,False,,,,,
hebverb_220,עלם,hitpa'el,DA_RIVEDERE: ignore,present_1,present_1,מתעלם,מתעלם,True,6.809782627,538.4324324324324,1.0,,
hebverb_220,עלם,hitpa'el,DA_RIVEDERE: ignore,present_2,present_2,מתעלמת,מתעלמת,False,,,,,
hebverb_220,עלם,hitpa'el,DA_RIVEDERE: ignore,present_3,present_3,מתעלמים,מתעלמים,False,,,,,
hebverb_220,עלם,hitpa'el,DA_RIVEDERE: ignore,present_4,present_4,מתעלמות,מתעלמות,False,,,,,
hebverb_220,עלם,hitpa'el,DA_RIVEDERE: ignore,target,בעבר · אני,התעלמתי,התעלמתי,False,,,,,
hebverb_220,עלם,hitpa'el,DA_RIVEDERE: ignore,target,בעבר · אתה,התעלמת,התעלמת,False,,,,,
hebverb_220,עלם,hitpa'el,DA_RIVEDERE: ignore,target,בעבר · את,התעלמת,התעלמת,False,,,,,
hebverb_220,עלם,hitpa'el,DA_RIVEDERE: ignore,target,בעבר · הוא,התעלם,התעלם,False,,,,,
hebverb_220,עלם,hitpa'el,DA_RIVEDERE: ignore,target,בעבר · היא,התעלמה,התעלמה,False,,,,,
hebverb_220,עלם,hitpa'el,DA_RIVEDERE: ignore,target,בעבר · אנחנו,התעלמנו,התעלמנו,False,,,,,
hebverb_220,עלם,hitpa'el,DA_RIVEDERE: ignore,target,בעבר · אתם,התעלמתם,התעלמתם,False,,,,,
hebverb_220,עלם,hitpa'el,DA_RIVEDERE: ignore,target,בעבר · אתן,התעלמתן,התעלמתן,False,,,,,
hebverb_220,עלם,hitpa'el,DA_RIVEDERE: ignore,target,בעבר · הם,התעלמו,התעלמו,False,,,,,
hebverb_220,עלם,hitpa'el,DA_RIVEDERE: ignore,target,בעבר · הן,התעלמו,התעלמו,False,,,,,
hebverb_220,עלם,hitpa'el,DA_RIVEDERE: ignore,target,בעתיד · אני,אתעלם,אתעלם,True,1.885879249,582.1710526578947,0.8947368421052632,,
hebverb_220,עלם,hitpa'el,DA_RIVEDERE: ignore,target,בעתיד · אתה,תתעלם,תתעלם,False,,,,,
hebverb_220,עלם,hitpa'el,DA_RIVEDERE: ignore,target,בעתיד · את,תתעלמי,תתעלמי,False,,,,,
hebverb_220,עלם,hitpa'el,DA_RIVEDERE: ignore,target,בעתיד · הוא,יתעלם,יתעלם,False,,,,,
hebverb_220,עלם,hitpa'el,DA_RIVEDERE: ignore,target,בעתיד · היא,תתעלם,תתעלם,False,,,,,
hebverb_220,עלם,hitpa'el,DA_RIVEDERE: ignore,target,בעתיד · אנחנו,נתעלם,נתעלם,True,1.728217318,582.4024999999999,0.95,514.4871794871794,0.9487179487179487
hebverb_220,עלם,hitpa'el,DA_RIVEDERE: ignore,target,בעתיד · אתם,תתעלמו,תתעלמו,False,,,,,
hebverb_220,עלם,hitpa'el,DA_RIVEDERE: ignore,target,בעתיד · אתן,תתעלמנה,תתעלמנה,False,,,,,
hebverb_220,עלם,hitpa'el,DA_RIVEDERE: ignore,target,בעתיד · הם,יתעלמו,יתעלמו,False,,,,,
hebverb_220,עלם,hitpa'el,DA_RIVEDERE: ignore,target,בעתיד · הן,תתעלמנה,תתעלמנה,False,,,,,
hebverb_221,פלל,hitpa'el,pregare,infinitive,infinitive,להתפלל,להתפלל,False,,,,,
hebverb_221,פלל,hitpa'el,pregare,present_1,present_1,מתפלל,מתפלל,True,12.66752975,587.4542856857144,0.9142857142857143,,
hebverb_221,פלל,hitpa'el,pregare,present_2,present_2,מתפללת,מתפללת,False,,,,,
hebverb_221,פלל,hitpa'el,pregare,present_3,present_3,מתפללים,מתפללים,False,,,,,
hebverb_221,פלל,hitpa'el,pregare,present_4,present_4,מתפללות,מתפללות,False,,,,,
hebverb_221,פלל,hitpa'el,pregare,target,בעבר · אני,התפללתי,התפללתי,True,5.202843717,602.6823529411765,0.9428571428571428,563.483870967742,0.9705882352941176
hebverb_221,פלל,hitpa'el,pregare,target,בעבר · אתה,התפללת,התפללת,False,,,,,
hebverb_221,פלל,hitpa'el,pregare,target,בעבר · את,התפללת,התפללת,False,,,,,
hebverb_221,פלל,hitpa'el,pregare,target,בעבר · הוא,התפלל,התפלל,False,,,,,
hebverb_221,פלל,hitpa'el,pregare,target,בעבר · היא,התפללה,התפללה,False,,,,,
hebverb_221,פלל,hitpa'el,pregare,target,בעבר · אנחנו,התפללנו,התפללנו,False,,,,,
hebverb_221,פלל,hitpa'el,pregare,target,בעבר · אתם,התפללתם,התפללתם,False,,,,,
hebverb_221,פלל,hitpa'el,pregare,target,בעבר · אתן,התפללתן,התפללתן,False,,,,,
hebverb_221,פלל,hitpa'el,pregare,target,בעבר · הם,התפללו,התפללו,False,,,,,
hebverb_221,פלל,hitpa'el,pregare,target,בעבר · הן,התפללו,התפללו,False,,,,,
hebverb_221,פלל,hitpa'el,pregare,target,בעתיד · אני,אתפלל,אתפלל,False,,,,,
hebverb_221,פלל,hitpa'el,pregare,target,בעתיד · אתה,תתפלל,תתפלל,False,,,,,
hebverb_221,פלל,hitpa'el,pregare,target,בעתיד · את,תתפללי,תתפללי,False,,,,,
hebverb_221,פלל,hitpa'el,pregare,target,בעתיד · הוא,יתפלל,יתפלל,False,,,,,
hebverb_221,פלל,hitpa'el,pregare,target,בעתיד · היא,תתפלל,תתפלל,False,,,,,
hebverb_221,פלל,hitpa'el,pregare,target,בעתיד · אנחנו,נתפלל,נתפלל,False,,,,,
hebverb_221,פלל,hitpa'el,pregare,target,בעתיד · אתם,תתפללו,תתפללו,False,,,,,
hebverb_221,פלל,hitpa'el,pregare,target,בעתיד · אתן,תתפללנה,תתפללנה,False,,,,,
hebverb_221,פלל,hitpa'el,pregare,target,בעתיד · הם,יתפללו,יתפללו,False,,,,,
hebverb_221,פלל,hitpa'el,pregare,target,בעתיד · הן,תתפללנה,תתפללנה,False,,,,,
hebverb_222,נצל,hitpa'el,DA_RIVEDERE: apologize,infinitive,infinitive,להתנצל,להתנצל,True,40.62826679,559.7763157894736,0.9210526315789473,,
hebverb_222,נצל,hitpa'el,DA_RIVEDERE: apologize,present_1,present_1,מתנצל,מתנצל,False,,,,,
hebverb_222,נצל,hitpa'el,DA_RIVEDERE: apologize,present_2,present_2,מתנצלת,מתנצלת,False,,,,,
hebverb_222,נצל,hitpa'el,DA_RIVEDERE: apologize,present_3,present_3,מתנצלים,מתנצלים,False,,,,,
hebverb_222,נצל,hitpa'el,DA_RIVEDERE: apologize,present_4,present_4,מתנצלות,מתנצלות,False,,,,,
hebverb_222,נצל,hitpa'el,DA_RIVEDERE: apologize,target,בעבר · אני,התנצלתי,התנצלתי,False,,,,,
hebverb_222,נצל,hitpa'el,DA_RIVEDERE: apologize,target,בעבר · אתה,התנצלת,התנצלת,False,,,,,
hebverb_222,נצל,hitpa'el,DA_RIVEDERE: apologize,target,בעבר · את,התנצלת,התנצלת,False,,,,,
hebverb_222,נצל,hitpa'el,DA_RIVEDERE: apologize,target,בעבר · הוא,התנצל,התנצל,False,,,,,
hebverb_222,נצל,hitpa'el,DA_RIVEDERE: apologize,target,בעבר · היא,התנצלה,התנצלה,False,,,,,
hebverb_222,נצל,hitpa'el,DA_RIVEDERE: apologize,target,בעבר · אנחנו,התנצלנו,התנצלנו,False,,,,,
hebverb_222,נצל,hitpa'el,DA_RIVEDERE: apologize,target,בעבר · אתם,התנצלתם,התנצלתם,False,,,,,
hebverb_222,נצל,hitpa'el,DA_RIVEDERE: apologize,target,בעבר · אתן,התנצלתן,התנצלתן,False,,,,,
hebverb_222,נצל,hitpa'el,DA_RIVEDERE: apologize,target,בעבר · הם,התנצלו,התנצלו,False,,,,,
hebverb_222,נצל,hitpa'el,DA_RIVEDERE: apologize,target,בעבר · הן,התנצלו,התנצלו,False,,,,,
hebverb_222,נצל,hitpa'el,DA_RIVEDERE: apologize,target,בעתיד · אני,אתנצל,אתנצל,False,,,,,
hebverb_222,נצל,hitpa'el,DA_RIVEDERE: apologize,target,בעתיד · אתה,תתנצל,תתנצל,False,,,,,
hebverb_222,נצל,hitpa'el,DA_RIVEDERE: apologize,target,בעתיד · את,תתנצלי,תתנצלי,False,,,,,
hebverb_222,נצל,hitpa'el,DA_RIVEDERE: apologize,target,בעתיד · הוא,יתנצל,יתנצל,False,,,,,
hebverb_222,נצל,hitpa'el,DA_RIVEDERE: apologize,target,בעתיד · היא,תתנצל,תתנצל,False,,,,,
hebverb_222,נצל,hitpa'el,DA_RIVEDERE: apologize,target,בעתיד · אנחנו,נתנצל,נתנצל,False,,,,,
hebverb_222,נצל,hitpa'el,DA_RIVEDERE: apologize,target,בעתיד · אתם,תתנצלו,תתנצלו,False,,,,,
hebverb_222,נצל,hitpa'el,DA_RIVEDERE: apologize,target,בעתיד · אתן,תתנצלנה,תתנצלנה,False,,,,,
hebverb_222,נצל,hitpa'el,DA_RIVEDERE: apologize,target,בעתיד · הם,יתנצלו,יתנצלו,False,,,,,
hebverb_222,נצל,hitpa'el,DA_RIVEDERE: apologize,target,בעתיד · הן,תתנצלנה,תתנצלנה,False,,,,,
hebverb_223,בלבל,hitpa'el,confondersi,infinitive,infinitive,להתבלבל,להתבלבל,True,1.776728682,599.4783783783784,0.972972972972973,,
hebverb_223,בלבל,hitpa'el,confondersi,present_1,present_1,מתבלבל,מתבלבל,False,,,,,
hebverb_223,בלבל,hitpa'el,confondersi,present_2,present_2,מתבלבלת,מתבלבלת,True,1.212784083,719.3371428571428,0.8571428571428571,,
hebverb_223,בלבל,hitpa'el,confondersi,present_3,present_3,מתבלבלים,מתבלבלים,False,,,,,
hebverb_223,בלבל,hitpa'el,confondersi,present_4,present_4,מתבלבלות,מתבלבלות,False,,,,,
hebverb_223,בלבל,hitpa'el,confondersi,target,בעבר · אני,התבלבלתי,התבלבלתי,False,,,,,
hebverb_223,בלבל,hitpa'el,confondersi,target,בעבר · אתה,התבלבלת,התבלבלת,False,,,,,
hebverb_223,בלבל,hitpa'el,confondersi,target,בעבר · את,התבלבלת,התבלבלת,False,,,,,
hebverb_223,בלבל,hitpa'el,confondersi,target,בעבר · הוא,התבלבל,התבלבל,False,,,,,
hebverb_223,בלבל,hitpa'el,confondersi,target,בעבר · היא,התבלבלה,התבלבלה,False,,,,,
hebverb_223,בלבל,hitpa'el,confondersi,target,בעבר · אנחנו,התבלבלנו,התבלבלנו,False,,,,,
hebverb_223,בלבל,hitpa'el,confondersi,target,בעבר · אתם,התבלבלתם,התבלבלתם,False,,,,,
hebverb_223,בלבל,hitpa'el,confondersi,target,בעבר · אתן,התבלבלתן,התבלבלתן,False,,,,,
hebverb_223,בלבל,hitpa'el,confondersi,target,בעבר · הם,התבלבלו,התבלבלו,False,,,,,
hebverb_223,בלבל,hitpa'el,confondersi,target,בעבר · הן,התבלבלו,התבלבלו,False,,,,,
hebverb_223,בלבל,hitpa'el,confondersi,target,בעתיד · אני,אתבלבל,אתבלבל,False,,,,,
hebverb_223,בלבל,hitpa'el,confondersi,target,בעתיד · אתה,תתבלבל,תתבלבל,False,,,,,
hebverb_223,בלבל,hitpa'el,confondersi,target,בעתיד · את,תתבלבלי,תתבלבלי,False,,,,,
hebverb_223,בלבל,hitpa'el,confondersi,target,בעתיד · הוא,יתבלבל,יתבלבל,False,,,,,
hebverb_223,בלבל,hitpa'el,confondersi,target,בעתיד · היא,תתבלבל,תתבלבל,False,,,,,
hebverb_223,בלבל,hitpa'el,confondersi,target,בעתיד · אנחנו,נתבלבל,נתבלבל,False,,,,,
hebverb_223,בלבל,hitpa'el,confondersi,target,בעתיד · אתם,תתבלבלו,תתבלבלו,False,,,,,
hebverb_223,בלבל,hitpa'el,confondersi,target,בעתיד · אתן,תתבלבלנה,תתבלבלנה,False,,,,,
hebverb_223,בלבל,hitpa'el,confondersi,target,בעתיד · הם,יתבלבלו,יתבלבלו,False,,,,,
hebverb_223,בלבל,hitpa'el,confondersi,target,בעתיד · הן,תתבלבלנה,תתבלבלנה,False,,,,,
hebverb_224,עמל,hitpa'el,DA_RIVEDERE: exercise,infinitive,infinitive,להתעמל,להתעמל,False,,,,,
hebverb_224,עמל,hitpa'el,DA_RIVEDERE: exercise,present_1,present_1,מתעמל,מתעמל,False,,,,,
hebverb_224,עמל,hitpa'el,DA_RIVEDERE: exercise,present_2,present_2,מתעמלת,מתעמלת,True,1.146080959,603.2666666666667,0.8888888888888888,494.0,0.8974358974358975
hebverb_224,עמל,hitpa'el,DA_RIVEDERE: exercise,present_3,present_3,מתעמלים,מתעמלים,False,,,,,
hebverb_224,עמל,hitpa'el,DA_RIVEDERE: exercise,present_4,present_4,מתעמלות,מתעמלות,False,,,,,
hebverb_224,עמל,hitpa'el,DA_RIVEDERE: exercise,target,בעבר · אני,התעמלתי,התעמלתי,False,,,,,
hebverb_224,עמל,hitpa'el,DA_RIVEDERE: exercise,target,בעבר · אתה,התעמלת,התעמלת,False,,,,,
hebverb_224,עמל,hitpa'el,DA_RIVEDERE: exercise,target,בעבר · את,התעמלת,התעמלת,False,,,,,
hebverb_224,עמל,hitpa'el,DA_RIVEDERE: exercise,target,בעבר · הוא,התעמל,התעמל,False,,,,,
hebverb_224,עמל,hitpa'el,DA_RIVEDERE: exercise,target,בעבר · היא,התעמלה,התעמלה,False,,,,,
hebverb_224,עמל,hitpa'el,DA_RIVEDERE: exercise,target,בעבר · אנחנו,התעמלנו,התעמלנו,False,,,,,
hebverb_224,עמל,hitpa'el,DA_RIVEDERE: exercise,target,בעבר · אתם,התעמלתם,התעמלתם,False,,,,,
hebverb_224,עמל,hitpa'el,DA_RIVEDERE: exercise,target,בעבר · אתן,התעמלתן,התעמלתן,False,,,,,
hebverb_224,עמל,hitpa'el,DA_RIVEDERE: exercise,target,בעבר · הם,התעמלו,התעמלו,False,,,,,
hebverb_224,עמל,hitpa'el,DA_RIVEDERE: exercise,target,בעבר · הן,התעמלו,התעמלו,False,,,,,
hebverb_224,עמל,hitpa'el,DA_RIVEDERE: exercise,target,בעתיד · אני,אתעמל,אתעמל,False,,,,,
hebverb_224,עמל,hitpa'el,DA_RIVEDERE: exercise,target,בעתיד · אתה,תתעמל,תתעמל,False,,,,,
hebverb_224,עמל,hitpa'el,DA_RIVEDERE: exercise,target,בעתיד · את,תתעמלי,תתעמלי,False,,,,,
hebverb_224,עמל,hitpa'el,DA_RIVEDERE: exercise,target,בעתיד · הוא,יתעמל,יתעמל,False,,,,,
hebverb_224,עמל,hitpa'el,DA_RIVEDERE: exercise,target,בעתיד · היא,תתעמל,תתעמל,False,,,,,
hebverb_224,עמל,hitpa'el,DA_RIVEDERE: exercise,target,בעתיד · אנחנו,נתעמל,נתעמל,False,,,,,
hebverb_224,עמל,hitpa'el,DA_RIVEDERE: exercise,target,בעתיד · אתם,תתעמלו,תתעמלו,False,,,,,
hebverb_224,עמל,hitpa'el,DA_RIVEDERE: exercise,target,בעתיד · אתן,תתעמלנה,תתעמלנה,False,,,,,
hebverb_224,עמל,hitpa'el,DA_RIVEDERE: exercise,target,בעתיד · הם,יתעמלו,יתעמלו,False,,,,,
hebverb_224,עמל,hitpa'el,DA_RIVEDERE: exercise,target,בעתיד · הן,תתעמלנה,תתעמלנה,False,,,,,
hebverb_225,בחר,pa'al,DA_RIVEDERE: choose,infinitive,infinitive,לבחור,לבחור,False,,,,,
hebverb_225,בחר,pa'al,DA_RIVEDERE: choose,present_1,present_1,בוחר,בוחר,True,31.43536344,599.4735294117646,0.9142857142857143,,
hebverb_225,בחר,pa'al,DA_RIVEDERE: choose,present_2,present_2,בוחרת,בוחרת,True,12.0308181,555.6236842105263,0.9736842105263158,535.2432432432432,1.0
hebverb_225,בחר,pa'al,DA_RIVEDERE: choose,present_3,present_3,בוחרים,בוחרים,False,,,,,
hebverb_225,בחר,pa'al,DA_RIVEDERE: choose,present_4,present_4,בוחרות,בוחרות,False,,,,,
hebverb_225,בחר,pa'al,DA_RIVEDERE: choose,target,בעבר · אני,בחרתי,בחרתי,True,21.67245157,582.61,1.0,467.0,0.9696969696969697
hebverb_225,בחר,pa'al,DA_RIVEDERE: choose,target,בעבר · אתה,בחרת,בחרת,True,23.61897002,590.4842105789473,0.9473684210526315,,
hebverb_225,בחר,pa'al,DA_RIVEDERE: choose,target,בעבר · את,בחרת,בחרת,True,23.61897002,590.4842105789473,0.9473684210526315,,
hebverb_225,בחר,pa'al,DA_RIVEDERE: choose,target,בעבר · הוא,בחר,בחר,False,,,,,
hebverb_225,בחר,pa'al,DA_RIVEDERE: choose,target,בעבר · היא,בחרה,בחרה,False,,,,,
hebverb_225,בחר,pa'al,DA_RIVEDERE: choose,target,בעבר · אנחנו,בחרנו,בחרנו,False,,,,,
hebverb_225,בחר,pa'al,DA_RIVEDERE: choose,target,בעבר · אתם,בחרתם,בחרתם,False,,,,,
hebverb_225,בחר,pa'al,DA_RIVEDERE: choose,target,בעבר · אתן,בחרתן,בחרתן,False,,,,,
hebverb_225,בחר,pa'al,DA_RIVEDERE: choose,target,בעבר · הם,בחרו,בחרו,False,,,,,
hebverb_225,בחר,pa'al,DA_RIVEDERE: choose,target,בעבר · הן,בחרו,בחרו,False,,,,,
hebverb_225,בחר,pa'al,DA_RIVEDERE: choose,target,בעתיד · אני,אבחר,אבחר,False,,,,,
hebverb_225,בחר,pa'al,DA_RIVEDERE: choose,target,בעתיד · אתה,תבחר,תבחר,False,,,,,
hebverb_225,בחר,pa'al,DA_RIVEDERE: choose,target,בעתיד · את,תבחרי,תבחרי,False,,,,,
hebverb_225,בחר,pa'al,DA_RIVEDERE: choose,target,בעתיד · הוא,יבחר,יבחר,False,,,,,
hebverb_225,בחר,pa'al,DA_RIVEDERE: choose,target,בעתיד · היא,תבחר,תבחר,False,,,,,
hebverb_225,בחר,pa'al,DA_RIVEDERE: choose,target,בעתיד · אנחנו,נבחר,נבחר,False,,,,,
hebverb_225,בחר,pa'al,DA_RIVEDERE: choose,target,בעתיד · אתם,תבחרו,תבחרו,True,3.329092308,601.7945946486486,0.9459459459459459,,
hebverb_225,בחר,pa'al,DA_RIVEDERE: choose,target,בעתיד · אתן,תבחרנה,תבחרנה,False,,,,,
hebverb_225,בחר,pa'al,DA_RIVEDERE: choose,target,בעתיד · הם,יבחרו,יבחרו,False,,,,,
hebverb_225,בחר,pa'al,DA_RIVEDERE: choose,target,בעתיד · הן,תבחרנה,תבחרנה,False,,,,,
hebverb_226,ראה,nif'al,DA_RIVEDERE: looks,infinitive,infinitive,להיראות,להיראות,False,,,,,
hebverb_226,ראה,nif'al,DA_RIVEDERE: looks,present_1,present_1,נראה,נראה,True,1382.513216,506.45757575757574,0.9142857142857143,449.0,0.9736842105263158
hebverb_226,ראה,nif'al,DA_RIVEDERE: looks,present_2,present_2,נראית,נראית,True,167.8189975,553.525641025641,0.8974358974358975,,
hebverb_226,ראה,nif'al,DA_RIVEDERE: looks,present_3,present_3,נראים,נראים,True,78.60053643,557.3675000000001,0.926829268292683,432.3421052631579,0.9512195121951219
hebverb_226,ראה,nif'al,DA_RIVEDERE: looks,present_4,present_4,נראות,נראות,False,,,,,
hebverb_226,ראה,nif'al,DA_RIVEDERE: looks,target,בעבר · אני,נראיתי,נראיתי,False,,,,,
hebverb_226,ראה,nif'al,DA_RIVEDERE: looks,target,בעבר · אתה,נראית,נראית,True,167.8189975,553.525641025641,0.8974358974358975,,
hebverb_226,ראה,nif'al,DA_RIVEDERE: looks,target,בעבר · את,נראית,נראית,True,167.8189975,553.525641025641,0.8974358974358975,,
hebverb_226,ראה,nif'al,DA_RIVEDERE: looks,target,בעבר · הוא,נראה,נראה,True,1382.513216,506.45757575757574,0.9142857142857143,449.0,0.9736842105263158
hebverb_226,ראה,nif'al,DA_RIVEDERE: looks,target,בעבר · היא,נראתה,נראתה,False,,,,,
hebverb_226,ראה,nif'al,DA_RIVEDERE: looks,target,בעבר · אנחנו,נראינו,נראינו,False,,,,,
hebverb_226,ראה,nif'al,DA_RIVEDERE: looks,target,בעבר · אתם,נראיתם,נראיתם,False,,,,,
hebverb_226,ראה,nif'al,DA_RIVEDERE: looks,target,בעבר · אתן,נראיתן,נראיתן,False,,,,,
hebverb_226,ראה,nif'al,DA_RIVEDERE: looks,target,בעבר · הם,נראו,נראו,False,,,,,
hebverb_226,ראה,nif'al,DA_RIVEDERE: looks,target,בעבר · הן,נראו,נראו,False,,,,,
hebverb_226,ראה,nif'al,DA_RIVEDERE: looks,target,בעתיד · אני,איראה,איראה,False,,,,,
hebverb_226,ראה,nif'al,DA_RIVEDERE: looks,target,בעתיד · אני,אראה,אראה,False,,,,,
hebverb_226,ראה,nif'al,DA_RIVEDERE: looks,target,בעתיד · אתה,תיראה,תיראה,False,,,,,
hebverb_226,ראה,nif'al,DA_RIVEDERE: looks,target,בעתיד · אתה,תראה,תראה,True,553.3569936,554.3609756097561,0.926829268292683,482.47058823529414,1.0
hebverb_226,ראה,nif'al,DA_RIVEDERE: looks,target,בעתיד · את,תיראי,תיראי,True,5.40295309,607.6857142857143,0.8285714285714286,,
hebverb_226,ראה,nif'al,DA_RIVEDERE: looks,target,בעתיד · את,תראי,תראי,True,248.1901987,560.1342857142857,1.0,481.8709677419355,1.0
hebverb_226,ראה,nif'al,DA_RIVEDERE: looks,target,בעתיד · הוא,ייראה,ייראה,True,16.55450273,577.9486486756756,0.8157894736842105,,
hebverb_226,ראה,nif'al,DA_RIVEDERE: looks,target,בעתיד · הוא,יראה,יראה,True,69.02560609,544.9783783783784,0.8648648648648649,,
hebverb_226,ראה,nif'al,DA_RIVEDERE: looks,target,בעתיד · היא,תיראה,תיראה,False,,,,,
hebverb_226,ראה,nif'al,DA_RIVEDERE: looks,target,בעתיד · היא,תראה,תראה,True,553.3569936,554.3609756097561,0.926829268292683,482.47058823529414,1.0
hebverb_226,ראה,nif'al,DA_RIVEDERE: looks,target,בעתיד · אנחנו,ניראה,ניראה,False,,,,,
hebverb_226,ראה,nif'al,DA_RIVEDERE: looks,target,בעתיד · אנחנו,נראה,נראה,True,1382.513216,506.45757575757574,0.9142857142857143,449.0,0.9736842105263158
hebverb_226,ראה,nif'al,DA_RIVEDERE: looks,target,בעתיד · אתם,תיראו,תיראו,False,,,,,
hebverb_226,ראה,nif'al,DA_RIVEDERE: looks,target,בעתיד · אתם,תראו,תראו,True,152.926009,536.463888888889,0.8888888888888888,498.47058823529414,1.0
hebverb_226,ראה,nif'al,DA_RIVEDERE: looks,target,בעתיד · אתן,תיראינה,תיראינה,False,,,,,
hebverb_226,ראה,nif'al,DA_RIVEDERE: looks,target,בעתיד · אתן,תראינה,תראינה,False,,,,,
hebverb_226,ראה,nif'al,DA_RIVEDERE: looks,target,בעתיד · הם,ייראו,ייראו,False,,,,,
hebverb_226,ראה,nif'al,DA_RIVEDERE: looks,target,בעתיד · הם,יראו,יראו,False,,,,,
hebverb_226,ראה,nif'al,DA_RIVEDERE: looks,target,בעתיד · הן,תיראינה,תיראינה,False,,,,,
hebverb_226,ראה,nif'al,DA_RIVEDERE: looks,target,בעתיד · הן,תראינה,תראינה,False,,,,,
hebverb_227,כשל,nif'al,DA_RIVEDERE: fail,infinitive,infinitive,להיכשל,להיכשל,False,,,,,
hebverb_227,כשל,nif'al,DA_RIVEDERE: fail,present_1,present_1,נכשל,נכשל,True,18.3858067,559.0763157631579,0.9473684210526315,,
hebverb_227,כשל,nif'al,DA_RIVEDERE: fail,present_2,present_2,נכשלת,נכשלת,False,,,,,
hebverb_227,כשל,nif'al,DA_RIVEDERE: fail,present_3,present_3,נכשלים,נכשלים,False,,,,,
hebverb_227,כשל,nif'al,DA_RIVEDERE: fail,present_4,present_4,נכשלות,נכשלות,False,,,,,
hebverb_227,כשל,nif'al,DA_RIVEDERE: fail,target,בעבר · אני,נכשלתי,נכשלתי,True,5.68795735,558.5500000000001,0.9210526315789473,509.94594594594594,1.0
hebverb_227,כשל,nif'al,DA_RIVEDERE: fail,target,בעבר · אתה,נכשלת,נכשלת,False,,,,,
hebverb_227,כשל,nif'al,DA_RIVEDERE: fail,target,בעבר · את,נכשלת,נכשלת,False,,,,,
hebverb_227,כשל,nif'al,DA_RIVEDERE: fail,target,בעבר · הוא,נכשל,נכשל,True,18.3858067,559.0763157631579,0.9473684210526315,,
hebverb_227,כשל,nif'al,DA_RIVEDERE: fail,target,בעבר · היא,נכשלה,נכשלה,False,,,,,
hebverb_227,כשל,nif'al,DA_RIVEDERE: fail,target,בעבר · אנחנו,נכשלנו,נכשלנו,False,,,,,
hebverb_227,כשל,nif'al,DA_RIVEDERE: fail,target,בעבר · אתם,נכשלתם,נכשלתם,False,,,,,
hebverb_227,כשל,nif'al,DA_RIVEDERE: fail,target,בעבר · אתן,נכשלתן,נכשלתן,False,,,,,
hebverb_227,כשל,nif'al,DA_RIVEDERE: fail,target,בעבר · הם,נכשלו,נכשלו,False,,,,,
hebverb_227,כשל,nif'al,DA_RIVEDERE: fail,target,בעבר · הן,נכשלו,נכשלו,False,,,,,
hebverb_227,כשל,nif'al,DA_RIVEDERE: fail,target,בעתיד · אני,אכשל,אכשל,True,2.346737201,555.016666638889,0.8108108108108109,,
hebverb_227,כשל,nif'al,DA_RIVEDERE: fail,target,בעתיד · אתה,תיכשל,תיכשל,False,,,,,
hebverb_227,כשל,nif'al,DA_RIVEDERE: fail,target,בעתיד · אתה,תכשל,תכשל,False,,,,,
hebverb_227,כשל,nif'al,DA_RIVEDERE: fail,target,בעתיד · את,תיכשלי,תיכשלי,False,,,,,
hebverb_227,כשל,nif'al,DA_RIVEDERE: fail,target,בעתיד · את,תכשלי,תכשלי,False,,,,,
hebverb_227,כשל,nif'al,DA_RIVEDERE: fail,target,בעתיד · הוא,ייכשל,ייכשל,False,,,,,
hebverb_227,כשל,nif'al,DA_RIVEDERE: fail,target,בעתיד · הוא,יכשל,יכשל,False,,,,,
hebverb_227,כשל,nif'al,DA_RIVEDERE: fail,target,בעתיד · היא,תיכשל,תיכשל,False,,,,,
hebverb_227,כשל,nif'al,DA_RIVEDERE: fail,target,בעתיד · היא,תכשל,תכשל,False,,,,,
hebverb_227,כשל,nif'al,DA_RIVEDERE: fail,target,בעתיד · אנחנו,ניכשל,ניכשל,False,,,,,
hebverb_227,כשל,nif'al,DA_RIVEDERE: fail,target,בעתיד · אנחנו,נכשל,נכשל,True,18.3858067,559.0763157631579,0.9473684210526315,,
hebverb_227,כשל,nif'al,DA_RIVEDERE: fail,target,בעתיד · אתם,תיכשלו,תיכשלו,False,,,,,
hebverb_227,כשל,nif'al,DA_RIVEDERE: fail,target,בעתיד · אתם,תכשלו,תכשלו,False,,,,,
hebverb_227,כשל,nif'al,DA_RIVEDERE: fail,target,בעתיד · אתן,תיכשלנה,תיכשלנה,False,,,,,
hebverb_227,כשל,nif'al,DA_RIVEDERE: fail,target,בעתיד · אתן,תכשלנה,תכשלנה,False,,,,,
hebverb_227,כשל,nif'al,DA_RIVEDERE: fail,target,בעתיד · הם,ייכשלו,ייכשלו,False,,,,,
hebverb_227,כשל,nif'al,DA_RIVEDERE: fail,target,בעתיד · הם,יכשלו,יכשלו,False,,,,,
hebverb_227,כשל,nif'al,DA_RIVEDERE: fail,target,בעתיד · הן,תיכשלנה,תיכשלנה,False,,,,,
hebverb_227,כשל,nif'al,DA_RIVEDERE: fail,target,בעתיד · הן,תכשלנה,תכשלנה,False,,,,,
hebverb_228,גמר,nif'al,DA_RIVEDERE: end,infinitive,infinitive,להיגמר,להיגמר,False,,,,,
hebverb_228,גמר,nif'al,DA_RIVEDERE: end,present_1,present_1,נגמר,נגמר,False,,,,,
hebverb_228,גמר,nif'al,DA_RIVEDERE: end,present_2,present_2,נגמרת,נגמרת,False,,,,,
hebverb_228,גמר,nif'al,DA_RIVEDERE: end,present_3,present_3,נגמרים,נגמרים,False,,,,,
hebverb_228,גמר,nif'al,DA_RIVEDERE: end,present_4,present_4,נגמרות,נגמרות,True,1.643322433,600.5461538461539,0.8974358974358975,,
hebverb_228,גמר,nif'al,DA_RIVEDERE: end,target,בעבר · אני,נגמרתי,נגמרתי,False,,,,,
hebverb_228,גמר,nif'al,DA_RIVEDERE: end,target,בעבר · אתה,נגמרת,נגמרת,False,,,,,
hebverb_228,גמר,nif'al,DA_RIVEDERE: end,target,בעבר · את,נגמרת,נגמרת,False,,,,,
hebverb_228,גמר,nif'al,DA_RIVEDERE: end,target,בעבר · הוא,נגמר,נגמר,False,,,,,
hebverb_228,גמר,nif'al,DA_RIVEDERE: end,target,בעבר · היא,נגמרה,נגמרה,True,21.63606804,562.7026315789474,0.9736842105263158,,
hebverb_228,גמר,nif'al,DA_RIVEDERE: end,target,בעבר · אנחנו,נגמרנו,נגמרנו,False,,,,,
hebverb_228,גמר,nif'al,DA_RIVEDERE: end,target,בעבר · אתם,נגמרתם,נגמרתם,False,,,,,
hebverb_228,גמר,nif'al,DA_RIVEDERE: end,target,בעבר · אתן,נגמרתן,נגמרתן,False,,,,,
hebverb_228,גמר,nif'al,DA_RIVEDERE: end,target,בעבר · הם,נגמרו,נגמרו,True,19.15592459,577.0942857142857,0.9428571428571428,499.64102564102564,0.975609756097561
hebverb_228,גמר,nif'al,DA_RIVEDERE: end,target,בעבר · הן,נגמרו,נגמרו,True,19.15592459,577.0942857142857,0.9428571428571428,499.64102564102564,0.975609756097561
hebverb_228,גמר,nif'al,DA_RIVEDERE: end,target,בעתיד · אני,אגמר,אגמר,False,,,,,
hebverb_228,גמר,nif'al,DA_RIVEDERE: end,target,בעתיד · אתה,תיגמר,תיגמר,False,,,,,
hebverb_228,גמר,nif'al,DA_RIVEDERE: end,target,בעתיד · אתה,תגמר,תגמר,False,,,,,
hebverb_228,גמר,nif'al,DA_RIVEDERE: end,target,בעתיד · את,תיגמרי,תיגמרי,False,,,,,
hebverb_228,גמר,nif'al,DA_RIVEDERE: end,target,בעתיד · את,תגמרי,תגמרי,False,,,,,
hebverb_228,גמר,nif'al,DA_RIVEDERE: end,target,בעתיד · הוא,ייגמר,ייגמר,False,,,,,
hebverb_228,גמר,nif'al,DA_RIVEDERE: end,target,בעתיד · הוא,יגמר,יגמר,False,,,,,
hebverb_228,גמר,nif'al,DA_RIVEDERE: end,target,בעתיד · היא,תיגמר,תיגמר,False,,,,,
hebverb_228,גמר,nif'al,DA_RIVEDERE: end,target,בעתיד · היא,תגמר,תגמר,False,,,,,
hebverb_228,גמר,nif'al,DA_RIVEDERE: end,target,בעתיד · אנחנו,ניגמר,ניגמר,True,0.921715903,575.0400000000001,0.9428571428571428,,
hebverb_228,גמר,nif'al,DA_RIVEDERE: end,target,בעתיד · אנחנו,נגמר,נגמר,False,,,,,
hebverb_228,גמר,nif'al,DA_RIVEDERE: end,target,בעתיד · אתם,תיגמרו,תיגמרו,False,,,,,
hebverb_228,גמר,nif'al,DA_RIVEDERE: end,target,בעתיד · אתם,תגמרו,תגמרו,False,,,,,
hebverb_228,גמר,nif'al,DA_RIVEDERE: end,target,בעתיד · אתן,תיגמרנה,תיגמרנה,False,,,,,
hebverb_228,גמר,nif'al,DA_RIVEDERE: end,target,בעתיד · אתן,תגמרנה,תגמרנה,False,,,,,
hebverb_228,גמר,nif'al,DA_RIVEDERE: end,target,בעתיד · הם,ייגמרו,ייגמרו,False,,,,,
hebverb_228,גמר,nif'al,DA_RIVEDERE: end,target,בעתיד · הם,יגמרו,יגמרו,True,2.207267031,522.7828571428572,1.0,456.19354838709677,0.9714285714285714
hebverb_228,גמר,nif'al,DA_RIVEDERE: end,target,בעתיד · הן,תיגמרנה,תיגמרנה,False,,,,,
hebverb_228,גמר,nif'al,DA_RIVEDERE: end,target,בעתיד · הן,תגמרנה,תגמרנה,False,,,,,
hebverb_229,כנס,nif'al,DA_RIVEDERE: enter,infinitive,infinitive,להיכנס,להיכנס,True,220.1566946,549.8945946486486,0.972972972972973,,
hebverb_229,כנס,nif'al,DA_RIVEDERE: enter,present_1,present_1,נכנס,נכנס,True,161.5246481,502.9815789473684,0.9473684210526315,,
hebverb_229,כנס,nif'al,DA_RIVEDERE: enter,present_2,present_2,נכנסת,נכנסת,True,53.38675534,575.4157894473684,0.9736842105263158,502.7631578947368,0.9743589743589743
hebverb_229,כנס,nif'al,DA_RIVEDERE: enter,present_3,present_3,נכנסים,נכנסים,True,38.11780373,580.0473684210526,0.9736842105263158,,
hebverb_229,כנס,nif'al,DA_RIVEDERE: enter,present_4,present_4,נכנסות,נכנסות,False,,,,,
hebverb_229,כנס,nif'al,DA_RIVEDERE: enter,target,בעבר · אני,נכנסתי,נכנסתי,False,,,,,
hebverb_229,כנס,nif'al,DA_RIVEDERE: enter,target,בעבר · אתה,נכנסת,נכנסת,True,53.38675534,575.4157894473684,0.9736842105263158,502.7631578947368,0.9743589743589743
hebverb_229,כנס,nif'al,DA_RIVEDERE: enter,target,בעבר · את,נכנסת,נכנסת,True,53.38675534,575.4157894473684,0.9736842105263158,502.7631578947368,0.9743589743589743
hebverb_229,כנס,nif'al,DA_RIVEDERE: enter,target,בעבר · הוא,נכנס,נכנס,True,161.5246481,502.9815789473684,0.9473684210526315,,
hebverb_229,כנס,nif'al,DA_RIVEDERE: enter,target,בעבר · היא,נכנסה,נכנסה,True,26.25071148,592.2540540540541,0.9473684210526315,539.0,1.0
hebverb_229,כנס,nif'al,DA_RIVEDERE: enter,target,בעבר · אנחנו,נכנסנו,נכנסנו,True,8.083205914,585.2945945675676,0.9459459459459459,470.6969696969697,0.9210526315789473
hebverb_229,כנס,nif'al,DA_RIVEDERE: enter,target,בעבר · אתם,נכנסתם,נכנסתם,False,,,,,
hebverb_229,כנס,nif'al,DA_RIVEDERE: enter,target,בעבר · אתן,נכנסתן,נכנסתן,False,,,,,
hebverb_229,כנס,nif'al,DA_RIVEDERE: enter,target,בעבר · הם,נכנסו,נכנסו,False,,,,,
hebverb_229,כנס,nif'al,DA_RIVEDERE: enter,target,בעבר · הן,נכנסו,נכנסו,False,,,,,
hebverb_229,כנס,nif'al,DA_RIVEDERE: enter,target,בעתיד · אני,אכנס,אכנס,False,,,,,
hebverb_229,כנס,nif'al,DA_RIVEDERE: enter,target,בעתיד · אתה,תיכנס,תיכנס,False,,,,,
hebverb_229,כנס,nif'al,DA_RIVEDERE: enter,target,בעתיד · אתה,תכנס,תכנס,True,9.981213004,544.5222222222222,0.8648648648648649,522.25,0.8787878787878788
hebverb_229,כנס,nif'al,DA_RIVEDERE: enter,target,בעתיד · את,תיכנסי,תיכנסי,True,14.13499849,545.2828571428572,0.9714285714285714,460.375,0.9512195121951219
hebverb_229,כנס,nif'al,DA_RIVEDERE: enter,target,בעתיד · את,תכנסי,תכנסי,False,,,,,
hebverb_229,כנס,nif'al,DA_RIVEDERE: enter,target,בעתיד · הוא,ייכנס,ייכנס,False,,,,,
hebverb_229,כנס,nif'al,DA_RIVEDERE: enter,target,בעתיד · הוא,יכנס,יכנס,False,,,,,
hebverb_229,כנס,nif'al,DA_RIVEDERE: enter,target,בעתיד · היא,תיכנס,תיכנס,False,,,,,
hebverb_229,כנס,nif'al,DA_RIVEDERE: enter,target,בעתיד · היא,תכנס,תכנס,True,9.981213004,544.5222222222222,0.8648648648648649,522.25,0.8787878787878788
hebverb_229,כנס,nif'al,DA_RIVEDERE: enter,target,בעתיד · אנחנו,ניכנס,ניכנס,True,18.27665613,532.4054054054054,0.9210526315789473,492.48387096774195,0.9696969696969697
hebverb_229,כנס,nif'al,DA_RIVEDERE: enter,target,בעתיד · אנחנו,נכנס,נכנס,True,161.5246481,502.9815789473684,0.9473684210526315,,
hebverb_229,כנס,nif'al,DA_RIVEDERE: enter,target,בעתיד · אתם,תיכנסו,תיכנסו,False,,,,,
hebverb_229,כנס,nif'al,DA_RIVEDERE: enter,target,בעתיד · אתם,תכנסו,תכנסו,False,,,,,
hebverb_229,כנס,nif'al,DA_RIVEDERE: enter,target,בעתיד · אתן,תיכנסנה,תיכנסנה,False,,,,,
hebverb_229,כנס,nif'al,DA_RIVEDERE: enter,target,בעתיד · אתן,תכנסנה,תכנסנה,False,,,,,
hebverb_229,כנס,nif'al,DA_RIVEDERE: enter,target,בעתיד · הם,ייכנסו,ייכנסו,False,,,,,
hebverb_229,כנס,nif'al,DA_RIVEDERE: enter,target,בעתיד · הם,יכנסו,יכנסו,False,,,,,
hebverb_229,כנס,nif'al,DA_RIVEDERE: enter,target,בעתיד · הן,תיכנסנה,תיכנסנה,False,,,,,
hebverb_229,כנס,nif'al,DA_RIVEDERE: enter,target,בעתיד · הן,תכנסנה,תכנסנה,False,,,,,
hebverb_230,שמע,nif'al,DA_RIVEDERE: heard,infinitive,infinitive,להישמע,להישמע,False,,,,,
hebverb_230,שמע,nif'al,DA_RIVEDERE: heard,present_1,present_1,נשמע,נשמע,True,298.1932864,548.0783783783784,0.9459459459459459,487.8529411764706,1.0
hebverb_230,שמע,nif'al,DA_RIVEDERE: heard,present_2,present_2,נשמעת,נשמעת,False,,,,,
hebverb_230,שמע,nif'al,DA_RIVEDERE: heard,present_3,present_3,נשמעים,נשמעים,False,,,,,
hebverb_230,שמע,nif'al,DA_RIVEDERE: heard,present_4,present_4,נשמעות,נשמעות,False,,,,,
hebverb_230,שמע,nif'al,DA_RIVEDERE: heard,target,בעבר · אני,נשמעתי,נשמעתי,True,0.933843744,719.4682926829269,0.9512195121951219,518.439024390244,0.9512195121951219
hebverb_230,שמע,nif'al,DA_RIVEDERE: heard,target,בעבר · אתה,נשמעת,נשמעת,False,,,,,
hebverb_230,שמע,nif'al,DA_RIVEDERE: heard,target,בעבר · את,נשמעת,נשמעת,False,,,,,
hebverb_230,שמע,nif'al,DA_RIVEDERE: heard,target,בעבר · הוא,נשמע,נשמע,True,298.1932864,548.0783783783784,0.9459459459459459,487.8529411764706,1.0
hebverb_230,שמע,nif'al,DA_RIVEDERE: heard,target,בעבר · היא,נשמעה,נשמעה,False,,,,,
hebverb_230,שמע,nif'al,DA_RIVEDERE: heard,target,בעבר · אנחנו,נשמענו,נשמענו,False,,,,,
hebverb_230,שמע,nif'al,DA_RIVEDERE: heard,target,בעבר · אתם,נשמעתם,נשמעתם,False,,,,,
hebverb_230,שמע,nif'al,DA_RIVEDERE: heard,target,בעבר · אתן,נשמעתן,נשמעתן,False,,,,,
hebverb_230,שמע,nif'al,DA_RIVEDERE: heard,target,בעבר · הם,נשמעו,נשמעו,False,,,,,
hebverb_230,שמע,nif'al,DA_RIVEDERE: heard,target,בעבר · הן,נשמעו,נשמעו,False,,,,,
hebverb_230,שמע,nif'al,DA_RIVEDERE: heard,target,בעתיד · אני,אשמע,אשמע,False,,,,,
hebverb_230,שמע,nif'al,DA_RIVEDERE: heard,target,בעתיד · אתה,תישמע,תישמע,False,,,,,
hebverb_230,שמע,nif'al,DA_RIVEDERE: heard,target,בעתיד · אתה,תשמע,תשמע,True,68.97103081,586.2135135135136,0.9459459459459459,,
hebverb_230,שמע,nif'al,DA_RIVEDERE: heard,target,בעתיד · את,תישמעי,תישמעי,False,,,,,
hebverb_230,שמע,nif'al,DA_RIVEDERE: heard,target,בעתיד · את,תשמעי,תשמעי,True,22.53352826,603.5828571428572,0.9714285714285714,,
hebverb_230,שמע,nif'al,DA_RIVEDERE: heard,target,בעתיד · הוא,יישמע,יישמע,False,,,,,
hebverb_230,שמע,nif'al,DA_RIVEDERE: heard,target,בעתיד · הוא,ישמע,ישמע,False,,,,,
hebverb_230,שמע,nif'al,DA_RIVEDERE: heard,target,בעתיד · היא,תישמע,תישמע,False,,,,,
hebverb_230,שמע,nif'al,DA_RIVEDERE: heard,target,בעתיד · היא,תשמע,תשמע,True,68.97103081,586.2135135135136,0.9459459459459459,,
hebverb_230,שמע,nif'al,DA_RIVEDERE: heard,target,בעתיד · אנחנו,נישמע,נישמע,False,,,,,
hebverb_230,שמע,nif'al,DA_RIVEDERE: heard,target,בעתיד · אנחנו,נשמע,נשמע,True,298.1932864,548.0783783783784,0.9459459459459459,487.8529411764706,1.0
hebverb_230,שמע,nif'al,DA_RIVEDERE: heard,target,בעתיד · אתם,תישמעו,תישמעו,False,,,,,
hebverb_230,שמע,nif'al,DA_RIVEDERE: heard,target,בעתיד · אתם,תשמעו,תשמעו,True,11.19399709,528.2864863783784,0.8648648648648649,,
hebverb_230,שמע,nif'al,DA_RIVEDERE: heard,target,בעתיד · אתן,תישמענה,תישמענה,False,,,,,
hebverb_230,שמע,nif'al,DA_RIVEDERE: heard,target,בעתיד · אתן,תשמענה,תשמענה,False,,,,,
hebverb_230,שמע,nif'al,DA_RIVEDERE: heard,target,בעתיד · הם,יישמעו,יישמעו,False,,,,,
hebverb_230,שמע,nif'al,DA_RIVEDERE: heard,target,בעתיד · הם,ישמעו,ישמעו,False,,,,,
hebverb_230,שמע,nif'al,DA_RIVEDERE: heard,target,בעתיד · הן,תישמענה,תישמענה,False,,,,,
hebverb_230,שמע,nif'al,DA_RIVEDERE: heard,target,בעתיד · הן,תשמענה,תשמענה,False,,,,,
hebverb_231,סגר,nif'al,DA_RIVEDERE: closed,infinitive,infinitive,להיסגר,להיסגר,False,,,,,
hebverb_231,סגר,nif'al,DA_RIVEDERE: closed,present_1,present_1,נסגר,נסגר,True,19.97455385,525.35,1.0,,
hebverb_231,סגר,nif'al,DA_RIVEDERE: closed,present_2,present_2,נסגרת,נסגרת,False,,,,,
hebverb_231,סגר,nif'al,DA_RIVEDERE: closed,present_3,present_3,נסגרים,נסגרים,True,1.4553409,580.2657142857142,0.9714285714285714,,
hebverb_231,סגר,nif'al,DA_RIVEDERE: closed,present_4,present_4,נסגרות,נסגרות,False,,,,,
hebverb_231,סגר,nif'al,DA_RIVEDERE: closed,target,בעבר · אני,נסגרתי,נסגרתי,False,,,,,
hebverb_231,סגר,nif'al,DA_RIVEDERE: closed,target,בעבר · אתה,נסגרת,נסגרת,False,,,,,
hebverb_231,סגר,nif'al,DA_RIVEDERE: closed,target,בעבר · את,נסגרת,נסגרת,False,,,,,
hebverb_231,סגר,nif'al,DA_RIVEDERE: closed,target,בעבר · הוא,נסגר,נסגר,True,19.97455385,525.35,1.0,,
hebverb_231,סגר,nif'al,DA_RIVEDERE: closed,target,בעבר · היא,נסגרה,נסגרה,False,,,,,
hebverb_231,סגר,nif'al,DA_RIVEDERE: closed,target,בעבר · אנחנו,נסגרנו,נסגרנו,False,,,,,
hebverb_231,סגר,nif'al,DA_RIVEDERE: closed,target,בעבר · אתם,נסגרתם,נסגרתם,False,,,,,
hebverb_231,סגר,nif'al,DA_RIVEDERE: closed,target,בעבר · אתן,נסגרתן,נסגרתן,False,,,,,
hebverb_231,סגר,nif'al,DA_RIVEDERE: closed,target,בעבר · הם,נסגרו,נסגרו,False,,,,,
hebverb_231,סגר,nif'al,DA_RIVEDERE: closed,target,בעבר · הן,נסגרו,נסגרו,False,,,,,
hebverb_231,סגר,nif'al,DA_RIVEDERE: closed,target,בעתיד · אני,אסגר,אסגר,False,,,,,
hebverb_231,סגר,nif'al,DA_RIVEDERE: closed,target,בעתיד · אתה,תיסגר,תיסגר,False,,,,,
hebverb_231,סגר,nif'al,DA_RIVEDERE: closed,target,בעתיד · אתה,תסגר,תסגר,False,,,,,
hebverb_231,סגר,nif'al,DA_RIVEDERE: closed,target,בעתיד · את,תיסגרי,תיסגרי,False,,,,,
hebverb_231,סגר,nif'al,DA_RIVEDERE: closed,target,בעתיד · את,תסגרי,תסגרי,False,,,,,
hebverb_231,סגר,nif'al,DA_RIVEDERE: closed,target,בעתיד · הוא,ייסגר,ייסגר,False,,,,,
hebverb_231,סגר,nif'al,DA_RIVEDERE: closed,target,בעתיד · הוא,יסגר,יסגר,False,,,,,
hebverb_231,סגר,nif'al,DA_RIVEDERE: closed,target,בעתיד · היא,תיסגר,תיסגר,False,,,,,
hebverb_231,סגר,nif'al,DA_RIVEDERE: closed,target,בעתיד · היא,תסגר,תסגר,False,,,,,
hebverb_231,סגר,nif'al,DA_RIVEDERE: closed,target,בעתיד · אנחנו,ניסגר,ניסגר,False,,,,,
hebverb_231,סגר,nif'al,DA_RIVEDERE: closed,target,בעתיד · אנחנו,נסגר,נסגר,True,19.97455385,525.35,1.0,,
hebverb_231,סגר,nif'al,DA_RIVEDERE: closed,target,בעתיד · אתם,תיסגרו,תיסגרו,False,,,,,
hebverb_231,סגר,nif'al,DA_RIVEDERE: closed,target,בעתיד · אתם,תסגרו,תסגרו,False,,,,,
hebverb_231,סגר,nif'al,DA_RIVEDERE: closed,target,בעתיד · אתן,תיסגרנה,תיסגרנה,False,,,,,
hebverb_231,סגר,nif'al,DA_RIVEDERE: closed,target,בעתיד · אתן,תסגרנה,תסגרנה,False,,,,,
hebverb_231,סגר,nif'al,DA_RIVEDERE: closed,target,בעתיד · הם,ייסגרו,ייסגרו,False,,,,,
hebverb_231,סגר,nif'al,DA_RIVEDERE: closed,target,בעתיד · הם,יסגרו,יסגרו,False,,,,,
hebverb_231,סגר,nif'al,DA_RIVEDERE: closed,target,בעתיד · הן,תיסגרנה,תיסגרנה,False,,,,,
hebverb_231,סגר,nif'al,DA_RIVEDERE: closed,target,בעתיד · הן,תסגרנה,תסגרנה,False,,,,,
hebverb_232,פתח,nif'al,DA_RIVEDERE: is opened,infinitive,infinitive,להפתח,להפתח,False,,,,,
hebverb_232,פתח,nif'al,DA_RIVEDERE: is opened,present_1,present_1,נפתח,נפתח,False,,,,,
hebverb_232,פתח,nif'al,DA_RIVEDERE: is opened,present_2,present_2,נפתחת,נפתחת,False,,,,,
hebverb_232,פתח,nif'al,DA_RIVEDERE: is opened,present_3,present_3,נפתחים,נפתחים,True,1.849495727,576.1594594864864,0.918918918918919,,
hebverb_232,פתח,nif'al,DA_RIVEDERE: is opened,present_4,present_4,נפתחות,נפתחות,False,,,,,
hebverb_232,פתח,nif'al,DA_RIVEDERE: is opened,target,בעבר · אני,נפתחתי,נפתחתי,False,,,,,
hebverb_232,פתח,nif'al,DA_RIVEDERE: is opened,target,בעבר · אתה,נפתחת,נפתחת,False,,,,,
hebverb_232,פתח,nif'al,DA_RIVEDERE: is opened,target,בעבר · את,נפתחת,נפתחת,False,,,,,
hebverb_232,פתח,nif'al,DA_RIVEDERE: is opened,target,בעבר · הוא,נפתח,נפתח,False,,,,,
hebverb_232,פתח,nif'al,DA_RIVEDERE: is opened,target,בעבר · היא,נפתחה,נפתחה,False,,,,,
hebverb_232,פתח,nif'al,DA_RIVEDERE: is opened,target,בעבר · אנחנו,נפתחנו,נפתחנו,False,,,,,
hebverb_232,פתח,nif'al,DA_RIVEDERE: is opened,target,בעבר · אתם,נפתחתם,נפתחתם,False,,,,,
hebverb_232,פתח,nif'al,DA_RIVEDERE: is opened,target,בעבר · אתן,נפתחתן,נפתחתן,False,,,,,
hebverb_232,פתח,nif'al,DA_RIVEDERE: is opened,target,בעבר · הם,נפתחו,נפתחו,True,2.886426118,638.9024390243902,1.0,518.4516129032259,1.0
hebverb_232,פתח,nif'al,DA_RIVEDERE: is opened,target,בעבר · הן,נפתחו,נפתחו,True,2.886426118,638.9024390243902,1.0,518.4516129032259,1.0
hebverb_232,פתח,nif'al,DA_RIVEDERE: is opened,target,בעתיד · אני,אפתח,אפתח,False,,,,,
hebverb_232,פתח,nif'al,DA_RIVEDERE: is opened,target,בעתיד · אתה,תפתח,תפתח,True,26.85710352,616.3514285714285,0.8857142857142857,527.8857142857142,0.9736842105263158
hebverb_232,פתח,nif'al,DA_RIVEDERE: is opened,target,בעתיד · אתה,תיפתח,תיפתח,False,,,,,
hebverb_232,פתח,nif'al,DA_RIVEDERE: is opened,target,בעתיד · את,תפתחי,תפתחי,False,,,,,
hebverb_232,פתח,nif'al,DA_RIVEDERE: is opened,target,בעתיד · את,תיפתחי,תיפתחי,False,,,,,
hebverb_232,פתח,nif'al,DA_RIVEDERE: is opened,target,בעתיד · הוא,יפתח,יפתח,False,,,,,
hebverb_232,פתח,nif'al,DA_RIVEDERE: is opened,target,בעתיד · הוא,ייפתח,ייפתח,False,,,,,
hebverb_232,פתח,nif'al,DA_RIVEDERE: is opened,target,בעתיד · היא,תפתח,תפתח,True,26.85710352,616.3514285714285,0.8857142857142857,527.8857142857142,0.9736842105263158
hebverb_232,פתח,nif'al,DA_RIVEDERE: is opened,target,בעתיד · היא,תיפתח,תיפתח,False,,,,,
hebverb_232,פתח,nif'al,DA_RIVEDERE: is opened,target,בעתיד · אנחנו,נפתח,נפתח,False,,,,,
hebverb_232,פתח,nif'al,DA_RIVEDERE: is opened,target,בעתיד · אנחנו,ניפתח,ניפתח,False,,,,,
hebverb_232,פתח,nif'al,DA_RIVEDERE: is opened,target,בעתיד · אתם,תפתחו,תפתחו,False,,,,,
hebverb_232,פתח,nif'al,DA_RIVEDERE: is opened,target,בעתיד · אתם,תיפתחו,תיפתחו,False,,,,,
hebverb_232,פתח,nif'al,DA_RIVEDERE: is opened,target,בעתיד · אתן,תפתחנה,תפתחנה,False,,,,,
hebverb_232,פתח,nif'al,DA_RIVEDERE: is opened,target,בעתיד · אתן,תיפתחנה,תיפתחנה,False,,,,,
hebverb_232,פתח,nif'al,DA_RIVEDERE: is opened,target,בעתיד · הם,יפתחו,יפתחו,False,,,,,
hebverb_232,פתח,nif'al,DA_RIVEDERE: is opened,target,בעתיד · הם,ייפתחו,ייפתחו,False,,,,,
hebverb_232,פתח,nif'al,DA_RIVEDERE: is opened,target,בעתיד · הן,תפתחנה,תפתחנה,False,,,,,
hebverb_232,פתח,nif'al,DA_RIVEDERE: is opened,target,בעתיד · הן,תיפתחנה,תיפתחנה,False,,,,,
hebverb_233,אכל,nif'al,DA_RIVEDERE: eaten,infinitive,infinitive,להיאכל,להיאכל,False,,,,,
hebverb_233,אכל,nif'al,DA_RIVEDERE: eaten,present_1,present_1,נאכל,נאכל,True,20.75073566,567.3114285714286,1.0,455.25,1.0
hebverb_233,אכל,nif'al,DA_RIVEDERE: eaten,present_2,present_2,נאכלת,נאכלת,False,,,,,
hebverb_233,אכל,nif'al,DA_RIVEDERE: eaten,present_3,present_3,נאכלים,נאכלים,False,,,,,
hebverb_233,אכל,nif'al,DA_RIVEDERE: eaten,present_4,present_4,נאכלות,נאכלות,False,,,,,
hebverb_233,אכל,nif'al,DA_RIVEDERE: eaten,target,בעבר · אני,נאכלתי,נאכלתי,False,,,,,
hebverb_233,אכל,nif'al,DA_RIVEDERE: eaten,target,בעבר · אתה,נאכלת,נאכלת,False,,,,,
hebverb_233,אכל,nif'al,DA_RIVEDERE: eaten,target,בעבר · את,נאכלת,נאכלת,False,,,,,
hebverb_233,אכל,nif'al,DA_RIVEDERE: eaten,target,בעבר · הוא,נאכל,נאכל,True,20.75073566,567.3114285714286,1.0,455.25,1.0
hebverb_233,אכל,nif'al,DA_RIVEDERE: eaten,target,בעבר · היא,נאכלה,נאכלה,False,,,,,
hebverb_233,אכל,nif'al,DA_RIVEDERE: eaten,target,בעבר · אנחנו,נאכלנו,נאכלנו,False,,,,,
hebverb_233,אכל,nif'al,DA_RIVEDERE: eaten,target,בעבר · אתם,נאכלתם,נאכלתם,False,,,,,
hebverb_233,אכל,nif'al,DA_RIVEDERE: eaten,target,בעבר · אתן,נאכלתן,נאכלתן,False,,,,,
hebverb_233,אכל,nif'al,DA_RIVEDERE: eaten,target,בעבר · הם,נאכלו,נאכלו,False,,,,,
hebverb_233,אכל,nif'al,DA_RIVEDERE: eaten,target,בעבר · הן,נאכלו,נאכלו,False,,,,,
hebverb_233,אכל,nif'al,DA_RIVEDERE: eaten,target,בעתיד · אני,איאכל,איאכל,False,,,,,
hebverb_233,אכל,nif'al,DA_RIVEDERE: eaten,target,בעתיד · אני,אאכל,אאכל,False,,,,,
hebverb_233,אכל,nif'al,DA_RIVEDERE: eaten,target,בעתיד · אתה,תיאכל,תיאכל,False,,,,,
hebverb_233,אכל,nif'al,DA_RIVEDERE: eaten,target,בעתיד · אתה,תאכל,תאכל,False,,,,,
hebverb_233,אכל,nif'al,DA_RIVEDERE: eaten,target,בעתיד · את,תיאכלי,תיאכלי,False,,,,,
hebverb_233,אכל,nif'al,DA_RIVEDERE: eaten,target,בעתיד · את,תאכלי,תאכלי,True,10.83016186,547.9485714285714,0.9714285714285714,,
hebverb_233,אכל,nif'al,DA_RIVEDERE: eaten,target,בעתיד · הוא,ייאכל,ייאכל,False,,,,,
hebverb_233,אכל,nif'al,DA_RIVEDERE: eaten,target,בעתיד · הוא,יאכל,יאכל,False,,,,,
hebverb_233,אכל,nif'al,DA_RIVEDERE: eaten,target,בעתיד · היא,תיאכל,תיאכל,False,,,,,
hebverb_233,אכל,nif'al,DA_RIVEDERE: eaten,target,בעתיד · היא,תאכל,תאכל,False,,,,,
hebverb_233,אכל,nif'al,DA_RIVEDERE: eaten,target,בעתיד · אנחנו,ניאכל,ניאכל,False,,,,,
hebverb_233,אכל,nif'al,DA_RIVEDERE: eaten,target,בעתיד · אנחנו,נאכל,נאכל,True,20.75073566,567.3114285714286,1.0,455.25,1.0
hebverb_233,אכל,nif'al,DA_RIVEDERE: eaten,target,בעתיד · אתם,תיאכלו,תיאכלו,False,,,,,
hebverb_233,אכל,nif'al,DA_RIVEDERE: eaten,target,בעתיד · אתם,תאכלו,תאכלו,False,,,,,
hebverb_233,אכל,nif'al,DA_RIVEDERE: eaten,target,בעתיד · אתן,תיאכלנה,תיאכלנה,False,,,,,
hebverb_233,אכל,nif'al,DA_RIVEDERE: eaten,target,בעתיד · אתן,תאכלנה,תאכלנה,False,,,,,
hebverb_233,אכל,nif'al,DA_RIVEDERE: eaten,target,בעתיד · הם,ייאכלו,ייאכלו,False,,,,,
hebverb_233,אכל,nif'al,DA_RIVEDERE: eaten,target,בעתיד · הם,יאכלו,יאכלו,False,,,,,
hebverb_233,אכל,nif'al,DA_RIVEDERE: eaten,target,בעתיד · הן,תיאכלנה,תיאכלנה,False,,,,,
hebverb_233,אכל,nif'al,DA_RIVEDERE: eaten,target,בעתיד · הן,תאכלנה,תאכלנה,False,,,,,
hebverb_234,כתב,nif'al,DA_RIVEDERE: written,infinitive,infinitive,להיכתב,להיכתב,False,,,,,
hebverb_234,כתב,nif'al,DA_RIVEDERE: written,present_1,present_1,נכתב,נכתב,True,12.94040617,535.3257142571429,1.0,,
hebverb_234,כתב,nif'al,DA_RIVEDERE: written,present_2,present_2,נכתבת,נכתבת,False,,,,,
hebverb_234,כתב,nif'al,DA_RIVEDERE: written,present_3,present_3,נכתבים,נכתבים,False,,,,,
hebverb_234,כתב,nif'al,DA_RIVEDERE: written,present_4,present_4,נכתבות,נכתבות,False,,,,,
hebverb_234,כתב,nif'al,DA_RIVEDERE: written,target,בעבר · אני,נכתבתי,נכתבתי,False,,,,,
hebverb_234,כתב,nif'al,DA_RIVEDERE: written,target,בעבר · אתה,נכתבת,נכתבת,False,,,,,
hebverb_234,כתב,nif'al,DA_RIVEDERE: written,target,בעבר · את,נכתבת,נכתבת,False,,,,,
hebverb_234,כתב,nif'al,DA_RIVEDERE: written,target,בעבר · הוא,נכתב,נכתב,True,12.94040617,535.3257142571429,1.0,,
hebverb_234,כתב,nif'al,DA_RIVEDERE: written,target,בעבר · היא,נכתבה,נכתבה,False,,,,,
hebverb_234,כתב,nif'al,DA_RIVEDERE: written,target,בעבר · אנחנו,נכתבנו,נכתבנו,False,,,,,
hebverb_234,כתב,nif'al,DA_RIVEDERE: written,target,בעבר · אתם,נכתבתם,נכתבתם,False,,,,,
hebverb_234,כתב,nif'al,DA_RIVEDERE: written,target,בעבר · אתן,נכתבתן,נכתבתן,False,,,,,
hebverb_234,כתב,nif'al,DA_RIVEDERE: written,target,בעבר · הם,נכתבו,נכתבו,False,,,,,
hebverb_234,כתב,nif'al,DA_RIVEDERE: written,target,בעבר · הן,נכתבו,נכתבו,False,,,,,
hebverb_234,כתב,nif'al,DA_RIVEDERE: written,target,בעתיד · אני,אכתב,אכתב,False,,,,,
hebverb_234,כתב,nif'al,DA_RIVEDERE: written,target,בעתיד · אתה,תיכתב,תיכתב,False,,,,,
hebverb_234,כתב,nif'al,DA_RIVEDERE: written,target,בעתיד · אתה,תכתב,תכתב,False,,,,,
hebverb_234,כתב,nif'al,DA_RIVEDERE: written,target,בעתיד · את,תיכתבי,תיכתבי,False,,,,,
hebverb_234,כתב,nif'al,DA_RIVEDERE: written,target,בעתיד · את,תכתבי,תכתבי,False,,,,,
hebverb_234,כתב,nif'al,DA_RIVEDERE: written,target,בעתיד · הוא,ייכתב,ייכתב,False,,,,,
hebverb_234,כתב,nif'al,DA_RIVEDERE: written,target,בעתיד · הוא,יכתב,יכתב,False,,,,,
hebverb_234,כתב,nif'al,DA_RIVEDERE: written,target,בעתיד · היא,תיכתב,תיכתב,False,,,,,
hebverb_234,כתב,nif'al,DA_RIVEDERE: written,target,בעתיד · היא,תכתב,תכתב,False,,,,,
hebverb_234,כתב,nif'al,DA_RIVEDERE: written,target,בעתיד · אנחנו,ניכתב,ניכתב,False,,,,,
hebverb_234,כתב,nif'al,DA_RIVEDERE: written,target,בעתיד · אנחנו,נכתב,נכתב,True,12.94040617,535.3257142571429,1.0,,
hebverb_234,כתב,nif'al,DA_RIVEDERE: written,target,בעתיד · אתם,תיכתבו,תיכתבו,False,,,,,
hebverb_234,כתב,nif'al,DA_RIVEDERE: written,target,בעתיד · אתם,תכתבו,תכתבו,False,,,,,
hebverb_234,כתב,nif'al,DA_RIVEDERE: written,target,בעתיד · אתן,תיכתבנה,תיכתבנה,False,,,,,
hebverb_234,כתב,nif'al,DA_RIVEDERE: written,target,בעתיד · אתן,תכתבנה,תכתבנה,False,,,,,
hebverb_234,כתב,nif'al,DA_RIVEDERE: written,target,בעתיד · הם,ייכתבו,ייכתבו,False,,,,,
hebverb_234,כתב,nif'al,DA_RIVEDERE: written,target,בעתיד · הם,יכתבו,יכתבו,False,,,,,
hebverb_234,כתב,nif'al,DA_RIVEDERE: written,target,בעתיד · הן,תיכתבנה,תיכתבנה,False,,,,,
hebverb_234,כתב,nif'al,DA_RIVEDERE: written,target,בעתיד · הן,תכתבנה,תכתבנה,False,,,,,
hebverb_235,קרא,nif'al,"DA_RIVEDERE: read, called",infinitive,infinitive,להיקרא,להיקרא,False,,,,,
hebverb_235,קרא,nif'al,"DA_RIVEDERE: read, called",present_1,present_1,נקרא,נקרא,True,87.55088296,521.771052631579,0.9473684210526315,480.8421052631579,1.0
hebverb_235,קרא,nif'al,"DA_RIVEDERE: read, called",present_2,present_2,נקראת,נקראת,False,,,,,
hebverb_235,קרא,nif'al,"DA_RIVEDERE: read, called",present_3,present_3,נקראים,נקראים,False,,,,,
hebverb_235,קרא,nif'al,"DA_RIVEDERE: read, called",present_4,present_4,נקראות,נקראות,False,,,,,
hebverb_235,קרא,nif'al,"DA_RIVEDERE: read, called",target,בעבר · אני,נקראתי,נקראתי,False,,,,,
hebverb_235,קרא,nif'al,"DA_RIVEDERE: read, called",target,בעבר · אתה,נקראת,נקראת,False,,,,,
hebverb_235,קרא,nif'al,"DA_RIVEDERE: read, called",target,בעבר · את,נקראת,נקראת,False,,,,,
hebverb_235,קרא,nif'al,"DA_RIVEDERE: read, called",target,בעבר · הוא,נקרא,נקרא,True,87.55088296,521.771052631579,0.9473684210526315,480.8421052631579,1.0
hebverb_235,קרא,nif'al,"DA_RIVEDERE: read, called",target,בעבר · היא,נקראה,נקראה,False,,,,,
hebverb_235,קרא,nif'al,"DA_RIVEDERE: read, called",target,בעבר · אנחנו,נקראנו,נקראנו,False,,,,,
hebverb_235,קרא,nif'al,"DA_RIVEDERE: read, called",target,בעבר · אתם,נקראתם,נקראתם,False,,,,,
hebverb_235,קרא,nif'al,"DA_RIVEDERE: read, called",target,בעבר · אתן,נקראתן,נקראתן,False,,,,,
hebverb_235,קרא,nif'al,"DA_RIVEDERE: read, called",target,בעבר · הם,נקראו,נקראו,False,,,,,
hebverb_235,קרא,nif'al,"DA_RIVEDERE: read, called",target,בעבר · הן,נקראו,נקראו,False,,,,,
hebverb_235,קרא,nif'al,"DA_RIVEDERE: read, called",target,בעתיד · אני,אקרא,אקרא,True,27.48168732,644.0625,0.9,545.5882352941177,0.9428571428571428
hebverb_235,קרא,nif'al,"DA_RIVEDERE: read, called",target,בעתיד · אתה,תיקרא,תיקרא,True,1.055122152,663.1799999714285,0.8285714285714286,,
hebverb_235,קרא,nif'al,"DA_RIVEDERE: read, called",target,בעתיד · אתה,תקרא,תקרא,False,,,,,
hebverb_235,קרא,nif'al,"DA_RIVEDERE: read, called",target,בעתיד · את,תיקראי,תיקראי,False,,,,,
hebverb_235,קרא,nif'al,"DA_RIVEDERE: read, called",target,בעתיד · את,תקראי,תקראי,False,,,,,
hebverb_235,קרא,nif'al,"DA_RIVEDERE: read, called",target,בעתיד · הוא,ייקרא,ייקרא,False,,,,,
hebverb_235,קרא,nif'al,"DA_RIVEDERE: read, called",target,בעתיד · הוא,יקרא,יקרא,True,8.447041139,547.9470588235295,0.8285714285714286,536.40625,0.8823529411764706
hebverb_235,קרא,nif'al,"DA_RIVEDERE: read, called",target,בעתיד · היא,תיקרא,תיקרא,True,1.055122152,663.1799999714285,0.8285714285714286,,
hebverb_235,קרא,nif'al,"DA_RIVEDERE: read, called",target,בעתיד · היא,תקרא,תקרא,False,,,,,
hebverb_235,קרא,nif'al,"DA_RIVEDERE: read, called",target,בעתיד · אנחנו,ניקרא,ניקרא,False,,,,,
hebverb_235,קרא,nif'al,"DA_RIVEDERE: read, called",target,בעתיד · אנחנו,נקרא,נקרא,True,87.55088296,521.771052631579,0.9473684210526315,480.8421052631579,1.0
hebverb_235,קרא,nif'al,"DA_RIVEDERE: read, called",target,בעתיד · אתם,תיקראו,תיקראו,False,,,,,
hebverb_235,קרא,nif'al,"DA_RIVEDERE: read, called",target,בעתיד · אתם,תקראו,תקראו,False,,,,,
hebverb_235,קרא,nif'al,"DA_RIVEDERE: read, called",target,בעתיד · אתן,תיקראנה,תיקראנה,False,,,,,
hebverb_235,קרא,nif'al,"DA_RIVEDERE: read, called",target,בעתיד · אתן,תקראנה,תקראנה,False,,,,,
hebverb_235,קרא,nif'al,"DA_RIVEDERE: read, called",target,בעתיד · הם,ייקראו,ייקראו,False,,,,,
hebverb_235,קרא,nif'al,"DA_RIVEDERE: read, called",target,בעתיד · הם,יקראו,יקראו,False,,,,,
hebverb_235,קרא,nif'al,"DA_RIVEDERE: read, called",target,בעתיד · הן,תיקראנה,תיקראנה,False,,,,,
hebverb_235,קרא,nif'al,"DA_RIVEDERE: read, called",target,בעתיד · הן,תקראנה,תקראנה,False,,,,,
hebverb_236,פגש,nif'al,DA_RIVEDERE: met,infinitive,infinitive,להיפגש,להיפגש,True,63.81063453,538.8459459459459,0.9459459459459459,,
hebverb_236,פגש,nif'al,DA_RIVEDERE: met,present_1,present_1,נפגש,נפגש,False,,,,,
hebverb_236,פגש,nif'al,DA_RIVEDERE: met,present_2,present_2,נפגשת,נפגשת,False,,,,,
hebverb_236,פגש,nif'al,DA_RIVEDERE: met,present_3,present_3,נפגשים,נפגשים,True,22.40618594,547.9236842368421,0.9736842105263158,,
hebverb_236,פגש,nif'al,DA_RIVEDERE: met,present_4,present_4,נפגשות,נפגשות,False,,,,,
hebverb_236,פגש,nif'al,DA_RIVEDERE: met,target,בעבר · אני,נפגשתי,נפגשתי,False,,,,,
hebverb_236,פגש,nif'al,DA_RIVEDERE: met,target,בעבר · אתה,נפגשת,נפגשת,False,,,,,
hebverb_236,פגש,nif'al,DA_RIVEDERE: met,target,בעבר · את,נפגשת,נפגשת,False,,,,,
hebverb_236,פגש,nif'al,DA_RIVEDERE: met,target,בעבר · הוא,נפגש,נפגש,False,,,,,
hebverb_236,פגש,nif'al,DA_RIVEDERE: met,target,בעבר · היא,נפגשה,נפגשה,False,,,,,
hebverb_236,פגש,nif'al,DA_RIVEDERE: met,target,בעבר · אנחנו,נפגשנו,נפגשנו,True,32.078139,561.3105263157895,0.9473684210526315,529.75,0.9393939393939394
hebverb_236,פגש,nif'al,DA_RIVEDERE: met,target,בעבר · אתם,נפגשתם,נפגשתם,False,,,,,
hebverb_236,פגש,nif'al,DA_RIVEDERE: met,target,בעבר · אתן,נפגשתן,נפגשתן,False,,,,,
hebverb_236,פגש,nif'al,DA_RIVEDERE: met,target,בעבר · הם,נפגשו,נפגשו,False,,,,,
hebverb_236,פגש,nif'al,DA_RIVEDERE: met,target,בעבר · הן,נפגשו,נפגשו,False,,,,,
hebverb_236,פגש,nif'al,DA_RIVEDERE: met,target,בעתיד · אני,אפגש,אפגש,False,,,,,
hebverb_236,פגש,nif'al,DA_RIVEDERE: met,target,בעתיד · אתה,תיפגש,תיפגש,False,,,,,
hebverb_236,פגש,nif'al,DA_RIVEDERE: met,target,בעתיד · אתה,תפגש,תפגש,False,,,,,
hebverb_236,פגש,nif'al,DA_RIVEDERE: met,target,בעתיד · את,תיפגשי,תיפגשי,False,,,,,
hebverb_236,פגש,nif'al,DA_RIVEDERE: met,target,בעתיד · את,תפגשי,תפגשי,False,,,,,
hebverb_236,פגש,nif'al,DA_RIVEDERE: met,target,בעתיד · הוא,ייפגש,ייפגש,False,,,,,
hebverb_236,פגש,nif'al,DA_RIVEDERE: met,target,בעתיד · הוא,יפגש,יפגש,False,,,,,
hebverb_236,פגש,nif'al,DA_RIVEDERE: met,target,בעתיד · היא,תיפגש,תיפגש,False,,,,,
hebverb_236,פגש,nif'al,DA_RIVEDERE: met,target,בעתיד · היא,תפגש,תפגש,False,,,,,
hebverb_236,פגש,nif'al,DA_RIVEDERE: met,target,בעתיד · אנחנו,ניפגש,ניפגש,False,,,,,
hebverb_236,פגש,nif'al,DA_RIVEDERE: met,target,בעתיד · אנחנו,נפגש,נפגש,False,,,,,
hebverb_236,פגש,nif'al,DA_RIVEDERE: met,target,בעתיד · אתם,תיפגשו,תיפגשו,False,,,,,
hebverb_236,פגש,nif'al,DA_RIVEDERE: met,target,בעתיד · אתם,תפגשו,תפגשו,True,2.637805381,580.2473684210527,0.868421052631579,597.3939393939394,0.9696969696969697
hebverb_236,פגש,nif'al,DA_RIVEDERE: met,target,בעתיד · אתן,תיפגשנה,תיפגשנה,False,,,,,
hebverb_236,פגש,nif'al,DA_RIVEDERE: met,target,בעתיד · אתן,תפגשנה,תפגשנה,False,,,,,
hebverb_236,פגש,nif'al,DA_RIVEDERE: met,target,בעתיד · הם,ייפגשו,ייפגשו,False,,,,,
hebverb_236,פגש,nif'al,DA_RIVEDERE: met,target,בעתיד · הם,יפגשו,יפגשו,False,,,,,
hebverb_236,פגש,nif'al,DA_RIVEDERE: met,target,בעתיד · הן,תיפגשנה,תיפגשנה,False,,,,,
hebverb_236,פגש,nif'al,DA_RIVEDERE: met,target,בעתיד · הן,תפגשנה,תפגשנה,False,,,,,
hebverb_237,שאל,nif'al,DA_RIVEDERE: asked,infinitive,infinitive,להשאל,להשאל,False,,,,,
hebverb_237,שאל,nif'al,DA_RIVEDERE: asked,present_1,present_1,נשאל,נשאל,True,6.912869274,614.8914285714286,0.9142857142857143,488.8285714285714,1.0
hebverb_237,שאל,nif'al,DA_RIVEDERE: asked,present_2,present_2,נשאלת,נשאלת,True,0.915651983,589.3459458378379,0.972972972972973,,
hebverb_237,שאל,nif'al,DA_RIVEDERE: asked,present_3,present_3,נשאלים,נשאלים,False,,,,,
hebverb_237,שאל,nif'al,DA_RIVEDERE: asked,present_4,present_4,נשאלות,נשאלות,False,,,,,
hebverb_237,שאל,nif'al,DA_RIVEDERE: asked,target,בעבר · אני,נשאלתי,נשאלתי,False,,,,,
hebverb_237,שאל,nif'al,DA_RIVEDERE: asked,target,בעבר · אתה,נשאלת,נשאלת,True,0.915651983,589.3459458378379,0.972972972972973,,
hebverb_237,שאל,nif'al,DA_RIVEDERE: asked,target,בעבר · את,נשאלת,נשאלת,True,0.915651983,589.3459458378379,0.972972972972973,,
hebverb_237,שאל,nif'al,DA_RIVEDERE: asked,target,בעבר · הוא,נשאל,נשאל,True,6.912869274,614.8914285714286,0.9142857142857143,488.8285714285714,1.0
hebverb_237,שאל,nif'al,DA_RIVEDERE: asked,target,בעבר · היא,נשאלה,נשאלה,False,,,,,
hebverb_237,שאל,nif'al,DA_RIVEDERE: asked,target,בעבר · אנחנו,נשאלנו,נשאלנו,False,,,,,
hebverb_237,שאל,nif'al,DA_RIVEDERE: asked,target,בעבר · אתם,נשאלתם,נשאלתם,False,,,,,
hebverb_237,שאל,nif'al,DA_RIVEDERE: asked,target,בעבר · אתן,נשאלתן,נשאלתן,False,,,,,
hebverb_237,שאל,nif'al,DA_RIVEDERE: asked,target,בעבר · הם,נשאלו,נשאלו,False,,,,,
hebverb_237,שאל,nif'al,DA_RIVEDERE: asked,target,בעבר · הן,נשאלו,נשאלו,False,,,,,
hebverb_237,שאל,nif'al,DA_RIVEDERE: asked,target,בעתיד · אני,אשאל,אשאל,False,,,,,
hebverb_237,שאל,nif'al,DA_RIVEDERE: asked,target,בעתיד · אתה,תשאל,תשאל,False,,,,,
hebverb_237,שאל,nif'al,DA_RIVEDERE: asked,target,בעתיד · אתה,תישאל,תישאל,False,,,,,
hebverb_237,שאל,nif'al,DA_RIVEDERE: asked,target,בעתיד · את,תשאלי,תשאלי,False,,,,,
hebverb_237,שאל,nif'al,DA_RIVEDERE: asked,target,בעתיד · את,תישאלי,תישאלי,False,,,,,
hebverb_237,שאל,nif'al,DA_RIVEDERE: asked,target,בעתיד · הוא,ישאל,ישאל,True,7.8709687,573.4405405405405,0.8108108108108109,,
hebverb_237,שאל,nif'al,DA_RIVEDERE: asked,target,בעתיד · הוא,יישאל,יישאל,False,,,,,
hebverb_237,שאל,nif'al,DA_RIVEDERE: asked,target,בעתיד · היא,תשאל,תשאל,False,,,,,
hebverb_237,שאל,nif'al,DA_RIVEDERE: asked,target,בעתיד · היא,תישאל,תישאל,False,,,,,
hebverb_237,שאל,nif'al,DA_RIVEDERE: asked,target,בעתיד · אנחנו,נשאל,נשאל,True,6.912869274,614.8914285714286,0.9142857142857143,488.8285714285714,1.0
hebverb_237,שאל,nif'al,DA_RIVEDERE: asked,target,בעתיד · אנחנו,נישאל,נישאל,False,,,,,
hebverb_237,שאל,nif'al,DA_RIVEDERE: asked,target,בעתיד · אתם,תשאלו,תשאלו,True,8.677470115,576.7657895,0.8947368421052632,485.57142857142856,0.9743589743589743
hebverb_237,שאל,nif'al,DA_RIVEDERE: asked,target,בעתיד · אתם,תישאלו,תישאלו,False,,,,,
hebverb_237,שאל,nif'al,DA_RIVEDERE: asked,target,בעתיד · אתן,תשאלנה,תשאלנה,False,,,,,
hebverb_237,שאל,nif'al,DA_RIVEDERE: asked,target,בעתיד · אתן,תישאלנה,תישאלנה,False,,,,,
hebverb_237,שאל,nif'al,DA_RIVEDERE: asked,target,בעתיד · הם,ישאלו,ישאלו,True,5.760724395,558.2342105263158,0.9473684210526315,507.09375,0.9393939393939394
hebverb_237,שאל,nif'al,DA_RIVEDERE: asked,target,בעתיד · הם,יישאלו,יישאלו,False,,,,,
hebverb_237,שאל,nif'al,DA_RIVEDERE: asked,target,בעתיד · הן,תשאלנה,תשאלנה,False,,,,,
hebverb_237,שאל,nif'al,DA_RIVEDERE: asked,target,בעתיד · הן,תישאלנה,תישאלנה,False,,,,,
hebverb_238,עשה,nif'al,DA_RIVEDERE: done,infinitive,infinitive,להיעשות,להיעשות,False,,,,,
hebverb_238,עשה,nif'al,DA_RIVEDERE: done,present_1,present_1,נעשה,נעשה,False,,,,,
hebverb_238,עשה,nif'al,DA_RIVEDERE: done,present_2,present_2,נעשית,נעשית,False,,,,,
hebverb_238,עשה,nif'al,DA_RIVEDERE: done,present_3,present_3,נעשים,נעשים,False,,,,,
hebverb_238,עשה,nif'al,DA_RIVEDERE: done,present_4,present_4,נעשות,נעשות,False,,,,,
hebverb_238,עשה,nif'al,DA_RIVEDERE: done,target,בעבר · אני,נעשיתי,נעשיתי,False,,,,,
hebverb_238,עשה,nif'al,DA_RIVEDERE: done,target,בעבר · אתה,נעשית,נעשית,False,,,,,
hebverb_238,עשה,nif'al,DA_RIVEDERE: done,target,בעבר · את,נעשית,נעשית,False,,,,,
hebverb_238,עשה,nif'al,DA_RIVEDERE: done,target,בעבר · הוא,נעשה,נעשה,False,,,,,
hebverb_238,עשה,nif'al,DA_RIVEDERE: done,target,בעבר · היא,נעשתה,נעשתה,False,,,,,
hebverb_238,עשה,nif'al,DA_RIVEDERE: done,target,בעבר · אנחנו,נעשינו,נעשינו,True,2.643869301,621.4526316052632,0.868421052631579,,
hebverb_238,עשה,nif'al,DA_RIVEDERE: done,target,בעבר · אתם,נעשיתם,נעשיתם,False,,,,,
hebverb_238,עשה,nif'al,DA_RIVEDERE: done,target,בעבר · אתן,נעשיתן,נעשיתן,False,,,,,
hebverb_238,עשה,nif'al,DA_RIVEDERE: done,target,בעבר · הם,נעשו,נעשו,False,,,,,
hebverb_238,עשה,nif'al,DA_RIVEDERE: done,target,בעבר · הן,נעשו,נעשו,False,,,,,
hebverb_238,עשה,nif'al,DA_RIVEDERE: done,target,בעתיד · אני,איעשה,איעשה,False,,,,,
hebverb_238,עשה,nif'al,DA_RIVEDERE: done,target,בעתיד · אני,אעשה,אעשה,True,181.0807915,538.6054054054055,0.8918918918918919,456.741935483871,0.5882352941176471
hebverb_238,עשה,nif'al,DA_RIVEDERE: done,target,בעתיד · אתה,תיעשה,תיעשה,False,,,,,
hebverb_238,עשה,nif'al,DA_RIVEDERE: done,target,בעתיד · אתה,תעשה,תעשה,True,243.9697101,561.6171428571428,0.9142857142857143,,
hebverb_238,עשה,nif'al,DA_RIVEDERE: done,target,בעתיד · את,תיעשי,תיעשי,False,,,,,
hebverb_238,עשה,nif'al,DA_RIVEDERE: done,target,בעתיד · את,תעשי,תעשי,True,83.7306131,581.7951219512195,0.9024390243902439,438.90909090909093,1.0
hebverb_238,עשה,nif'al,DA_RIVEDERE: done,target,בעתיד · הוא,ייעשה,ייעשה,False,,,,,
hebverb_238,עשה,nif'al,DA_RIVEDERE: done,target,בעתיד · הוא,יעשה,יעשה,False,,,,,
hebverb_238,עשה,nif'al,DA_RIVEDERE: done,target,בעתיד · היא,תיעשה,תיעשה,False,,,,,
hebverb_238,עשה,nif'al,DA_RIVEDERE: done,target,בעתיד · היא,תעשה,תעשה,True,243.9697101,561.6171428571428,0.9142857142857143,,
hebverb_238,עשה,nif'al,DA_RIVEDERE: done,target,בעתיד · אנחנו,ניעשה,ניעשה,False,,,,,
hebverb_238,עשה,nif'al,DA_RIVEDERE: done,target,בעתיד · אנחנו,נעשה,נעשה,False,,,,,
hebverb_238,עשה,nif'al,DA_RIVEDERE: done,target,בעתיד · אתם,תיעשו,תיעשו,False,,,,,
hebverb_238,עשה,nif'al,DA_RIVEDERE: done,target,בעתיד · אתם,תעשו,תעשו,False,,,,,
hebverb_238,עשה,nif'al,DA_RIVEDERE: done,target,בעתיד · אתן,תיעשינה,תיעשינה,False,,,,,
hebverb_238,עשה,nif'al,DA_RIVEDERE: done,target,בעתיד · אתן,תעשינה,תעשינה,False,,,,,
hebverb_238,עשה,nif'al,DA_RIVEDERE: done,target,בעתיד · הם,ייעשו,ייעשו,False,,,,,
hebverb_238,עשה,nif'al,DA_RIVEDERE: done,target,בעתיד · הם,יעשו,יעשו,True,38.92430515,563.13,0.95,,
hebverb_238,עשה,nif'al,DA_RIVEDERE: done,target,בעתיד · הן,תיעשינה,תיעשינה,False,,,,,
hebverb_238,עשה,nif'al,DA_RIVEDERE: done,target,בעתיד · הן,תעשינה,תעשינה,False,,,,,
hebverb_239,נתן,nif'al,DA_RIVEDERE: given,infinitive,infinitive,להינתן,להינתן,False,,,,,
hebverb_239,נתן,nif'al,DA_RIVEDERE: given,present_1,present_1,ניתן,ניתן,False,,,,,
hebverb_239,נתן,nif'al,DA_RIVEDERE: given,present_1,present_1,נתן,נתן,True,156.3885075,565.2914285714286,0.9714285714285714,454.5151515151515,1.0
hebverb_239,נתן,nif'al,DA_RIVEDERE: given,present_2,present_2,ניתנת,ניתנת,False,,,,,
hebverb_239,נתן,nif'al,DA_RIVEDERE: given,present_2,present_2,נתנת,נתנת,False,,,,,
hebverb_239,נתן,nif'al,DA_RIVEDERE: given,present_3,present_3,ניתנים,ניתנים,False,,,,,
hebverb_239,נתן,nif'al,DA_RIVEDERE: given,present_3,present_3,נתנים,נתנים,False,,,,,
hebverb_239,נתן,nif'al,DA_RIVEDERE: given,present_4,present_4,ניתנות,ניתנות,False,,,,,
hebverb_239,נתן,nif'al,DA_RIVEDERE: given,present_4,present_4,נתנות,נתנות,False,,,,,
hebverb_239,נתן,nif'al,DA_RIVEDERE: given,target,בעבר · אני,ניתנתי,ניתנתי,False,,,,,
hebverb_239,נתן,nif'al,DA_RIVEDERE: given,target,בעבר · אני,נתנתי,נתנתי,False,,,,,
hebverb_239,נתן,nif'al,DA_RIVEDERE: given,target,בעבר · אתה,ניתנת,ניתנת,False,,,,,
hebverb_239,נתן,nif'al,DA_RIVEDERE: given,target,בעבר · אתה,נתנת,נתנת,False,,,,,
hebverb_239,נתן,nif'al,DA_RIVEDERE: given,target,בעבר · את,ניתנת,ניתנת,False,,,,,
hebverb_239,נתן,nif'al,DA_RIVEDERE: given,target,בעבר · את,נתנת,נתנת,False,,,,,
hebverb_239,נתן,nif'al,DA_RIVEDERE: given,target,בעבר · הוא,ניתן,ניתן,False,,,,,
hebverb_239,נתן,nif'al,DA_RIVEDERE: given,target,בעבר · הוא,נתן,נתן,True,156.3885075,565.2914285714286,0.9714285714285714,454.5151515151515,1.0
hebverb_239,נתן,nif'al,DA_RIVEDERE: given,target,בעבר · היא,ניתנה,ניתנה,True,5.936578087,626.9707317073171,0.9512195121951219,497.025,0.975609756097561
hebverb_239,נתן,nif'al,DA_RIVEDERE: given,target,בעבר · היא,נתנה,נתנה,True,51.25225535,700.8558823529411,0.8857142857142857,,
hebverb_239,נתן,nif'al,DA_RIVEDERE: given,target,בעבר · אנחנו,ניתנו,ניתנו,False,,,,,
hebverb_239,נתן,nif'al,DA_RIVEDERE: given,target,בעבר · אנחנו,נתנו,נתנו,False,,,,,
hebverb_239,נתן,nif'al,DA_RIVEDERE: given,target,בעבר · אתם,ניתנתם,ניתנתם,False,,,,,
hebverb_239,נתן,nif'al,DA_RIVEDERE: given,target,בעבר · אתם,נתנתם,נתנתם,False,,,,,
hebverb_239,נתן,nif'al,DA_RIVEDERE: given,target,בעבר · אתן,ניתנתן,ניתנתן,False,,,,,
hebverb_239,נתן,nif'al,DA_RIVEDERE: given,target,בעבר · אתן,נתנתן,נתנתן,False,,,,,
hebverb_239,נתן,nif'al,DA_RIVEDERE: given,target,בעבר · הם,ניתנו,ניתנו,False,,,,,
hebverb_239,נתן,nif'al,DA_RIVEDERE: given,target,בעבר · הם,נתנו,נתנו,False,,,,,
hebverb_239,נתן,nif'al,DA_RIVEDERE: given,target,בעבר · הן,ניתנו,ניתנו,False,,,,,
hebverb_239,נתן,nif'al,DA_RIVEDERE: given,target,בעבר · הן,נתנו,נתנו,False,,,,,
hebverb_239,נתן,nif'al,DA_RIVEDERE: given,target,בעתיד · אני,אנתן,אנתן,False,,,,,
hebverb_239,נתן,nif'al,DA_RIVEDERE: given,target,בעתיד · אתה,תינתן,תינתן,False,,,,,
hebverb_239,נתן,nif'al,DA_RIVEDERE: given,target,בעתיד · אתה,תנתן,תנתן,False,,,,,
hebverb_239,נתן,nif'al,DA_RIVEDERE: given,target,בעתיד · את,תינתני,תינתני,False,,,,,
hebverb_239,נתן,nif'al,DA_RIVEDERE: given,target,בעתיד · את,תנתני,תנתני,False,,,,,
hebverb_239,נתן,nif'al,DA_RIVEDERE: given,target,בעתיד · הוא,יינתן,יינתן,False,,,,,
hebverb_239,נתן,nif'al,DA_RIVEDERE: given,target,בעתיד · הוא,ינתן,ינתן,False,,,,,
hebverb_239,נתן,nif'al,DA_RIVEDERE: given,target,בעתיד · היא,תינתן,תינתן,False,,,,,
hebverb_239,נתן,nif'al,DA_RIVEDERE: given,target,בעתיד · היא,תנתן,תנתן,False,,,,,
hebverb_239,נתן,nif'al,DA_RIVEDERE: given,target,בעתיד · אנחנו,נינתן,נינתן,False,,,,,
hebverb_239,נתן,nif'al,DA_RIVEDERE: given,target,בעתיד · אנחנו,ננתן,ננתן,False,,,,,
hebverb_239,נתן,nif'al,DA_RIVEDERE: given,target,בעתיד · אתם,תינתנו,תינתנו,False,,,,,
hebverb_239,נתן,nif'al,DA_RIVEDERE: given,target,בעתיד · אתם,תנתנו,תנתנו,False,,,,,
hebverb_239,נתן,nif'al,DA_RIVEDERE: given,target,בעתיד · אתן,תינתנה,תינתנה,False,,,,,
hebverb_239,נתן,nif'al,DA_RIVEDERE: given,target,בעתיד · אתן,תנתנה,תנתנה,False,,,,,
hebverb_239,נתן,nif'al,DA_RIVEDERE: given,target,בעתיד · הם,יינתנו,יינתנו,False,,,,,
hebverb_239,נתן,nif'al,DA_RIVEDERE: given,target,בעתיד · הם,ינתנו,ינתנו,False,,,,,
hebverb_239,נתן,nif'al,DA_RIVEDERE: given,target,בעתיד · הן,תינתנה,תינתנה,False,,,,,
hebverb_239,נתן,nif'al,DA_RIVEDERE: given,target,בעתיד · הן,תנתנה,תנתנה,False,,,,,
hebverb_240,עלם,nif'al,DA_RIVEDERE: disappear,infinitive,infinitive,להיעלם,להיעלם,False,,,,,
hebverb_240,עלם,nif'al,DA_RIVEDERE: disappear,present_1,present_1,נעלם,נעלם,False,,,,,
hebverb_240,עלם,nif'al,DA_RIVEDERE: disappear,present_2,present_2,נעלמת,נעלמת,True,13.46796724,509.06216216216217,0.972972972972973,,
hebverb_240,עלם,nif'al,DA_RIVEDERE: disappear,present_3,present_3,נעלמים,נעלמים,False,,,,,
hebverb_240,עלם,nif'al,DA_RIVEDERE: disappear,present_4,present_4,נעלמות,נעלמות,False,,,,,
hebverb_240,עלם,nif'al,DA_RIVEDERE: disappear,target,בעבר · אני,נעלמתי,נעלמתי,False,,,,,
hebverb_240,עלם,nif'al,DA_RIVEDERE: disappear,target,בעבר · אתה,נעלמת,נעלמת,True,13.46796724,509.06216216216217,0.972972972972973,,
hebverb_240,עלם,nif'al,DA_RIVEDERE: disappear,target,בעבר · את,נעלמת,נעלמת,True,13.46796724,509.06216216216217,0.972972972972973,,
hebverb_240,עלם,nif'al,DA_RIVEDERE: disappear,target,בעבר · הוא,נעלם,נעלם,False,,,,,
hebverb_240,עלם,nif'al,DA_RIVEDERE: disappear,target,בעבר · היא,נעלמה,נעלמה,False,,,,,
hebverb_240,עלם,nif'al,DA_RIVEDERE: disappear,target,בעבר · אנחנו,נעלמנו,נעלמנו,False,,,,,
hebverb_240,עלם,nif'al,DA_RIVEDERE: disappear,target,בעבר · אתם,נעלמתם,נעלמתם,False,,,,,
hebverb_240,עלם,nif'al,DA_RIVEDERE: disappear,target,בעבר · אתן,נעלמתן,נעלמתן,False,,,,,
hebverb_240,עלם,nif'al,DA_RIVEDERE: disappear,target,בעבר · הם,נעלמו,נעלמו,False,,,,,
hebverb_240,עלם,nif'al,DA_RIVEDERE: disappear,target,בעבר · הן,נעלמו,נעלמו,False,,,,,
hebverb_240,עלם,nif'al,DA_RIVEDERE: disappear,target,בעתיד · אני,איעלם,איעלם,False,,,,,
hebverb_240,עלם,nif'al,DA_RIVEDERE: disappear,target,בעתיד · אני,אעלם,אעלם,False,,,,,
hebverb_240,עלם,nif'al,DA_RIVEDERE: disappear,target,בעתיד · אתה,תיעלם,תיעלם,False,,,,,
hebverb_240,עלם,nif'al,DA_RIVEDERE: disappear,target,בעתיד · אתה,תעלם,תעלם,False,,,,,
hebverb_240,עלם,nif'al,DA_RIVEDERE: disappear,target,בעתיד · את,תיעלמי,תיעלמי,False,,,,,
hebverb_240,עלם,nif'al,DA_RIVEDERE: disappear,target,בעתיד · את,תעלמי,תעלמי,False,,,,,
hebverb_240,עלם,nif'al,DA_RIVEDERE: disappear,target,בעתיד · הוא,ייעלם,ייעלם,False,,,,,
hebverb_240,עלם,nif'al,DA_RIVEDERE: disappear,target,בעתיד · הוא,יעלם,יעלם,False,,,,,
hebverb_240,עלם,nif'al,DA_RIVEDERE: disappear,target,בעתיד · היא,תיעלם,תיעלם,False,,,,,
hebverb_240,עלם,nif'al,DA_RIVEDERE: disappear,target,בעתיד · היא,תעלם,תעלם,False,,,,,
hebverb_240,עלם,nif'al,DA_RIVEDERE: disappear,target,בעתיד · אנחנו,ניעלם,ניעלם,False,,,,,
hebverb_240,עלם,nif'al,DA_RIVEDERE: disappear,target,בעתיד · אנחנו,נעלם,נעלם,False,,,,,
hebverb_240,עלם,nif'al,DA_RIVEDERE: disappear,target,בעתיד · אתם,תיעלמו,תיעלמו,False,,,,,
hebverb_240,עלם,nif'al,DA_RIVEDERE: disappear,target,בעתיד · אתם,תעלמו,תעלמו,False,,,,,
hebverb_240,עלם,nif'al,DA_RIVEDERE: disappear,target,בעתיד · אתן,תיעלמנה,תיעלמנה,False,,,,,
hebverb_240,עלם,nif'al,DA_RIVEDERE: disappear,target,בעתיד · אתן,תעלמנה,תעלמנה,False,,,,,
hebverb_240,עלם,nif'al,DA_RIVEDERE: disappear,target,בעתיד · הם,ייעלמו,ייעלמו,False,,,,,
hebverb_240,עלם,nif'al,DA_RIVEDERE: disappear,target,בעתיד · הם,יעלמו,יעלמו,False,,,,,
hebverb_240,עלם,nif'al,DA_RIVEDERE: disappear,target,בעתיד · הן,תיעלמנה,תיעלמנה,False,,,,,
hebverb_240,עלם,nif'al,DA_RIVEDERE: disappear,target,בעתיד · הן,תעלמנה,תעלמנה,False,,,,,
hebverb_241,פרד,nif'al,"DA_RIVEDERE: break up, part",infinitive,infinitive,להיפרד,להיפרד,False,,,,,
hebverb_241,פרד,nif'al,"DA_RIVEDERE: break up, part",present_1,present_1,נפרד,נפרד,False,,,,,
hebverb_241,פרד,nif'al,"DA_RIVEDERE: break up, part",present_2,present_2,נפרדת,נפרדת,False,,,,,
hebverb_241,פרד,nif'al,"DA_RIVEDERE: break up, part",present_3,present_3,נפרדים,נפרדים,True,12.54625134,603.5236842368422,1.0,,
hebverb_241,פרד,nif'al,"DA_RIVEDERE: break up, part",present_4,present_4,נפרדות,נפרדות,False,,,,,
hebverb_241,פרד,nif'al,"DA_RIVEDERE: break up, part",target,בעבר · אני,נפרדתי,נפרדתי,False,,,,,
hebverb_241,פרד,nif'al,"DA_RIVEDERE: break up, part",target,בעבר · אתה,נפרדת,נפרדת,False,,,,,
hebverb_241,פרד,nif'al,"DA_RIVEDERE: break up, part",target,בעבר · את,נפרדת,נפרדת,False,,,,,
hebverb_241,פרד,nif'al,"DA_RIVEDERE: break up, part",target,בעבר · הוא,נפרד,נפרד,False,,,,,
hebverb_241,פרד,nif'al,"DA_RIVEDERE: break up, part",target,בעבר · היא,נפרדה,נפרדה,False,,,,,
hebverb_241,פרד,nif'al,"DA_RIVEDERE: break up, part",target,בעבר · אנחנו,נפרדנו,נפרדנו,False,,,,,
hebverb_241,פרד,nif'al,"DA_RIVEDERE: break up, part",target,בעבר · אתם,נפרדתם,נפרדתם,False,,,,,
hebverb_241,פרד,nif'al,"DA_RIVEDERE: break up, part",target,בעבר · אתן,נפרדתן,נפרדתן,False,,,,,
hebverb_241,פרד,nif'al,"DA_RIVEDERE: break up, part",target,בעבר · הם,נפרדו,נפרדו,False,,,,,
hebverb_241,פרד,nif'al,"DA_RIVEDERE: break up, part",target,בעבר · הן,נפרדו,נפרדו,False,,,,,
hebverb_241,פרד,nif'al,"DA_RIVEDERE: break up, part",target,בעתיד · אני,אפרד,אפרד,False,,,,,
hebverb_241,פרד,nif'al,"DA_RIVEDERE: break up, part",target,בעתיד · אתה,תיפרד,תיפרד,False,,,,,
hebverb_241,פרד,nif'al,"DA_RIVEDERE: break up, part",target,בעתיד · אתה,תפרד,תפרד,False,,,,,
hebverb_241,פרד,nif'al,"DA_RIVEDERE: break up, part",target,בעתיד · את,תיפרדי,תיפרדי,False,,,,,
hebverb_241,פרד,nif'al,"DA_RIVEDERE: break up, part",target,בעתיד · את,תפרדי,תפרדי,False,,,,,
hebverb_241,פרד,nif'al,"DA_RIVEDERE: break up, part",target,בעתיד · הוא,ייפרד,ייפרד,False,,,,,
hebverb_241,פרד,nif'al,"DA_RIVEDERE: break up, part",target,בעתיד · הוא,יפרד,יפרד,False,,,,,
hebverb_241,פרד,nif'al,"DA_RIVEDERE: break up, part",target,בעתיד · היא,תיפרד,תיפרד,False,,,,,
hebverb_241,פרד,nif'al,"DA_RIVEDERE: break up, part",target,בעתיד · היא,תפרד,תפרד,False,,,,,
hebverb_241,פרד,nif'al,"DA_RIVEDERE: break up, part",target,בעתיד · אנחנו,ניפרד,ניפרד,False,,,,,
hebverb_241,פרד,nif'al,"DA_RIVEDERE: break up, part",target,בעתיד · אנחנו,נפרד,נפרד,False,,,,,
hebverb_241,פרד,nif'al,"DA_RIVEDERE: break up, part",target,בעתיד · אתם,תיפרדו,תיפרדו,False,,,,,
hebverb_241,פרד,nif'al,"DA_RIVEDERE: break up, part",target,בעתיד · אתם,תפרדו,תפרדו,False,,,,,
hebverb_241,פרד,nif'al,"DA_RIVEDERE: break up, part",target,בעתיד · אתן,תיפרדנה,תיפרדנה,False,,,,,
hebverb_241,פרד,nif'al,"DA_RIVEDERE: break up, part",target,בעתיד · אתן,תפרדנה,תפרדנה,False,,,,,
hebverb_241,פרד,nif'al,"DA_RIVEDERE: break up, part",target,בעתיד · הם,ייפרדו,ייפרדו,False,,,,,
hebverb_241,פרד,nif'al,"DA_RIVEDERE: break up, part",target,בעתיד · הם,יפרדו,יפרדו,False,,,,,
hebverb_241,פרד,nif'al,"DA_RIVEDERE: break up, part",target,בעתיד · הן,תיפרדנה,תיפרדנה,False,,,,,
hebverb_241,פרד,nif'al,"DA_RIVEDERE: break up, part",target,בעתיד · הן,תפרדנה,תפרדנה,False,,,,,
hebverb_242,שרף,nif'al,DA_RIVEDERE: burnt,infinitive,infinitive,להישרף,להישרף,False,,,,,
hebverb_242,שרף,nif'al,DA_RIVEDERE: burnt,present_1,present_1,נשרף,נשרף,False,,,,,
hebverb_242,שרף,nif'al,DA_RIVEDERE: burnt,present_2,present_2,נשרפת,נשרפת,False,,,,,
hebverb_242,שרף,nif'al,DA_RIVEDERE: burnt,present_3,present_3,נשרפים,נשרפים,False,,,,,
hebverb_242,שרף,nif'al,DA_RIVEDERE: burnt,present_4,present_4,נשרפות,נשרפות,False,,,,,
hebverb_242,שרף,nif'al,DA_RIVEDERE: burnt,target,בעבר · אני,נשרפתי,נשרפתי,False,,,,,
hebverb_242,שרף,nif'al,DA_RIVEDERE: burnt,target,בעבר · אתה,נשרפת,נשרפת,False,,,,,
hebverb_242,שרף,nif'al,DA_RIVEDERE: burnt,target,בעבר · את,נשרפת,נשרפת,False,,,,,
hebverb_242,שרף,nif'al,DA_RIVEDERE: burnt,target,בעבר · הוא,נשרף,נשרף,False,,,,,
hebverb_242,שרף,nif'al,DA_RIVEDERE: burnt,target,בעבר · היא,נשרפה,נשרפה,True,3.820269862,612.2684210526317,0.9210526315789473,,
hebverb_242,שרף,nif'al,DA_RIVEDERE: burnt,target,בעבר · אנחנו,נשרפנו,נשרפנו,False,,,,,
hebverb_242,שרף,nif'al,DA_RIVEDERE: burnt,target,בעבר · אתם,נשרפתם,נשרפתם,False,,,,,
hebverb_242,שרף,nif'al,DA_RIVEDERE: burnt,target,בעבר · אתן,נשרפתן,נשרפתן,False,,,,,
hebverb_242,שרף,nif'al,DA_RIVEDERE: burnt,target,בעבר · הם,נשרפו,נשרפו,False,,,,,
hebverb_242,שרף,nif'al,DA_RIVEDERE: burnt,target,בעבר · הן,נשרפו,נשרפו,False,,,,,
hebverb_242,שרף,nif'al,DA_RIVEDERE: burnt,target,בעתיד · אני,אשרף,אשרף,False,,,,,
hebverb_242,שרף,nif'al,DA_RIVEDERE: burnt,target,בעתיד · אתה,תישרף,תישרף,False,,,,,
hebverb_242,שרף,nif'al,DA_RIVEDERE: burnt,target,בעתיד · אתה,תשרף,תשרף,False,,,,,
hebverb_242,שרף,nif'al,DA_RIVEDERE: burnt,target,בעתיד · את,תישרפי,תישרפי,False,,,,,
hebverb_242,שרף,nif'al,DA_RIVEDERE: burnt,target,בעתיד · את,תשרפי,תשרפי,False,,,,,
hebverb_242,שרף,nif'al,DA_RIVEDERE: burnt,target,בעתיד · הוא,יישרף,יישרף,False,,,,,
hebverb_242,שרף,nif'al,DA_RIVEDERE: burnt,target,בעתיד · הוא,ישרף,ישרף,False,,,,,
hebverb_242,שרף,nif'al,DA_RIVEDERE: burnt,target,בעתיד · היא,תישרף,תישרף,False,,,,,
hebverb_242,שרף,nif'al,DA_RIVEDERE: burnt,target,בעתיד · היא,תשרף,תשרף,False,,,,,
hebverb_242,שרף,nif'al,DA_RIVEDERE: burnt,target,בעתיד · אנחנו,נישרף,נישרף,False,,,,,
hebverb_242,שרף,nif'al,DA_RIVEDERE: burnt,target,בעתיד · אנחנו,נשרף,נשרף,False,,,,,
hebverb_242,שרף,nif'al,DA_RIVEDERE: burnt,target,בעתיד · אתם,תישרפו,תישרפו,False,,,,,
hebverb_242,שרף,nif'al,DA_RIVEDERE: burnt,target,בעתיד · אתם,תשרפו,תשרפו,False,,,,,
hebverb_242,שרף,nif'al,DA_RIVEDERE: burnt,target,בעתיד · אתן,תישרפנה,תישרפנה,False,,,,,
hebverb_242,שרף,nif'al,DA_RIVEDERE: burnt,target,בעתיד · אתן,תשרפנה,תשרפנה,False,,,,,
hebverb_242,שרף,nif'al,DA_RIVEDERE: burnt,target,בעתיד · הם,יישרפו,יישרפו,False,,,,,
hebverb_242,שרף,nif'al,DA_RIVEDERE: burnt,target,בעתיד · הם,ישרפו,ישרפו,False,,,,,
hebverb_242,שרף,nif'al,DA_RIVEDERE: burnt,target,בעתיד · הן,תישרפנה,תישרפנה,False,,,,,
hebverb_242,שרף,nif'al,DA_RIVEDERE: burnt,target,בעתיד · הן,תשרפנה,תשרפנה,False,,,,,
hebverb_243,שלח,nif'al,DA_RIVEDERE: sent,infinitive,infinitive,להשלח,להשלח,False,,,,,
hebverb_243,שלח,nif'al,DA_RIVEDERE: sent,present_1,present_1,נשלח,נשלח,False,,,,,
hebverb_243,שלח,nif'al,DA_RIVEDERE: sent,present_2,present_2,נשלחת,נשלחת,False,,,,,
hebverb_243,שלח,nif'al,DA_RIVEDERE: sent,present_3,present_3,נשלחים,נשלחים,False,,,,,
hebverb_243,שלח,nif'al,DA_RIVEDERE: sent,present_4,present_4,נשלחות,נשלחות,False,,,,,
hebverb_243,שלח,nif'al,DA_RIVEDERE: sent,target,בעבר · אני,נשלחתי,נשלחתי,False,,,,,
hebverb_243,שלח,nif'al,DA_RIVEDERE: sent,target,בעבר · אתה,נשלחת,נשלחת,False,,,,,
hebverb_243,שלח,nif'al,DA_RIVEDERE: sent,target,בעבר · את,נשלחת,נשלחת,False,,,,,
hebverb_243,שלח,nif'al,DA_RIVEDERE: sent,target,בעבר · הוא,נשלח,נשלח,False,,,,,
hebverb_243,שלח,nif'al,DA_RIVEDERE: sent,target,בעבר · היא,נשלחה,נשלחה,False,,,,,
hebverb_243,שלח,nif'al,DA_RIVEDERE: sent,target,בעבר · אנחנו,נשלחנו,נשלחנו,True,1.327998571,687.4941176470588,0.8857142857142857,,
hebverb_243,שלח,nif'al,DA_RIVEDERE: sent,target,בעבר · אתם,נשלחתם,נשלחתם,False,,,,,
hebverb_243,שלח,nif'al,DA_RIVEDERE: sent,target,בעבר · אתן,נשלחתן,נשלחתן,False,,,,,
hebverb_243,שלח,nif'al,DA_RIVEDERE: sent,target,בעבר · הם,נשלחו,נשלחו,False,,,,,
hebverb_243,שלח,nif'al,DA_RIVEDERE: sent,target,בעבר · הן,נשלחו,נשלחו,False,,,,,
hebverb_243,שלח,nif'al,DA_RIVEDERE: sent,target,בעתיד · אני,אשלח,אשלח,False,,,,,
hebverb_243,שלח,nif'al,DA_RIVEDERE: sent,target,בעתיד · אתה,תשלח,תשלח,False,,,,,
hebverb_243,שלח,nif'al,DA_RIVEDERE: sent,target,בעתיד · אתה,תישלח,תישלח,True,1.382573855,587.471052631579,0.9210526315789473,492.38235294117646,1.0
hebverb_243,שלח,nif'al,DA_RIVEDERE: sent,target,בעתיד · את,תשלחי,תשלחי,True,8.501616423,546.4710526052631,0.8974358974358975,,
hebverb_243,שלח,nif'al,DA_RIVEDERE: sent,target,בעתיד · את,תישלחי,תישלחי,False,,,,,
hebverb_243,שלח,nif'al,DA_RIVEDERE: sent,target,בעתיד · הוא,ישלח,ישלח,False,,,,,
hebverb_243,שלח,nif'al,DA_RIVEDERE: sent,target,בעתיד · הוא,יישלח,יישלח,False,,,,,
hebverb_243,שלח,nif'al,DA_RIVEDERE: sent,target,בעתיד · היא,תשלח,תשלח,False,,,,,
hebverb_243,שלח,nif'al,DA_RIVEDERE: sent,target,בעתיד · היא,תישלח,תישלח,True,1.382573855,587.471052631579,0.9210526315789473,492.38235294117646,1.0
hebverb_243,שלח,nif'al,DA_RIVEDERE: sent,target,בעתיד · אנחנו,נשלח,נשלח,False,,,,,
hebverb_243,שלח,nif'al,DA_RIVEDERE: sent,target,בעתיד · אנחנו,נישלח,נישלח,False,,,,,
hebverb_243,שלח,nif'al,DA_RIVEDERE: sent,target,בעתיד · אתם,תשלחו,תשלחו,False,,,,,
hebverb_243,שלח,nif'al,DA_RIVEDERE: sent,target,בעתיד · אתם,תישלחו,תישלחו,False,,,,,
hebverb_243,שלח,nif'al,DA_RIVEDERE: sent,target,בעתיד · אתן,תשלחנה,תשלחנה,False,,,,,
hebverb_243,שלח,nif'al,DA_RIVEDERE: sent,target,בעתיד · אתן,תישלחנה,תישלחנה,False,,,,,
hebverb_243,שלח,nif'al,DA_RIVEDERE: sent,target,בעתיד · הם,ישלחו,ישלחו,True,9.362693122,566.9875,0.925,550.6363636363636,1.0
hebverb_243,שלח,nif'al,DA_RIVEDERE: sent,target,בעתיד · הם,יישלחו,יישלחו,False,,,,,
hebverb_243,שלח,nif'al,DA_RIVEDERE: sent,target,בעתיד · הן,תשלחנה,תשלחנה,False,,,,,
hebverb_243,שלח,nif'al,DA_RIVEDERE: sent,target,בעתיד · הן,תישלחנה,תישלחנה,False,,,,,
hebverb_244,פגע,nif'al,fare male,infinitive,infinitive,להיפגע,להיפגע,False,,,,,
hebverb_244,פגע,nif'al,fare male,present_1,present_1,נפגע,נפגע,False,,,,,
hebverb_244,פגע,nif'al,fare male,present_2,present_2,נפגעת,נפגעת,True,8.180228641,643.482926804878,0.9512195121951219,485.52941176470586,1.0
hebverb_244,פגע,nif'al,fare male,present_3,present_3,נפגעים,נפגעים,True,8.962474374,521.3971428571429,0.9444444444444444,499.7878787878788,1.0
hebverb_244,פגע,nif'al,fare male,present_4,present_4,נפגעות,נפגעות,False,,,,,
hebverb_244,פגע,nif'al,fare male,target,בעבר · אני,נפגעתי,נפגעתי,False,,,,,
hebverb_244,פגע,nif'al,fare male,target,בעבר · אתה,נפגעת,נפגעת,True,8.180228641,643.482926804878,0.9512195121951219,485.52941176470586,1.0
hebverb_244,פגע,nif'al,fare male,target,בעבר · את,נפגעת,נפגעת,True,8.180228641,643.482926804878,0.9512195121951219,485.52941176470586,1.0
hebverb_244,פגע,nif'al,fare male,target,בעבר · הוא,נפגע,נפגע,False,,,,,
hebverb_244,פגע,nif'al,fare male,target,בעבר · היא,נפגעה,נפגעה,False,,,,,
hebverb_244,פגע,nif'al,fare male,target,בעבר · אנחנו,נפגענו,נפגענו,False,,,,,
hebverb_244,פגע,nif'al,fare male,target,בעבר · אתם,נפגעתם,נפגעתם,False,,,,,
hebverb_244,פגע,nif'al,fare male,target,בעבר · אתן,נפגעתן,נפגעתן,False,,,,,
hebverb_244,פגע,nif'al,fare male,target,בעבר · הם,נפגעו,נפגעו,False,,,,,
hebverb_244,פגע,nif'al,fare male,target,בעבר · הן,נפגעו,נפגעו,False,,,,,
hebverb_244,פגע,nif'al,fare male,target,בעתיד · אני,אפגע,אפגע,False,,,,,
hebverb_244,פגע,nif'al,fare male,target,בעתיד · אתה,תיפגע,תיפגע,False,,,,,
hebverb_244,פגע,nif'al,fare male,target,בעתיד · אתה,תפגע,תפגע,False,,,,,
hebverb_244,פגע,nif'al,fare male,target,בעתיד · את,תיפגעי,תיפגעי,False,,,,,
hebverb_244,פגע,nif'al,fare male,target,בעתיד · את,תפגעי,תפגעי,False,,,,,
hebverb_244,פגע,nif'al,fare male,target,בעתיד · הוא,ייפגע,ייפגע,False,,,,,
hebverb_244,פגע,nif'al,fare male,target,בעתיד · הוא,יפגע,יפגע,True,26.14762483,514.6153846923078,0.7948717948717948,,
hebverb_244,פגע,nif'al,fare male,target,בעתיד · היא,תיפגע,תיפגע,False,,,,,
hebverb_244,פגע,nif'al,fare male,target,בעתיד · היא,תפגע,תפגע,False,,,,,
hebverb_244,פגע,nif'al,fare male,target,בעתיד · אנחנו,ניפגע,ניפגע,False,,,,,
hebverb_244,פגע,nif'al,fare male,target,בעתיד · אנחנו,נפגע,נפגע,False,,,,,
hebverb_244,פגע,nif'al,fare male,target,בעתיד · אתם,תיפגעו,תיפגעו,False,,,,,
hebverb_244,פגע,nif'al,fare male,target,בעתיד · אתם,תפגעו,תפגעו,False,,,,,
hebverb_244,פגע,nif'al,fare male,target,בעתיד · אתן,תיפגענה,תיפגענה,False,,,,,
hebverb_244,פגע,nif'al,fare male,target,בעתיד · אתן,תפגענה,תפגענה,False,,,,,
hebverb_244,פגע,nif'al,fare male,target,בעתיד · הם,ייפגעו,ייפגעו,False,,,,,
hebverb_244,פגע,nif'al,fare male,target,בעתיד · הם,יפגעו,יפגעו,False,,,,,
hebverb_244,פגע,nif'al,fare male,target,בעתיד · הן,תיפגענה,תיפגענה,False,,,,,
hebverb_244,פגע,nif'al,fare male,target,בעתיד · הן,תפגענה,תפגענה,False,,,,,
hebverb_245,אמר,nif'al,DA_RIVEDERE: said,infinitive,infinitive,להאמר,להאמר,False,,,,,
hebverb_245,אמר,nif'al,DA_RIVEDERE: said,present_1,present_1,נאמר,נאמר,True,54.38730221,498.4263157894737,0.8947368421052632,485.7142857142857,0.9428571428571428
hebverb_245,אמר,nif'al,DA_RIVEDERE: said,present_2,present_2,נאמרת,נאמרת,False,,,,,
hebverb_245,אמר,nif'al,DA_RIVEDERE: said,present_3,present_3,נאמרים,נאמרים,False,,,,,
hebverb_245,אמר,nif'al,DA_RIVEDERE: said,present_4,present_4,נאמרות,נאמרות,False,,,,,
hebverb_245,אמר,nif'al,DA_RIVEDERE: said,target,בעבר · אני,נאמרתי,נאמרתי,False,,,,,
hebverb_245,אמר,nif'al,DA_RIVEDERE: said,target,בעבר · אתה,נאמרת,נאמרת,False,,,,,
hebverb_245,אמר,nif'al,DA_RIVEDERE: said,target,בעבר · את,נאמרת,נאמרת,False,,,,,
hebverb_245,אמר,nif'al,DA_RIVEDERE: said,target,בעבר · הוא,נאמר,נאמר,True,54.38730221,498.4263157894737,0.8947368421052632,485.7142857142857,0.9428571428571428
hebverb_245,אמר,nif'al,DA_RIVEDERE: said,target,בעבר · היא,נאמרה,נאמרה,False,,,,,
hebverb_245,אמר,nif'al,DA_RIVEDERE: said,target,בעבר · אנחנו,נאמרנו,נאמרנו,False,,,,,
hebverb_245,אמר,nif'al,DA_RIVEDERE: said,target,בעבר · אתם,נאמרתם,נאמרתם,False,,,,,
hebverb_245,אמר,nif'al,DA_RIVEDERE: said,target,בעבר · אתן,נאמרתן,נאמרתן,False,,,,,
hebverb_245,אמר,nif'al,DA_RIVEDERE: said,target,בעבר · הם,נאמרו,נאמרו,False,,,,,
hebverb_245,אמר,nif'al,DA_RIVEDERE: said,target,בעבר · הן,נאמרו,נאמרו,False,,,,,
hebverb_245,אמר,nif'al,DA_RIVEDERE: said,target,בעתיד · אני,אאמר,אאמר,False,,,,,
hebverb_245,אמר,nif'al,DA_RIVEDERE: said,target,בעתיד · אני,איאמר,איאמר,False,,,,,
hebverb_245,אמר,nif'al,DA_RIVEDERE: said,target,בעתיד · אתה,תאמר,תאמר,False,,,,,
hebverb_245,אמר,nif'al,DA_RIVEDERE: said,target,בעתיד · אתה,תיאמר,תיאמר,False,,,,,
hebverb_245,אמר,nif'al,DA_RIVEDERE: said,target,בעתיד · את,תאמרי,תאמרי,False,,,,,
hebverb_245,אמר,nif'al,DA_RIVEDERE: said,target,בעתיד · את,תיאמרי,תיאמרי,False,,,,,
hebverb_245,אמר,nif'al,DA_RIVEDERE: said,target,בעתיד · הוא,יאמר,יאמר,False,,,,,
hebverb_245,אמר,nif'al,DA_RIVEDERE: said,target,בעתיד · הוא,ייאמר,ייאמר,True,1.594811069,627.9432432432433,0.7837837837837838,,
hebverb_245,אמר,nif'al,DA_RIVEDERE: said,target,בעתיד · היא,תאמר,תאמר,False,,,,,
hebverb_245,אמר,nif'al,DA_RIVEDERE: said,target,בעתיד · היא,תיאמר,תיאמר,False,,,,,
hebverb_245,אמר,nif'al,DA_RIVEDERE: said,target,בעתיד · אנחנו,נאמר,נאמר,True,54.38730221,498.4263157894737,0.8947368421052632,485.7142857142857,0.9428571428571428
hebverb_245,אמר,nif'al,DA_RIVEDERE: said,target,בעתיד · אנחנו,ניאמר,ניאמר,False,,,,,
hebverb_245,אמר,nif'al,DA_RIVEDERE: said,target,בעתיד · אתם,תאמרו,תאמרו,False,,,,,
hebverb_245,אמר,nif'al,DA_RIVEDERE: said,target,בעתיד · אתם,תיאמרו,תיאמרו,False,,,,,
hebverb_245,אמר,nif'al,DA_RIVEDERE: said,target,בעתיד · אתן,"תאמרנה, תאמרנה","תאמרנה, תאמרנה",False,,,,,
hebverb_245,אמר,nif'al,DA_RIVEDERE: said,target,בעתיד · אתן,תיאמרנה,תיאמרנה,False,,,,,
hebverb_245,אמר,nif'al,DA_RIVEDERE: said,target,בעתיד · הם,יאמרו,יאמרו,False,,,,,
hebverb_245,אמר,nif'al,DA_RIVEDERE: said,target,בעתיד · הם,ייאמרו,ייאמרו,False,,,,,
hebverb_245,אמר,nif'al,DA_RIVEDERE: said,target,בעתיד · הן,"תאמרנה, תאמרנה","תאמרנה, תאמרנה",False,,,,,
hebverb_245,אמר,nif'al,DA_RIVEDERE: said,target,בעתיד · הן,תיאמרנה,תיאמרנה,False,,,,,
hebverb_246,הנה,nif'al,"DA_RIVEDERE: have fun, enjoy",infinitive,infinitive,ליהנות,ליהנות,True,32.62995576,651.777500025,0.9,,
hebverb_246,הנה,nif'al,"DA_RIVEDERE: have fun, enjoy",present_1,present_1,נהנה,נהנה,True,48.54774685,560.2682926585366,1.0,457.93548387096774,1.0
hebverb_246,הנה,nif'al,"DA_RIVEDERE: have fun, enjoy",present_2,present_2,נהנית,נהנית,True,22.90342741,585.3552631578947,0.9743589743589743,468.38709677419354,1.0
hebverb_246,הנה,nif'al,"DA_RIVEDERE: have fun, enjoy",present_3,present_3,נהנים,נהנים,False,,,,,
hebverb_246,הנה,nif'al,"DA_RIVEDERE: have fun, enjoy",present_4,present_4,נהנות,נהנות,False,,,,,
hebverb_246,הנה,nif'al,"DA_RIVEDERE: have fun, enjoy",target,בעבר · אני,נהניתי,נהניתי,False,,,,,
hebverb_246,הנה,nif'al,"DA_RIVEDERE: have fun, enjoy",target,בעבר · אתה,נהנית,נהנית,True,22.90342741,585.3552631578947,0.9743589743589743,468.38709677419354,1.0
hebverb_246,הנה,nif'al,"DA_RIVEDERE: have fun, enjoy",target,בעבר · את,נהנית,נהנית,True,22.90342741,585.3552631578947,0.9743589743589743,468.38709677419354,1.0
hebverb_246,הנה,nif'al,"DA_RIVEDERE: have fun, enjoy",target,בעבר · הוא,נהנה,נהנה,True,48.54774685,560.2682926585366,1.0,457.93548387096774,1.0
hebverb_246,הנה,nif'al,"DA_RIVEDERE: have fun, enjoy",target,בעבר · היא,נהנתה,נהנתה,False,,,,,
hebverb_246,הנה,nif'al,"DA_RIVEDERE: have fun, enjoy",target,בעבר · אנחנו,נהנינו,נהנינו,False,,,,,
hebverb_246,הנה,nif'al,"DA_RIVEDERE: have fun, enjoy",target,בעבר · אתם,נהניתם,נהניתם,False,,,,,
hebverb_246,הנה,nif'al,"DA_RIVEDERE: have fun, enjoy",target,בעבר · אתן,נהניתן,נהניתן,False,,,,,
hebverb_246,הנה,nif'al,"DA_RIVEDERE: have fun, enjoy",target,בעבר · הם,נהנו,נהנו,False,,,,,
hebverb_246,הנה,nif'al,"DA_RIVEDERE: have fun, enjoy",target,בעבר · הן,נהנו,נהנו,False,,,,,
hebverb_246,הנה,nif'al,"DA_RIVEDERE: have fun, enjoy",target,בעתיד · אני,איהנה,איהנה,False,,,,,
hebverb_246,הנה,nif'al,"DA_RIVEDERE: have fun, enjoy",target,בעתיד · אני,אהנה,אהנה,False,,,,,
hebverb_246,הנה,nif'al,"DA_RIVEDERE: have fun, enjoy",target,בעתיד · אתה,תיהנה,תיהנה,False,,,,,
hebverb_246,הנה,nif'al,"DA_RIVEDERE: have fun, enjoy",target,בעתיד · אתה,תהנה,תהנה,True,15.25682377,561.1885714285714,0.8857142857142857,,
hebverb_246,הנה,nif'al,"DA_RIVEDERE: have fun, enjoy",target,בעתיד · את,תיהני,תיהני,False,,,,,
hebverb_246,הנה,nif'al,"DA_RIVEDERE: have fun, enjoy",target,בעתיד · את,תהני,תהני,True,5.590934623,559.6285714285714,1.0,488.5151515151515,1.0
hebverb_246,הנה,nif'al,"DA_RIVEDERE: have fun, enjoy",target,בעתיד · הוא,ייהנה,ייהנה,False,,,,,
hebverb_246,הנה,nif'al,"DA_RIVEDERE: have fun, enjoy",target,בעתיד · הוא,יהנה,יהנה,True,1.334062491,620.2027026756757,0.6216216216216216,463.5882352941176,0.9428571428571428
hebverb_246,הנה,nif'al,"DA_RIVEDERE: have fun, enjoy",target,בעתיד · היא,תיהנה,תיהנה,False,,,,,
hebverb_246,הנה,nif'al,"DA_RIVEDERE: have fun, enjoy",target,בעתיד · היא,תהנה,תהנה,True,15.25682377,561.1885714285714,0.8857142857142857,,
hebverb_246,הנה,nif'al,"DA_RIVEDERE: have fun, enjoy",target,בעתיד · אנחנו,ניהנה,ניהנה,True,1.31587073,655.2166666666667,0.7222222222222222,454.3333333333333,0.6857142857142857
hebverb_246,הנה,nif'al,"DA_RIVEDERE: have fun, enjoy",target,בעתיד · אנחנו,נהנה,נהנה,True,48.54774685,560.2682926585366,1.0,457.93548387096774,1.0
hebverb_246,הנה,nif'al,"DA_RIVEDERE: have fun, enjoy",target,בעתיד · אתם,תיהנו,תיהנו,False,,,,,
hebverb_246,הנה,nif'al,"DA_RIVEDERE: have fun, enjoy",target,בעתיד · אתם,תהנו,תהנו,False,,,,,
hebverb_246,הנה,nif'al,"DA_RIVEDERE: have fun, enjoy",target,בעתיד · אתן,תיהנינה,תיהנינה,False,,,,,
hebverb_246,הנה,nif'al,"DA_RIVEDERE: have fun, enjoy",target,בעתיד · אתן,תהנינה,תהנינה,False,,,,,
hebverb_246,הנה,nif'al,"DA_RIVEDERE: have fun, enjoy",target,בעתיד · הם,ייהנו,ייהנו,True,1.067249993,682.1057142857143,0.8285714285714286,448.0975609756098,0.975609756097561
hebverb_246,הנה,nif'al,"DA_RIVEDERE: have fun, enjoy",target,בעתיד · הם,יהנו,יהנו,False,,,,,
hebverb_246,הנה,nif'al,"DA_RIVEDERE: have fun, enjoy",target,בעתיד · הן,תיהנינה,תיהנינה,False,,,,,
hebverb_246,הנה,nif'al,"DA_RIVEDERE: have fun, enjoy",target,בעתיד · הן,תהנינה,תהנינה,False,,,,,
hebverb_247,פצץ,hitpa'el,DA_RIVEDERE: explode,infinitive,infinitive,להתפוצץ,להתפוצץ,True,15.32352689,580.9142857142857,0.9142857142857143,440.27272727272725,0.9705882352941176
hebverb_247,פצץ,hitpa'el,DA_RIVEDERE: explode,present_1,present_1,מתפוצץ,מתפוצץ,False,,,,,
hebverb_247,פצץ,hitpa'el,DA_RIVEDERE: explode,present_2,present_2,מתפוצצת,מתפוצצת,False,,,,,
hebverb_247,פצץ,hitpa'el,DA_RIVEDERE: explode,present_3,present_3,מתפוצצים,מתפוצצים,False,,,,,
hebverb_247,פצץ,hitpa'el,DA_RIVEDERE: explode,present_4,present_4,מתפוצצות,מתפוצצות,False,,,,,
hebverb_247,פצץ,hitpa'el,DA_RIVEDERE: explode,target,בעבר · אני,התפוצצתי,התפוצצתי,False,,,,,
hebverb_247,פצץ,hitpa'el,DA_RIVEDERE: explode,target,בעבר · אתה,התפוצצת,התפוצצת,False,,,,,
hebverb_247,פצץ,hitpa'el,DA_RIVEDERE: explode,target,בעבר · את,התפוצצת,התפוצצת,False,,,,,
hebverb_247,פצץ,hitpa'el,DA_RIVEDERE: explode,target,בעבר · הוא,התפוצץ,התפוצץ,False,,,,,
hebverb_247,פצץ,hitpa'el,DA_RIVEDERE: explode,target,בעבר · היא,התפוצצה,התפוצצה,False,,,,,
hebverb_247,פצץ,hitpa'el,DA_RIVEDERE: explode,target,בעבר · אנחנו,התפוצצנו,התפוצצנו,False,,,,,
hebverb_247,פצץ,hitpa'el,DA_RIVEDERE: explode,target,בעבר · אתם,התפוצצתם,התפוצצתם,False,,,,,
hebverb_247,פצץ,hitpa'el,DA_RIVEDERE: explode,target,בעבר · אתן,התפוצצתן,התפוצצתן,False,,,,,
hebverb_247,פצץ,hitpa'el,DA_RIVEDERE: explode,target,בעבר · הם,התפוצצו,התפוצצו,True,2.613549699,561.15,0.8947368421052632,529.4444444444445,0.9743589743589743
hebverb_247,פצץ,hitpa'el,DA_RIVEDERE: explode,target,בעבר · הן,התפוצצו,התפוצצו,True,2.613549699,561.15,0.8947368421052632,529.4444444444445,0.9743589743589743
hebverb_247,פצץ,hitpa'el,DA_RIVEDERE: explode,target,בעתיד · אני,אתפוצץ,אתפוצץ,False,,,,,
hebverb_247,פצץ,hitpa'el,DA_RIVEDERE: explode,target,בעתיד · אתה,תתפוצץ,תתפוצץ,False,,,,,
hebverb_247,פצץ,hitpa'el,DA_RIVEDERE: explode,target,בעתיד · את,תתפוצצי,תתפוצצי,False,,,,,
hebverb_247,פצץ,hitpa'el,DA_RIVEDERE: explode,target,בעתיד · הוא,יתפוצץ,יתפוצץ,False,,,,,
hebverb_247,פצץ,hitpa'el,DA_RIVEDERE: explode,target,בעתיד · היא,תתפוצץ,תתפוצץ,False,,,,,
hebverb_247,פצץ,hitpa'el,DA_RIVEDERE: explode,target,בעתיד · אנחנו,נתפוצץ,נתפוצץ,False,,,,,
hebverb_247,פצץ,hitpa'el,DA_RIVEDERE: explode,target,בעתיד · אתם,תתפוצצו,תתפוצצו,False,,,,,
hebverb_247,פצץ,hitpa'el,DA_RIVEDERE: explode,target,בעתיד · אתן,תתפוצצנה,תתפוצצנה,False,,,,,
hebverb_247,פצץ,hitpa'el,DA_RIVEDERE: explode,target,בעתיד · הם,יתפוצצו,יתפוצצו,False,,,,,
hebverb_247,פצץ,hitpa'el,DA_RIVEDERE: explode,target,בעתיד · הן,תתפוצצנה,תתפוצצנה,False,,,,,
hebverb_248,חתן,hitpa'el,DA_RIVEDERE: get married,infinitive,infinitive,להתחתן,להתחתן,False,,,,,
hebverb_248,חתן,hitpa'el,DA_RIVEDERE: get married,present_1,present_1,מתחתן,מתחתן,False,,,,,
hebverb_248,חתן,hitpa'el,DA_RIVEDERE: get married,present_2,present_2,מתחתנת,מתחתנת,False,,,,,
hebverb_248,חתן,hitpa'el,DA_RIVEDERE: get married,present_3,present_3,מתחתנים,מתחתנים,False,,,,,
hebverb_248,חתן,hitpa'el,DA_RIVEDERE: get married,present_4,present_4,מתחתנות,מתחתנות,False,,,,,
hebverb_248,חתן,hitpa'el,DA_RIVEDERE: get married,target,בעבר · אני,התחתנתי,התחתנתי,False,,,,,
hebverb_248,חתן,hitpa'el,DA_RIVEDERE: get married,target,בעבר · אתה,התחתנת,התחתנת,False,,,,,
hebverb_248,חתן,hitpa'el,DA_RIVEDERE: get married,target,בעבר · את,התחתנת,התחתנת,False,,,,,
hebverb_248,חתן,hitpa'el,DA_RIVEDERE: get married,target,בעבר · הוא,התחתן,התחתן,True,7.755754212,578.5342856857143,1.0,,
hebverb_248,חתן,hitpa'el,DA_RIVEDERE: get married,target,בעבר · היא,התחתנה,התחתנה,False,,,,,
hebverb_248,חתן,hitpa'el,DA_RIVEDERE: get married,target,בעבר · אנחנו,התחתנו,התחתנו,False,,,,,
hebverb_248,חתן,hitpa'el,DA_RIVEDERE: get married,target,בעבר · אתם,התחתנתם,התחתנתם,False,,,,,
hebverb_248,חתן,hitpa'el,DA_RIVEDERE: get married,target,בעבר · אתן,התחתנתן,התחתנתן,False,,,,,
hebverb_248,חתן,hitpa'el,DA_RIVEDERE: get married,target,בעבר · הם,התחתנו,התחתנו,False,,,,,
hebverb_248,חתן,hitpa'el,DA_RIVEDERE: get married,target,בעבר · הן,התחתנו,התחתנו,False,,,,,
hebverb_248,חתן,hitpa'el,DA_RIVEDERE: get married,target,בעתיד · אני,אתחתן,אתחתן,False,,,,,
hebverb_248,חתן,hitpa'el,DA_RIVEDERE: get married,target,בעתיד · אתה,תתחתן,תתחתן,False,,,,,
hebverb_248,חתן,hitpa'el,DA_RIVEDERE: get married,target,בעתיד · את,תתחתני,תתחתני,False,,,,,
hebverb_248,חתן,hitpa'el,DA_RIVEDERE: get married,target,בעתיד · הוא,יתחתן,יתחתן,False,,,,,
hebverb_248,חתן,hitpa'el,DA_RIVEDERE: get married,target,בעתיד · היא,תתחתן,תתחתן,False,,,,,
hebverb_248,חתן,hitpa'el,DA_RIVEDERE: get married,target,בעתיד · אנחנו,נתחתן,נתחתן,True,4.52368463,597.6921052631578,0.9473684210526315,,
hebverb_248,חתן,hitpa'el,DA_RIVEDERE: get married,target,בעתיד · אתם,תתחתנו,תתחתנו,False,,,,,
hebverb_248,חתן,hitpa'el,DA_RIVEDERE: get married,target,בעתיד · אתן,תתחתנה,תתחתנה,False,,,,,
hebverb_248,חתן,hitpa'el,DA_RIVEDERE: get married,target,בעתיד · הם,יתחתנו,יתחתנו,False,,,,,
hebverb_248,חתן,hitpa'el,DA_RIVEDERE: get married,target,בעתיד · הן,תתחתנה,תתחתנה,False,,,,,
hebverb_249,לון,hitpa'el,DA_RIVEDERE: complain,infinitive,infinitive,להתלונן,להתלונן,True,11.6730468,580.6333333333333,0.9487179487179487,456.5882352941176,0.9714285714285714
hebverb_249,לון,hitpa'el,DA_RIVEDERE: complain,present_1,present_1,מתלונן,מתלונן,False,,,,,
hebverb_249,לון,hitpa'el,DA_RIVEDERE: complain,present_2,present_2,מתלוננת,מתלוננת,False,,,,,
hebverb_249,לון,hitpa'el,DA_RIVEDERE: complain,present_3,present_3,מתלוננים,מתלוננים,False,,,,,
hebverb_249,לון,hitpa'el,DA_RIVEDERE: complain,present_4,present_4,מתלוננות,מתלוננות,False,,,,,
hebverb_249,לון,hitpa'el,DA_RIVEDERE: complain,target,בעבר · אני,התלוננתי,התלוננתי,False,,,,,
hebverb_249,לון,hitpa'el,DA_RIVEDERE: complain,target,בעבר · אתה,התלוננת,התלוננת,False,,,,,
hebverb_249,לון,hitpa'el,DA_RIVEDERE: complain,target,בעבר · את,התלוננת,התלוננת,False,,,,,
hebverb_249,לון,hitpa'el,DA_RIVEDERE: complain,target,בעבר · הוא,התלונן,התלונן,True,3.407923274,600.2449999749999,0.9512195121951219,497.70588235294116,0.8823529411764706
hebverb_249,לון,hitpa'el,DA_RIVEDERE: complain,target,בעבר · היא,התלוננה,התלוננה,True,1.491724422,637.9631578947368,0.9487179487179487,516.4516129032259,0.8484848484848485
hebverb_249,לון,hitpa'el,DA_RIVEDERE: complain,target,בעבר · אנחנו,התלוננו,התלוננו,False,,,,,
hebverb_249,לון,hitpa'el,DA_RIVEDERE: complain,target,בעבר · אתם,התלוננתם,התלוננתם,False,,,,,
hebverb_249,לון,hitpa'el,DA_RIVEDERE: complain,target,בעבר · אתן,התלוננתן,התלוננתן,False,,,,,
hebverb_249,לון,hitpa'el,DA_RIVEDERE: complain,target,בעבר · הם,התלוננו,התלוננו,False,,,,,
hebverb_249,לון,hitpa'el,DA_RIVEDERE: complain,target,בעבר · הן,התלוננו,התלוננו,False,,,,,
hebverb_249,לון,hitpa'el,DA_RIVEDERE: complain,target,בעתיד · אני,אתלונן,אתלונן,False,,,,,
hebverb_249,לון,hitpa'el,DA_RIVEDERE: complain,target,בעתיד · אתה,תתלונן,תתלונן,False,,,,,
hebverb_249,לון,hitpa'el,DA_RIVEDERE: complain,target,בעתיד · את,תתלונני,תתלונני,False,,,,,
hebverb_249,לון,hitpa'el,DA_RIVEDERE: complain,target,בעתיד · הוא,יתלונן,יתלונן,False,,,,,
hebverb_249,לון,hitpa'el,DA_RIVEDERE: complain,target,בעתיד · היא,תתלונן,תתלונן,False,,,,,
hebverb_249,לון,hitpa'el,DA_RIVEDERE: complain,target,בעתיד · אנחנו,נתלונן,נתלונן,False,,,,,
hebverb_249,לון,hitpa'el,DA_RIVEDERE: complain,target,בעתיד · אתם,תתלוננו,תתלוננו,False,,,,,
hebverb_249,לון,hitpa'el,DA_RIVEDERE: complain,target,בעתיד · אתן,תתלוננה,תתלוננה,False,,,,,
hebverb_249,לון,hitpa'el,DA_RIVEDERE: complain,target,בעתיד · הם,יתלוננו,יתלוננו,False,,,,,
hebverb_249,לון,hitpa'el,DA_RIVEDERE: complain,target,בעתיד · הן,תתלוננה,תתלוננה,False,,,,,
hebverb_250,פשט,hitpa'el,DA_RIVEDERE: get undressed,infinitive,infinitive,להתפשט,להתפשט,False,,,,,
hebverb_250,פשט,hitpa'el,DA_RIVEDERE: get undressed,present_1,present_1,מתפשט,מתפשט,False,,,,,
hebverb_250,פשט,hitpa'el,DA_RIVEDERE: get undressed,present_2,present_2,מתפשטת,מתפשטת,True,3.614096568,608.4447368421053,1.0,503.75,1.0
hebverb_250,פשט,hitpa'el,DA_RIVEDERE: get undressed,present_3,present_3,מתפשטים,מתפשטים,False,,,,,
hebverb_250,פשט,hitpa'el,DA_RIVEDERE: get undressed,present_4,present_4,מתפשטות,מתפשטות,False,,,,,
hebverb_250,פשט,hitpa'el,DA_RIVEDERE: get undressed,target,בעבר · אני,התפשטתי,התפשטתי,False,,,,,
hebverb_250,פשט,hitpa'el,DA_RIVEDERE: get undressed,target,בעבר · אתה,התפשטת,התפשטת,False,,,,,
hebverb_250,פשט,hitpa'el,DA_RIVEDERE: get undressed,target,בעבר · את,התפשטת,התפשטת,False,,,,,
hebverb_250,פשט,hitpa'el,DA_RIVEDERE: get undressed,target,בעבר · הוא,התפשט,התפשט,True,3.893036907,598.8378378378378,0.8378378378378378,517.2941176470588,0.9722222222222222
hebverb_250,פשט,hitpa'el,DA_RIVEDERE: get undressed,target,בעבר · היא,התפשטה,התפשטה,False,,,,,
hebverb_250,פשט,hitpa'el,DA_RIVEDERE: get undressed,target,בעבר · אנחנו,התפשטנו,התפשטנו,False,,,,,
hebverb_250,פשט,hitpa'el,DA_RIVEDERE: get undressed,target,בעבר · אתם,התפשטתם,התפשטתם,False,,,,,
hebverb_250,פשט,hitpa'el,DA_RIVEDERE: get undressed,target,בעבר · אתן,התפשטתן,התפשטתן,False,,,,,
hebverb_250,פשט,hitpa'el,DA_RIVEDERE: get undressed,target,בעבר · הם,התפשטו,התפשטו,True,1.218848004,620.5,0.7837837837837838,,
hebverb_250,פשט,hitpa'el,DA_RIVEDERE: get undressed,target,בעבר · הן,התפשטו,התפשטו,True,1.218848004,620.5,0.7837837837837838,,
hebverb_250,פשט,hitpa'el,DA_RIVEDERE: get undressed,target,בעתיד · אני,אתפשט,אתפשט,False,,,,,
hebverb_250,פשט,hitpa'el,DA_RIVEDERE: get undressed,target,בעתיד · אתה,תתפשט,תתפשט,False,,,,,
hebverb_250,פשט,hitpa'el,DA_RIVEDERE: get undressed,target,בעתיד · את,תתפשטי,תתפשטי,False,,,,,
hebverb_250,פשט,hitpa'el,DA_RIVEDERE: get undressed,target,בעתיד · הוא,יתפשט,יתפשט,False,,,,,
hebverb_250,פשט,hitpa'el,DA_RIVEDERE: get undressed,target,בעתיד · היא,תתפשט,תתפשט,False,,,,,
hebverb_250,פשט,hitpa'el,DA_RIVEDERE: get undressed,target,בעתיד · אנחנו,נתפשט,נתפשט,False,,,,,
hebverb_250,פשט,hitpa'el,DA_RIVEDERE: get undressed,target,בעתיד · אתם,תתפשטו,תתפשטו,False,,,,,
hebverb_250,פשט,hitpa'el,DA_RIVEDERE: get undressed,target,בעתיד · אתן,תתפשטנה,תתפשטנה,False,,,,,
hebverb_250,פשט,hitpa'el,DA_RIVEDERE: get undressed,target,בעתיד · הם,יתפשטו,יתפשטו,False,,,,,
hebverb_250,פשט,hitpa'el,DA_RIVEDERE: get undressed,target,בעתיד · הן,תתפשטנה,תתפשטנה,False,,,,,
hebverb_251,רחץ,hitpa'el,"DA_RIVEDERE: wash oneself, bathe",infinitive,infinitive,להתרחץ,להתרחץ,False,,,,,
hebverb_251,רחץ,hitpa'el,"DA_RIVEDERE: wash oneself, bathe",present_1,present_1,מתרחץ,מתרחץ,False,,,,,
hebverb_251,רחץ,hitpa'el,"DA_RIVEDERE: wash oneself, bathe",present_2,present_2,מתרחצת,מתרחצת,False,,,,,
hebverb_251,רחץ,hitpa'el,"DA_RIVEDERE: wash oneself, bathe",present_3,present_3,מתרחצים,מתרחצים,False,,,,,
hebverb_251,רחץ,hitpa'el,"DA_RIVEDERE: wash oneself, bathe",present_4,present_4,מתרחצות,מתרחצות,False,,,,,
hebverb_251,רחץ,hitpa'el,"DA_RIVEDERE: wash oneself, bathe",target,בעבר · אני,התרחצתי,התרחצתי,False,,,,,
hebverb_251,רחץ,hitpa'el,"DA_RIVEDERE: wash oneself, bathe",target,בעבר · אתה,התרחצת,התרחצת,False,,,,,
hebverb_251,רחץ,hitpa'el,"DA_RIVEDERE: wash oneself, bathe",target,בעבר · את,התרחצת,התרחצת,False,,,,,
hebverb_251,רחץ,hitpa'el,"DA_RIVEDERE: wash oneself, bathe",target,בעבר · הוא,התרחץ,התרחץ,False,,,,,
hebverb_251,רחץ,hitpa'el,"DA_RIVEDERE: wash oneself, bathe",target,בעבר · היא,התרחצה,התרחצה,False,,,,,
hebverb_251,רחץ,hitpa'el,"DA_RIVEDERE: wash oneself, bathe",target,בעבר · אנחנו,התרחצנו,התרחצנו,False,,,,,
hebverb_251,רחץ,hitpa'el,"DA_RIVEDERE: wash oneself, bathe",target,בעבר · אתם,התרחצתם,התרחצתם,False,,,,,
hebverb_251,רחץ,hitpa'el,"DA_RIVEDERE: wash oneself, bathe",target,בעבר · אתן,התרחצתן,התרחצתן,False,,,,,
hebverb_251,רחץ,hitpa'el,"DA_RIVEDERE: wash oneself, bathe",target,בעבר · הם,התרחצו,התרחצו,False,,,,,
hebverb_251,רחץ,hitpa'el,"DA_RIVEDERE: wash oneself, bathe",target,בעבר · הן,התרחצו,התרחצו,False,,,,,
hebverb_251,רחץ,hitpa'el,"DA_RIVEDERE: wash oneself, bathe",target,בעתיד · אני,אתרחץ,אתרחץ,False,,,,,
hebverb_251,רחץ,hitpa'el,"DA_RIVEDERE: wash oneself, bathe",target,בעתיד · אתה,תתרחץ,תתרחץ,False,,,,,
hebverb_251,רחץ,hitpa'el,"DA_RIVEDERE: wash oneself, bathe",target,בעתיד · את,תתרחצי,תתרחצי,False,,,,,
hebverb_251,רחץ,hitpa'el,"DA_RIVEDERE: wash oneself, bathe",target,בעתיד · הוא,יתרחץ,יתרחץ,False,,,,,
hebverb_251,רחץ,hitpa'el,"DA_RIVEDERE: wash oneself, bathe",target,בעתיד · היא,תתרחץ,תתרחץ,False,,,,,
hebverb_251,רחץ,hitpa'el,"DA_RIVEDERE: wash oneself, bathe",target,בעתיד · אנחנו,נתרחץ,נתרחץ,False,,,,,
hebverb_251,רחץ,hitpa'el,"DA_RIVEDERE: wash oneself, bathe",target,בעתיד · אתם,תתרחצו,תתרחצו,False,,,,,
hebverb_251,רחץ,hitpa'el,"DA_RIVEDERE: wash oneself, bathe",target,בעתיד · אתן,תתרחצנה,תתרחצנה,False,,,,,
hebverb_251,רחץ,hitpa'el,"DA_RIVEDERE: wash oneself, bathe",target,בעתיד · הם,יתרחצו,יתרחצו,False,,,,,
hebverb_251,רחץ,hitpa'el,"DA_RIVEDERE: wash oneself, bathe",target,בעתיד · הן,תתרחצנה,תתרחצנה,False,,,,,
hebverb_252,פסק,hiph'il,DA_RIVEDERE: stop,infinitive,infinitive,להפסיק,להפסיק,False,,,,,
hebverb_252,פסק,hiph'il,DA_RIVEDERE: stop,present_1,present_1,מפסיק,מפסיק,False,,,,,
hebverb_252,פסק,hiph'il,DA_RIVEDERE: stop,present_2,present_2,מפסיקה,מפסיקה,False,,,,,
hebverb_252,פסק,hiph'il,DA_RIVEDERE: stop,present_3,present_3,מפסיקים,מפסיקים,False,,,,,
hebverb_252,פסק,hiph'il,DA_RIVEDERE: stop,present_4,present_4,מפסיקות,מפסיקות,True,1.285551128,640.4682926829269,1.0,504.5,0.9705882352941176
hebverb_252,פסק,hiph'il,DA_RIVEDERE: stop,target,בעבר · אני,הפסקתי,הפסקתי,False,,,,,
hebverb_252,פסק,hiph'il,DA_RIVEDERE: stop,target,בעבר · אתה,הפסקת,הפסקת,True,25.84442881,590.4714285714285,1.0,489.1951219512195,0.975609756097561
hebverb_252,פסק,hiph'il,DA_RIVEDERE: stop,target,בעבר · את,הפסקת,הפסקת,True,25.84442881,590.4714285714285,1.0,489.1951219512195,0.975609756097561
hebverb_252,פסק,hiph'il,DA_RIVEDERE: stop,target,בעבר · הוא,הפסיק,הפסיק,True,22.86704389,564.170000075,0.975,,
hebverb_252,פסק,hiph'il,DA_RIVEDERE: stop,target,בעבר · היא,הפסיקה,הפסיקה,False,,,,,
hebverb_252,פסק,hiph'il,DA_RIVEDERE: stop,target,בעבר · אנחנו,הפסקנו,הפסקנו,True,4.299319575,540.5885714285715,0.9142857142857143,,
hebverb_252,פסק,hiph'il,DA_RIVEDERE: stop,target,בעבר · אתם,הפסקתם,הפסקתם,False,,,,,
hebverb_252,פסק,hiph'il,DA_RIVEDERE: stop,target,בעבר · אתן,הפסקתן,הפסקתן,False,,,,,
hebverb_252,פסק,hiph'il,DA_RIVEDERE: stop,target,בעבר · הם,הפסיקו,הפסיקו,False,,,,,
hebverb_252,פסק,hiph'il,DA_RIVEDERE: stop,target,בעבר · הן,הפסיקו,הפסיקו,False,,,,,
hebverb_252,פסק,hiph'il,DA_RIVEDERE: stop,target,בעתיד · אני,אפסיק,אפסיק,False,,,,,
hebverb_252,פסק,hiph'il,DA_RIVEDERE: stop,target,בעתיד · אתה,תפסיק,תפסיק,False,,,,,
hebverb_252,פסק,hiph'il,DA_RIVEDERE: stop,target,בעתיד · את,תפסיקי,תפסיקי,True,50.17894144,566.13,0.975,,
hebverb_252,פסק,hiph'il,DA_RIVEDERE: stop,target,בעתיד · הוא,יפסיק,יפסיק,False,,,,,
hebverb_252,פסק,hiph'il,DA_RIVEDERE: stop,target,בעתיד · היא,תפסיק,תפסיק,False,,,,,
hebverb_252,פסק,hiph'il,DA_RIVEDERE: stop,target,בעתיד · אנחנו,נפסיק,נפסיק,False,,,,,
hebverb_252,פסק,hiph'il,DA_RIVEDERE: stop,target,בעתיד · אתם,תפסיקו,תפסיקו,True,23.0186419,544.5128204871795,0.9487179487179487,,
hebverb_252,פסק,hiph'il,DA_RIVEDERE: stop,target,בעתיד · אתן,תפסקנה,תפסקנה,False,,,,,
hebverb_252,פסק,hiph'il,DA_RIVEDERE: stop,target,בעתיד · הם,יפסיקו,יפסיקו,True,7.604156201,588.2342105263158,0.9473684210526315,,
hebverb_252,פסק,hiph'il,DA_RIVEDERE: stop,target,בעתיד · הן,תפסקנה,תפסקנה,False,,,,,
hebverb_253,נדב,hitpa'el,fare volontariato,infinitive,infinitive,להתנדב,להתנדב,True,3.747502817,550.2631578947369,0.8157894736842105,469.2258064516129,1.0
hebverb_253,נדב,hitpa'el,fare volontariato,present_1,present_1,מתנדב,מתנדב,False,,,,,
hebverb_253,נדב,hitpa'el,fare volontariato,present_2,present_2,מתנדבת,מתנדבת,True,2.377056803,645.9342105263158,0.9210526315789473,496.27272727272725,1.0
hebverb_253,נדב,hitpa'el,fare volontariato,present_3,present_3,מתנדבים,מתנדבים,False,,,,,
hebverb_253,נדב,hitpa'el,fare volontariato,present_4,present_4,מתנדבות,מתנדבות,False,,,,,
hebverb_253,נדב,hitpa'el,fare volontariato,target,בעבר · אני,התנדבתי,התנדבתי,False,,,,,
hebverb_253,נדב,hitpa'el,fare volontariato,target,בעבר · אתה,התנדבת,התנדבת,True,1.31587073,713.4114285714286,0.9428571428571428,,
hebverb_253,נדב,hitpa'el,fare volontariato,target,בעבר · את,התנדבת,התנדבת,True,1.31587073,713.4114285714286,0.9428571428571428,,
hebverb_253,נדב,hitpa'el,fare volontariato,target,בעבר · הוא,התנדב,התנדב,True,2.510463052,638.1394736578947,0.8947368421052632,,
hebverb_253,נדב,hitpa'el,fare volontariato,target,בעבר · היא,התנדבה,התנדבה,False,,,,,
hebverb_253,נדב,hitpa'el,fare volontariato,target,בעבר · אנחנו,התנדבנו,התנדבנו,False,,,,,
hebverb_253,נדב,hitpa'el,fare volontariato,target,בעבר · אתם,התנדבתם,התנדבתם,False,,,,,
hebverb_253,נדב,hitpa'el,fare volontariato,target,בעבר · אתן,התנדבתן,התנדבתן,False,,,,,
hebverb_253,נדב,hitpa'el,fare volontariato,target,בעבר · הם,התנדבו,התנדבו,False,,,,,
hebverb_253,נדב,hitpa'el,fare volontariato,target,בעבר · הן,התנדבו,התנדבו,False,,,,,
hebverb_253,נדב,hitpa'el,fare volontariato,target,בעתיד · אני,אתנדב,אתנדב,False,,,,,
hebverb_253,נדב,hitpa'el,fare volontariato,target,בעתיד · אתה,תתנדב,תתנדב,False,,,,,
hebverb_253,נדב,hitpa'el,fare volontariato,target,בעתיד · את,תתנדבי,תתנדבי,False,,,,,
hebverb_253,נדב,hitpa'el,fare volontariato,target,בעתיד · הוא,יתנדב,יתנדב,False,,,,,
hebverb_253,נדב,hitpa'el,fare volontariato,target,בעתיד · היא,תתנדב,תתנדב,False,,,,,
hebverb_253,נדב,hitpa'el,fare volontariato,target,בעתיד · אנחנו,נתנדב,נתנדב,False,,,,,
hebverb_253,נדב,hitpa'el,fare volontariato,target,בעתיד · אתם,תתנדבו,תתנדבו,False,,,,,
hebverb_253,נדב,hitpa'el,fare volontariato,target,בעתיד · אתן,תתנדבנה,תתנדבנה,False,,,,,
hebverb_253,נדב,hitpa'el,fare volontariato,target,בעתיד · הם,יתנדבו,יתנדבו,False,,,,,
hebverb_253,נדב,hitpa'el,fare volontariato,target,בעתיד · הן,תתנדבנה,תתנדבנה,False,,,,,
hebverb_254,עלל,hitpa'el,DA_RIVEDERE: abuse,infinitive,infinitive,להתעלל,להתעלל,False,,,,,
hebverb_254,עלל,hitpa'el,DA_RIVEDERE: abuse,present_1,present_1,מתעלל,מתעלל,False,,,,,
hebverb_254,עלל,hitpa'el,DA_RIVEDERE: abuse,present_2,present_2,מתעללת,מתעללת,False,,,,,
hebverb_254,עלל,hitpa'el,DA_RIVEDERE: abuse,present_3,present_3,מתעללים,מתעללים,False,,,,,
hebverb_254,עלל,hitpa'el,DA_RIVEDERE: abuse,present_4,present_4,מתעללות,מתעללות,False,,,,,
hebverb_254,עלל,hitpa'el,DA_RIVEDERE: abuse,target,בעבר · אני,התעללתי,התעללתי,False,,,,,
hebverb_254,עלל,hitpa'el,DA_RIVEDERE: abuse,target,בעבר · אתה,התעללת,התעללת,False,,,,,
hebverb_254,עלל,hitpa'el,DA_RIVEDERE: abuse,target,בעבר · את,התעללת,התעללת,False,,,,,
hebverb_254,עלל,hitpa'el,DA_RIVEDERE: abuse,target,בעבר · הוא,התעלל,התעלל,False,,,,,
hebverb_254,עלל,hitpa'el,DA_RIVEDERE: abuse,target,בעבר · היא,התעללה,התעללה,False,,,,,
hebverb_254,עלל,hitpa'el,DA_RIVEDERE: abuse,target,בעבר · אנחנו,התעללנו,התעללנו,False,,,,,
hebverb_254,עלל,hitpa'el,DA_RIVEDERE: abuse,target,בעבר · אתם,התעללתם,התעללתם,False,,,,,
hebverb_254,עלל,hitpa'el,DA_RIVEDERE: abuse,target,בעבר · אתן,התעללתן,התעללתן,False,,,,,
hebverb_254,עלל,hitpa'el,DA_RIVEDERE: abuse,target,בעבר · הם,התעללו,התעללו,False,,,,,
hebverb_254,עלל,hitpa'el,DA_RIVEDERE: abuse,target,בעבר · הן,התעללו,התעללו,False,,,,,
hebverb_254,עלל,hitpa'el,DA_RIVEDERE: abuse,target,בעתיד · אני,אתעלל,אתעלל,False,,,,,
hebverb_254,עלל,hitpa'el,DA_RIVEDERE: abuse,target,בעתיד · אתה,תתעלל,תתעלל,False,,,,,
hebverb_254,עלל,hitpa'el,DA_RIVEDERE: abuse,target,בעתיד · את,תתעללי,תתעללי,False,,,,,
hebverb_254,עלל,hitpa'el,DA_RIVEDERE: abuse,target,בעתיד · הוא,יתעלל,יתעלל,False,,,,,
hebverb_254,עלל,hitpa'el,DA_RIVEDERE: abuse,target,בעתיד · היא,תתעלל,תתעלל,False,,,,,
hebverb_254,עלל,hitpa'el,DA_RIVEDERE: abuse,target,בעתיד · אנחנו,נתעלל,נתעלל,False,,,,,
hebverb_254,עלל,hitpa'el,DA_RIVEDERE: abuse,target,בעתיד · אתם,תתעללו,תתעללו,False,,,,,
hebverb_254,עלל,hitpa'el,DA_RIVEDERE: abuse,target,בעתיד · אתן,תתעללנה,תתעללנה,False,,,,,
hebverb_254,עלל,hitpa'el,DA_RIVEDERE: abuse,target,בעתיד · הם,יתעללו,יתעללו,False,,,,,
hebverb_254,עלל,hitpa'el,DA_RIVEDERE: abuse,target,בעתיד · הן,תתעללנה,תתעללנה,False,,,,,
hebverb_255,ירד,pa'al,DA_RIVEDERE: go down,infinitive,infinitive,לרדת,לרדת,True,80.95940147,548.1294117647059,0.9142857142857143,,
hebverb_255,ירד,pa'al,DA_RIVEDERE: go down,present_1,present_1,יורד,יורד,False,,,,,
hebverb_255,ירד,pa'al,DA_RIVEDERE: go down,present_2,present_2,יורדת,יורדת,False,,,,,
hebverb_255,ירד,pa'al,DA_RIVEDERE: go down,present_3,present_3,יורדים,יורדים,False,,,,,
hebverb_255,ירד,pa'al,DA_RIVEDERE: go down,present_4,present_4,יורדות,יורדות,False,,,,,
hebverb_255,ירד,pa'al,DA_RIVEDERE: go down,target,בעבר · אני,ירדתי,ירדתי,False,,,,,
hebverb_255,ירד,pa'al,DA_RIVEDERE: go down,target,בעבר · אתה,ירדת,ירדת,False,,,,,
hebverb_255,ירד,pa'al,DA_RIVEDERE: go down,target,בעבר · את,ירדת,ירדת,False,,,,,
hebverb_255,ירד,pa'al,DA_RIVEDERE: go down,target,בעבר · הוא,ירד,ירד,False,,,,,
hebverb_255,ירד,pa'al,DA_RIVEDERE: go down,target,בעבר · היא,ירדה,ירדה,False,,,,,
hebverb_255,ירד,pa'al,DA_RIVEDERE: go down,target,בעבר · אנחנו,ירדנו,ירדנו,False,,,,,
hebverb_255,ירד,pa'al,DA_RIVEDERE: go down,target,בעבר · אתם,ירדתם,ירדתם,False,,,,,
hebverb_255,ירד,pa'al,DA_RIVEDERE: go down,target,בעבר · אתן,ירדתן,ירדתן,False,,,,,
hebverb_255,ירד,pa'al,DA_RIVEDERE: go down,target,בעבר · הם,ירדו,ירדו,False,,,,,
hebverb_255,ירד,pa'al,DA_RIVEDERE: go down,target,בעבר · הן,ירדו,ירדו,False,,,,,
hebverb_255,ירד,pa'al,DA_RIVEDERE: go down,target,בעתיד · אני,ארד,ארד,False,,,,,
hebverb_255,ירד,pa'al,DA_RIVEDERE: go down,target,בעתיד · אתה,תרד,תרד,True,18.87092033,587.7428571428571,0.9142857142857143,,
hebverb_255,ירד,pa'al,DA_RIVEDERE: go down,target,בעתיד · את,תרדי,תרדי,False,,,,,
hebverb_255,ירד,pa'al,DA_RIVEDERE: go down,target,בעתיד · הוא,ירד,ירד,False,,,,,
hebverb_255,ירד,pa'al,DA_RIVEDERE: go down,target,בעתיד · היא,תרד,תרד,True,18.87092033,587.7428571428571,0.9142857142857143,,
hebverb_255,ירד,pa'al,DA_RIVEDERE: go down,target,בעתיד · אנחנו,נרד,נרד,False,,,,,
hebverb_255,ירד,pa'al,DA_RIVEDERE: go down,target,בעתיד · אתם,תרדו,תרדו,False,,,,,
hebverb_255,ירד,pa'al,DA_RIVEDERE: go down,target,בעתיד · אתן,תרדנה,תרדנה,False,,,,,
hebverb_255,ירד,pa'al,DA_RIVEDERE: go down,target,בעתיד · הם,ירדו,ירדו,False,,,,,
hebverb_255,ירד,pa'al,DA_RIVEDERE: go down,target,בעתיד · הן,תרדנה,תרדנה,False,,,,,
hebverb_256,צער,hitpa'el,DA_RIVEDERE: be sorry,infinitive,infinitive,להצטער,להצטער,True,6.385308198,630.5710526315789,0.9473684210526315,474.34375,1.0
hebverb_256,צער,hitpa'el,DA_RIVEDERE: be sorry,present_1,present_1,מצטער,מצטער,False,,,,,
hebverb_256,צער,hitpa'el,DA_RIVEDERE: be sorry,present_2,present_2,מצטערת,מצטערת,False,,,,,
hebverb_256,צער,hitpa'el,DA_RIVEDERE: be sorry,present_3,present_3,מצטערים,מצטערים,False,,,,,
hebverb_256,צער,hitpa'el,DA_RIVEDERE: be sorry,present_4,present_4,מצטערות,מצטערות,True,1.140017038,587.8461538461538,0.9743589743589743,,
hebverb_256,צער,hitpa'el,DA_RIVEDERE: be sorry,target,בעבר · אני,הצטערתי,הצטערתי,False,,,,,
hebverb_256,צער,hitpa'el,DA_RIVEDERE: be sorry,target,בעבר · אתה,הצטערת,הצטערת,False,,,,,
hebverb_256,צער,hitpa'el,DA_RIVEDERE: be sorry,target,בעבר · את,הצטערת,הצטערת,False,,,,,
hebverb_256,צער,hitpa'el,DA_RIVEDERE: be sorry,target,בעבר · הוא,הצטער,הצטער,False,,,,,
hebverb_256,צער,hitpa'el,DA_RIVEDERE: be sorry,target,בעבר · היא,הצטערה,הצטערה,False,,,,,
hebverb_256,צער,hitpa'el,DA_RIVEDERE: be sorry,target,בעבר · אנחנו,הצטערנו,הצטערנו,False,,,,,
hebverb_256,צער,hitpa'el,DA_RIVEDERE: be sorry,target,בעבר · אתם,הצטערתם,הצטערתם,False,,,,,
hebverb_256,צער,hitpa'el,DA_RIVEDERE: be sorry,target,בעבר · אתן,הצטערתן,הצטערתן,False,,,,,
hebverb_256,צער,hitpa'el,DA_RIVEDERE: be sorry,target,בעבר · הם,הצטערו,הצטערו,False,,,,,
hebverb_256,צער,hitpa'el,DA_RIVEDERE: be sorry,target,בעבר · הן,הצטערו,הצטערו,False,,,,,
hebverb_256,צער,hitpa'el,DA_RIVEDERE: be sorry,target,בעתיד · אני,אצטער,אצטער,False,,,,,
hebverb_256,צער,hitpa'el,DA_RIVEDERE: be sorry,target,בעתיד · אתה,תצטער,תצטער,True,5.233163319,612.028947368421,0.8947368421052632,523.1935483870968,1.0
hebverb_256,צער,hitpa'el,DA_RIVEDERE: be sorry,target,בעתיד · את,תצטערי,תצטערי,False,,,,,
hebverb_256,צער,hitpa'el,DA_RIVEDERE: be sorry,target,בעתיד · הוא,יצטער,יצטער,False,,,,,
hebverb_256,צער,hitpa'el,DA_RIVEDERE: be sorry,target,בעתיד · היא,תצטער,תצטער,True,5.233163319,612.028947368421,0.8947368421052632,523.1935483870968,1.0
hebverb_256,צער,hitpa'el,DA_RIVEDERE: be sorry,target,בעתיד · אנחנו,נצטער,נצטער,False,,,,,
hebverb_256,צער,hitpa'el,DA_RIVEDERE: be sorry,target,בעתיד · אתם,תצטערו,תצטערו,False,,,,,
hebverb_256,צער,hitpa'el,DA_RIVEDERE: be sorry,target,בעתיד · אתן,תצטערנה,תצטערנה,False,,,,,
hebverb_256,צער,hitpa'el,DA_RIVEDERE: be sorry,target,בעתיד · הם,יצטערו,יצטערו,False,,,,,
hebverb_256,צער,hitpa'el,DA_RIVEDERE: be sorry,target,בעתיד · הן,תצטערנה,תצטערנה,False,,,,,
hebverb_257,עלב,nif'al,DA_RIVEDERE: get offended,infinitive,infinitive,להעלב,להעלב,False,,,,,
hebverb_257,עלב,nif'al,DA_RIVEDERE: get offended,present_1,present_1,נעלב,נעלב,True,2.534718734,564.51,0.975,458.15625,0.9696969696969697
hebverb_257,עלב,nif'al,DA_RIVEDERE: get offended,present_2,present_2,נעלבת,נעלבת,False,,,,,
hebverb_257,עלב,nif'al,DA_RIVEDERE: get offended,present_3,present_3,נעלבים,נעלבים,False,,,,,
hebverb_257,עלב,nif'al,DA_RIVEDERE: get offended,present_4,present_4,נעלבות,נעלבות,False,,,,,
hebverb_257,עלב,nif'al,DA_RIVEDERE: get offended,target,בעבר · אני,נעלבתי,נעלבתי,False,,,,,
hebverb_257,עלב,nif'al,DA_RIVEDERE: get offended,target,בעבר · אתה,נעלבת,נעלבת,False,,,,,
hebverb_257,עלב,nif'al,DA_RIVEDERE: get offended,target,בעבר · את,נעלבת,נעלבת,False,,,,,
hebverb_257,עלב,nif'al,DA_RIVEDERE: get offended,target,בעבר · הוא,נעלב,נעלב,True,2.534718734,564.51,0.975,458.15625,0.9696969696969697
hebverb_257,עלב,nif'al,DA_RIVEDERE: get offended,target,בעבר · היא,נעלבה,נעלבה,False,,,,,
hebverb_257,עלב,nif'al,DA_RIVEDERE: get offended,target,בעבר · אנחנו,נעלבנו,נעלבנו,False,,,,,
hebverb_257,עלב,nif'al,DA_RIVEDERE: get offended,target,בעבר · אתם,נעלבתם,נעלבתם,False,,,,,
hebverb_257,עלב,nif'al,DA_RIVEDERE: get offended,target,בעבר · אתן,נעלבתן,נעלבתן,False,,,,,
hebverb_257,עלב,nif'al,DA_RIVEDERE: get offended,target,בעבר · הם,נעלבו,נעלבו,False,,,,,
hebverb_257,עלב,nif'al,DA_RIVEDERE: get offended,target,בעבר · הן,נעלבו,נעלבו,False,,,,,
hebverb_257,עלב,nif'al,DA_RIVEDERE: get offended,target,בעתיד · אני,אעלב,אעלב,False,,,,,
hebverb_257,עלב,nif'al,DA_RIVEDERE: get offended,target,בעתיד · אני,איעלב,איעלב,False,,,,,
hebverb_257,עלב,nif'al,DA_RIVEDERE: get offended,target,בעתיד · אתה,תעלב,תעלב,False,,,,,
hebverb_257,עלב,nif'al,DA_RIVEDERE: get offended,target,בעתיד · אתה,תיעלב,תיעלב,False,,,,,
hebverb_257,עלב,nif'al,DA_RIVEDERE: get offended,target,בעתיד · את,תעלבי,תעלבי,False,,,,,
hebverb_257,עלב,nif'al,DA_RIVEDERE: get offended,target,בעתיד · את,תיעלבי,תיעלבי,False,,,,,
hebverb_257,עלב,nif'al,DA_RIVEDERE: get offended,target,בעתיד · הוא,יעלב,יעלב,False,,,,,
hebverb_257,עלב,nif'al,DA_RIVEDERE: get offended,target,בעתיד · הוא,ייעלב,ייעלב,False,,,,,
hebverb_257,עלב,nif'al,DA_RIVEDERE: get offended,target,בעתיד · היא,תעלב,תעלב,False,,,,,
hebverb_257,עלב,nif'al,DA_RIVEDERE: get offended,target,בעתיד · היא,תיעלב,תיעלב,False,,,,,
hebverb_257,עלב,nif'al,DA_RIVEDERE: get offended,target,בעתיד · אנחנו,נעלב,נעלב,True,2.534718734,564.51,0.975,458.15625,0.9696969696969697
hebverb_257,עלב,nif'al,DA_RIVEDERE: get offended,target,בעתיד · אנחנו,ניעלב,ניעלב,False,,,,,
hebverb_257,עלב,nif'al,DA_RIVEDERE: get offended,target,בעתיד · אתם,תעלבו,תעלבו,False,,,,,
hebverb_257,עלב,nif'al,DA_RIVEDERE: get offended,target,בעתיד · אתם,תיעלבו,תיעלבו,False,,,,,
hebverb_257,עלב,nif'al,DA_RIVEDERE: get offended,target,בעתיד · אתן,"תעלבנה, תעלבנה","תעלבנה, תעלבנה",False,,,,,
hebverb_257,עלב,nif'al,DA_RIVEDERE: get offended,target,בעתיד · אתן,תיעלבנה,תיעלבנה,False,,,,,
hebverb_257,עלב,nif'al,DA_RIVEDERE: get offended,target,בעתיד · הם,יעלבו,יעלבו,False,,,,,
hebverb_257,עלב,nif'al,DA_RIVEDERE: get offended,target,בעתיד · הם,ייעלבו,ייעלבו,False,,,,,
hebverb_257,עלב,nif'al,DA_RIVEDERE: get offended,target,בעתיד · הן,"תעלבנה, תעלבנה","תעלבנה, תעלבנה",False,,,,,
hebverb_257,עלב,nif'al,DA_RIVEDERE: get offended,target,בעתיד · הן,תיעלבנה,תיעלבנה,False,,,,,
hebverb_258,נשק,pi'el,DA_RIVEDERE: kiss,infinitive,infinitive,לנשק,לנשק,True,41.63487757,563.5027026756758,0.9459459459459459,,
hebverb_258,נשק,pi'el,DA_RIVEDERE: kiss,present_1,present_1,מנשק,מנשק,False,,,,,
hebverb_258,נשק,pi'el,DA_RIVEDERE: kiss,present_2,present_2,מנשקת,מנשקת,False,,,,,
hebverb_258,נשק,pi'el,DA_RIVEDERE: kiss,present_3,present_3,מנשקים,מנשקים,False,,,,,
hebverb_258,נשק,pi'el,DA_RIVEDERE: kiss,present_4,present_4,מנשקות,מנשקות,False,,,,,
hebverb_258,נשק,pi'el,DA_RIVEDERE: kiss,target,בעבר · אני,נישקתי,נישקתי,False,,,,,
hebverb_258,נשק,pi'el,DA_RIVEDERE: kiss,target,בעבר · אני,נשקתי,נשקתי,False,,,,,
hebverb_258,נשק,pi'el,DA_RIVEDERE: kiss,target,בעבר · אתה,נישקת,נישקת,True,4.711666163,577.0799999999999,0.9142857142857143,479.61764705882354,0.9210526315789473
hebverb_258,נשק,pi'el,DA_RIVEDERE: kiss,target,בעבר · אתה,נשקת,נשקת,False,,,,,
hebverb_258,נשק,pi'el,DA_RIVEDERE: kiss,target,בעבר · את,נישקת,נישקת,True,4.711666163,577.0799999999999,0.9142857142857143,479.61764705882354,0.9210526315789473
hebverb_258,נשק,pi'el,DA_RIVEDERE: kiss,target,בעבר · את,נשקת,נשקת,False,,,,,
hebverb_258,נשק,pi'el,DA_RIVEDERE: kiss,target,בעבר · הוא,נישק,נישק,False,,,,,
hebverb_258,נשק,pi'el,DA_RIVEDERE: kiss,target,בעבר · הוא,נשק,נשק,True,116.7911072,532.6054052972974,0.972972972972973,,
hebverb_258,נשק,pi'el,DA_RIVEDERE: kiss,target,בעבר · היא,נישקה,נישקה,False,,,,,
hebverb_258,נשק,pi'el,DA_RIVEDERE: kiss,target,בעבר · היא,נשקה,נשקה,False,,,,,
hebverb_258,נשק,pi'el,DA_RIVEDERE: kiss,target,בעבר · אנחנו,נישקנו,נישקנו,False,,,,,
hebverb_258,נשק,pi'el,DA_RIVEDERE: kiss,target,בעבר · אנחנו,נשקנו,נשקנו,False,,,,,
hebverb_258,נשק,pi'el,DA_RIVEDERE: kiss,target,בעבר · אתם,נישקתם,נישקתם,False,,,,,
hebverb_258,נשק,pi'el,DA_RIVEDERE: kiss,target,בעבר · אתם,נשקתם,נשקתם,False,,,,,
hebverb_258,נשק,pi'el,DA_RIVEDERE: kiss,target,בעבר · אתן,נישקתן,נישקתן,False,,,,,
hebverb_258,נשק,pi'el,DA_RIVEDERE: kiss,target,בעבר · אתן,נשקתן,נשקתן,False,,,,,
hebverb_258,נשק,pi'el,DA_RIVEDERE: kiss,target,בעבר · הם,נישקו,נישקו,False,,,,,
hebverb_258,נשק,pi'el,DA_RIVEDERE: kiss,target,בעבר · הם,נשקו,נשקו,False,,,,,
hebverb_258,נשק,pi'el,DA_RIVEDERE: kiss,target,בעבר · הן,נישקו,נישקו,False,,,,,
hebverb_258,נשק,pi'el,DA_RIVEDERE: kiss,target,בעבר · הן,נשקו,נשקו,False,,,,,
hebverb_258,נשק,pi'el,DA_RIVEDERE: kiss,target,בעתיד · אני,אנשק,אנשק,False,,,,,
hebverb_258,נשק,pi'el,DA_RIVEDERE: kiss,target,בעתיד · אתה,תנשק,תנשק,False,,,,,
hebverb_258,נשק,pi'el,DA_RIVEDERE: kiss,target,בעתיד · את,תנשקי,תנשקי,False,,,,,
hebverb_258,נשק,pi'el,DA_RIVEDERE: kiss,target,בעתיד · הוא,ינשק,ינשק,False,,,,,
hebverb_258,נשק,pi'el,DA_RIVEDERE: kiss,target,בעתיד · היא,תנשק,תנשק,False,,,,,
hebverb_258,נשק,pi'el,DA_RIVEDERE: kiss,target,בעתיד · אנחנו,ננשק,ננשק,False,,,,,
hebverb_258,נשק,pi'el,DA_RIVEDERE: kiss,target,בעתיד · אתם,תנשקו,תנשקו,False,,,,,
hebverb_258,נשק,pi'el,DA_RIVEDERE: kiss,target,בעתיד · אתן,תנשקנה,תנשקנה,False,,,,,
hebverb_258,נשק,pi'el,DA_RIVEDERE: kiss,target,בעתיד · הם,ינשקו,ינשקו,False,,,,,
hebverb_258,נשק,pi'el,DA_RIVEDERE: kiss,target,בעתיד · הן,תנשקנה,תנשקנה,False,,,,,
hebverb_259,חבק,pi'el,DA_RIVEDERE: hug,infinitive,infinitive,לחבק,לחבק,True,10.55122152,551.8105263157895,0.9473684210526315,472.25,1.0
hebverb_259,חבק,pi'el,DA_RIVEDERE: hug,present_1,present_1,מחבק,מחבק,True,3.874845146,513.4305555555555,0.9166666666666666,466.8787878787879,1.0
hebverb_259,חבק,pi'el,DA_RIVEDERE: hug,present_2,present_2,מחבקת,מחבקת,False,,,,,
hebverb_259,חבק,pi'el,DA_RIVEDERE: hug,present_3,present_3,מחבקים,מחבקים,False,,,,,
hebverb_259,חבק,pi'el,DA_RIVEDERE: hug,present_4,present_4,מחבקות,מחבקות,False,,,,,
hebverb_259,חבק,pi'el,DA_RIVEDERE: hug,target,בעבר · אני,חיבקתי,חיבקתי,False,,,,,
hebverb_259,חבק,pi'el,DA_RIVEDERE: hug,target,בעבר · אני,חבקתי,חבקתי,False,,,,,
hebverb_259,חבק,pi'el,DA_RIVEDERE: hug,target,בעבר · אתה,חיבקת,חיבקת,False,,,,,
hebverb_259,חבק,pi'el,DA_RIVEDERE: hug,target,בעבר · אתה,חבקת,חבקת,False,,,,,
hebverb_259,חבק,pi'el,DA_RIVEDERE: hug,target,בעבר · את,חיבקת,חיבקת,False,,,,,
hebverb_259,חבק,pi'el,DA_RIVEDERE: hug,target,בעבר · את,חבקת,חבקת,False,,,,,
hebverb_259,חבק,pi'el,DA_RIVEDERE: hug,target,בעבר · הוא,חיבק,חיבק,False,,,,,
hebverb_259,חבק,pi'el,DA_RIVEDERE: hug,target,בעבר · הוא,חבק,חבק,False,,,,,
hebverb_259,חבק,pi'el,DA_RIVEDERE: hug,target,בעבר · היא,חיבקה,חיבקה,False,,,,,
hebverb_259,חבק,pi'el,DA_RIVEDERE: hug,target,בעבר · היא,חבקה,חבקה,False,,,,,
hebverb_259,חבק,pi'el,DA_RIVEDERE: hug,target,בעבר · אנחנו,חיבקנו,חיבקנו,False,,,,,
hebverb_259,חבק,pi'el,DA_RIVEDERE: hug,target,בעבר · אנחנו,חבקנו,חבקנו,False,,,,,
hebverb_259,חבק,pi'el,DA_RIVEDERE: hug,target,בעבר · אתם,חיבקתם,חיבקתם,False,,,,,
hebverb_259,חבק,pi'el,DA_RIVEDERE: hug,target,בעבר · אתם,חבקתם,חבקתם,False,,,,,
hebverb_259,חבק,pi'el,DA_RIVEDERE: hug,target,בעבר · אתן,חיבקתן,חיבקתן,False,,,,,
hebverb_259,חבק,pi'el,DA_RIVEDERE: hug,target,בעבר · אתן,חבקתן,חבקתן,False,,,,,
hebverb_259,חבק,pi'el,DA_RIVEDERE: hug,target,בעבר · הם,חיבקו,חיבקו,False,,,,,
hebverb_259,חבק,pi'el,DA_RIVEDERE: hug,target,בעבר · הם,חבקו,חבקו,False,,,,,
hebverb_259,חבק,pi'el,DA_RIVEDERE: hug,target,בעבר · הן,חיבקו,חיבקו,False,,,,,
hebverb_259,חבק,pi'el,DA_RIVEDERE: hug,target,בעבר · הן,חבקו,חבקו,False,,,,,
hebverb_259,חבק,pi'el,DA_RIVEDERE: hug,target,בעתיד · אני,אחבק,אחבק,False,,,,,
hebverb_259,חבק,pi'el,DA_RIVEDERE: hug,target,בעתיד · אתה,תחבק,תחבק,False,,,,,
hebverb_259,חבק,pi'el,DA_RIVEDERE: hug,target,בעתיד · את,תחבקי,תחבקי,False,,,,,
hebverb_259,חבק,pi'el,DA_RIVEDERE: hug,target,בעתיד · הוא,יחבק,יחבק,False,,,,,
hebverb_259,חבק,pi'el,DA_RIVEDERE: hug,target,בעתיד · היא,תחבק,תחבק,False,,,,,
hebverb_259,חבק,pi'el,DA_RIVEDERE: hug,target,בעתיד · אנחנו,נחבק,נחבק,False,,,,,
hebverb_259,חבק,pi'el,DA_RIVEDERE: hug,target,בעתיד · אתם,תחבקו,תחבקו,False,,,,,
hebverb_259,חבק,pi'el,DA_RIVEDERE: hug,target,בעתיד · אתן,תחבקנה,תחבקנה,False,,,,,
hebverb_259,חבק,pi'el,DA_RIVEDERE: hug,target,בעתיד · הם,יחבקו,יחבקו,False,,,,,
hebverb_259,חבק,pi'el,DA_RIVEDERE: hug,target,בעתיד · הן,תחבקנה,תחבקנה,False,,,,,
hebverb_260,נחם,pi'el,DA_RIVEDERE: comfort,infinitive,infinitive,לנחם,לנחם,False,,,,,
hebverb_260,נחם,pi'el,DA_RIVEDERE: comfort,present_1,present_1,מנחם,מנחם,False,,,,,
hebverb_260,נחם,pi'el,DA_RIVEDERE: comfort,present_2,present_2,מנחמת,מנחמת,False,,,,,
hebverb_260,נחם,pi'el,DA_RIVEDERE: comfort,present_3,present_3,מנחמים,מנחמים,False,,,,,
hebverb_260,נחם,pi'el,DA_RIVEDERE: comfort,present_4,present_4,מנחמות,מנחמות,False,,,,,
hebverb_260,נחם,pi'el,DA_RIVEDERE: comfort,target,בעבר · אני,ניחמתי,ניחמתי,False,,,,,
hebverb_260,נחם,pi'el,DA_RIVEDERE: comfort,target,בעבר · אני,נחמתי,נחמתי,False,,,,,
hebverb_260,נחם,pi'el,DA_RIVEDERE: comfort,target,בעבר · אתה,ניחמת,ניחמת,False,,,,,
hebverb_260,נחם,pi'el,DA_RIVEDERE: comfort,target,בעבר · אתה,נחמת,נחמת,False,,,,,
hebverb_260,נחם,pi'el,DA_RIVEDERE: comfort,target,בעבר · את,ניחמת,ניחמת,False,,,,,
hebverb_260,נחם,pi'el,DA_RIVEDERE: comfort,target,בעבר · את,נחמת,נחמת,False,,,,,
hebverb_260,נחם,pi'el,DA_RIVEDERE: comfort,target,בעבר · הוא,ניחם,ניחם,False,,,,,
hebverb_260,נחם,pi'el,DA_RIVEDERE: comfort,target,בעבר · הוא,נחם,נחם,False,,,,,
hebverb_260,נחם,pi'el,DA_RIVEDERE: comfort,target,בעבר · היא,ניחמה,ניחמה,False,,,,,
hebverb_260,נחם,pi'el,DA_RIVEDERE: comfort,target,בעבר · היא,נחמה,נחמה,False,,,,,
hebverb_260,נחם,pi'el,DA_RIVEDERE: comfort,target,בעבר · אנחנו,ניחמנו,ניחמנו,False,,,,,
hebverb_260,נחם,pi'el,DA_RIVEDERE: comfort,target,בעבר · אנחנו,נחמנו,נחמנו,False,,,,,
hebverb_260,נחם,pi'el,DA_RIVEDERE: comfort,target,בעבר · אתם,ניחמתם,ניחמתם,False,,,,,
hebverb_260,נחם,pi'el,DA_RIVEDERE: comfort,target,בעבר · אתם,נחמתם,נחמתם,False,,,,,
hebverb_260,נחם,pi'el,DA_RIVEDERE: comfort,target,בעבר · אתן,ניחמתן,ניחמתן,False,,,,,
hebverb_260,נחם,pi'el,DA_RIVEDERE: comfort,target,בעבר · אתן,נחמתן,נחמתן,False,,,,,
hebverb_260,נחם,pi'el,DA_RIVEDERE: comfort,target,בעבר · הם,ניחמו,ניחמו,False,,,,,
hebverb_260,נחם,pi'el,DA_RIVEDERE: comfort,target,בעבר · הם,נחמו,נחמו,False,,,,,
hebverb_260,נחם,pi'el,DA_RIVEDERE: comfort,target,בעבר · הן,ניחמו,ניחמו,False,,,,,
hebverb_260,נחם,pi'el,DA_RIVEDERE: comfort,target,בעבר · הן,נחמו,נחמו,False,,,,,
hebverb_260,נחם,pi'el,DA_RIVEDERE: comfort,target,בעתיד · אני,אנחם,אנחם,False,,,,,
hebverb_260,נחם,pi'el,DA_RIVEDERE: comfort,target,בעתיד · אתה,תנחם,תנחם,False,,,,,
hebverb_260,נחם,pi'el,DA_RIVEDERE: comfort,target,בעתיד · את,תנחמי,תנחמי,False,,,,,
hebverb_260,נחם,pi'el,DA_RIVEDERE: comfort,target,בעתיד · הוא,ינחם,ינחם,False,,,,,
hebverb_260,נחם,pi'el,DA_RIVEDERE: comfort,target,בעתיד · היא,תנחם,תנחם,False,,,,,
hebverb_260,נחם,pi'el,DA_RIVEDERE: comfort,target,בעתיד · אנחנו,ננחם,ננחם,False,,,,,
hebverb_260,נחם,pi'el,DA_RIVEDERE: comfort,target,בעתיד · אתם,תנחמו,תנחמו,False,,,,,
hebverb_260,נחם,pi'el,DA_RIVEDERE: comfort,target,בעתיד · אתן,תנחמנה,תנחמנה,False,,,,,
hebverb_260,נחם,pi'el,DA_RIVEDERE: comfort,target,בעתיד · הם,ינחמו,ינחמו,False,,,,,
hebverb_260,נחם,pi'el,DA_RIVEDERE: comfort,target,בעתיד · הן,תנחמנה,תנחמנה,False,,,,,
hebverb_261,בכה,pa'al,DA_RIVEDERE: cry,infinitive,infinitive,לבכות,לבכות,False,,,,,
hebverb_261,בכה,pa'al,DA_RIVEDERE: cry,present_1,present_1,בוכה,בוכה,False,,,,,
hebverb_261,בכה,pa'al,DA_RIVEDERE: cry,present_2,present_2,בוכה,בוכה,False,,,,,
hebverb_261,בכה,pa'al,DA_RIVEDERE: cry,present_3,present_3,בוכים,בוכים,False,,,,,
hebverb_261,בכה,pa'al,DA_RIVEDERE: cry,present_4,present_4,בוכות,בוכות,False,,,,,
hebverb_261,בכה,pa'al,DA_RIVEDERE: cry,target,בעבר · אני,בכיתי,בכיתי,False,,,,,
hebverb_261,בכה,pa'al,DA_RIVEDERE: cry,target,בעבר · אתה,בכית,בכית,False,,,,,
hebverb_261,בכה,pa'al,DA_RIVEDERE: cry,target,בעבר · את,בכית,בכית,False,,,,,
hebverb_261,בכה,pa'al,DA_RIVEDERE: cry,target,בעבר · הוא,בכה,בכה,False,,,,,
hebverb_261,בכה,pa'al,DA_RIVEDERE: cry,target,בעבר · היא,בכתה,בכתה,False,,,,,
hebverb_261,בכה,pa'al,DA_RIVEDERE: cry,target,בעבר · אנחנו,בכינו,בכינו,False,,,,,
hebverb_261,בכה,pa'al,DA_RIVEDERE: cry,target,בעבר · אתם,בכיתם,בכיתם,False,,,,,
hebverb_261,בכה,pa'al,DA_RIVEDERE: cry,target,בעבר · אתן,בכיתן,בכיתן,False,,,,,
hebverb_261,בכה,pa'al,DA_RIVEDERE: cry,target,בעבר · הם,בכו,בכו,False,,,,,
hebverb_261,בכה,pa'al,DA_RIVEDERE: cry,target,בעבר · הן,בכו,בכו,False,,,,,
hebverb_261,בכה,pa'al,DA_RIVEDERE: cry,target,בעתיד · אני,אבכה,אבכה,False,,,,,
hebverb_261,בכה,pa'al,DA_RIVEDERE: cry,target,בעתיד · אתה,תבכה,תבכה,True,5.142204513,611.7578947368421,0.8974358974358975,531.5714285714286,1.0
hebverb_261,בכה,pa'al,DA_RIVEDERE: cry,target,בעתיד · את,תבכי,תבכי,False,,,,,
hebverb_261,בכה,pa'al,DA_RIVEDERE: cry,target,בעתיד · הוא,יבכה,יבכה,True,1.188528401,583.0,0.9428571428571428,,
hebverb_261,בכה,pa'al,DA_RIVEDERE: cry,target,בעתיד · היא,תבכה,תבכה,True,5.142204513,611.7578947368421,0.8974358974358975,531.5714285714286,1.0
hebverb_261,בכה,pa'al,DA_RIVEDERE: cry,target,בעתיד · אנחנו,נבכה,נבכה,False,,,,,
hebverb_261,בכה,pa'al,DA_RIVEDERE: cry,target,בעתיד · אתם,תבכו,תבכו,False,,,,,
hebverb_261,בכה,pa'al,DA_RIVEDERE: cry,target,בעתיד · אתן,תבכינה,תבכינה,False,,,,,
hebverb_261,בכה,pa'al,DA_RIVEDERE: cry,target,בעתיד · הם,יבכו,יבכו,False,,,,,
hebverb_261,בכה,pa'al,DA_RIVEDERE: cry,target,בעתיד · הן,תבכינה,תבכינה,False,,,,,
hebverb_262,להב,hitpa'el,"DA_RIVEDERE: enthusiastic, excited",infinitive,infinitive,להתלהב,להתלהב,False,,,,,
hebverb_262,להב,hitpa'el,"DA_RIVEDERE: enthusiastic, excited",present_1,present_1,מתלהב,מתלהב,True,4.717730083,580.421052631579,0.9210526315789473,476.03125,1.0
hebverb_262,להב,hitpa'el,"DA_RIVEDERE: enthusiastic, excited",present_2,present_2,מתלהבת,מתלהבת,False,,,,,
hebverb_262,להב,hitpa'el,"DA_RIVEDERE: enthusiastic, excited",present_3,present_3,מתלהבים,מתלהבים,False,,,,,
hebverb_262,להב,hitpa'el,"DA_RIVEDERE: enthusiastic, excited",present_4,present_4,מתלהבות,מתלהבות,False,,,,,
hebverb_262,להב,hitpa'el,"DA_RIVEDERE: enthusiastic, excited",target,בעבר · אני,התלהבתי,התלהבתי,False,,,,,
hebverb_262,להב,hitpa'el,"DA_RIVEDERE: enthusiastic, excited",target,בעבר · אתה,התלהבת,התלהבת,False,,,,,
hebverb_262,להב,hitpa'el,"DA_RIVEDERE: enthusiastic, excited",target,בעבר · את,התלהבת,התלהבת,False,,,,,
hebverb_262,להב,hitpa'el,"DA_RIVEDERE: enthusiastic, excited",target,בעבר · הוא,התלהב,התלהב,True,1.206720163,600.021951195122,0.9024390243902439,514.5151515151515,0.9705882352941176
hebverb_262,להב,hitpa'el,"DA_RIVEDERE: enthusiastic, excited",target,בעבר · היא,התלהבה,התלהבה,False,,,,,
hebverb_262,להב,hitpa'el,"DA_RIVEDERE: enthusiastic, excited",target,בעבר · אנחנו,התלהבנו,התלהבנו,False,,,,,
hebverb_262,להב,hitpa'el,"DA_RIVEDERE: enthusiastic, excited",target,בעבר · אתם,התלהבתם,התלהבתם,False,,,,,
hebverb_262,להב,hitpa'el,"DA_RIVEDERE: enthusiastic, excited",target,בעבר · אתן,התלהבתן,התלהבתן,False,,,,,
hebverb_262,להב,hitpa'el,"DA_RIVEDERE: enthusiastic, excited",target,בעבר · הם,התלהבו,התלהבו,False,,,,,
hebverb_262,להב,hitpa'el,"DA_RIVEDERE: enthusiastic, excited",target,בעבר · הן,התלהבו,התלהבו,False,,,,,
hebverb_262,להב,hitpa'el,"DA_RIVEDERE: enthusiastic, excited",target,בעתיד · אני,אתלהב,אתלהב,False,,,,,
hebverb_262,להב,hitpa'el,"DA_RIVEDERE: enthusiastic, excited",target,בעתיד · אתה,תתלהב,תתלהב,True,1.133953118,630.4951219512195,0.926829268292683,473.5483870967742,0.9411764705882353
hebverb_262,להב,hitpa'el,"DA_RIVEDERE: enthusiastic, excited",target,בעתיד · את,תתלהבי,תתלהבי,False,,,,,
hebverb_262,להב,hitpa'el,"DA_RIVEDERE: enthusiastic, excited",target,בעתיד · הוא,יתלהב,יתלהב,False,,,,,
hebverb_262,להב,hitpa'el,"DA_RIVEDERE: enthusiastic, excited",target,בעתיד · היא,תתלהב,תתלהב,True,1.133953118,630.4951219512195,0.926829268292683,473.5483870967742,0.9411764705882353
hebverb_262,להב,hitpa'el,"DA_RIVEDERE: enthusiastic, excited",target,בעתיד · אנחנו,נתלהב,נתלהב,False,,,,,
hebverb_262,להב,hitpa'el,"DA_RIVEDERE: enthusiastic, excited",target,בעתיד · אתם,תתלהבו,תתלהבו,False,,,,,
hebverb_262,להב,hitpa'el,"DA_RIVEDERE: enthusiastic, excited",target,בעתיד · אתן,תתלהבנה,תתלהבנה,False,,,,,
hebverb_262,להב,hitpa'el,"DA_RIVEDERE: enthusiastic, excited",target,בעתיד · הם,יתלהבו,יתלהבו,False,,,,,
hebverb_262,להב,hitpa'el,"DA_RIVEDERE: enthusiastic, excited",target,בעתיד · הן,תתלהבנה,תתלהבנה,False,,,,,
hebverb_263,ערץ,hiph'il,"DA_RIVEDERE: adore, admire",infinitive,infinitive,להעריץ,להעריץ,False,,,,,
hebverb_263,ערץ,hiph'il,"DA_RIVEDERE: adore, admire",present_1,present_1,מעריץ,מעריץ,False,,,,,
hebverb_263,ערץ,hiph'il,"DA_RIVEDERE: adore, admire",present_2,present_2,מעריצה,מעריצה,True,12.58869878,587.9974358974359,0.9743589743589743,485.8421052631579,0.9743589743589743
hebverb_263,ערץ,hiph'il,"DA_RIVEDERE: adore, admire",present_3,present_3,מעריצים,מעריצים,True,11.17580533,566.5717948717949,0.9487179487179487,,
hebverb_263,ערץ,hiph'il,"DA_RIVEDERE: adore, admire",present_4,present_4,מעריצות,מעריצות,False,,,,,
hebverb_263,ערץ,hiph'il,"DA_RIVEDERE: adore, admire",target,בעבר · אני,הערצתי,הערצתי,False,,,,,
hebverb_263,ערץ,hiph'il,"DA_RIVEDERE: adore, admire",target,בעבר · אתה,הערצת,הערצת,False,,,,,
hebverb_263,ערץ,hiph'il,"DA_RIVEDERE: adore, admire",target,בעבר · את,הערצת,הערצת,False,,,,,
hebverb_263,ערץ,hiph'il,"DA_RIVEDERE: adore, admire",target,בעבר · הוא,העריץ,העריץ,False,,,,,
hebverb_263,ערץ,hiph'il,"DA_RIVEDERE: adore, admire",target,בעבר · היא,העריצה,העריצה,False,,,,,
hebverb_263,ערץ,hiph'il,"DA_RIVEDERE: adore, admire",target,בעבר · אנחנו,הערצנו,הערצנו,False,,,,,
hebverb_263,ערץ,hiph'il,"DA_RIVEDERE: adore, admire",target,בעבר · אתם,הערצתם,הערצתם,False,,,,,
hebverb_263,ערץ,hiph'il,"DA_RIVEDERE: adore, admire",target,בעבר · אתן,הערצתן,הערצתן,False,,,,,
hebverb_263,ערץ,hiph'il,"DA_RIVEDERE: adore, admire",target,בעבר · הם,העריצו,העריצו,False,,,,,
hebverb_263,ערץ,hiph'il,"DA_RIVEDERE: adore, admire",target,בעבר · הן,העריצו,העריצו,False,,,,,
hebverb_263,ערץ,hiph'il,"DA_RIVEDERE: adore, admire",target,בעתיד · אני,אעריץ,אעריץ,False,,,,,
hebverb_263,ערץ,hiph'il,"DA_RIVEDERE: adore, admire",target,בעתיד · אתה,תעריץ,תעריץ,False,,,,,
hebverb_263,ערץ,hiph'il,"DA_RIVEDERE: adore, admire",target,בעתיד · את,תעריצי,תעריצי,False,,,,,
hebverb_263,ערץ,hiph'il,"DA_RIVEDERE: adore, admire",target,בעתיד · הוא,יעריץ,יעריץ,False,,,,,
hebverb_263,ערץ,hiph'il,"DA_RIVEDERE: adore, admire",target,בעתיד · היא,תעריץ,תעריץ,False,,,,,
hebverb_263,ערץ,hiph'il,"DA_RIVEDERE: adore, admire",target,בעתיד · אנחנו,נעריץ,נעריץ,False,,,,,
hebverb_263,ערץ,hiph'il,"DA_RIVEDERE: adore, admire",target,בעתיד · אתם,תעריצו,תעריצו,False,,,,,
hebverb_263,ערץ,hiph'il,"DA_RIVEDERE: adore, admire",target,בעתיד · אתן,תערצנה,תערצנה,False,,,,,
hebverb_263,ערץ,hiph'il,"DA_RIVEDERE: adore, admire",target,בעתיד · הם,יעריצו,יעריצו,False,,,,,
hebverb_263,ערץ,hiph'il,"DA_RIVEDERE: adore, admire",target,בעתיד · הן,תערצנה,תערצנה,False,,,,,
hebverb_264,בשל,pu'al,DA_RIVEDERE: cooked,infinitive,infinitive,id_264,id_264,False,,,,,
hebverb_264,בשל,pu'al,DA_RIVEDERE: cooked,present_1,present_1,מבשל,מבשל,False,,,,,
hebverb_264,בשל,pu'al,DA_RIVEDERE: cooked,present_1,present_1,מבושל,מבושל,False,,,,,
hebverb_264,בשל,pu'al,DA_RIVEDERE: cooked,present_2,present_2,מבשלת,מבשלת,False,,,,,
hebverb_264,בשל,pu'al,DA_RIVEDERE: cooked,present_2,present_2,מבושלת,מבושלת,True,0.952035505,564.0885714285714,0.9142857142857143,465.35897435897436,0.975609756097561
hebverb_264,בשל,pu'al,DA_RIVEDERE: cooked,present_3,present_3,מבשלים,מבשלים,False,,,,,
hebverb_264,בשל,pu'al,DA_RIVEDERE: cooked,present_3,present_3,מבושלים,מבושלים,False,,,,,
hebverb_264,בשל,pu'al,DA_RIVEDERE: cooked,present_4,present_4,מבשלות,מבשלות,False,,,,,
hebverb_264,בשל,pu'al,DA_RIVEDERE: cooked,present_4,present_4,מבושלות,מבושלות,False,,,,,
hebverb_264,בשל,pu'al,DA_RIVEDERE: cooked,target,בעבר · אני,בשלתי,בשלתי,False,,,,,
hebverb_264,בשל,pu'al,DA_RIVEDERE: cooked,target,בעבר · אני,בושלתי,בושלתי,False,,,,,
hebverb_264,בשל,pu'al,DA_RIVEDERE: cooked,target,בעבר · אתה,בשלת,בשלת,False,,,,,
hebverb_264,בשל,pu'al,DA_RIVEDERE: cooked,target,בעבר · אתה,בושלת,בושלת,False,,,,,
hebverb_264,בשל,pu'al,DA_RIVEDERE: cooked,target,בעבר · את,בשלת,בשלת,False,,,,,
hebverb_264,בשל,pu'al,DA_RIVEDERE: cooked,target,בעבר · את,בושלת,בושלת,False,,,,,
hebverb_264,בשל,pu'al,DA_RIVEDERE: cooked,target,בעבר · הוא,בשל,בשל,False,,,,,
hebverb_264,בשל,pu'al,DA_RIVEDERE: cooked,target,בעבר · הוא,בושל,בושל,False,,,,,
hebverb_264,בשל,pu'al,DA_RIVEDERE: cooked,target,בעבר · היא,בשלה,בשלה,False,,,,,
hebverb_264,בשל,pu'al,DA_RIVEDERE: cooked,target,בעבר · היא,בושלה,בושלה,False,,,,,
hebverb_264,בשל,pu'al,DA_RIVEDERE: cooked,target,בעבר · אנחנו,בשלנו,בשלנו,False,,,,,
hebverb_264,בשל,pu'al,DA_RIVEDERE: cooked,target,בעבר · אנחנו,בושלנו,בושלנו,False,,,,,
hebverb_264,בשל,pu'al,DA_RIVEDERE: cooked,target,בעבר · אתם,בשלתם,בשלתם,False,,,,,
hebverb_264,בשל,pu'al,DA_RIVEDERE: cooked,target,בעבר · אתם,בושלתם,בושלתם,False,,,,,
hebverb_264,בשל,pu'al,DA_RIVEDERE: cooked,target,בעבר · אתן,בשלתן,בשלתן,False,,,,,
hebverb_264,בשל,pu'al,DA_RIVEDERE: cooked,target,בעבר · אתן,בושלתן,בושלתן,False,,,,,
hebverb_264,בשל,pu'al,DA_RIVEDERE: cooked,target,בעבר · הם,בשלו,בשלו,True,1.237039765,659.0971428571429,0.8857142857142857,435.2758620689655,0.9393939393939394
hebverb_264,בשל,pu'al,DA_RIVEDERE: cooked,target,בעבר · הם,בושלו,בושלו,False,,,,,
hebverb_264,בשל,pu'al,DA_RIVEDERE: cooked,target,בעבר · הן,בשלו,בשלו,True,1.237039765,659.0971428571429,0.8857142857142857,435.2758620689655,0.9393939393939394
hebverb_264,בשל,pu'al,DA_RIVEDERE: cooked,target,בעבר · הן,בושלו,בושלו,False,,,,,
hebverb_264,בשל,pu'al,DA_RIVEDERE: cooked,target,בעתיד · אני,אבשל,אבשל,False,,,,,
hebverb_264,בשל,pu'al,DA_RIVEDERE: cooked,target,בעתיד · אני,אבושל,אבושל,False,,,,,
hebverb_264,בשל,pu'al,DA_RIVEDERE: cooked,target,בעתיד · אתה,תבשל,תבשל,False,,,,,
hebverb_264,בשל,pu'al,DA_RIVEDERE: cooked,target,בעתיד · אתה,תבושל,תבושל,False,,,,,
hebverb_264,בשל,pu'al,DA_RIVEDERE: cooked,target,בעתיד · את,תבשלי,תבשלי,False,,,,,
hebverb_264,בשל,pu'al,DA_RIVEDERE: cooked,target,בעתיד · את,תבושלי,תבושלי,False,,,,,
hebverb_264,בשל,pu'al,DA_RIVEDERE: cooked,target,בעתיד · הוא,יבשל,יבשל,False,,,,,
hebverb_264,בשל,pu'al,DA_RIVEDERE: cooked,target,בעתיד · הוא,יבושל,יבושל,False,,,,,
hebverb_264,בשל,pu'al,DA_RIVEDERE: cooked,target,בעתיד · היא,תבשל,תבשל,False,,,,,
hebverb_264,בשל,pu'al,DA_RIVEDERE: cooked,target,בעתיד · היא,תבושל,תבושל,False,,,,,
hebverb_264,בשל,pu'al,DA_RIVEDERE: cooked,target,בעתיד · אנחנו,נבשל,נבשל,False,,,,,
hebverb_264,בשל,pu'al,DA_RIVEDERE: cooked,target,בעתיד · אנחנו,נבושל,נבושל,False,,,,,
hebverb_264,בשל,pu'al,DA_RIVEDERE: cooked,target,בעתיד · אתם,תבשלו,תבשלו,False,,,,,
hebverb_264,בשל,pu'al,DA_RIVEDERE: cooked,target,בעתיד · אתם,תבושלו,תבושלו,False,,,,,
hebverb_264,בשל,pu'al,DA_RIVEDERE: cooked,target,בעתיד · אתן,תבשלנה,תבשלנה,False,,,,,
hebverb_264,בשל,pu'al,DA_RIVEDERE: cooked,target,בעתיד · אתן,תבושלנה,תבושלנה,False,,,,,
hebverb_264,בשל,pu'al,DA_RIVEDERE: cooked,target,בעתיד · הם,יבשלו,יבשלו,False,,,,,
hebverb_264,בשל,pu'al,DA_RIVEDERE: cooked,target,בעתיד · הם,יבושלו,יבושלו,False,,,,,
hebverb_264,בשל,pu'al,DA_RIVEDERE: cooked,target,בעתיד · הן,תבשלנה,תבשלנה,False,,,,,
hebverb_264,בשל,pu'al,DA_RIVEDERE: cooked,target,בעתיד · הן,תבושלנה,תבושלנה,False,,,,,
hebverb_265,קבל,hiph'il,"DA_RIVEDERE: parallel, equivalent",infinitive,infinitive,להקביל,להקביל,False,,,,,
hebverb_265,קבל,hiph'il,"DA_RIVEDERE: parallel, equivalent",present_1,present_1,מקביל,מקביל,False,,,,,
hebverb_265,קבל,hiph'il,"DA_RIVEDERE: parallel, equivalent",present_2,present_2,מקבילה,מקבילה,False,,,,,
hebverb_265,קבל,hiph'il,"DA_RIVEDERE: parallel, equivalent",present_3,present_3,מקבילים,מקבילים,False,,,,,
hebverb_265,קבל,hiph'il,"DA_RIVEDERE: parallel, equivalent",present_4,present_4,מקבילות,מקבילות,False,,,,,
hebverb_265,קבל,hiph'il,"DA_RIVEDERE: parallel, equivalent",target,בעבר · אני,הקבלתי,הקבלתי,False,,,,,
hebverb_265,קבל,hiph'il,"DA_RIVEDERE: parallel, equivalent",target,בעבר · אתה,הקבלת,הקבלת,False,,,,,
hebverb_265,קבל,hiph'il,"DA_RIVEDERE: parallel, equivalent",target,בעבר · את,הקבלת,הקבלת,False,,,,,
hebverb_265,קבל,hiph'il,"DA_RIVEDERE: parallel, equivalent",target,בעבר · הוא,הקביל,הקביל,False,,,,,
hebverb_265,קבל,hiph'il,"DA_RIVEDERE: parallel, equivalent",target,בעבר · היא,הקבילה,הקבילה,False,,,,,
hebverb_265,קבל,hiph'il,"DA_RIVEDERE: parallel, equivalent",target,בעבר · אנחנו,הקבלנו,הקבלנו,False,,,,,
hebverb_265,קבל,hiph'il,"DA_RIVEDERE: parallel, equivalent",target,בעבר · אתם,הקבלתם,הקבלתם,False,,,,,
hebverb_265,קבל,hiph'il,"DA_RIVEDERE: parallel, equivalent",target,בעבר · אתן,הקבלתן,הקבלתן,False,,,,,
hebverb_265,קבל,hiph'il,"DA_RIVEDERE: parallel, equivalent",target,בעבר · הם,הקבילו,הקבילו,False,,,,,
hebverb_265,קבל,hiph'il,"DA_RIVEDERE: parallel, equivalent",target,בעבר · הן,הקבילו,הקבילו,False,,,,,
hebverb_265,קבל,hiph'il,"DA_RIVEDERE: parallel, equivalent",target,בעתיד · אני,אקביל,אקביל,False,,,,,
hebverb_265,קבל,hiph'il,"DA_RIVEDERE: parallel, equivalent",target,בעתיד · אתה,תקביל,תקביל,False,,,,,
hebverb_265,קבל,hiph'il,"DA_RIVEDERE: parallel, equivalent",target,בעתיד · את,תקבילי,תקבילי,False,,,,,
hebverb_265,קבל,hiph'il,"DA_RIVEDERE: parallel, equivalent",target,בעתיד · הוא,יקביל,יקביל,False,,,,,
hebverb_265,קבל,hiph'il,"DA_RIVEDERE: parallel, equivalent",target,בעתיד · היא,תקביל,תקביל,False,,,,,
hebverb_265,קבל,hiph'il,"DA_RIVEDERE: parallel, equivalent",target,בעתיד · אנחנו,נקביל,נקביל,False,,,,,
hebverb_265,קבל,hiph'il,"DA_RIVEDERE: parallel, equivalent",target,בעתיד · אתם,תקבילו,תקבילו,False,,,,,
hebverb_265,קבל,hiph'il,"DA_RIVEDERE: parallel, equivalent",target,בעתיד · אתן,תקבלנה,תקבלנה,False,,,,,
hebverb_265,קבל,hiph'il,"DA_RIVEDERE: parallel, equivalent",target,בעתיד · הם,יקבילו,יקבילו,False,,,,,
hebverb_265,קבל,hiph'il,"DA_RIVEDERE: parallel, equivalent",target,בעתיד · הן,תקבלנה,תקבלנה,False,,,,,
hebverb_266,נסה,pu'al,DA_RIVEDERE: is tried,infinitive,infinitive,id_266,id_266,False,,,,,
hebverb_266,נסה,pu'al,DA_RIVEDERE: is tried,present_1,present_1,מנוסה,מנוסה,False,,,,,
hebverb_266,נסה,pu'al,DA_RIVEDERE: is tried,present_1,present_1,מנסה,מנסה,True,493.3423733,504.4815789473684,0.9736842105263158,,
hebverb_266,נסה,pu'al,DA_RIVEDERE: is tried,present_2,present_2,מנוסה,מנוסה,False,,,,,
hebverb_266,נסה,pu'al,DA_RIVEDERE: is tried,present_2,present_2,מנסה,מנסה,True,493.3423733,504.4815789473684,0.9736842105263158,,
hebverb_266,נסה,pu'al,DA_RIVEDERE: is tried,present_3,present_3,מנוסים,מנוסים,False,,,,,
hebverb_266,נסה,pu'al,DA_RIVEDERE: is tried,present_3,present_3,מנסים,מנסים,True,106.1853104,564.0833333333334,0.9444444444444444,462.65714285714284,1.0
hebverb_266,נסה,pu'al,DA_RIVEDERE: is tried,present_4,present_4,מנוסות,מנוסות,False,,,,,
hebverb_266,נסה,pu'al,DA_RIVEDERE: is tried,present_4,present_4,מנסות,מנסות,False,,,,,
hebverb_266,נסה,pu'al,DA_RIVEDERE: is tried,target,בעבר · אני,נוסיתי,נוסיתי,False,,,,,
hebverb_266,נסה,pu'al,DA_RIVEDERE: is tried,target,בעבר · אני,נסיתי,נסיתי,False,,,,,
hebverb_266,נסה,pu'al,DA_RIVEDERE: is tried,target,בעבר · אתה,נוסית,נוסית,False,,,,,
hebverb_266,נסה,pu'al,DA_RIVEDERE: is tried,target,בעבר · אתה,נסית,נסית,False,,,,,
hebverb_266,נסה,pu'al,DA_RIVEDERE: is tried,target,בעבר · את,נוסית,נוסית,False,,,,,
hebverb_266,נסה,pu'al,DA_RIVEDERE: is tried,target,בעבר · את,נסית,נסית,False,,,,,
hebverb_266,נסה,pu'al,DA_RIVEDERE: is tried,target,בעבר · הוא,נוסה,נוסה,False,,,,,
hebverb_266,נסה,pu'al,DA_RIVEDERE: is tried,target,בעבר · הוא,נסה,נסה,True,44.41215312,532.6085714571428,0.8571428571428571,,
hebverb_266,נסה,pu'al,DA_RIVEDERE: is tried,target,בעבר · היא,נוסתה,נוסתה,False,,,,,
hebverb_266,נסה,pu'al,DA_RIVEDERE: is tried,target,בעבר · היא,נסתה,נסתה,False,,,,,
hebverb_266,נסה,pu'al,DA_RIVEDERE: is tried,target,בעבר · אנחנו,נוסינו,נוסינו,False,,,,,
hebverb_266,נסה,pu'al,DA_RIVEDERE: is tried,target,בעבר · אנחנו,נסינו,נסינו,False,,,,,
hebverb_266,נסה,pu'al,DA_RIVEDERE: is tried,target,בעבר · אתם,נוסיתם,נוסיתם,False,,,,,
hebverb_266,נסה,pu'al,DA_RIVEDERE: is tried,target,בעבר · אתם,נסיתם,נסיתם,False,,,,,
hebverb_266,נסה,pu'al,DA_RIVEDERE: is tried,target,בעבר · אתן,נוסיתן,נוסיתן,False,,,,,
hebverb_266,נסה,pu'al,DA_RIVEDERE: is tried,target,בעבר · אתן,נסיתן,נסיתן,False,,,,,
hebverb_266,נסה,pu'al,DA_RIVEDERE: is tried,target,בעבר · הם,נוסו,נוסו,False,,,,,
hebverb_266,נסה,pu'al,DA_RIVEDERE: is tried,target,בעבר · הם,נסו,נסו,False,,,,,
hebverb_266,נסה,pu'al,DA_RIVEDERE: is tried,target,בעבר · הן,נוסו,נוסו,False,,,,,
hebverb_266,נסה,pu'al,DA_RIVEDERE: is tried,target,בעבר · הן,נסו,נסו,False,,,,,
hebverb_266,נסה,pu'al,DA_RIVEDERE: is tried,target,בעתיד · אני,אנוסה,אנוסה,False,,,,,
hebverb_266,נסה,pu'al,DA_RIVEDERE: is tried,target,בעתיד · אני,אנסה,אנסה,True,42.98106791,564.9058823529411,0.9428571428571428,464.9756097560976,1.0
hebverb_266,נסה,pu'al,DA_RIVEDERE: is tried,target,בעתיד · אתה,תנוסה,תנוסה,False,,,,,
hebverb_266,נסה,pu'al,DA_RIVEDERE: is tried,target,בעתיד · אתה,תנסה,תנסה,True,67.98261178,560.5783783513514,0.918918918918919,492.025,1.0
hebverb_266,נסה,pu'al,DA_RIVEDERE: is tried,target,בעתיד · את,תנוסי,תנוסי,False,,,,,
hebverb_266,נסה,pu'al,DA_RIVEDERE: is tried,target,בעתיד · את,תנסי,תנסי,False,,,,,
hebverb_266,נסה,pu'al,DA_RIVEDERE: is tried,target,בעתיד · הוא,ינוסה,ינוסה,False,,,,,
hebverb_266,נסה,pu'al,DA_RIVEDERE: is tried,target,בעתיד · הוא,ינסה,ינסה,True,21.3268081,620.6825,0.95,481.4054054054054,1.0
hebverb_266,נסה,pu'al,DA_RIVEDERE: is tried,target,בעתיד · היא,תנוסה,תנוסה,False,,,,,
hebverb_266,נסה,pu'al,DA_RIVEDERE: is tried,target,בעתיד · היא,תנסה,תנסה,True,67.98261178,560.5783783513514,0.918918918918919,492.025,1.0
hebverb_266,נסה,pu'al,DA_RIVEDERE: is tried,target,בעתיד · אנחנו,ננוסה,ננוסה,False,,,,,
hebverb_266,נסה,pu'al,DA_RIVEDERE: is tried,target,בעתיד · אנחנו,ננסה,ננסה,True,38.06322845,589.9891891621621,0.9459459459459459,,
hebverb_266,נסה,pu'al,DA_RIVEDERE: is tried,target,בעתיד · אתם,תנוסו,תנוסו,False,,,,,
hebverb_266,נסה,pu'al,DA_RIVEDERE: is tried,target,בעתיד · אתם,תנסו,תנסו,False,,,,,
hebverb_266,נסה,pu'al,DA_RIVEDERE: is tried,target,בעתיד · אתן,תנוסינה,תנוסינה,False,,,,,
hebverb_266,נסה,pu'al,DA_RIVEDERE: is tried,target,בעתיד · אתן,תנסינה,תנסינה,False,,,,,
hebverb_266,נסה,pu'al,DA_RIVEDERE: is tried,target,בעתיד · הם,ינוסו,ינוסו,False,,,,,
hebverb_266,נסה,pu'al,DA_RIVEDERE: is tried,target,בעתיד · הם,ינסו,ינסו,False,,,,,
hebverb_266,נסה,pu'al,DA_RIVEDERE: is tried,target,בעתיד · הן,תנוסינה,תנוסינה,False,,,,,
hebverb_266,נסה,pu'al,DA_RIVEDERE: is tried,target,בעתיד · הן,תנסינה,תנסינה,False,,,,,
hebverb_267,ערבב,pu'al,DA_RIVEDERE: is mixed,infinitive,infinitive,id_267,id_267,False,,,,,
hebverb_267,ערבב,pu'al,DA_RIVEDERE: is mixed,present_1,present_1,מערבב,מערבב,False,,,,,
hebverb_267,ערבב,pu'al,DA_RIVEDERE: is mixed,present_1,present_1,מעורבב,מעורבב,False,,,,,
hebverb_267,ערבב,pu'al,DA_RIVEDERE: is mixed,present_2,present_2,מערבבת,מערבבת,False,,,,,
hebverb_267,ערבב,pu'al,DA_RIVEDERE: is mixed,present_2,present_2,מעורבבת,מעורבבת,False,,,,,
hebverb_267,ערבב,pu'al,DA_RIVEDERE: is mixed,present_3,present_3,מערבבים,מערבבים,False,,,,,
hebverb_267,ערבב,pu'al,DA_RIVEDERE: is mixed,present_3,present_3,מעורבבים,מעורבבים,False,,,,,
hebverb_267,ערבב,pu'al,DA_RIVEDERE: is mixed,present_4,present_4,מערבבות,מערבבות,False,,,,,
hebverb_267,ערבב,pu'al,DA_RIVEDERE: is mixed,present_4,present_4,מעורבבות,מעורבבות,False,,,,,
hebverb_267,ערבב,pu'al,DA_RIVEDERE: is mixed,target,בעבר · אני,ערבבתי,ערבבתי,False,,,,,
hebverb_267,ערבב,pu'al,DA_RIVEDERE: is mixed,target,בעבר · אני,עורבבתי,עורבבתי,False,,,,,
hebverb_267,ערבב,pu'al,DA_RIVEDERE: is mixed,target,בעבר · אתה,ערבבת,ערבבת,False,,,,,
hebverb_267,ערבב,pu'al,DA_RIVEDERE: is mixed,target,בעבר · אתה,עורבבת,עורבבת,False,,,,,
hebverb_267,ערבב,pu'al,DA_RIVEDERE: is mixed,target,בעבר · את,ערבבת,ערבבת,False,,,,,
hebverb_267,ערבב,pu'al,DA_RIVEDERE: is mixed,target,בעבר · את,עורבבת,עורבבת,False,,,,,
hebverb_267,ערבב,pu'al,DA_RIVEDERE: is mixed,target,בעבר · הוא,ערבב,ערבב,False,,,,,
hebverb_267,ערבב,pu'al,DA_RIVEDERE: is mixed,target,בעבר · הוא,עורבב,עורבב,False,,,,,
hebverb_267,ערבב,pu'al,DA_RIVEDERE: is mixed,target,בעבר · היא,ערבבה,ערבבה,False,,,,,
hebverb_267,ערבב,pu'al,DA_RIVEDERE: is mixed,target,בעבר · היא,עורבבה,עורבבה,False,,,,,
hebverb_267,ערבב,pu'al,DA_RIVEDERE: is mixed,target,בעבר · אנחנו,ערבבנו,ערבבנו,False,,,,,
hebverb_267,ערבב,pu'al,DA_RIVEDERE: is mixed,target,בעבר · אנחנו,עורבבנו,עורבבנו,False,,,,,
hebverb_267,ערבב,pu'al,DA_RIVEDERE: is mixed,target,בעבר · אתם,ערבבתם,ערבבתם,False,,,,,
hebverb_267,ערבב,pu'al,DA_RIVEDERE: is mixed,target,בעבר · אתם,עורבבתם,עורבבתם,False,,,,,
hebverb_267,ערבב,pu'al,DA_RIVEDERE: is mixed,target,בעבר · אתן,ערבבתן,ערבבתן,False,,,,,
hebverb_267,ערבב,pu'al,DA_RIVEDERE: is mixed,target,בעבר · אתן,עורבבתן,עורבבתן,False,,,,,
hebverb_267,ערבב,pu'al,DA_RIVEDERE: is mixed,target,בעבר · הם,ערבבו,ערבבו,False,,,,,
hebverb_267,ערבב,pu'al,DA_RIVEDERE: is mixed,target,בעבר · הם,עורבבו,עורבבו,False,,,,,
hebverb_267,ערבב,pu'al,DA_RIVEDERE: is mixed,target,בעבר · הן,ערבבו,ערבבו,False,,,,,
hebverb_267,ערבב,pu'al,DA_RIVEDERE: is mixed,target,בעבר · הן,עורבבו,עורבבו,False,,,,,
hebverb_267,ערבב,pu'al,DA_RIVEDERE: is mixed,target,בעתיד · אני,אערבב,אערבב,False,,,,,
hebverb_267,ערבב,pu'al,DA_RIVEDERE: is mixed,target,בעתיד · אני,אעורבב,אעורבב,False,,,,,
hebverb_267,ערבב,pu'al,DA_RIVEDERE: is mixed,target,בעתיד · אתה,תערבב,תערבב,True,0.958099426,645.3444444444444,0.8611111111111112,492.45714285714286,0.8285714285714286
hebverb_267,ערבב,pu'al,DA_RIVEDERE: is mixed,target,בעתיד · אתה,תעורבב,תעורבב,False,,,,,
hebverb_267,ערבב,pu'al,DA_RIVEDERE: is mixed,target,בעתיד · את,תערבבי,תערבבי,False,,,,,
hebverb_267,ערבב,pu'al,DA_RIVEDERE: is mixed,target,בעתיד · את,תעורבבי,תעורבבי,False,,,,,
hebverb_267,ערבב,pu'al,DA_RIVEDERE: is mixed,target,בעתיד · הוא,יערבב,יערבב,False,,,,,
hebverb_267,ערבב,pu'al,DA_RIVEDERE: is mixed,target,בעתיד · הוא,יעורבב,יעורבב,False,,,,,
hebverb_267,ערבב,pu'al,DA_RIVEDERE: is mixed,target,בעתיד · היא,תערבב,תערבב,True,0.958099426,645.3444444444444,0.8611111111111112,492.45714285714286,0.8285714285714286
hebverb_267,ערבב,pu'al,DA_RIVEDERE: is mixed,target,בעתיד · היא,תעורבב,תעורבב,False,,,,,
hebverb_267,ערבב,pu'al,DA_RIVEDERE: is mixed,target,בעתיד · אנחנו,נערבב,נערבב,False,,,,,
hebverb_267,ערבב,pu'al,DA_RIVEDERE: is mixed,target,בעתיד · אנחנו,נעורבב,נעורבב,False,,,,,
hebverb_267,ערבב,pu'al,DA_RIVEDERE: is mixed,target,בעתיד · אתם,תערבבו,תערבבו,False,,,,,
hebverb_267,ערבב,pu'al,DA_RIVEDERE: is mixed,target,בעתיד · אתם,תעורבבו,תעורבבו,False,,,,,
hebverb_267,ערבב,pu'al,DA_RIVEDERE: is mixed,target,בעתיד · אתן,תערבבנה,תערבבנה,False,,,,,
hebverb_267,ערבב,pu'al,DA_RIVEDERE: is mixed,target,בעתיד · אתן,תעורבבנה,תעורבבנה,False,,,,,
hebverb_267,ערבב,pu'al,DA_RIVEDERE: is mixed,target,בעתיד · הם,יערבבו,יערבבו,False,,,,,
hebverb_267,ערבב,pu'al,DA_RIVEDERE: is mixed,target,בעתיד · הם,יעורבבו,יעורבבו,False,,,,,
hebverb_267,ערבב,pu'al,DA_RIVEDERE: is mixed,target,בעתיד · הן,תערבבנה,תערבבנה,False,,,,,
hebverb_267,ערבב,pu'al,DA_RIVEDERE: is mixed,target,בעתיד · הן,תעורבבנה,תעורבבנה,False,,,,,
hebverb_268,בזבז,pu'al,DA_RIVEDERE: is wasted,infinitive,infinitive,id_268,id_268,False,,,,,
hebverb_268,בזבז,pu'al,DA_RIVEDERE: is wasted,present_1,present_1,מבזבז,מבזבז,True,18.6526192,552.9526315526316,0.9473684210526315,,
hebverb_268,בזבז,pu'al,DA_RIVEDERE: is wasted,present_1,present_1,מבוזבז,מבוזבז,False,,,,,
hebverb_268,בזבז,pu'al,DA_RIVEDERE: is wasted,present_2,present_2,מבזבזת,מבזבזת,False,,,,,
hebverb_268,בזבז,pu'al,DA_RIVEDERE: is wasted,present_2,present_2,מבוזבזת,מבוזבזת,False,,,,,
hebverb_268,בזבז,pu'al,DA_RIVEDERE: is wasted,present_3,present_3,מבזבזים,מבזבזים,False,,,,,
hebverb_268,בזבז,pu'al,DA_RIVEDERE: is wasted,present_3,present_3,מבוזבזים,מבוזבזים,False,,,,,
hebverb_268,בזבז,pu'al,DA_RIVEDERE: is wasted,present_4,present_4,מבזבזות,מבזבזות,False,,,,,
hebverb_268,בזבז,pu'al,DA_RIVEDERE: is wasted,present_4,present_4,מבוזבזות,מבוזבזות,False,,,,,
hebverb_268,בזבז,pu'al,DA_RIVEDERE: is wasted,target,בעבר · אני,בזבזתי,בזבזתי,False,,,,,
hebverb_268,בזבז,pu'al,DA_RIVEDERE: is wasted,target,בעבר · אני,בוזבזתי,בוזבזתי,False,,,,,
hebverb_268,בזבז,pu'al,DA_RIVEDERE: is wasted,target,בעבר · אתה,בזבזת,בזבזת,False,,,,,
hebverb_268,בזבז,pu'al,DA_RIVEDERE: is wasted,target,בעבר · אתה,בוזבזת,בוזבזת,False,,,,,
hebverb_268,בזבז,pu'al,DA_RIVEDERE: is wasted,target,בעבר · את,בזבזת,בזבזת,False,,,,,
hebverb_268,בזבז,pu'al,DA_RIVEDERE: is wasted,target,בעבר · את,בוזבזת,בוזבזת,False,,,,,
hebverb_268,בזבז,pu'al,DA_RIVEDERE: is wasted,target,בעבר · הוא,בזבז,בזבז,False,,,,,
hebverb_268,בזבז,pu'al,DA_RIVEDERE: is wasted,target,בעבר · הוא,בוזבז,בוזבז,False,,,,,
hebverb_268,בזבז,pu'al,DA_RIVEDERE: is wasted,target,בעבר · היא,בזבזה,בזבזה,False,,,,,
hebverb_268,בזבז,pu'al,DA_RIVEDERE: is wasted,target,בעבר · היא,בוזבזה,בוזבזה,False,,,,,
hebverb_268,בזבז,pu'al,DA_RIVEDERE: is wasted,target,בעבר · אנחנו,בזבזנו,בזבזנו,True,2.61961362,682.9742857142857,0.9714285714285714,504.4146341463415,0.975609756097561
hebverb_268,בזבז,pu'al,DA_RIVEDERE: is wasted,target,בעבר · אנחנו,בוזבזנו,בוזבזנו,False,,,,,
hebverb_268,בזבז,pu'al,DA_RIVEDERE: is wasted,target,בעבר · אתם,בזבזתם,בזבזתם,False,,,,,
hebverb_268,בזבז,pu'al,DA_RIVEDERE: is wasted,target,בעבר · אתם,בוזבזתם,בוזבזתם,False,,,,,
hebverb_268,בזבז,pu'al,DA_RIVEDERE: is wasted,target,בעבר · אתן,בזבזתן,בזבזתן,False,,,,,
hebverb_268,בזבז,pu'al,DA_RIVEDERE: is wasted,target,בעבר · אתן,בוזבזתן,בוזבזתן,False,,,,,
hebverb_268,בזבז,pu'al,DA_RIVEDERE: is wasted,target,בעבר · הם,בזבזו,בזבזו,False,,,,,
hebverb_268,בזבז,pu'al,DA_RIVEDERE: is wasted,target,בעבר · הם,בוזבזו,בוזבזו,False,,,,,
hebverb_268,בזבז,pu'al,DA_RIVEDERE: is wasted,target,בעבר · הן,בזבזו,בזבזו,False,,,,,
hebverb_268,בזבז,pu'al,DA_RIVEDERE: is wasted,target,בעבר · הן,בוזבזו,בוזבזו,False,,,,,
hebverb_268,בזבז,pu'al,DA_RIVEDERE: is wasted,target,בעתיד · אני,אבזבז,אבזבז,False,,,,,
hebverb_268,בזבז,pu'al,DA_RIVEDERE: is wasted,target,בעתיד · אני,אבוזבז,אבוזבז,False,,,,,
hebverb_268,בזבז,pu'al,DA_RIVEDERE: is wasted,target,בעתיד · אתה,תבזבז,תבזבז,False,,,,,
hebverb_268,בזבז,pu'al,DA_RIVEDERE: is wasted,target,בעתיד · אתה,תבוזבז,תבוזבז,False,,,,,
hebverb_268,בזבז,pu'al,DA_RIVEDERE: is wasted,target,בעתיד · את,תבזבזי,תבזבזי,False,,,,,
hebverb_268,בזבז,pu'al,DA_RIVEDERE: is wasted,target,בעתיד · את,תבוזבזי,תבוזבזי,False,,,,,
hebverb_268,בזבז,pu'al,DA_RIVEDERE: is wasted,target,בעתיד · הוא,יבזבז,יבזבז,False,,,,,
hebverb_268,בזבז,pu'al,DA_RIVEDERE: is wasted,target,בעתיד · הוא,יבוזבז,יבוזבז,False,,,,,
hebverb_268,בזבז,pu'al,DA_RIVEDERE: is wasted,target,בעתיד · היא,תבזבז,תבזבז,False,,,,,
hebverb_268,בזבז,pu'al,DA_RIVEDERE: is wasted,target,בעתיד · היא,תבוזבז,תבוזבז,False,,,,,
hebverb_268,בזבז,pu'al,DA_RIVEDERE: is wasted,target,בעתיד · אנחנו,נבזבז,נבזבז,False,,,,,
hebverb_268,בזבז,pu'al,DA_RIVEDERE: is wasted,target,בעתיד · אנחנו,נבוזבז,נבוזבז,False,,,,,
hebverb_268,בזבז,pu'al,DA_RIVEDERE: is wasted,target,בעתיד · אתם,תבזבזו,תבזבזו,True,1.522044024,562.923076948718,0.8205128205128205,,
hebverb_268,בזבז,pu'al,DA_RIVEDERE: is wasted,target,בעתיד · אתם,תבוזבזו,תבוזבזו,False,,,,,
hebverb_268,בזבז,pu'al,DA_RIVEDERE: is wasted,target,בעתיד · אתן,תבזבזנה,תבזבזנה,False,,,,,
hebverb_268,בזבז,pu'al,DA_RIVEDERE: is wasted,target,בעתיד · אתן,תבוזבזנה,תבוזבזנה,False,,,,,
hebverb_268,בזבז,pu'al,DA_RIVEDERE: is wasted,target,בעתיד · הם,יבזבזו,יבזבזו,False,,,,,
hebverb_268,בזבז,pu'al,DA_RIVEDERE: is wasted,target,בעתיד · הם,יבוזבזו,יבוזבזו,False,,,,,
hebverb_268,בזבז,pu'al,DA_RIVEDERE: is wasted,target,בעתיד · הן,תבזבזנה,תבזבזנה,False,,,,,
hebverb_268,בזבז,pu'al,DA_RIVEDERE: is wasted,target,בעתיד · הן,תבוזבזנה,תבוזבזנה,False,,,,,
hebverb_269,שנה,pu'al,DA_RIVEDERE: is changed,infinitive,infinitive,id_269,id_269,False,,,,,
hebverb_269,שנה,pu'al,DA_RIVEDERE: is changed,present_1,present_1,משונה,משונה,False,,,,,
hebverb_269,שנה,pu'al,DA_RIVEDERE: is changed,present_1,present_1,משנה,משנה,True,298.8845734,546.0052631578948,0.9210526315789473,506.8666666666667,1.0
hebverb_269,שנה,pu'al,DA_RIVEDERE: is changed,present_2,present_2,משונה,משונה,False,,,,,
hebverb_269,שנה,pu'al,DA_RIVEDERE: is changed,present_2,present_2,משנה,משנה,True,298.8845734,546.0052631578948,0.9210526315789473,506.8666666666667,1.0
hebverb_269,שנה,pu'al,DA_RIVEDERE: is changed,present_3,present_3,משונים,משונים,False,,,,,
hebverb_269,שנה,pu'al,DA_RIVEDERE: is changed,present_3,present_3,משנים,משנים,False,,,,,
hebverb_269,שנה,pu'al,DA_RIVEDERE: is changed,present_4,present_4,משונות,משונות,False,,,,,
hebverb_269,שנה,pu'al,DA_RIVEDERE: is changed,present_4,present_4,משנות,משנות,True,8.234803925,694.74,0.8285714285714286,471.3030303030303,0.9736842105263158
hebverb_269,שנה,pu'al,DA_RIVEDERE: is changed,target,בעבר · אני,שוניתי,שוניתי,False,,,,,
hebverb_269,שנה,pu'al,DA_RIVEDERE: is changed,target,בעבר · אני,שניתי,שניתי,False,,,,,
hebverb_269,שנה,pu'al,DA_RIVEDERE: is changed,target,בעבר · אתה,שונית,שונית,False,,,,,
hebverb_269,שנה,pu'al,DA_RIVEDERE: is changed,target,בעבר · אתה,שנית,שנית,False,,,,,
hebverb_269,שנה,pu'al,DA_RIVEDERE: is changed,target,בעבר · את,שונית,שונית,False,,,,,
hebverb_269,שנה,pu'al,DA_RIVEDERE: is changed,target,בעבר · את,שנית,שנית,False,,,,,
hebverb_269,שנה,pu'al,DA_RIVEDERE: is changed,target,בעבר · הוא,שונה,שונה,True,156.8736212,553.8236842105263,0.8947368421052632,464.22857142857146,1.0
hebverb_269,שנה,pu'al,DA_RIVEDERE: is changed,target,בעבר · הוא,שנה,שנה,True,334.0856314,547.672972972973,0.918918918918919,,
hebverb_269,שנה,pu'al,DA_RIVEDERE: is changed,target,בעבר · היא,שונתה,שונתה,False,,,,,
hebverb_269,שנה,pu'al,DA_RIVEDERE: is changed,target,בעבר · היא,שנתה,שנתה,False,,,,,
hebverb_269,שנה,pu'al,DA_RIVEDERE: is changed,target,בעבר · אנחנו,שונינו,שונינו,False,,,,,
hebverb_269,שנה,pu'al,DA_RIVEDERE: is changed,target,בעבר · אנחנו,שנינו,שנינו,False,,,,,
hebverb_269,שנה,pu'al,DA_RIVEDERE: is changed,target,בעבר · אתם,שוניתם,שוניתם,False,,,,,
hebverb_269,שנה,pu'al,DA_RIVEDERE: is changed,target,בעבר · אתם,שניתם,שניתם,False,,,,,
hebverb_269,שנה,pu'al,DA_RIVEDERE: is changed,target,בעבר · אתן,שוניתן,שוניתן,False,,,,,
hebverb_269,שנה,pu'al,DA_RIVEDERE: is changed,target,בעבר · אתן,שניתן,שניתן,True,35.6134046,551.3923076410256,0.8974358974358975,,
hebverb_269,שנה,pu'al,DA_RIVEDERE: is changed,target,בעבר · הם,שונו,שונו,False,,,,,
hebverb_269,שנה,pu'al,DA_RIVEDERE: is changed,target,בעבר · הם,שנו,שנו,False,,,,,
hebverb_269,שנה,pu'al,DA_RIVEDERE: is changed,target,בעבר · הן,שונו,שונו,False,,,,,
hebverb_269,שנה,pu'al,DA_RIVEDERE: is changed,target,בעבר · הן,שנו,שנו,False,,,,,
hebverb_269,שנה,pu'al,DA_RIVEDERE: is changed,target,בעתיד · אני,אשונה,אשונה,False,,,,,
hebverb_269,שנה,pu'al,DA_RIVEDERE: is changed,target,בעתיד · אני,אשנה,אשנה,False,,,,,
hebverb_269,שנה,pu'al,DA_RIVEDERE: is changed,target,בעתיד · אתה,תשונה,תשונה,False,,,,,
hebverb_269,שנה,pu'al,DA_RIVEDERE: is changed,target,בעתיד · אתה,תשנה,תשנה,False,,,,,
hebverb_269,שנה,pu'al,DA_RIVEDERE: is changed,target,בעתיד · את,תשוני,תשוני,False,,,,,
hebverb_269,שנה,pu'al,DA_RIVEDERE: is changed,target,בעתיד · את,תשני,תשני,False,,,,,
hebverb_269,שנה,pu'al,DA_RIVEDERE: is changed,target,בעתיד · הוא,ישונה,ישונה,False,,,,,
hebverb_269,שנה,pu'al,DA_RIVEDERE: is changed,target,בעתיד · הוא,ישנה,ישנה,True,102.3468488,567.1736842105263,0.9210526315789473,,
hebverb_269,שנה,pu'al,DA_RIVEDERE: is changed,target,בעתיד · היא,תשונה,תשונה,False,,,,,
hebverb_269,שנה,pu'al,DA_RIVEDERE: is changed,target,בעתיד · היא,תשנה,תשנה,False,,,,,
hebverb_269,שנה,pu'al,DA_RIVEDERE: is changed,target,בעתיד · אנחנו,נשונה,נשונה,False,,,,,
hebverb_269,שנה,pu'al,DA_RIVEDERE: is changed,target,בעתיד · אנחנו,נשנה,נשנה,False,,,,,
hebverb_269,שנה,pu'al,DA_RIVEDERE: is changed,target,בעתיד · אתם,תשונו,תשונו,False,,,,,
hebverb_269,שנה,pu'al,DA_RIVEDERE: is changed,target,בעתיד · אתם,תשנו,תשנו,False,,,,,
hebverb_269,שנה,pu'al,DA_RIVEDERE: is changed,target,בעתיד · אתן,תשונינה,תשונינה,False,,,,,
hebverb_269,שנה,pu'al,DA_RIVEDERE: is changed,target,בעתיד · אתן,תשנינה,תשנינה,False,,,,,
hebverb_269,שנה,pu'al,DA_RIVEDERE: is changed,target,בעתיד · הם,ישונו,ישונו,False,,,,,
hebverb_269,שנה,pu'al,DA_RIVEDERE: is changed,target,בעתיד · הם,ישנו,ישנו,False,,,,,
hebverb_269,שנה,pu'al,DA_RIVEDERE: is changed,target,בעתיד · הן,תשונינה,תשונינה,False,,,,,
hebverb_269,שנה,pu'al,DA_RIVEDERE: is changed,target,בעתיד · הן,תשנינה,תשנינה,False,,,,,
hebverb_270,דבר,pu'al,DA_RIVEDERE: is spoken,infinitive,infinitive,id_270,id_270,False,,,,,
hebverb_270,דבר,pu'al,DA_RIVEDERE: is spoken,present_1,present_1,מדובר,מדובר,True,90.66773806,576.255,1.0,506.8285714285714,0.9743589743589743
hebverb_270,דבר,pu'al,DA_RIVEDERE: is spoken,present_1,present_1,מדבר,מדבר,True,363.6472434,514.1972972972973,1.0,454.0,1.0
hebverb_270,דבר,pu'al,DA_RIVEDERE: is spoken,present_2,present_2,מדוברת,מדוברת,False,,,,,
hebverb_270,דבר,pu'al,DA_RIVEDERE: is spoken,present_2,present_2,מדברת,מדברת,False,,,,,
hebverb_270,דבר,pu'al,DA_RIVEDERE: is spoken,present_3,present_3,מדוברים,מדוברים,False,,,,,
hebverb_270,דבר,pu'al,DA_RIVEDERE: is spoken,present_3,present_3,מדברים,מדברים,True,186.9749221,558.3621621351351,0.972972972972973,,
hebverb_270,דבר,pu'al,DA_RIVEDERE: is spoken,present_4,present_4,מדוברות,מדוברות,False,,,,,
hebverb_270,דבר,pu'al,DA_RIVEDERE: is spoken,present_4,present_4,מדברות,מדברות,False,,,,,
hebverb_270,דבר,pu'al,DA_RIVEDERE: is spoken,target,בעבר · אני,דוברתי,דוברתי,False,,,,,
hebverb_270,דבר,pu'al,DA_RIVEDERE: is spoken,target,בעבר · אני,דברתי,דברתי,False,,,,,
hebverb_270,דבר,pu'al,DA_RIVEDERE: is spoken,target,בעבר · אתה,דוברת,דוברת,False,,,,,
hebverb_270,דבר,pu'al,DA_RIVEDERE: is spoken,target,בעבר · אתה,דברת,דברת,False,,,,,
hebverb_270,דבר,pu'al,DA_RIVEDERE: is spoken,target,בעבר · את,דוברת,דוברת,False,,,,,
hebverb_270,דבר,pu'al,DA_RIVEDERE: is spoken,target,בעבר · את,דברת,דברת,False,,,,,
hebverb_270,דבר,pu'al,DA_RIVEDERE: is spoken,target,בעבר · הוא,דובר,דובר,False,,,,,
hebverb_270,דבר,pu'al,DA_RIVEDERE: is spoken,target,בעבר · הוא,דבר,דבר,True,1479.584454,564.3459459459459,0.972972972972973,509.45454545454544,1.0
hebverb_270,דבר,pu'al,DA_RIVEDERE: is spoken,target,בעבר · היא,דוברה,דוברה,False,,,,,
hebverb_270,דבר,pu'al,DA_RIVEDERE: is spoken,target,בעבר · היא,דברה,דברה,False,,,,,
hebverb_270,דבר,pu'al,DA_RIVEDERE: is spoken,target,בעבר · אנחנו,דוברנו,דוברנו,False,,,,,
hebverb_270,דבר,pu'al,DA_RIVEDERE: is spoken,target,בעבר · אנחנו,דברנו,דברנו,False,,,,,
hebverb_270,דבר,pu'al,DA_RIVEDERE: is spoken,target,בעבר · אתם,דוברתם,דוברתם,False,,,,,
hebverb_270,דבר,pu'al,DA_RIVEDERE: is spoken,target,בעבר · אתם,דברתם,דברתם,False,,,,,
hebverb_270,דבר,pu'al,DA_RIVEDERE: is spoken,target,בעבר · אתן,דוברתן,דוברתן,False,,,,,
hebverb_270,דבר,pu'al,DA_RIVEDERE: is spoken,target,בעבר · אתן,דברתן,דברתן,False,,,,,
hebverb_270,דבר,pu'al,DA_RIVEDERE: is spoken,target,בעבר · הם,דוברו,דוברו,False,,,,,
hebverb_270,דבר,pu'al,DA_RIVEDERE: is spoken,target,בעבר · הם,דברו,דברו,False,,,,,
hebverb_270,דבר,pu'al,DA_RIVEDERE: is spoken,target,בעבר · הן,דוברו,דוברו,False,,,,,
hebverb_270,דבר,pu'al,DA_RIVEDERE: is spoken,target,בעבר · הן,דברו,דברו,False,,,,,
hebverb_270,דבר,pu'al,DA_RIVEDERE: is spoken,target,בעתיד · אני,אדובר,אדובר,False,,,,,
hebverb_270,דבר,pu'al,DA_RIVEDERE: is spoken,target,בעתיד · אני,אדבר,אדבר,False,,,,,
hebverb_270,דבר,pu'al,DA_RIVEDERE: is spoken,target,בעתיד · אתה,תדובר,תדובר,False,,,,,
hebverb_270,דבר,pu'al,DA_RIVEDERE: is spoken,target,בעתיד · אתה,תדבר,תדבר,True,46.88623265,523.1105262894737,0.8717948717948718,,
hebverb_270,דבר,pu'al,DA_RIVEDERE: is spoken,target,בעתיד · את,תדוברי,תדוברי,False,,,,,
hebverb_270,דבר,pu'al,DA_RIVEDERE: is spoken,target,בעתיד · את,תדברי,תדברי,True,19.31358652,566.1421052894738,0.9736842105263158,,
hebverb_270,דבר,pu'al,DA_RIVEDERE: is spoken,target,בעתיד · הוא,ידובר,ידובר,False,,,,,
hebverb_270,דבר,pu'al,DA_RIVEDERE: is spoken,target,בעתיד · הוא,ידבר,ידבר,False,,,,,
hebverb_270,דבר,pu'al,DA_RIVEDERE: is spoken,target,בעתיד · היא,תדובר,תדובר,False,,,,,
hebverb_270,דבר,pu'al,DA_RIVEDERE: is spoken,target,בעתיד · היא,תדבר,תדבר,True,46.88623265,523.1105262894737,0.8717948717948718,,
hebverb_270,דבר,pu'al,DA_RIVEDERE: is spoken,target,בעתיד · אנחנו,נדובר,נדובר,False,,,,,
hebverb_270,דבר,pu'al,DA_RIVEDERE: is spoken,target,בעתיד · אנחנו,נדבר,נדבר,True,73.90099811,537.5236841842105,0.8947368421052632,463.64516129032256,0.9696969696969697
hebverb_270,דבר,pu'al,DA_RIVEDERE: is spoken,target,בעתיד · אתם,תדוברו,תדוברו,False,,,,,
hebverb_270,דבר,pu'al,DA_RIVEDERE: is spoken,target,בעתיד · אתם,תדברו,תדברו,True,6.464139163,584.8824999999999,0.9,,
hebverb_270,דבר,pu'al,DA_RIVEDERE: is spoken,target,בעתיד · אתן,תדוברנה,תדוברנה,False,,,,,
hebverb_270,דבר,pu'al,DA_RIVEDERE: is spoken,target,בעתיד · אתן,תדברנה,תדברנה,False,,,,,
hebverb_270,דבר,pu'al,DA_RIVEDERE: is spoken,target,בעתיד · הם,ידוברו,ידוברו,False,,,,,
hebverb_270,דבר,pu'al,DA_RIVEDERE: is spoken,target,בעתיד · הם,ידברו,ידברו,True,6.051792575,556.2428571428571,0.9428571428571428,,
hebverb_270,דבר,pu'al,DA_RIVEDERE: is spoken,target,בעתיד · הן,תדוברנה,תדוברנה,False,,,,,
hebverb_270,דבר,pu'al,DA_RIVEDERE: is spoken,target,בעתיד · הן,תדברנה,תדברנה,False,,,,,
hebverb_271,סים,pu'al,DA_RIVEDERE: is finished,infinitive,infinitive,id_271,id_271,False,,,,,
hebverb_271,סים,pu'al,DA_RIVEDERE: is finished,present_1,present_1,מסים,מסים,False,,,,,
hebverb_271,סים,pu'al,DA_RIVEDERE: is finished,present_1,present_1,מסוים,מסוים,False,,,,,
hebverb_271,סים,pu'al,DA_RIVEDERE: is finished,present_2,present_2,מסימת,מסימת,False,,,,,
hebverb_271,סים,pu'al,DA_RIVEDERE: is finished,present_2,present_2,מסוימת,מסוימת,True,34.40062052,528.937837945946,0.918918918918919,,
hebverb_271,סים,pu'al,DA_RIVEDERE: is finished,present_3,present_3,מסימים,מסימים,False,,,,,
hebverb_271,סים,pu'al,DA_RIVEDERE: is finished,present_3,present_3,מסוימים,מסוימים,True,27.09359642,555.3,1.0,464.35,0.9512195121951219
hebverb_271,סים,pu'al,DA_RIVEDERE: is finished,present_4,present_4,מסימות,מסימות,False,,,,,
hebverb_271,סים,pu'al,DA_RIVEDERE: is finished,present_4,present_4,מסוימות,מסוימות,False,,,,,
hebverb_271,סים,pu'al,DA_RIVEDERE: is finished,target,בעבר · אני,סימתי,סימתי,False,,,,,
hebverb_271,סים,pu'al,DA_RIVEDERE: is finished,target,בעבר · אני,סוימתי,סוימתי,False,,,,,
hebverb_271,סים,pu'al,DA_RIVEDERE: is finished,target,בעבר · אתה,סימת,סימת,False,,,,,
hebverb_271,סים,pu'al,DA_RIVEDERE: is finished,target,בעבר · אתה,סוימת,סוימת,False,,,,,
hebverb_271,סים,pu'al,DA_RIVEDERE: is finished,target,בעבר · את,סימת,סימת,False,,,,,
hebverb_271,סים,pu'al,DA_RIVEDERE: is finished,target,בעבר · את,סוימת,סוימת,False,,,,,
hebverb_271,סים,pu'al,DA_RIVEDERE: is finished,target,בעבר · הוא,סים,סים,False,,,,,
hebverb_271,סים,pu'al,DA_RIVEDERE: is finished,target,בעבר · הוא,סוים,סוים,False,,,,,
hebverb_271,סים,pu'al,DA_RIVEDERE: is finished,target,בעבר · היא,סימה,סימה,False,,,,,
hebverb_271,סים,pu'al,DA_RIVEDERE: is finished,target,בעבר · היא,סוימה,סוימה,False,,,,,
hebverb_271,סים,pu'al,DA_RIVEDERE: is finished,target,בעבר · אנחנו,סימנו,סימנו,False,,,,,
hebverb_271,סים,pu'al,DA_RIVEDERE: is finished,target,בעבר · אנחנו,סוימנו,סוימנו,False,,,,,
hebverb_271,סים,pu'al,DA_RIVEDERE: is finished,target,בעבר · אתם,סימתם,סימתם,False,,,,,
hebverb_271,סים,pu'al,DA_RIVEDERE: is finished,target,בעבר · אתם,סוימתם,סוימתם,False,,,,,
hebverb_271,סים,pu'al,DA_RIVEDERE: is finished,target,בעבר · אתן,סימתן,סימתן,False,,,,,
hebverb_271,סים,pu'al,DA_RIVEDERE: is finished,target,בעבר · אתן,סוימתן,סוימתן,False,,,,,
hebverb_271,סים,pu'al,DA_RIVEDERE: is finished,target,בעבר · הם,סימו,סימו,False,,,,,
hebverb_271,סים,pu'al,DA_RIVEDERE: is finished,target,בעבר · הם,סוימו,סוימו,False,,,,,
hebverb_271,סים,pu'al,DA_RIVEDERE: is finished,target,בעבר · הן,סימו,סימו,False,,,,,
hebverb_271,סים,pu'al,DA_RIVEDERE: is finished,target,בעבר · הן,סוימו,סוימו,False,,,,,
hebverb_271,סים,pu'al,DA_RIVEDERE: is finished,target,בעתיד · אני,אסים,אסים,False,,,,,
hebverb_271,סים,pu'al,DA_RIVEDERE: is finished,target,בעתיד · אני,אסוים,אסוים,False,,,,,
hebverb_271,סים,pu'al,DA_RIVEDERE: is finished,target,בעתיד · אתה,תסים,תסים,False,,,,,
hebverb_271,סים,pu'al,DA_RIVEDERE: is finished,target,בעתיד · אתה,תסוים,תסוים,False,,,,,
hebverb_271,סים,pu'al,DA_RIVEDERE: is finished,target,בעתיד · את,תסימי,תסימי,False,,,,,
hebverb_271,סים,pu'al,DA_RIVEDERE: is finished,target,בעתיד · את,תסוימי,תסוימי,False,,,,,
hebverb_271,סים,pu'al,DA_RIVEDERE: is finished,target,בעתיד · הוא,יסים,יסים,False,,,,,
hebverb_271,סים,pu'al,DA_RIVEDERE: is finished,target,בעתיד · הוא,יסוים,יסוים,False,,,,,
hebverb_271,סים,pu'al,DA_RIVEDERE: is finished,target,בעתיד · היא,תסים,תסים,False,,,,,
hebverb_271,סים,pu'al,DA_RIVEDERE: is finished,target,בעתיד · היא,תסוים,תסוים,False,,,,,
hebverb_271,סים,pu'al,DA_RIVEDERE: is finished,target,בעתיד · אנחנו,נסים,נסים,False,,,,,
hebverb_271,סים,pu'al,DA_RIVEDERE: is finished,target,בעתיד · אנחנו,נסוים,נסוים,False,,,,,
hebverb_271,סים,pu'al,DA_RIVEDERE: is finished,target,בעתיד · אתם,תסימו,תסימו,False,,,,,
hebverb_271,סים,pu'al,DA_RIVEDERE: is finished,target,בעתיד · אתם,תסוימו,תסוימו,False,,,,,
hebverb_271,סים,pu'al,DA_RIVEDERE: is finished,target,בעתיד · אתן,תסימנה,תסימנה,False,,,,,
hebverb_271,סים,pu'al,DA_RIVEDERE: is finished,target,בעתיד · אתן,תסוימנה,תסוימנה,False,,,,,
hebverb_271,סים,pu'al,DA_RIVEDERE: is finished,target,בעתיד · הם,יסימו,יסימו,False,,,,,
hebverb_271,סים,pu'al,DA_RIVEDERE: is finished,target,בעתיד · הם,יסוימו,יסוימו,False,,,,,
hebverb_271,סים,pu'al,DA_RIVEDERE: is finished,target,בעתיד · הן,תסימנה,תסימנה,False,,,,,
hebverb_271,סים,pu'al,DA_RIVEDERE: is finished,target,בעתיד · הן,תסוימנה,תסוימנה,False,,,,,
hebverb_272,שכנע,pu'al,DA_RIVEDERE: is convinced,infinitive,infinitive,id_272,id_272,False,,,,,
hebverb_272,שכנע,pu'al,DA_RIVEDERE: is convinced,present_1,present_1,משכנע,משכנע,False,,,,,
hebverb_272,שכנע,pu'al,DA_RIVEDERE: is convinced,present_1,present_1,משוכנע,משוכנע,False,,,,,
hebverb_272,שכנע,pu'al,DA_RIVEDERE: is convinced,present_2,present_2,משכנעת,משכנעת,False,,,,,
hebverb_272,שכנע,pu'al,DA_RIVEDERE: is convinced,present_2,present_2,משוכנעת,משוכנעת,False,,,,,
hebverb_272,שכנע,pu'al,DA_RIVEDERE: is convinced,present_3,present_3,משכנעים,משכנעים,False,,,,,
hebverb_272,שכנע,pu'al,DA_RIVEDERE: is convinced,present_3,present_3,משוכנעים,משוכנעים,False,,,,,
hebverb_272,שכנע,pu'al,DA_RIVEDERE: is convinced,present_4,present_4,משכנעות,משכנעות,False,,,,,
hebverb_272,שכנע,pu'al,DA_RIVEDERE: is convinced,present_4,present_4,משוכנעות,משוכנעות,False,,,,,
hebverb_272,שכנע,pu'al,DA_RIVEDERE: is convinced,target,בעבר · אני,שכנעתי,שכנעתי,False,,,,,
hebverb_272,שכנע,pu'al,DA_RIVEDERE: is convinced,target,בעבר · אני,שוכנעתי,שוכנעתי,False,,,,,
hebverb_272,שכנע,pu'al,DA_RIVEDERE: is convinced,target,בעבר · אתה,שכנעת,שכנעת,False,,,,,
hebverb_272,שכנע,pu'al,DA_RIVEDERE: is convinced,target,בעבר · אתה,שוכנעת,שוכנעת,False,,,,,
hebverb_272,שכנע,pu'al,DA_RIVEDERE: is convinced,target,בעבר · את,"שכנעת, שכנעת","שכנעת, שכנעת",False,,,,,
hebverb_272,שכנע,pu'al,DA_RIVEDERE: is convinced,target,בעבר · את,שוכנעת,שוכנעת,False,,,,,
hebverb_272,שכנע,pu'al,DA_RIVEDERE: is convinced,target,בעבר · הוא,שכנע,שכנע,True,7.682987167,598.1228571428571,0.9142857142857143,480.06451612903226,0.9705882352941176
hebverb_272,שכנע,pu'al,DA_RIVEDERE: is convinced,target,בעבר · הוא,שוכנע,שוכנע,False,,,,,
hebverb_272,שכנע,pu'al,DA_RIVEDERE: is convinced,target,בעבר · היא,שכנעה,שכנעה,False,,,,,
hebverb_272,שכנע,pu'al,DA_RIVEDERE: is convinced,target,בעבר · היא,שוכנעה,שוכנעה,False,,,,,
hebverb_272,שכנע,pu'al,DA_RIVEDERE: is convinced,target,בעבר · אנחנו,שכנענו,שכנענו,False,,,,,
hebverb_272,שכנע,pu'al,DA_RIVEDERE: is convinced,target,בעבר · אנחנו,שוכנענו,שוכנענו,False,,,,,
hebverb_272,שכנע,pu'al,DA_RIVEDERE: is convinced,target,בעבר · אתם,שכנעתם,שכנעתם,False,,,,,
hebverb_272,שכנע,pu'al,DA_RIVEDERE: is convinced,target,בעבר · אתם,שוכנעתם,שוכנעתם,False,,,,,
hebverb_272,שכנע,pu'al,DA_RIVEDERE: is convinced,target,בעבר · אתן,שכנעתן,שכנעתן,False,,,,,
hebverb_272,שכנע,pu'al,DA_RIVEDERE: is convinced,target,בעבר · אתן,שוכנעתן,שוכנעתן,False,,,,,
hebverb_272,שכנע,pu'al,DA_RIVEDERE: is convinced,target,בעבר · הם,שכנעו,שכנעו,False,,,,,
hebverb_272,שכנע,pu'al,DA_RIVEDERE: is convinced,target,בעבר · הם,שוכנעו,שוכנעו,False,,,,,
hebverb_272,שכנע,pu'al,DA_RIVEDERE: is convinced,target,בעבר · הן,שכנעו,שכנעו,False,,,,,
hebverb_272,שכנע,pu'al,DA_RIVEDERE: is convinced,target,בעבר · הן,שוכנעו,שוכנעו,False,,,,,
hebverb_272,שכנע,pu'al,DA_RIVEDERE: is convinced,target,בעתיד · אני,אשכנע,אשכנע,False,,,,,
hebverb_272,שכנע,pu'al,DA_RIVEDERE: is convinced,target,בעתיד · אני,אשוכנע,אשוכנע,False,,,,,
hebverb_272,שכנע,pu'al,DA_RIVEDERE: is convinced,target,בעתיד · אתה,תשכנע,תשכנע,False,,,,,
hebverb_272,שכנע,pu'al,DA_RIVEDERE: is convinced,target,בעתיד · אתה,תשוכנע,תשוכנע,False,,,,,
hebverb_272,שכנע,pu'al,DA_RIVEDERE: is convinced,target,בעתיד · את,תשכנעי,תשכנעי,True,1.267359367,638.4157894736842,0.868421052631579,,
hebverb_272,שכנע,pu'al,DA_RIVEDERE: is convinced,target,בעתיד · את,תשוכנעי,תשוכנעי,False,,,,,
hebverb_272,שכנע,pu'al,DA_RIVEDERE: is convinced,target,בעתיד · הוא,ישכנע,ישכנע,False,,,,,
hebverb_272,שכנע,pu'al,DA_RIVEDERE: is convinced,target,בעתיד · הוא,ישוכנע,ישוכנע,False,,,,,
hebverb_272,שכנע,pu'al,DA_RIVEDERE: is convinced,target,בעתיד · היא,תשכנע,תשכנע,False,,,,,
hebverb_272,שכנע,pu'al,DA_RIVEDERE: is convinced,target,בעתיד · היא,תשוכנע,תשוכנע,False,,,,,
hebverb_272,שכנע,pu'al,DA_RIVEDERE: is convinced,target,בעתיד · אנחנו,נשכנע,נשכנע,False,,,,,
hebverb_272,שכנע,pu'al,DA_RIVEDERE: is convinced,target,בעתיד · אנחנו,נשוכנע,נשוכנע,False,,,,,
hebverb_272,שכנע,pu'al,DA_RIVEDERE: is convinced,target,בעתיד · אתם,תשכנעו,תשכנעו,False,,,,,
hebverb_272,שכנע,pu'al,DA_RIVEDERE: is convinced,target,בעתיד · אתם,תשוכנעו,תשוכנעו,False,,,,,
hebverb_272,שכנע,pu'al,DA_RIVEDERE: is convinced,target,בעתיד · אתן,תשכנענה,תשכנענה,False,,,,,
hebverb_272,שכנע,pu'al,DA_RIVEDERE: is convinced,target,בעתיד · אתן,תשוכנענה,תשוכנענה,False,,,,,
hebverb_272,שכנע,pu'al,DA_RIVEDERE: is convinced,target,בעתיד · הם,ישכנעו,ישכנעו,False,,,,,
hebverb_272,שכנע,pu'al,DA_RIVEDERE: is convinced,target,בעתיד · הם,ישוכנעו,ישוכנעו,False,,,,,
hebverb_272,שכנע,pu'al,DA_RIVEDERE: is convinced,target,בעתיד · הן,תשכנענה,תשכנענה,False,,,,,
hebverb_272,שכנע,pu'al,DA_RIVEDERE: is convinced,target,בעתיד · הן,תשוכנענה,תשוכנענה,False,,,,,
hebverb_273,שתף,pu'al,DA_RIVEDERE: is included,infinitive,infinitive,id_273,id_273,False,,,,,
hebverb_273,שתף,pu'al,DA_RIVEDERE: is included,present_1,present_1,משתף,משתף,True,8.59863915,541.297142857143,0.9142857142857143,492.1219512195122,0.8780487804878049
hebverb_273,שתף,pu'al,DA_RIVEDERE: is included,present_1,present_1,משותף,משותף,False,,,,,
hebverb_273,שתף,pu'al,DA_RIVEDERE: is included,present_2,present_2,משתפת,משתפת,False,,,,,
hebverb_273,שתף,pu'al,DA_RIVEDERE: is included,present_2,present_2,משותפת,משותפת,False,,,,,
hebverb_273,שתף,pu'al,DA_RIVEDERE: is included,present_3,present_3,משתפים,משתפים,False,,,,,
hebverb_273,שתף,pu'al,DA_RIVEDERE: is included,present_3,present_3,משותפים,משותפים,False,,,,,
hebverb_273,שתף,pu'al,DA_RIVEDERE: is included,present_4,present_4,משתפות,משתפות,False,,,,,
hebverb_273,שתף,pu'al,DA_RIVEDERE: is included,present_4,present_4,משותפות,משותפות,False,,,,,
hebverb_273,שתף,pu'al,DA_RIVEDERE: is included,target,בעבר · אני,שתפתי,שתפתי,False,,,,,
hebverb_273,שתף,pu'al,DA_RIVEDERE: is included,target,בעבר · אני,שותפתי,שותפתי,False,,,,,
hebverb_273,שתף,pu'al,DA_RIVEDERE: is included,target,בעבר · אתה,שתפת,שתפת,False,,,,,
hebverb_273,שתף,pu'al,DA_RIVEDERE: is included,target,בעבר · אתה,שותפת,שותפת,False,,,,,
hebverb_273,שתף,pu'al,DA_RIVEDERE: is included,target,בעבר · את,שתפת,שתפת,False,,,,,
hebverb_273,שתף,pu'al,DA_RIVEDERE: is included,target,בעבר · את,שותפת,שותפת,False,,,,,
hebverb_273,שתף,pu'al,DA_RIVEDERE: is included,target,בעבר · הוא,שתף,שתף,False,,,,,
hebverb_273,שתף,pu'al,DA_RIVEDERE: is included,target,בעבר · הוא,שותף,שותף,False,,,,,
hebverb_273,שתף,pu'al,DA_RIVEDERE: is included,target,בעבר · היא,שתפה,שתפה,False,,,,,
hebverb_273,שתף,pu'al,DA_RIVEDERE: is included,target,בעבר · היא,שותפה,שותפה,False,,,,,
hebverb_273,שתף,pu'al,DA_RIVEDERE: is included,target,בעבר · אנחנו,שתפנו,שתפנו,False,,,,,
hebverb_273,שתף,pu'al,DA_RIVEDERE: is included,target,בעבר · אנחנו,שותפנו,שותפנו,False,,,,,
hebverb_273,שתף,pu'al,DA_RIVEDERE: is included,target,בעבר · אתם,שתפתם,שתפתם,False,,,,,
hebverb_273,שתף,pu'al,DA_RIVEDERE: is included,target,בעבר · אתם,שותפתם,שותפתם,False,,,,,
hebverb_273,שתף,pu'al,DA_RIVEDERE: is included,target,בעבר · אתן,שתפתן,שתפתן,False,,,,,
hebverb_273,שתף,pu'al,DA_RIVEDERE: is included,target,בעבר · אתן,שותפתן,שותפתן,False,,,,,
hebverb_273,שתף,pu'al,DA_RIVEDERE: is included,target,בעבר · הם,שתפו,שתפו,False,,,,,
hebverb_273,שתף,pu'al,DA_RIVEDERE: is included,target,בעבר · הם,שותפו,שותפו,True,3.971867872,597.8027777777777,0.8378378378378378,,
hebverb_273,שתף,pu'al,DA_RIVEDERE: is included,target,בעבר · הן,שתפו,שתפו,False,,,,,
hebverb_273,שתף,pu'al,DA_RIVEDERE: is included,target,בעבר · הן,שותפו,שותפו,True,3.971867872,597.8027777777777,0.8378378378378378,,
hebverb_273,שתף,pu'al,DA_RIVEDERE: is included,target,בעתיד · אני,אשתף,אשתף,False,,,,,
hebverb_273,שתף,pu'al,DA_RIVEDERE: is included,target,בעתיד · אני,אשותף,אשותף,False,,,,,
hebverb_273,שתף,pu'al,DA_RIVEDERE: is included,target,בעתיד · אתה,תשתף,תשתף,False,,,,,
hebverb_273,שתף,pu'al,DA_RIVEDERE: is included,target,בעתיד · אתה,תשותף,תשותף,False,,,,,
hebverb_273,שתף,pu'al,DA_RIVEDERE: is included,target,בעתיד · את,תשתפי,תשתפי,False,,,,,
hebverb_273,שתף,pu'al,DA_RIVEDERE: is included,target,בעתיד · את,תשותפי,תשותפי,False,,,,,
hebverb_273,שתף,pu'al,DA_RIVEDERE: is included,target,בעתיד · הוא,ישתף,ישתף,False,,,,,
hebverb_273,שתף,pu'al,DA_RIVEDERE: is included,target,בעתיד · הוא,ישותף,ישותף,False,,,,,
hebverb_273,שתף,pu'al,DA_RIVEDERE: is included,target,בעתיד · היא,תשתף,תשתף,False,,,,,
hebverb_273,שתף,pu'al,DA_RIVEDERE: is included,target,בעתיד · היא,תשותף,תשותף,False,,,,,
hebverb_273,שתף,pu'al,DA_RIVEDERE: is included,target,בעתיד · אנחנו,נשתף,נשתף,False,,,,,
hebverb_273,שתף,pu'al,DA_RIVEDERE: is included,target,בעתיד · אנחנו,נשותף,נשותף,False,,,,,
hebverb_273,שתף,pu'al,DA_RIVEDERE: is included,target,בעתיד · אתם,תשתפו,תשתפו,True,0.903524142,594.3628571428571,0.8571428571428571,510.175,0.6097560975609756
hebverb_273,שתף,pu'al,DA_RIVEDERE: is included,target,בעתיד · אתם,תשותפו,תשותפו,False,,,,,
hebverb_273,שתף,pu'al,DA_RIVEDERE: is included,target,בעתיד · אתן,תשתפנה,תשתפנה,False,,,,,
hebverb_273,שתף,pu'al,DA_RIVEDERE: is included,target,בעתיד · אתן,תשותפנה,תשותפנה,False,,,,,
hebverb_273,שתף,pu'al,DA_RIVEDERE: is included,target,בעתיד · הם,ישתפו,ישתפו,False,,,,,
hebverb_273,שתף,pu'al,DA_RIVEDERE: is included,target,בעתיד · הם,ישותפו,ישותפו,False,,,,,
hebverb_273,שתף,pu'al,DA_RIVEDERE: is included,target,בעתיד · הן,תשתפנה,תשתפנה,False,,,,,
hebverb_273,שתף,pu'al,DA_RIVEDERE: is included,target,בעתיד · הן,תשותפנה,תשותפנה,False,,,,,
hebverb_274,קבל,pu'al,DA_RIVEDERE: is received,infinitive,infinitive,id_274,id_274,False,,,,,
hebverb_274,קבל,pu'al,DA_RIVEDERE: is received,present_1,present_1,מקבל,מקבל,True,296.7864569,546.4783783513514,0.972972972972973,,
hebverb_274,קבל,pu'al,DA_RIVEDERE: is received,present_1,present_1,מקובל,מקובל,False,,,,,
hebverb_274,קבל,pu'al,DA_RIVEDERE: is received,present_2,present_2,מקבלת,מקבלת,True,61.77315728,529.3378378378378,0.9210526315789473,514.6315789473684,0.9487179487179487
hebverb_274,קבל,pu'al,DA_RIVEDERE: is received,present_2,present_2,מקובלת,מקובלת,False,,,,,
hebverb_274,קבל,pu'al,DA_RIVEDERE: is received,present_3,present_3,מקבלים,מקבלים,False,,,,,
hebverb_274,קבל,pu'al,DA_RIVEDERE: is received,present_3,present_3,מקובלים,מקובלים,False,,,,,
hebverb_274,קבל,pu'al,DA_RIVEDERE: is received,present_4,present_4,מקבלות,מקבלות,False,,,,,
hebverb_274,קבל,pu'al,DA_RIVEDERE: is received,present_4,present_4,מקובלות,מקובלות,False,,,,,
hebverb_274,קבל,pu'al,DA_RIVEDERE: is received,target,בעבר · אני,קבלתי,קבלתי,False,,,,,
hebverb_274,קבל,pu'al,DA_RIVEDERE: is received,target,בעבר · אני,קובלתי,קובלתי,False,,,,,
hebverb_274,קבל,pu'al,DA_RIVEDERE: is received,target,בעבר · אתה,קבלת,קבלת,True,25.45027398,639.3264705882352,0.8571428571428571,501.258064516129,0.9473684210526315
hebverb_274,קבל,pu'al,DA_RIVEDERE: is received,target,בעבר · אתה,קובלת,קובלת,False,,,,,
hebverb_274,קבל,pu'al,DA_RIVEDERE: is received,target,בעבר · את,קבלת,קבלת,True,25.45027398,639.3264705882352,0.8571428571428571,501.258064516129,0.9473684210526315
hebverb_274,קבל,pu'al,DA_RIVEDERE: is received,target,בעבר · את,קובלת,קובלת,False,,,,,
hebverb_274,קבל,pu'al,DA_RIVEDERE: is received,target,בעבר · הוא,קבל,קבל,False,,,,,
hebverb_274,קבל,pu'al,DA_RIVEDERE: is received,target,בעבר · הוא,קובל,קובל,False,,,,,
hebverb_274,קבל,pu'al,DA_RIVEDERE: is received,target,בעבר · היא,קבלה,קבלה,False,,,,,
hebverb_274,קבל,pu'al,DA_RIVEDERE: is received,target,בעבר · היא,קובלה,קובלה,False,,,,,
hebverb_274,קבל,pu'al,DA_RIVEDERE: is received,target,בעבר · אנחנו,קבלנו,קבלנו,False,,,,,
hebverb_274,קבל,pu'al,DA_RIVEDERE: is received,target,בעבר · אנחנו,קובלנו,קובלנו,False,,,,,
hebverb_274,קבל,pu'al,DA_RIVEDERE: is received,target,בעבר · אתם,קבלתם,קבלתם,False,,,,,
hebverb_274,קבל,pu'al,DA_RIVEDERE: is received,target,בעבר · אתם,קובלתם,קובלתם,False,,,,,
hebverb_274,קבל,pu'al,DA_RIVEDERE: is received,target,בעבר · אתן,קבלתן,קבלתן,False,,,,,
hebverb_274,קבל,pu'al,DA_RIVEDERE: is received,target,בעבר · אתן,קובלתן,קובלתן,False,,,,,
hebverb_274,קבל,pu'al,DA_RIVEDERE: is received,target,בעבר · הם,קבלו,קבלו,True,15.51757234,573.4675,0.925,486.7878787878788,1.0
hebverb_274,קבל,pu'al,DA_RIVEDERE: is received,target,בעבר · הם,קובלו,קובלו,False,,,,,
hebverb_274,קבל,pu'al,DA_RIVEDERE: is received,target,בעבר · הן,קבלו,קבלו,True,15.51757234,573.4675,0.925,486.7878787878788,1.0
hebverb_274,קבל,pu'al,DA_RIVEDERE: is received,target,בעבר · הן,קובלו,קובלו,False,,,,,
hebverb_274,קבל,pu'al,DA_RIVEDERE: is received,target,בעתיד · אני,אקבל,אקבל,True,45.55823408,587.7657142857142,0.8857142857142857,,
hebverb_274,קבל,pu'al,DA_RIVEDERE: is received,target,בעתיד · אני,אקובל,אקובל,False,,,,,
hebverb_274,קבל,pu'al,DA_RIVEDERE: is received,target,בעתיד · אתה,תקבל,תקבל,False,,,,,
hebverb_274,קבל,pu'al,DA_RIVEDERE: is received,target,בעתיד · אתה,תקובל,תקובל,False,,,,,
hebverb_274,קבל,pu'al,DA_RIVEDERE: is received,target,בעתיד · את,תקבלי,תקבלי,False,,,,,
hebverb_274,קבל,pu'al,DA_RIVEDERE: is received,target,בעתיד · את,תקובלי,תקובלי,False,,,,,
hebverb_274,קבל,pu'al,DA_RIVEDERE: is received,target,בעתיד · הוא,יקבל,יקבל,True,44.12714887,578.7228571428572,0.8857142857142857,459.25,1.0
hebverb_274,קבל,pu'al,DA_RIVEDERE: is received,target,בעתיד · הוא,יקובל,יקובל,False,,,,,
hebverb_274,קבל,pu'al,DA_RIVEDERE: is received,target,בעתיד · היא,תקבל,תקבל,False,,,,,
hebverb_274,קבל,pu'al,DA_RIVEDERE: is received,target,בעתיד · היא,תקובל,תקובל,False,,,,,
hebverb_274,קבל,pu'al,DA_RIVEDERE: is received,target,בעתיד · אנחנו,נקבל,נקבל,True,28.02137624,513.8828571428572,0.9428571428571428,462.6578947368421,0.975609756097561
hebverb_274,קבל,pu'al,DA_RIVEDERE: is received,target,בעתיד · אנחנו,נקובל,נקובל,False,,,,,
hebverb_274,קבל,pu'al,DA_RIVEDERE: is received,target,בעתיד · אתם,תקבלו,תקבלו,False,,,,,
hebverb_274,קבל,pu'al,DA_RIVEDERE: is received,target,בעתיד · אתם,תקובלו,תקובלו,False,,,,,
hebverb_274,קבל,pu'al,DA_RIVEDERE: is received,target,בעתיד · אתן,תקבלנה,תקבלנה,False,,,,,
hebverb_274,קבל,pu'al,DA_RIVEDERE: is received,target,בעתיד · אתן,תקובלנה,תקובלנה,False,,,,,
hebverb_274,קבל,pu'al,DA_RIVEDERE: is received,target,בעתיד · הם,יקבלו,יקבלו,False,,,,,
hebverb_274,קבל,pu'al,DA_RIVEDERE: is received,target,בעתיד · הם,יקובלו,יקובלו,False,,,,,
hebverb_274,קבל,pu'al,DA_RIVEDERE: is received,target,בעתיד · הן,תקבלנה,תקבלנה,False,,,,,
hebverb_274,קבל,pu'al,DA_RIVEDERE: is received,target,בעתיד · הן,תקובלנה,תקובלנה,False,,,,,
hebverb_275,סדר,pu'al,DA_RIVEDERE: is organized,infinitive,infinitive,id_275,id_275,False,,,,,
hebverb_275,סדר,pu'al,DA_RIVEDERE: is organized,present_1,present_1,מסדר,מסדר,True,11.09091044,588.8166666666667,0.9444444444444444,506.27777777777777,0.9743589743589743
hebverb_275,סדר,pu'al,DA_RIVEDERE: is organized,present_1,present_1,מסודר,מסודר,False,,,,,
hebverb_275,סדר,pu'al,DA_RIVEDERE: is organized,present_2,present_2,מסדרת,מסדרת,False,,,,,
hebverb_275,סדר,pu'al,DA_RIVEDERE: is organized,present_2,present_2,מסודרת,מסודרת,False,,,,,
hebverb_275,סדר,pu'al,DA_RIVEDERE: is organized,present_3,present_3,מסדרים,מסדרים,False,,,,,
hebverb_275,סדר,pu'al,DA_RIVEDERE: is organized,present_3,present_3,מסודרים,מסודרים,False,,,,,
hebverb_275,סדר,pu'al,DA_RIVEDERE: is organized,present_4,present_4,מסדרות,מסדרות,False,,,,,
hebverb_275,סדר,pu'al,DA_RIVEDERE: is organized,present_4,present_4,מסודרות,מסודרות,True,1.352254253,573.8500000263158,0.9210526315789473,,
hebverb_275,סדר,pu'al,DA_RIVEDERE: is organized,target,בעבר · אני,סדרתי,סדרתי,True,13.74690758,580.642499975,1.0,,
hebverb_275,סדר,pu'al,DA_RIVEDERE: is organized,target,בעבר · אני,סודרתי,סודרתי,False,,,,,
hebverb_275,סדר,pu'al,DA_RIVEDERE: is organized,target,בעבר · אתה,סדרת,סדרת,False,,,,,
hebverb_275,סדר,pu'al,DA_RIVEDERE: is organized,target,בעבר · אתה,סודרת,סודרת,False,,,,,
hebverb_275,סדר,pu'al,DA_RIVEDERE: is organized,target,בעבר · את,סדרת,סדרת,False,,,,,
hebverb_275,סדר,pu'al,DA_RIVEDERE: is organized,target,בעבר · את,סודרת,סודרת,False,,,,,
hebverb_275,סדר,pu'al,DA_RIVEDERE: is organized,target,בעבר · הוא,סדר,סדר,False,,,,,
hebverb_275,סדר,pu'al,DA_RIVEDERE: is organized,target,בעבר · הוא,סודר,סודר,False,,,,,
hebverb_275,סדר,pu'al,DA_RIVEDERE: is organized,target,בעבר · היא,סדרה,סדרה,True,12.10964907,579.672972972973,0.972972972972973,,
hebverb_275,סדר,pu'al,DA_RIVEDERE: is organized,target,בעבר · היא,סודרה,סודרה,False,,,,,
hebverb_275,סדר,pu'al,DA_RIVEDERE: is organized,target,בעבר · אנחנו,סדרנו,סדרנו,False,,,,,
hebverb_275,סדר,pu'al,DA_RIVEDERE: is organized,target,בעבר · אנחנו,סודרנו,סודרנו,False,,,,,
hebverb_275,סדר,pu'al,DA_RIVEDERE: is organized,target,בעבר · אתם,סדרתם,סדרתם,False,,,,,
hebverb_275,סדר,pu'al,DA_RIVEDERE: is organized,target,בעבר · אתם,סודרתם,סודרתם,False,,,,,
hebverb_275,סדר,pu'al,DA_RIVEDERE: is organized,target,בעבר · אתן,סדרתן,סדרתן,False,,,,,
hebverb_275,סדר,pu'al,DA_RIVEDERE: is organized,target,בעבר · אתן,סודרתן,סודרתן,False,,,,,
hebverb_275,סדר,pu'al,DA_RIVEDERE: is organized,target,בעבר · הם,סדרו,סדרו,False,,,,,
hebverb_275,סדר,pu'al,DA_RIVEDERE: is organized,target,בעבר · הם,סודרו,סודרו,False,,,,,
hebverb_275,סדר,pu'al,DA_RIVEDERE: is organized,target,בעבר · הן,סדרו,סדרו,False,,,,,
hebverb_275,סדר,pu'al,DA_RIVEDERE: is organized,target,בעבר · הן,סודרו,סודרו,False,,,,,
hebverb_275,סדר,pu'al,DA_RIVEDERE: is organized,target,בעתיד · אני,אסדר,אסדר,False,,,,,
hebverb_275,סדר,pu'al,DA_RIVEDERE: is organized,target,בעתיד · אני,אסודר,אסודר,False,,,,,
hebverb_275,סדר,pu'al,DA_RIVEDERE: is organized,target,בעתיד · אתה,תסדר,תסדר,False,,,,,
hebverb_275,סדר,pu'al,DA_RIVEDERE: is organized,target,בעתיד · אתה,תסודר,תסודר,False,,,,,
hebverb_275,סדר,pu'al,DA_RIVEDERE: is organized,target,בעתיד · את,תסדרי,תסדרי,False,,,,,
hebverb_275,סדר,pu'al,DA_RIVEDERE: is organized,target,בעתיד · את,תסודרי,תסודרי,False,,,,,
hebverb_275,סדר,pu'al,DA_RIVEDERE: is organized,target,בעתיד · הוא,יסדר,יסדר,False,,,,,
hebverb_275,סדר,pu'al,DA_RIVEDERE: is organized,target,בעתיד · הוא,יסודר,יסודר,False,,,,,
hebverb_275,סדר,pu'al,DA_RIVEDERE: is organized,target,בעתיד · היא,תסדר,תסדר,False,,,,,
hebverb_275,סדר,pu'al,DA_RIVEDERE: is organized,target,בעתיד · היא,תסודר,תסודר,False,,,,,
hebverb_275,סדר,pu'al,DA_RIVEDERE: is organized,target,בעתיד · אנחנו,נסדר,נסדר,False,,,,,
hebverb_275,סדר,pu'al,DA_RIVEDERE: is organized,target,בעתיד · אנחנו,נסודר,נסודר,False,,,,,
hebverb_275,סדר,pu'al,DA_RIVEDERE: is organized,target,בעתיד · אתם,תסדרו,תסדרו,False,,,,,
hebverb_275,סדר,pu'al,DA_RIVEDERE: is organized,target,בעתיד · אתם,תסודרו,תסודרו,False,,,,,
hebverb_275,סדר,pu'al,DA_RIVEDERE: is organized,target,בעתיד · אתן,תסדרנה,תסדרנה,False,,,,,
hebverb_275,סדר,pu'al,DA_RIVEDERE: is organized,target,בעתיד · אתן,תסודרנה,תסודרנה,False,,,,,
hebverb_275,סדר,pu'al,DA_RIVEDERE: is organized,target,בעתיד · הם,יסדרו,יסדרו,False,,,,,
hebverb_275,סדר,pu'al,DA_RIVEDERE: is organized,target,בעתיד · הם,יסודרו,יסודרו,False,,,,,
hebverb_275,סדר,pu'al,DA_RIVEDERE: is organized,target,בעתיד · הן,תסדרנה,תסדרנה,False,,,,,
hebverb_275,סדר,pu'al,DA_RIVEDERE: is organized,target,בעתיד · הן,תסודרנה,תסודרנה,False,,,,,
hebverb_276,מלא,pu'al,DA_RIVEDERE: is filled,infinitive,infinitive,id_276,id_276,False,,,,,
hebverb_276,מלא,pu'al,DA_RIVEDERE: is filled,present_1,present_1,ממולא,ממולא,False,,,,,
hebverb_276,מלא,pu'al,DA_RIVEDERE: is filled,present_1,present_1,ממלא,ממלא,False,,,,,
hebverb_276,מלא,pu'al,DA_RIVEDERE: is filled,present_2,present_2,ממולאת,ממולאת,False,,,,,
hebverb_276,מלא,pu'al,DA_RIVEDERE: is filled,present_2,present_2,ממלאת,ממלאת,True,3.189622139,542.7486486486487,0.7948717948717948,,
hebverb_276,מלא,pu'al,DA_RIVEDERE: is filled,present_3,present_3,ממולאים,ממולאים,False,,,,,
hebverb_276,מלא,pu'al,DA_RIVEDERE: is filled,present_3,present_3,ממלאים,ממלאים,True,4.578259914,600.2736842105263,0.9210526315789473,,
hebverb_276,מלא,pu'al,DA_RIVEDERE: is filled,present_4,present_4,ממולאות,ממולאות,False,,,,,
hebverb_276,מלא,pu'al,DA_RIVEDERE: is filled,present_4,present_4,ממלאות,ממלאות,False,,,,,
hebverb_276,מלא,pu'al,DA_RIVEDERE: is filled,target,בעבר · אני,מולאתי,מולאתי,False,,,,,
hebverb_276,מלא,pu'al,DA_RIVEDERE: is filled,target,בעבר · אני,מלאתי,מלאתי,False,,,,,
hebverb_276,מלא,pu'al,DA_RIVEDERE: is filled,target,בעבר · אתה,מולאת,מולאת,False,,,,,
hebverb_276,מלא,pu'al,DA_RIVEDERE: is filled,target,בעבר · אתה,מלאת,מלאת,False,,,,,
hebverb_276,מלא,pu'al,DA_RIVEDERE: is filled,target,בעבר · את,מולאת,מולאת,False,,,,,
hebverb_276,מלא,pu'al,DA_RIVEDERE: is filled,target,בעבר · את,מלאת,מלאת,False,,,,,
hebverb_276,מלא,pu'al,DA_RIVEDERE: is filled,target,בעבר · הוא,מולא,מולא,False,,,,,
hebverb_276,מלא,pu'al,DA_RIVEDERE: is filled,target,בעבר · הוא,מלא,מלא,False,,,,,
hebverb_276,מלא,pu'al,DA_RIVEDERE: is filled,target,בעבר · היא,מולאה,מולאה,False,,,,,
hebverb_276,מלא,pu'al,DA_RIVEDERE: is filled,target,בעבר · היא,מלאה,מלאה,True,92.09275935,565.22,0.975,,
hebverb_276,מלא,pu'al,DA_RIVEDERE: is filled,target,בעבר · אנחנו,מולאנו,מולאנו,False,,,,,
hebverb_276,מלא,pu'al,DA_RIVEDERE: is filled,target,בעבר · אנחנו,מלאנו,מלאנו,False,,,,,
hebverb_276,מלא,pu'al,DA_RIVEDERE: is filled,target,בעבר · אתם,מולאתם,מולאתם,False,,,,,
hebverb_276,מלא,pu'al,DA_RIVEDERE: is filled,target,בעבר · אתם,מלאתם,מלאתם,False,,,,,
hebverb_276,מלא,pu'al,DA_RIVEDERE: is filled,target,בעבר · אתן,מולאתן,מולאתן,False,,,,,
hebverb_276,מלא,pu'al,DA_RIVEDERE: is filled,target,בעבר · אתן,מלאתן,מלאתן,False,,,,,
hebverb_276,מלא,pu'al,DA_RIVEDERE: is filled,target,בעבר · הם,מולאו,מולאו,False,,,,,
hebverb_276,מלא,pu'al,DA_RIVEDERE: is filled,target,בעבר · הם,מלאו,מלאו,False,,,,,
hebverb_276,מלא,pu'al,DA_RIVEDERE: is filled,target,בעבר · הן,מולאו,מולאו,False,,,,,
hebverb_276,מלא,pu'al,DA_RIVEDERE: is filled,target,בעבר · הן,מלאו,מלאו,False,,,,,
hebverb_276,מלא,pu'al,DA_RIVEDERE: is filled,target,בעתיד · אני,אמולא,אמולא,False,,,,,
hebverb_276,מלא,pu'al,DA_RIVEDERE: is filled,target,בעתיד · אני,אמלא,אמלא,False,,,,,
hebverb_276,מלא,pu'al,DA_RIVEDERE: is filled,target,בעתיד · אתה,תמולא,תמולא,False,,,,,
hebverb_276,מלא,pu'al,DA_RIVEDERE: is filled,target,בעתיד · אתה,תמלא,תמלא,False,,,,,
hebverb_276,מלא,pu'al,DA_RIVEDERE: is filled,target,בעתיד · את,תמולאי,תמולאי,False,,,,,
hebverb_276,מלא,pu'al,DA_RIVEDERE: is filled,target,בעתיד · את,תמלאי,תמלאי,True,1.825240045,663.8783784054054,0.6486486486486487,484.9032258064516,0.9411764705882353
hebverb_276,מלא,pu'al,DA_RIVEDERE: is filled,target,בעתיד · הוא,ימולא,ימולא,False,,,,,
hebverb_276,מלא,pu'al,DA_RIVEDERE: is filled,target,בעתיד · הוא,ימלא,ימלא,True,2.546846575,660.1512820512821,0.6666666666666666,484.3243243243243,1.0
hebverb_276,מלא,pu'al,DA_RIVEDERE: is filled,target,בעתיד · היא,תמולא,תמולא,False,,,,,
hebverb_276,מלא,pu'al,DA_RIVEDERE: is filled,target,בעתיד · היא,תמלא,תמלא,False,,,,,
hebverb_276,מלא,pu'al,DA_RIVEDERE: is filled,target,בעתיד · אנחנו,נמולא,נמולא,False,,,,,
hebverb_276,מלא,pu'al,DA_RIVEDERE: is filled,target,בעתיד · אנחנו,נמלא,נמלא,True,2.498335211,618.6828571428572,0.7428571428571429,,
hebverb_276,מלא,pu'al,DA_RIVEDERE: is filled,target,בעתיד · אתם,תמולאו,תמולאו,False,,,,,
hebverb_276,מלא,pu'al,DA_RIVEDERE: is filled,target,בעתיד · אתם,תמלאו,תמלאו,False,,,,,
hebverb_276,מלא,pu'al,DA_RIVEDERE: is filled,target,בעתיד · אתן,תמולאנה,תמולאנה,False,,,,,
hebverb_276,מלא,pu'al,DA_RIVEDERE: is filled,target,בעתיד · אתן,תמלאנה,תמלאנה,False,,,,,
hebverb_276,מלא,pu'al,DA_RIVEDERE: is filled,target,בעתיד · הם,ימולאו,ימולאו,False,,,,,
hebverb_276,מלא,pu'al,DA_RIVEDERE: is filled,target,בעתיד · הם,ימלאו,ימלאו,False,,,,,
hebverb_276,מלא,pu'al,DA_RIVEDERE: is filled,target,בעתיד · הן,תמולאנה,תמולאנה,False,,,,,
hebverb_276,מלא,pu'al,DA_RIVEDERE: is filled,target,בעתיד · הן,תמלאנה,תמלאנה,False,,,,,
hebverb_277,בין,huf'al,DA_RIVEDERE: is understood,infinitive,infinitive,id_277,id_277,False,,,,,
hebverb_277,בין,huf'al,DA_RIVEDERE: is understood,present_1,present_1,מובן,מובן,True,45.63706505,579.4861111111111,0.8648648648648649,,
hebverb_277,בין,huf'al,DA_RIVEDERE: is understood,present_2,present_2,מובנת,מובנת,True,2.48014345,555.2162162162163,0.9459459459459459,463.3243243243243,1.0
hebverb_277,בין,huf'al,DA_RIVEDERE: is understood,present_3,present_3,מובנים,מובנים,False,,,,,
hebverb_277,בין,huf'al,DA_RIVEDERE: is understood,present_4,present_4,מובנות,מובנות,False,,,,,
hebverb_277,בין,huf'al,DA_RIVEDERE: is understood,target,בעבר · אני,הובנתי,הובנתי,False,,,,,
hebverb_277,בין,huf'al,DA_RIVEDERE: is understood,target,בעבר · אתה,הובנת,הובנת,False,,,,,
hebverb_277,בין,huf'al,DA_RIVEDERE: is understood,target,בעבר · את,הובנת,הובנת,False,,,,,
hebverb_277,בין,huf'al,DA_RIVEDERE: is understood,target,בעבר · הוא,הובן,הובן,False,,,,,
hebverb_277,בין,huf'al,DA_RIVEDERE: is understood,target,בעבר · היא,הובנה,הובנה,False,,,,,
hebverb_277,בין,huf'al,DA_RIVEDERE: is understood,target,בעבר · אנחנו,הובנו,הובנו,False,,,,,
hebverb_277,בין,huf'al,DA_RIVEDERE: is understood,target,בעבר · אתם,הובנתם,הובנתם,False,,,,,
hebverb_277,בין,huf'al,DA_RIVEDERE: is understood,target,בעבר · אתן,הובנתן,הובנתן,False,,,,,
hebverb_277,בין,huf'al,DA_RIVEDERE: is understood,target,בעבר · הם,הובנו,הובנו,False,,,,,
hebverb_277,בין,huf'al,DA_RIVEDERE: is understood,target,בעבר · הן,הובנו,הובנו,False,,,,,
hebverb_277,בין,huf'al,DA_RIVEDERE: is understood,target,בעתיד · אני,אובן,אובן,False,,,,,
hebverb_277,בין,huf'al,DA_RIVEDERE: is understood,target,בעתיד · אתה,תובן,תובן,False,,,,,
hebverb_277,בין,huf'al,DA_RIVEDERE: is understood,target,בעתיד · את,תובני,תובני,False,,,,,
hebverb_277,בין,huf'al,DA_RIVEDERE: is understood,target,בעתיד · הוא,יובן,יובן,False,,,,,
hebverb_277,בין,huf'al,DA_RIVEDERE: is understood,target,בעתיד · היא,תובן,תובן,False,,,,,
hebverb_277,בין,huf'al,DA_RIVEDERE: is understood,target,בעתיד · אנחנו,נובן,נובן,False,,,,,
hebverb_277,בין,huf'al,DA_RIVEDERE: is understood,target,בעתיד · אתם,תובנו,תובנו,False,,,,,
hebverb_277,בין,huf'al,DA_RIVEDERE: is understood,target,בעתיד · אתן,תובנה,תובנה,False,,,,,
hebverb_277,בין,huf'al,DA_RIVEDERE: is understood,target,בעתיד · הם,יובנו,יובנו,False,,,,,
hebverb_277,בין,huf'al,DA_RIVEDERE: is understood,target,בעתיד · הן,תובנה,תובנה,False,,,,,
hebverb_278,חלף,huf'al,DA_RIVEDERE: is replaced,infinitive,infinitive,id_278,id_278,False,,,,,
hebverb_278,חלף,huf'al,DA_RIVEDERE: is replaced,present_1,present_1,"מחלף, מחלף, מחלף","מחלף, מחלף, מחלף",False,,,,,
hebverb_278,חלף,huf'al,DA_RIVEDERE: is replaced,present_1,present_1,מוחלף,מוחלף,True,0.970227267,634.0314285714285,0.9142857142857143,456.46875,1.0
hebverb_278,חלף,huf'al,DA_RIVEDERE: is replaced,present_2,present_2,"מחלפת, מחלפת, מחלפת","מחלפת, מחלפת, מחלפת",False,,,,,
hebverb_278,חלף,huf'al,DA_RIVEDERE: is replaced,present_2,present_2,מוחלפת,מוחלפת,False,,,,,
hebverb_278,חלף,huf'al,DA_RIVEDERE: is replaced,present_3,present_3,"מחלפים, מחלפים, מחלפים","מחלפים, מחלפים, מחלפים",False,,,,,
hebverb_278,חלף,huf'al,DA_RIVEDERE: is replaced,present_3,present_3,מוחלפים,מוחלפים,False,,,,,
hebverb_278,חלף,huf'al,DA_RIVEDERE: is replaced,present_4,present_4,"מחלפות, מחלפות, מחלפות","מחלפות, מחלפות, מחלפות",False,,,,,
hebverb_278,חלף,huf'al,DA_RIVEDERE: is replaced,present_4,present_4,מוחלפות,מוחלפות,False,,,,,
hebverb_278,חלף,huf'al,DA_RIVEDERE: is replaced,target,בעבר · אני,"החלפתי, החלפתי, החלפתי","החלפתי, החלפתי, החלפתי",False,,,,,
hebverb_278,חלף,huf'al,DA_RIVEDERE: is replaced,target,בעבר · אני,הוחלפתי,הוחלפתי,False,,,,,
hebverb_278,חלף,huf'al,DA_RIVEDERE: is replaced,target,בעבר · אתה,"החלפת, החלפת, החלפת","החלפת, החלפת, החלפת",False,,,,,
hebverb_278,חלף,huf'al,DA_RIVEDERE: is replaced,target,בעבר · אתה,הוחלפת,הוחלפת,False,,,,,
hebverb_278,חלף,huf'al,DA_RIVEDERE: is replaced,target,בעבר · את,"החלפת, החלפת, החלפת","החלפת, החלפת, החלפת",False,,,,,
hebverb_278,חלף,huf'al,DA_RIVEDERE: is replaced,target,בעבר · את,הוחלפת,הוחלפת,False,,,,,
hebverb_278,חלף,huf'al,DA_RIVEDERE: is replaced,target,בעבר · הוא,"החלף, החלף, החלף","החלף, החלף, החלף",False,,,,,
hebverb_278,חלף,huf'al,DA_RIVEDERE: is replaced,target,בעבר · הוא,הוחלף,הוחלף,False,,,,,
hebverb_278,חלף,huf'al,DA_RIVEDERE: is replaced,target,בעבר · היא,"החלפה, החלפה, החלפה","החלפה, החלפה, החלפה",False,,,,,
hebverb_278,חלף,huf'al,DA_RIVEDERE: is replaced,target,בעבר · היא,הוחלפה,הוחלפה,False,,,,,
hebverb_278,חלף,huf'al,DA_RIVEDERE: is replaced,target,בעבר · אנחנו,"החלפנו, החלפנו, החלפנו","החלפנו, החלפנו, החלפנו",False,,,,,
hebverb_278,חלף,huf'al,DA_RIVEDERE: is replaced,target,בעבר · אנחנו,הוחלפנו,הוחלפנו,False,,,,,
hebverb_278,חלף,huf'al,DA_RIVEDERE: is replaced,target,בעבר · אתם,"החלפתם, החלפתם, החלפתם","החלפתם, החלפתם, החלפתם",False,,,,,
hebverb_278,חלף,huf'al,DA_RIVEDERE: is replaced,target,בעבר · אתם,הוחלפתם,הוחלפתם,False,,,,,
hebverb_278,חלף,huf'al,DA_RIVEDERE: is replaced,target,בעבר · אתן,"החלפתן, החלפתן, החלפתן","החלפתן, החלפתן, החלפתן",False,,,,,
hebverb_278,חלף,huf'al,DA_RIVEDERE: is replaced,target,בעבר · אתן,הוחלפתן,הוחלפתן,False,,,,,
hebverb_278,חלף,huf'al,DA_RIVEDERE: is replaced,target,בעבר · הם,"החלפו, החלפו, החלפו","החלפו, החלפו, החלפו",False,,,,,
hebverb_278,חלף,huf'al,DA_RIVEDERE: is replaced,target,בעבר · הם,הוחלפו,הוחלפו,False,,,,,
hebverb_278,חלף,huf'al,DA_RIVEDERE: is replaced,target,בעבר · הן,"החלפו, החלפו, החלפו","החלפו, החלפו, החלפו",False,,,,,
hebverb_278,חלף,huf'al,DA_RIVEDERE: is replaced,target,בעבר · הן,הוחלפו,הוחלפו,False,,,,,
hebverb_278,חלף,huf'al,DA_RIVEDERE: is replaced,target,בעתיד · אני,"אחלף, אחלף, אחלף","אחלף, אחלף, אחלף",False,,,,,
hebverb_278,חלף,huf'al,DA_RIVEDERE: is replaced,target,בעתיד · אני,אוחלף,אוחלף,False,,,,,
hebverb_278,חלף,huf'al,DA_RIVEDERE: is replaced,target,בעתיד · אתה,"תחלף, תחלף, תחלף","תחלף, תחלף, תחלף",False,,,,,
hebverb_278,חלף,huf'al,DA_RIVEDERE: is replaced,target,בעתיד · אתה,תוחלף,תוחלף,False,,,,,
hebverb_278,חלף,huf'al,DA_RIVEDERE: is replaced,target,בעתיד · את,"תחלפי, תחלפי, תחלפי","תחלפי, תחלפי, תחלפי",False,,,,,
hebverb_278,חלף,huf'al,DA_RIVEDERE: is replaced,target,בעתיד · את,תוחלפי,תוחלפי,False,,,,,
hebverb_278,חלף,huf'al,DA_RIVEDERE: is replaced,target,בעתיד · הוא,"יחלף, יחלף, יחלף","יחלף, יחלף, יחלף",False,,,,,
hebverb_278,חלף,huf'al,DA_RIVEDERE: is replaced,target,בעתיד · הוא,יוחלף,יוחלף,False,,,,,
hebverb_278,חלף,huf'al,DA_RIVEDERE: is replaced,target,בעתיד · היא,"תחלף, תחלף, תחלף","תחלף, תחלף, תחלף",False,,,,,
hebverb_278,חלף,huf'al,DA_RIVEDERE: is replaced,target,בעתיד · היא,תוחלף,תוחלף,False,,,,,
hebverb_278,חלף,huf'al,DA_RIVEDERE: is replaced,target,בעתיד · אנחנו,"נחלף, נחלף, נחלף","נחלף, נחלף, נחלף",False,,,,,
hebverb_278,חלף,huf'al,DA_RIVEDERE: is replaced,target,בעתיד · אנחנו,נוחלף,נוחלף,False,,,,,
hebverb_278,חלף,huf'al,DA_RIVEDERE: is replaced,target,בעתיד · אתם,"תחלפו, תחלפו, תחלפו","תחלפו, תחלפו, תחלפו",False,,,,,
hebverb_278,חלף,huf'al,DA_RIVEDERE: is replaced,target,בעתיד · אתם,תוחלפו,תוחלפו,False,,,,,
hebverb_278,חלף,huf'al,DA_RIVEDERE: is replaced,target,בעתיד · אתן,"תחלפנה, תחלפנה, תחלפנה","תחלפנה, תחלפנה, תחלפנה",False,,,,,
hebverb_278,חלף,huf'al,DA_RIVEDERE: is replaced,target,בעתיד · אתן,תוחלפנה,תוחלפנה,False,,,,,
hebverb_278,חלף,huf'al,DA_RIVEDERE: is replaced,target,בעתיד · הם,"יחלפו, יחלפו, יחלפו","יחלפו, יחלפו, יחלפו",False,,,,,
hebverb_278,חלף,huf'al,DA_RIVEDERE: is replaced,target,בעתיד · הם,יוחלפו,יוחלפו,False,,,,,
hebverb_278,חלף,huf'al,DA_RIVEDERE: is replaced,target,בעתיד · הן,"תחלפנה, תחלפנה, תחלפנה","תחלפנה, תחלפנה, תחלפנה",False,,,,,
hebverb_278,חלף,huf'al,DA_RIVEDERE: is replaced,target,בעתיד · הן,תוחלפנה,תוחלפנה,False,,,,,
hebverb_279,רכב,huf'al,"DA_RIVEDERE: complicated, composed",infinitive,infinitive,id_279,id_279,False,,,,,
hebverb_279,רכב,huf'al,"DA_RIVEDERE: complicated, composed",present_1,present_1,"מרכב, מרכב","מרכב, מרכב",False,,,,,
hebverb_279,רכב,huf'al,"DA_RIVEDERE: complicated, composed",present_1,present_1,מורכב,מורכב,False,,,,,
hebverb_279,רכב,huf'al,"DA_RIVEDERE: complicated, composed",present_2,present_2,"מרכבת, מרכבת","מרכבת, מרכבת",False,,,,,
hebverb_279,רכב,huf'al,"DA_RIVEDERE: complicated, composed",present_2,present_2,מורכבת,מורכבת,True,7.058403364,562.0944444444444,0.9459459459459459,,
hebverb_279,רכב,huf'al,"DA_RIVEDERE: complicated, composed",present_3,present_3,"מרכבים, מרכבים","מרכבים, מרכבים",False,,,,,
hebverb_279,רכב,huf'al,"DA_RIVEDERE: complicated, composed",present_3,present_3,מורכבים,מורכבים,False,,,,,
hebverb_279,רכב,huf'al,"DA_RIVEDERE: complicated, composed",present_4,present_4,"מרכבות, מרכבות","מרכבות, מרכבות",False,,,,,
hebverb_279,רכב,huf'al,"DA_RIVEDERE: complicated, composed",present_4,present_4,מורכבות,מורכבות,False,,,,,
hebverb_279,רכב,huf'al,"DA_RIVEDERE: complicated, composed",target,בעבר · אני,"הרכבתי, הרכבתי","הרכבתי, הרכבתי",False,,,,,
hebverb_279,רכב,huf'al,"DA_RIVEDERE: complicated, composed",target,בעבר · אני,הורכבתי,הורכבתי,False,,,,,
hebverb_279,רכב,huf'al,"DA_RIVEDERE: complicated, composed",target,בעבר · אתה,"הרכבת, הרכבת","הרכבת, הרכבת",False,,,,,
hebverb_279,רכב,huf'al,"DA_RIVEDERE: complicated, composed",target,בעבר · אתה,הורכבת,הורכבת,False,,,,,
hebverb_279,רכב,huf'al,"DA_RIVEDERE: complicated, composed",target,בעבר · את,"הרכבת, הרכבת","הרכבת, הרכבת",False,,,,,
hebverb_279,רכב,huf'al,"DA_RIVEDERE: complicated, composed",target,בעבר · את,הורכבת,הורכבת,False,,,,,
hebverb_279,רכב,huf'al,"DA_RIVEDERE: complicated, composed",target,בעבר · הוא,"הרכב, הרכב","הרכב, הרכב",False,,,,,
hebverb_279,רכב,huf'al,"DA_RIVEDERE: complicated, composed",target,בעבר · הוא,הורכב,הורכב,False,,,,,
hebverb_279,רכב,huf'al,"DA_RIVEDERE: complicated, composed",target,בעבר · היא,"הרכבה, הרכבה","הרכבה, הרכבה",False,,,,,
hebverb_279,רכב,huf'al,"DA_RIVEDERE: complicated, composed",target,בעבר · היא,הורכבה,הורכבה,False,,,,,
hebverb_279,רכב,huf'al,"DA_RIVEDERE: complicated, composed",target,בעבר · אנחנו,"הרכבנו, הרכבנו","הרכבנו, הרכבנו",False,,,,,
hebverb_279,רכב,huf'al,"DA_RIVEDERE: complicated, composed",target,בעבר · אנחנו,הורכבנו,הורכבנו,False,,,,,
hebverb_279,רכב,huf'al,"DA_RIVEDERE: complicated, composed",target,בעבר · אתם,"הרכבתם, הרכבתם","הרכבתם, הרכבתם",False,,,,,
hebverb_279,רכב,huf'al,"DA_RIVEDERE: complicated, composed",target,בעבר · אתם,הורכבתם,הורכבתם,False,,,,,
hebverb_279,רכב,huf'al,"DA_RIVEDERE: complicated, composed",target,בעבר · אתן,"הרכבתן, הרכבתן","הרכבתן, הרכבתן",False,,,,,
hebverb_279,רכב,huf'al,"DA_RIVEDERE: complicated, composed",target,בעבר · אתן,הורכבתן,הורכבתן,False,,,,,
hebverb_279,רכב,huf'al,"DA_RIVEDERE: complicated, composed",target,בעבר · הם,"הרכבו, הרכבו","הרכבו, הרכבו",False,,,,,
hebverb_279,רכב,huf'al,"DA_RIVEDERE: complicated, composed",target,בעבר · הם,הורכבו,הורכבו,False,,,,,
hebverb_279,רכב,huf'al,"DA_RIVEDERE: complicated, composed",target,בעבר · הן,"הרכבו, הרכבו","הרכבו, הרכבו",False,,,,,
hebverb_279,רכב,huf'al,"DA_RIVEDERE: complicated, composed",target,בעבר · הן,הורכבו,הורכבו,False,,,,,
hebverb_279,רכב,huf'al,"DA_RIVEDERE: complicated, composed",target,בעתיד · אני,"ארכב, ארכב","ארכב, ארכב",False,,,,,
hebverb_279,רכב,huf'al,"DA_RIVEDERE: complicated, composed",target,בעתיד · אני,אורכב,אורכב,False,,,,,
hebverb_279,רכב,huf'al,"DA_RIVEDERE: complicated, composed",target,בעתיד · אתה,"תרכב, תרכב","תרכב, תרכב",False,,,,,
hebverb_279,רכב,huf'al,"DA_RIVEDERE: complicated, composed",target,בעתיד · אתה,תורכב,תורכב,False,,,,,
hebverb_279,רכב,huf'al,"DA_RIVEDERE: complicated, composed",target,בעתיד · את,"תרכבי, תרכבי","תרכבי, תרכבי",False,,,,,
hebverb_279,רכב,huf'al,"DA_RIVEDERE: complicated, composed",target,בעתיד · את,תורכבי,תורכבי,False,,,,,
hebverb_279,רכב,huf'al,"DA_RIVEDERE: complicated, composed",target,בעתיד · הוא,"ירכב, ירכב","ירכב, ירכב",False,,,,,
hebverb_279,רכב,huf'al,"DA_RIVEDERE: complicated, composed",target,בעתיד · הוא,יורכב,יורכב,False,,,,,
hebverb_279,רכב,huf'al,"DA_RIVEDERE: complicated, composed",target,בעתיד · היא,"תרכב, תרכב","תרכב, תרכב",False,,,,,
hebverb_279,רכב,huf'al,"DA_RIVEDERE: complicated, composed",target,בעתיד · היא,תורכב,תורכב,False,,,,,
hebverb_279,רכב,huf'al,"DA_RIVEDERE: complicated, composed",target,בעתיד · אנחנו,"נרכב, נרכב","נרכב, נרכב",False,,,,,
hebverb_279,רכב,huf'al,"DA_RIVEDERE: complicated, composed",target,בעתיד · אנחנו,נורכב,נורכב,False,,,,,
hebverb_279,רכב,huf'al,"DA_RIVEDERE: complicated, composed",target,בעתיד · אתם,"תרכבו, תרכבו","תרכבו, תרכבו",False,,,,,
hebverb_279,רכב,huf'al,"DA_RIVEDERE: complicated, composed",target,בעתיד · אתם,תורכבו,תורכבו,False,,,,,
hebverb_279,רכב,huf'al,"DA_RIVEDERE: complicated, composed",target,בעתיד · אתן,"תרכבנה, תרכבנה","תרכבנה, תרכבנה",False,,,,,
hebverb_279,רכב,huf'al,"DA_RIVEDERE: complicated, composed",target,בעתיד · אתן,תורכבנה,תורכבנה,False,,,,,
hebverb_279,רכב,huf'al,"DA_RIVEDERE: complicated, composed",target,בעתיד · הם,"ירכבו, ירכבו","ירכבו, ירכבו",False,,,,,
hebverb_279,רכב,huf'al,"DA_RIVEDERE: complicated, composed",target,בעתיד · הם,יורכבו,יורכבו,False,,,,,
hebverb_279,רכב,huf'al,"DA_RIVEDERE: complicated, composed",target,בעתיד · הן,"תרכבנה, תרכבנה","תרכבנה, תרכבנה",False,,,,,
hebverb_279,רכב,huf'al,"DA_RIVEDERE: complicated, composed",target,בעתיד · הן,תורכבנה,תורכבנה,False,,,,,
hebverb_280,זמן,huf'al,DA_RIVEDERE: is invited,infinitive,infinitive,id_280,id_280,False,,,,,
hebverb_280,זמן,huf'al,DA_RIVEDERE: is invited,present_1,present_1,"מזמן, מזמן","מזמן, מזמן",False,,,,,
hebverb_280,זמן,huf'al,DA_RIVEDERE: is invited,present_1,present_1,מוזמן,מוזמן,False,,,,,
hebverb_280,זמן,huf'al,DA_RIVEDERE: is invited,present_2,present_2,"מזמנת, מזמנת","מזמנת, מזמנת",False,,,,,
hebverb_280,זמן,huf'al,DA_RIVEDERE: is invited,present_2,present_2,מוזמנת,מוזמנת,False,,,,,
hebverb_280,זמן,huf'al,DA_RIVEDERE: is invited,present_3,present_3,"מזמנים, מזמנים","מזמנים, מזמנים",False,,,,,
hebverb_280,זמן,huf'al,DA_RIVEDERE: is invited,present_3,present_3,מוזמנים,מוזמנים,False,,,,,
hebverb_280,זמן,huf'al,DA_RIVEDERE: is invited,present_4,present_4,"מזמנות, מזמנות","מזמנות, מזמנות",False,,,,,
hebverb_280,זמן,huf'al,DA_RIVEDERE: is invited,present_4,present_4,מוזמנות,מוזמנות,False,,,,,
hebverb_280,זמן,huf'al,DA_RIVEDERE: is invited,target,בעבר · אני,"הזמנתי, הזמנתי","הזמנתי, הזמנתי",False,,,,,
hebverb_280,זמן,huf'al,DA_RIVEDERE: is invited,target,בעבר · אני,הוזמנתי,הוזמנתי,True,3.335156229,628.5942857142857,0.9142857142857143,496.40625,0.9117647058823529
hebverb_280,זמן,huf'al,DA_RIVEDERE: is invited,target,בעבר · אתה,"הזמנת, הזמנת","הזמנת, הזמנת",False,,,,,
hebverb_280,זמן,huf'al,DA_RIVEDERE: is invited,target,בעבר · אתה,הוזמנת,הוזמנת,False,,,,,
hebverb_280,זמן,huf'al,DA_RIVEDERE: is invited,target,בעבר · את,"הזמנת, הזמנת","הזמנת, הזמנת",False,,,,,
hebverb_280,זמן,huf'al,DA_RIVEDERE: is invited,target,בעבר · את,הוזמנת,הוזמנת,False,,,,,
hebverb_280,זמן,huf'al,DA_RIVEDERE: is invited,target,בעבר · הוא,"הזמן, הזמן","הזמן, הזמן",False,,,,,
hebverb_280,זמן,huf'al,DA_RIVEDERE: is invited,target,בעבר · הוא,הוזמן,הוזמן,True,3.128982935,553.581081081081,0.868421052631579,,
hebverb_280,זמן,huf'al,DA_RIVEDERE: is invited,target,בעבר · היא,"הזמנה, הזמנה","הזמנה, הזמנה",False,,,,,
hebverb_280,זמן,huf'al,DA_RIVEDERE: is invited,target,בעבר · היא,הוזמנה,הוזמנה,False,,,,,
hebverb_280,זמן,huf'al,DA_RIVEDERE: is invited,target,בעבר · אנחנו,"הזמנו, הזמנו","הזמנו, הזמנו",False,,,,,
hebverb_280,זמן,huf'al,DA_RIVEDERE: is invited,target,בעבר · אנחנו,הוזמנו,הוזמנו,False,,,,,
hebverb_280,זמן,huf'al,DA_RIVEDERE: is invited,target,בעבר · אתם,"הזמנתם, הזמנתם","הזמנתם, הזמנתם",False,,,,,
hebverb_280,זמן,huf'al,DA_RIVEDERE: is invited,target,בעבר · אתם,הוזמנתם,הוזמנתם,False,,,,,
hebverb_280,זמן,huf'al,DA_RIVEDERE: is invited,target,בעבר · אתן,"הזמנתן, הזמנתן","הזמנתן, הזמנתן",False,,,,,
hebverb_280,זמן,huf'al,DA_RIVEDERE: is invited,target,בעבר · אתן,הוזמנתן,הוזמנתן,False,,,,,
hebverb_280,זמן,huf'al,DA_RIVEDERE: is invited,target,בעבר · הם,"הזמנו, הזמנו","הזמנו, הזמנו",False,,,,,
hebverb_280,זמן,huf'al,DA_RIVEDERE: is invited,target,בעבר · הם,הוזמנו,הוזמנו,False,,,,,
hebverb_280,זמן,huf'al,DA_RIVEDERE: is invited,target,בעבר · הן,"הזמנו, הזמנו","הזמנו, הזמנו",False,,,,,
hebverb_280,זמן,huf'al,DA_RIVEDERE: is invited,target,בעבר · הן,הוזמנו,הוזמנו,False,,,,,
hebverb_280,זמן,huf'al,DA_RIVEDERE: is invited,target,בעתיד · אני,"אזמן, אזמן","אזמן, אזמן",False,,,,,
hebverb_280,זמן,huf'al,DA_RIVEDERE: is invited,target,בעתיד · אני,אוזמן,אוזמן,False,,,,,
hebverb_280,זמן,huf'al,DA_RIVEDERE: is invited,target,בעתיד · אתה,"תזמן, תזמן","תזמן, תזמן",False,,,,,
hebverb_280,זמן,huf'al,DA_RIVEDERE: is invited,target,בעתיד · אתה,תוזמן,תוזמן,False,,,,,
hebverb_280,זמן,huf'al,DA_RIVEDERE: is invited,target,בעתיד · את,"תזמני, תזמני","תזמני, תזמני",False,,,,,
hebverb_280,זמן,huf'al,DA_RIVEDERE: is invited,target,בעתיד · את,תוזמני,תוזמני,False,,,,,
hebverb_280,זמן,huf'al,DA_RIVEDERE: is invited,target,בעתיד · הוא,"יזמן, יזמן","יזמן, יזמן",False,,,,,
hebverb_280,זמן,huf'al,DA_RIVEDERE: is invited,target,בעתיד · הוא,יוזמן,יוזמן,False,,,,,
hebverb_280,זמן,huf'al,DA_RIVEDERE: is invited,target,בעתיד · היא,"תזמן, תזמן","תזמן, תזמן",False,,,,,
hebverb_280,זמן,huf'al,DA_RIVEDERE: is invited,target,בעתיד · היא,תוזמן,תוזמן,False,,,,,
hebverb_280,זמן,huf'al,DA_RIVEDERE: is invited,target,בעתיד · אנחנו,"נזמן, נזמן","נזמן, נזמן",False,,,,,
hebverb_280,זמן,huf'al,DA_RIVEDERE: is invited,target,בעתיד · אנחנו,נוזמן,נוזמן,False,,,,,
hebverb_280,זמן,huf'al,DA_RIVEDERE: is invited,target,בעתיד · אתם,"תזמנו, תזמנו","תזמנו, תזמנו",False,,,,,
hebverb_280,זמן,huf'al,DA_RIVEDERE: is invited,target,בעתיד · אתם,תוזמנו,תוזמנו,False,,,,,
hebverb_280,זמן,huf'al,DA_RIVEDERE: is invited,target,בעתיד · אתן,"תזמנה, תזמנה","תזמנה, תזמנה",False,,,,,
hebverb_280,זמן,huf'al,DA_RIVEDERE: is invited,target,בעתיד · אתן,תוזמנה,תוזמנה,False,,,,,
hebverb_280,זמן,huf'al,DA_RIVEDERE: is invited,target,בעתיד · הם,"יזמנו, יזמנו","יזמנו, יזמנו",False,,,,,
hebverb_280,זמן,huf'al,DA_RIVEDERE: is invited,target,בעתיד · הם,יוזמנו,יוזמנו,False,,,,,
hebverb_280,זמן,huf'al,DA_RIVEDERE: is invited,target,בעתיד · הן,"תזמנה, תזמנה","תזמנה, תזמנה",False,,,,,
hebverb_280,זמן,huf'al,DA_RIVEDERE: is invited,target,בעתיד · הן,תוזמנה,תוזמנה,False,,,,,
hebverb_281,פרע,hiph'il,DA_RIVEDERE: disturb,infinitive,infinitive,להפריע,להפריע,True,38.66355657,511.59999999999997,0.8947368421052632,462.030303030303,1.0
hebverb_281,פרע,hiph'il,DA_RIVEDERE: disturb,present_1,present_1,מפריע,מפריע,False,,,,,
hebverb_281,פרע,hiph'il,DA_RIVEDERE: disturb,present_2,present_2,מפריעה,מפריעה,False,,,,,
hebverb_281,פרע,hiph'il,DA_RIVEDERE: disturb,present_3,present_3,מפריעים,מפריעים,True,4.760177526,574.4135135405405,1.0,,
hebverb_281,פרע,hiph'il,DA_RIVEDERE: disturb,present_4,present_4,מפריעות,מפריעות,False,,,,,
hebverb_281,פרע,hiph'il,DA_RIVEDERE: disturb,target,בעבר · אני,הפרעתי,הפרעתי,True,1.776728682,655.0128205128206,1.0,589.2777777777778,0.9743589743589743
hebverb_281,פרע,hiph'il,DA_RIVEDERE: disturb,target,בעבר · אתה,הפרעת,הפרעת,False,,,,,
hebverb_281,פרע,hiph'il,DA_RIVEDERE: disturb,target,בעבר · את,הפרעת,הפרעת,False,,,,,
hebverb_281,פרע,hiph'il,DA_RIVEDERE: disturb,target,בעבר · הוא,הפריע,הפריע,False,,,,,
hebverb_281,פרע,hiph'il,DA_RIVEDERE: disturb,target,בעבר · היא,הפריעה,הפריעה,False,,,,,
hebverb_281,פרע,hiph'il,DA_RIVEDERE: disturb,target,בעבר · אנחנו,הפרענו,הפרענו,False,,,,,
hebverb_281,פרע,hiph'il,DA_RIVEDERE: disturb,target,בעבר · אתם,הפרעתם,הפרעתם,False,,,,,
hebverb_281,פרע,hiph'il,DA_RIVEDERE: disturb,target,בעבר · אתן,הפרעתן,הפרעתן,False,,,,,
hebverb_281,פרע,hiph'il,DA_RIVEDERE: disturb,target,בעבר · הם,הפריעו,הפריעו,True,1.382573855,566.6485714285715,0.8,,
hebverb_281,פרע,hiph'il,DA_RIVEDERE: disturb,target,בעבר · הן,הפריעו,הפריעו,True,1.382573855,566.6485714285715,0.8,,
hebverb_281,פרע,hiph'il,DA_RIVEDERE: disturb,target,בעתיד · אני,אפריע,אפריע,False,,,,,
hebverb_281,פרע,hiph'il,DA_RIVEDERE: disturb,target,בעתיד · אתה,תפריע,תפריע,True,4.881455935,533.1589743846154,0.85,,
hebverb_281,פרע,hiph'il,DA_RIVEDERE: disturb,target,בעתיד · את,תפריעי,תפריעי,True,1.4553409,577.7868421052632,0.868421052631579,509.40625,0.9705882352941176
hebverb_281,פרע,hiph'il,DA_RIVEDERE: disturb,target,בעתיד · הוא,יפריע,יפריע,True,9.344501361,519.6485714285715,0.9166666666666666,498.5,1.0
hebverb_281,פרע,hiph'il,DA_RIVEDERE: disturb,target,בעתיד · היא,תפריע,תפריע,True,4.881455935,533.1589743846154,0.85,,
hebverb_281,פרע,hiph'il,DA_RIVEDERE: disturb,target,בעתיד · אנחנו,נפריע,נפריע,False,,,,,
hebverb_281,פרע,hiph'il,DA_RIVEDERE: disturb,target,בעתיד · אתם,תפריעו,תפריעו,False,,,,,
hebverb_281,פרע,hiph'il,DA_RIVEDERE: disturb,target,בעתיד · אתן,תפרענה,תפרענה,False,,,,,
hebverb_281,פרע,hiph'il,DA_RIVEDERE: disturb,target,בעתיד · הם,יפריעו,יפריעו,False,,,,,
hebverb_281,פרע,hiph'il,DA_RIVEDERE: disturb,target,בעתיד · הן,תפרענה,תפרענה,False,,,,,
hebverb_282,פרע,huf'al,DA_RIVEDERE: is disturbed,infinitive,infinitive,id_282,id_282,False,,,,,
hebverb_282,פרע,huf'al,DA_RIVEDERE: is disturbed,present_1,present_1,"מפרע, מפרע","מפרע, מפרע",False,,,,,
hebverb_282,פרע,huf'al,DA_RIVEDERE: is disturbed,present_1,present_1,מופרע,מופרע,False,,,,,
hebverb_282,פרע,huf'al,DA_RIVEDERE: is disturbed,present_2,present_2,"מפרעת, מפרעת","מפרעת, מפרעת",False,,,,,
hebverb_282,פרע,huf'al,DA_RIVEDERE: is disturbed,present_2,present_2,מופרעת,מופרעת,False,,,,,
hebverb_282,פרע,huf'al,DA_RIVEDERE: is disturbed,present_3,present_3,"מפרעים, מפרעים","מפרעים, מפרעים",False,,,,,
hebverb_282,פרע,huf'al,DA_RIVEDERE: is disturbed,present_3,present_3,מופרעים,מופרעים,False,,,,,
hebverb_282,פרע,huf'al,DA_RIVEDERE: is disturbed,present_4,present_4,"מפרעות, מפרעות","מפרעות, מפרעות",False,,,,,
hebverb_282,פרע,huf'al,DA_RIVEDERE: is disturbed,present_4,present_4,מופרעות,מופרעות,False,,,,,
hebverb_282,פרע,huf'al,DA_RIVEDERE: is disturbed,target,בעבר · אני,"הפרעתי, הפרעתי","הפרעתי, הפרעתי",False,,,,,
hebverb_282,פרע,huf'al,DA_RIVEDERE: is disturbed,target,בעבר · אני,הופרעתי,הופרעתי,False,,,,,
hebverb_282,פרע,huf'al,DA_RIVEDERE: is disturbed,target,בעבר · אתה,"הפרעת, הפרעת","הפרעת, הפרעת",False,,,,,
hebverb_282,פרע,huf'al,DA_RIVEDERE: is disturbed,target,בעבר · אתה,הופרעת,הופרעת,False,,,,,
hebverb_282,פרע,huf'al,DA_RIVEDERE: is disturbed,target,בעבר · את,"הפרעת, הפרעת, הפרעת, הפרעת","הפרעת, הפרעת, הפרעת, הפרעת",False,,,,,
hebverb_282,פרע,huf'al,DA_RIVEDERE: is disturbed,target,בעבר · את,הופרעת,הופרעת,False,,,,,
hebverb_282,פרע,huf'al,DA_RIVEDERE: is disturbed,target,בעבר · הוא,"הפרע, הפרע","הפרע, הפרע",False,,,,,
hebverb_282,פרע,huf'al,DA_RIVEDERE: is disturbed,target,בעבר · הוא,הופרע,הופרע,False,,,,,
hebverb_282,פרע,huf'al,DA_RIVEDERE: is disturbed,target,בעבר · היא,"הפרעה, הפרעה","הפרעה, הפרעה",False,,,,,
hebverb_282,פרע,huf'al,DA_RIVEDERE: is disturbed,target,בעבר · היא,הופרעה,הופרעה,False,,,,,
hebverb_282,פרע,huf'al,DA_RIVEDERE: is disturbed,target,בעבר · אנחנו,"הפרענו, הפרענו","הפרענו, הפרענו",False,,,,,
hebverb_282,פרע,huf'al,DA_RIVEDERE: is disturbed,target,בעבר · אנחנו,הופרענו,הופרענו,False,,,,,
hebverb_282,פרע,huf'al,DA_RIVEDERE: is disturbed,target,בעבר · אתם,"הפרעתם, הפרעתם","הפרעתם, הפרעתם",False,,,,,
hebverb_282,פרע,huf'al,DA_RIVEDERE: is disturbed,target,בעבר · אתם,הופרעתם,הופרעתם,False,,,,,
hebverb_282,פרע,huf'al,DA_RIVEDERE: is disturbed,target,בעבר · אתן,"הפרעתן, הפרעתן","הפרעתן, הפרעתן",False,,,,,
hebverb_282,פרע,huf'al,DA_RIVEDERE: is disturbed,target,בעבר · אתן,הופרעתן,הופרעתן,False,,,,,
hebverb_282,פרע,huf'al,DA_RIVEDERE: is disturbed,target,בעבר · הם,"הפרעו, הפרעו","הפרעו, הפרעו",False,,,,,
hebverb_282,פרע,huf'al,DA_RIVEDERE: is disturbed,target,בעבר · הם,הופרעו,הופרעו,False,,,,,
hebverb_282,פרע,huf'al,DA_RIVEDERE: is disturbed,target,בעבר · הן,"הפרעו, הפרעו","הפרעו, הפרעו",False,,,,,
hebverb_282,פרע,huf'al,DA_RIVEDERE: is disturbed,target,בעבר · הן,הופרעו,הופרעו,False,,,,,
hebverb_282,פרע,huf'al,DA_RIVEDERE: is disturbed,target,בעתיד · אני,"אפרע, אפרע","אפרע, אפרע",False,,,,,
hebverb_282,פרע,huf'al,DA_RIVEDERE: is disturbed,target,בעתיד · אני,אופרע,אופרע,False,,,,,
hebverb_282,פרע,huf'al,DA_RIVEDERE: is disturbed,target,בעתיד · אתה,"תפרע, תפרע","תפרע, תפרע",False,,,,,
hebverb_282,פרע,huf'al,DA_RIVEDERE: is disturbed,target,בעתיד · אתה,תופרע,תופרע,False,,,,,
hebverb_282,פרע,huf'al,DA_RIVEDERE: is disturbed,target,בעתיד · את,"תפרעי, תפרעי","תפרעי, תפרעי",False,,,,,
hebverb_282,פרע,huf'al,DA_RIVEDERE: is disturbed,target,בעתיד · את,תופרעי,תופרעי,False,,,,,
hebverb_282,פרע,huf'al,DA_RIVEDERE: is disturbed,target,בעתיד · הוא,"יפרע, יפרע","יפרע, יפרע",False,,,,,
hebverb_282,פרע,huf'al,DA_RIVEDERE: is disturbed,target,בעתיד · הוא,יופרע,יופרע,False,,,,,
hebverb_282,פרע,huf'al,DA_RIVEDERE: is disturbed,target,בעתיד · היא,"תפרע, תפרע","תפרע, תפרע",False,,,,,
hebverb_282,פרע,huf'al,DA_RIVEDERE: is disturbed,target,בעתיד · היא,תופרע,תופרע,False,,,,,
hebverb_282,פרע,huf'al,DA_RIVEDERE: is disturbed,target,בעתיד · אנחנו,"נפרע, נפרע","נפרע, נפרע",False,,,,,
hebverb_282,פרע,huf'al,DA_RIVEDERE: is disturbed,target,בעתיד · אנחנו,נופרע,נופרע,False,,,,,
hebverb_282,פרע,huf'al,DA_RIVEDERE: is disturbed,target,בעתיד · אתם,"תפרעו, תפרעו","תפרעו, תפרעו",False,,,,,
hebverb_282,פרע,huf'al,DA_RIVEDERE: is disturbed,target,בעתיד · אתם,תופרעו,תופרעו,False,,,,,
hebverb_282,פרע,huf'al,DA_RIVEDERE: is disturbed,target,בעתיד · אתן,"תפרענה, תפרענה","תפרענה, תפרענה",False,,,,,
hebverb_282,פרע,huf'al,DA_RIVEDERE: is disturbed,target,בעתיד · אתן,תופרענה,תופרענה,False,,,,,
hebverb_282,פרע,huf'al,DA_RIVEDERE: is disturbed,target,בעתיד · הם,"יפרעו, יפרעו","יפרעו, יפרעו",False,,,,,
hebverb_282,פרע,huf'al,DA_RIVEDERE: is disturbed,target,בעתיד · הם,יופרעו,יופרעו,False,,,,,
hebverb_282,פרע,huf'al,DA_RIVEDERE: is disturbed,target,בעתיד · הן,"תפרענה, תפרענה","תפרענה, תפרענה",False,,,,,
hebverb_282,פרע,huf'al,DA_RIVEDERE: is disturbed,target,בעתיד · הן,תופרענה,תופרענה,False,,,,,
hebverb_283,צלח,huf'al,DA_RIVEDERE:,infinitive,infinitive,id_283,id_283,False,,,,,
hebverb_283,צלח,huf'al,DA_RIVEDERE:,present_1,present_1,"מצלח, מצלח","מצלח, מצלח",False,,,,,
hebverb_283,צלח,huf'al,DA_RIVEDERE:,present_1,present_1,מוצלח,מוצלח,True,20.72647998,485.88974351282053,0.9230769230769231,,
hebverb_283,צלח,huf'al,DA_RIVEDERE:,present_2,present_2,"מצלחת, מצלחת","מצלחת, מצלחת",False,,,,,
hebverb_283,צלח,huf'al,DA_RIVEDERE:,present_2,present_2,מוצלחת,מוצלחת,True,9.247478634,508.0972972702703,0.972972972972973,,
hebverb_283,צלח,huf'al,DA_RIVEDERE:,present_3,present_3,"מצלחים, מצלחים","מצלחים, מצלחים",False,,,,,
hebverb_283,צלח,huf'al,DA_RIVEDERE:,present_3,present_3,מוצלחים,מוצלחים,False,,,,,
hebverb_283,צלח,huf'al,DA_RIVEDERE:,present_4,present_4,"מצלחות, מצלחות","מצלחות, מצלחות",False,,,,,
hebverb_283,צלח,huf'al,DA_RIVEDERE:,present_4,present_4,מוצלחות,מוצלחות,True,1.364382094,597.7075,1.0,510.6969696969697,0.9090909090909091
hebverb_283,צלח,huf'al,DA_RIVEDERE:,target,בעבר · אני,"הצלחתי, הצלחתי","הצלחתי, הצלחתי",False,,,,,
hebverb_283,צלח,huf'al,DA_RIVEDERE:,target,בעבר · אני,הוצלחתי,הוצלחתי,False,,,,,
hebverb_283,צלח,huf'al,DA_RIVEDERE:,target,בעבר · אתה,"הצלחת, הצלחת","הצלחת, הצלחת",False,,,,,
hebverb_283,צלח,huf'al,DA_RIVEDERE:,target,בעבר · אתה,הוצלחת,הוצלחת,False,,,,,
hebverb_283,צלח,huf'al,DA_RIVEDERE:,target,בעבר · את,"הצלחת, הצלחת, הצלחת, הצלחת","הצלחת, הצלחת, הצלחת, הצלחת",False,,,,,
hebverb_283,צלח,huf'al,DA_RIVEDERE:,target,בעבר · את,הוצלחת,הוצלחת,False,,,,,
hebverb_283,צלח,huf'al,DA_RIVEDERE:,target,בעבר · הוא,"הצלח, הצלח","הצלח, הצלח",False,,,,,
hebverb_283,צלח,huf'al,DA_RIVEDERE:,target,בעבר · הוא,הוצלח,הוצלח,False,,,,,
hebverb_283,צלח,huf'al,DA_RIVEDERE:,target,בעבר · היא,"הצלחה, הצלחה","הצלחה, הצלחה",False,,,,,
hebverb_283,צלח,huf'al,DA_RIVEDERE:,target,בעבר · היא,הוצלחה,הוצלחה,False,,,,,
hebverb_283,צלח,huf'al,DA_RIVEDERE:,target,בעבר · אנחנו,"הצלחנו, הצלחנו","הצלחנו, הצלחנו",False,,,,,
hebverb_283,צלח,huf'al,DA_RIVEDERE:,target,בעבר · אנחנו,הוצלחנו,הוצלחנו,False,,,,,
hebverb_283,צלח,huf'al,DA_RIVEDERE:,target,בעבר · אתם,"הצלחתם, הצלחתם","הצלחתם, הצלחתם",False,,,,,
hebverb_283,צלח,huf'al,DA_RIVEDERE:,target,בעבר · אתם,הוצלחתם,הוצלחתם,False,,,,,
hebverb_283,צלח,huf'al,DA_RIVEDERE:,target,בעבר · אתן,"הצלחתן, הצלחתן","הצלחתן, הצלחתן",False,,,,,
hebverb_283,צלח,huf'al,DA_RIVEDERE:,target,בעבר · אתן,הוצלחתן,הוצלחתן,False,,,,,
hebverb_283,צלח,huf'al,DA_RIVEDERE:,target,בעבר · הם,"הצלחו, הצלחו","הצלחו, הצלחו",False,,,,,
hebverb_283,צלח,huf'al,DA_RIVEDERE:,target,בעבר · הם,הוצלחו,הוצלחו,False,,,,,
hebverb_283,צלח,huf'al,DA_RIVEDERE:,target,בעבר · הן,"הצלחו, הצלחו","הצלחו, הצלחו",False,,,,,
hebverb_283,צלח,huf'al,DA_RIVEDERE:,target,בעבר · הן,הוצלחו,הוצלחו,False,,,,,
hebverb_283,צלח,huf'al,DA_RIVEDERE:,target,בעתיד · אני,"אצלח, אצלח","אצלח, אצלח",False,,,,,
hebverb_283,צלח,huf'al,DA_RIVEDERE:,target,בעתיד · אני,אוצלח,אוצלח,False,,,,,
hebverb_283,צלח,huf'al,DA_RIVEDERE:,target,בעתיד · אתה,"תצלח, תצלח","תצלח, תצלח",False,,,,,
hebverb_283,צלח,huf'al,DA_RIVEDERE:,target,בעתיד · אתה,תוצלח,תוצלח,False,,,,,
hebverb_283,צלח,huf'al,DA_RIVEDERE:,target,בעתיד · את,"תצלחי, תצלחי","תצלחי, תצלחי",False,,,,,
hebverb_283,צלח,huf'al,DA_RIVEDERE:,target,בעתיד · את,תוצלחי,תוצלחי,False,,,,,
hebverb_283,צלח,huf'al,DA_RIVEDERE:,target,בעתיד · הוא,"יצלח, יצלח","יצלח, יצלח",False,,,,,
hebverb_283,צלח,huf'al,DA_RIVEDERE:,target,בעתיד · הוא,יוצלח,יוצלח,False,,,,,
hebverb_283,צלח,huf'al,DA_RIVEDERE:,target,בעתיד · היא,"תצלח, תצלח","תצלח, תצלח",False,,,,,
hebverb_283,צלח,huf'al,DA_RIVEDERE:,target,בעתיד · היא,תוצלח,תוצלח,False,,,,,
hebverb_283,צלח,huf'al,DA_RIVEDERE:,target,בעתיד · אנחנו,"נצלח, נצלח","נצלח, נצלח",False,,,,,
hebverb_283,צלח,huf'al,DA_RIVEDERE:,target,בעתיד · אנחנו,נוצלח,נוצלח,False,,,,,
hebverb_283,צלח,huf'al,DA_RIVEDERE:,target,בעתיד · אתם,"תצלחו, תצלחו","תצלחו, תצלחו",False,,,,,
hebverb_283,צלח,huf'al,DA_RIVEDERE:,target,בעתיד · אתם,תוצלחו,תוצלחו,False,,,,,
hebverb_283,צלח,huf'al,DA_RIVEDERE:,target,בעתיד · אתן,"תצלחנה, תצלחנה","תצלחנה, תצלחנה",False,,,,,
hebverb_283,צלח,huf'al,DA_RIVEDERE:,target,בעתיד · אתן,תוצלחנה,תוצלחנה,False,,,,,
hebverb_283,צלח,huf'al,DA_RIVEDERE:,target,בעתיד · הם,"יצלחו, יצלחו","יצלחו, יצלחו",False,,,,,
hebverb_283,צלח,huf'al,DA_RIVEDERE:,target,בעתיד · הם,יוצלחו,יוצלחו,False,,,,,
hebverb_283,צלח,huf'al,DA_RIVEDERE:,target,בעתיד · הן,"תצלחנה, תצלחנה","תצלחנה, תצלחנה",False,,,,,
hebverb_283,צלח,huf'al,DA_RIVEDERE:,target,בעתיד · הן,תוצלחנה,תוצלחנה,False,,,,,
hebverb_284,גבל,hiph'il,"DA_RIVEDERE: restrict, limit",infinitive,infinitive,להגביל,להגביל,False,,,,,
hebverb_284,גבל,hiph'il,"DA_RIVEDERE: restrict, limit",present_1,present_1,מגביל,מגביל,False,,,,,
hebverb_284,גבל,hiph'il,"DA_RIVEDERE: restrict, limit",present_2,present_2,מגבילה,מגבילה,False,,,,,
hebverb_284,גבל,hiph'il,"DA_RIVEDERE: restrict, limit",present_3,present_3,מגבילים,מגבילים,False,,,,,
hebverb_284,גבל,hiph'il,"DA_RIVEDERE: restrict, limit",present_4,present_4,מגבילות,מגבילות,False,,,,,
hebverb_284,גבל,hiph'il,"DA_RIVEDERE: restrict, limit",target,בעבר · אני,הגבלתי,הגבלתי,False,,,,,
hebverb_284,גבל,hiph'il,"DA_RIVEDERE: restrict, limit",target,בעבר · אתה,הגבלת,הגבלת,False,,,,,
hebverb_284,גבל,hiph'il,"DA_RIVEDERE: restrict, limit",target,בעבר · את,הגבלת,הגבלת,False,,,,,
hebverb_284,גבל,hiph'il,"DA_RIVEDERE: restrict, limit",target,בעבר · הוא,הגביל,הגביל,False,,,,,
hebverb_284,גבל,hiph'il,"DA_RIVEDERE: restrict, limit",target,בעבר · היא,הגבילה,הגבילה,False,,,,,
hebverb_284,גבל,hiph'il,"DA_RIVEDERE: restrict, limit",target,בעבר · אנחנו,הגבלנו,הגבלנו,False,,,,,
hebverb_284,גבל,hiph'il,"DA_RIVEDERE: restrict, limit",target,בעבר · אתם,הגבלתם,הגבלתם,False,,,,,
hebverb_284,גבל,hiph'il,"DA_RIVEDERE: restrict, limit",target,בעבר · אתן,הגבלתן,הגבלתן,False,,,,,
hebverb_284,גבל,hiph'il,"DA_RIVEDERE: restrict, limit",target,בעבר · הם,הגבילו,הגבילו,False,,,,,
hebverb_284,גבל,hiph'il,"DA_RIVEDERE: restrict, limit",target,בעבר · הן,הגבילו,הגבילו,False,,,,,
hebverb_284,גבל,hiph'il,"DA_RIVEDERE: restrict, limit",target,בעתיד · אני,אגביל,אגביל,False,,,,,
hebverb_284,גבל,hiph'il,"DA_RIVEDERE: restrict, limit",target,בעתיד · אתה,תגביל,תגביל,False,,,,,
hebverb_284,גבל,hiph'il,"DA_RIVEDERE: restrict, limit",target,בעתיד · את,תגבילי,תגבילי,False,,,,,
hebverb_284,גבל,hiph'il,"DA_RIVEDERE: restrict, limit",target,בעתיד · הוא,יגביל,יגביל,False,,,,,
hebverb_284,גבל,hiph'il,"DA_RIVEDERE: restrict, limit",target,בעתיד · היא,תגביל,תגביל,False,,,,,
hebverb_284,גבל,hiph'il,"DA_RIVEDERE: restrict, limit",target,בעתיד · אנחנו,נגביל,נגביל,False,,,,,
hebverb_284,גבל,hiph'il,"DA_RIVEDERE: restrict, limit",target,בעתיד · אתם,תגבילו,תגבילו,False,,,,,
hebverb_284,גבל,hiph'il,"DA_RIVEDERE: restrict, limit",target,בעתיד · אתן,תגבלנה,תגבלנה,False,,,,,
hebverb_284,גבל,hiph'il,"DA_RIVEDERE: restrict, limit",target,בעתיד · הם,יגבילו,יגבילו,False,,,,,
hebverb_284,גבל,hiph'il,"DA_RIVEDERE: restrict, limit",target,בעתיד · הן,תגבלנה,תגבלנה,False,,,,,
hebverb_285,גבל,huf'al,"DA_RIVEDERE: is restricted, is limited",infinitive,infinitive,id_285,id_285,False,,,,,
hebverb_285,גבל,huf'al,"DA_RIVEDERE: is restricted, is limited",present_1,present_1,"מגבל, מגבל","מגבל, מגבל",False,,,,,
hebverb_285,גבל,huf'al,"DA_RIVEDERE: is restricted, is limited",present_1,present_1,מוגבל,מוגבל,False,,,,,
hebverb_285,גבל,huf'al,"DA_RIVEDERE: is restricted, is limited",present_2,present_2,"מגבלת, מגבלת","מגבלת, מגבלת",False,,,,,
hebverb_285,גבל,huf'al,"DA_RIVEDERE: is restricted, is limited",present_2,present_2,מוגבלת,מוגבלת,False,,,,,
hebverb_285,גבל,huf'al,"DA_RIVEDERE: is restricted, is limited",present_3,present_3,"מגבלים, מגבלים","מגבלים, מגבלים",False,,,,,
hebverb_285,גבל,huf'al,"DA_RIVEDERE: is restricted, is limited",present_3,present_3,מוגבלים,מוגבלים,False,,,,,
hebverb_285,גבל,huf'al,"DA_RIVEDERE: is restricted, is limited",present_4,present_4,"מגבלות, מגבלות","מגבלות, מגבלות",False,,,,,
hebverb_285,גבל,huf'al,"DA_RIVEDERE: is restricted, is limited",present_4,present_4,מוגבלות,מוגבלות,False,,,,,
hebverb_285,גבל,huf'al,"DA_RIVEDERE: is restricted, is limited",target,בעבר · אני,"הגבלתי, הגבלתי","הגבלתי, הגבלתי",False,,,,,
hebverb_285,גבל,huf'al,"DA_RIVEDERE: is restricted, is limited",target,בעבר · אני,הוגבלתי,הוגבלתי,False,,,,,
hebverb_285,גבל,huf'al,"DA_RIVEDERE: is restricted, is limited",target,בעבר · אתה,"הגבלת, הגבלת","הגבלת, הגבלת",False,,,,,
hebverb_285,גבל,huf'al,"DA_RIVEDERE: is restricted, is limited",target,בעבר · אתה,הוגבלת,הוגבלת,False,,,,,
hebverb_285,גבל,huf'al,"DA_RIVEDERE: is restricted, is limited",target,בעבר · את,"הגבלת, הגבלת","הגבלת, הגבלת",False,,,,,
hebverb_285,גבל,huf'al,"DA_RIVEDERE: is restricted, is limited",target,בעבר · את,הוגבלת,הוגבלת,False,,,,,
hebverb_285,גבל,huf'al,"DA_RIVEDERE: is restricted, is limited",target,בעבר · הוא,"הגבל, הגבל","הגבל, הגבל",False,,,,,
hebverb_285,גבל,huf'al,"DA_RIVEDERE: is restricted, is limited",target,בעבר · הוא,הוגבל,הוגבל,False,,,,,
hebverb_285,גבל,huf'al,"DA_RIVEDERE: is restricted, is limited",target,בעבר · היא,"הגבלה, הגבלה","הגבלה, הגבלה",False,,,,,
hebverb_285,גבל,huf'al,"DA_RIVEDERE: is restricted, is limited",target,בעבר · היא,הוגבלה,הוגבלה,False,,,,,
hebverb_285,גבל,huf'al,"DA_RIVEDERE: is restricted, is limited",target,בעבר · אנחנו,"הגבלנו, הגבלנו","הגבלנו, הגבלנו",False,,,,,
hebverb_285,גבל,huf'al,"DA_RIVEDERE: is restricted, is limited",target,בעבר · אנחנו,הוגבלנו,הוגבלנו,False,,,,,
hebverb_285,גבל,huf'al,"DA_RIVEDERE: is restricted, is limited",target,בעבר · אתם,"הגבלתם, הגבלתם","הגבלתם, הגבלתם",False,,,,,
hebverb_285,גבל,huf'al,"DA_RIVEDERE: is restricted, is limited",target,בעבר · אתם,הוגבלתם,הוגבלתם,False,,,,,
hebverb_285,גבל,huf'al,"DA_RIVEDERE: is restricted, is limited",target,בעבר · אתן,"הגבלתן, הגבלתן","הגבלתן, הגבלתן",False,,,,,
hebverb_285,גבל,huf'al,"DA_RIVEDERE: is restricted, is limited",target,בעבר · אתן,הוגבלתן,הוגבלתן,False,,,,,
hebverb_285,גבל,huf'al,"DA_RIVEDERE: is restricted, is limited",target,בעבר · הם,"הגבלו, הגבלו","הגבלו, הגבלו",False,,,,,
hebverb_285,גבל,huf'al,"DA_RIVEDERE: is restricted, is limited",target,בעבר · הם,הוגבלו,הוגבלו,False,,,,,
hebverb_285,גבל,huf'al,"DA_RIVEDERE: is restricted, is limited",target,בעבר · הן,"הגבלו, הגבלו","הגבלו, הגבלו",False,,,,,
hebverb_285,גבל,huf'al,"DA_RIVEDERE: is restricted, is limited",target,בעבר · הן,הוגבלו,הוגבלו,False,,,,,
hebverb_285,גבל,huf'al,"DA_RIVEDERE: is restricted, is limited",target,בעתיד · אני,"אגבל, אגבל","אגבל, אגבל",False,,,,,
hebverb_285,גבל,huf'al,"DA_RIVEDERE: is restricted, is limited",target,בעתיד · אני,אוגבל,אוגבל,False,,,,,
hebverb_285,גבל,huf'al,"DA_RIVEDERE: is restricted, is limited",target,בעתיד · אתה,"תגבל, תגבל","תגבל, תגבל",False,,,,,
hebverb_285,גבל,huf'al,"DA_RIVEDERE: is restricted, is limited",target,בעתיד · אתה,תוגבל,תוגבל,False,,,,,
hebverb_285,גבל,huf'al,"DA_RIVEDERE: is restricted, is limited",target,בעתיד · את,"תגבלי, תגבלי","תגבלי, תגבלי",False,,,,,
hebverb_285,גבל,huf'al,"DA_RIVEDERE: is restricted, is limited",target,בעתיד · את,תוגבלי,תוגבלי,False,,,,,
hebverb_285,גבל,huf'al,"DA_RIVEDERE: is restricted, is limited",target,בעתיד · הוא,"יגבל, יגבל","יגבל, יגבל",False,,,,,
hebverb_285,גבל,huf'al,"DA_RIVEDERE: is restricted, is limited",target,בעתיד · הוא,יוגבל,יוגבל,False,,,,,
hebverb_285,גבל,huf'al,"DA_RIVEDERE: is restricted, is limited",target,בעתיד · היא,"תגבל, תגבל","תגבל, תגבל",False,,,,,
hebverb_285,גבל,huf'al,"DA_RIVEDERE: is restricted, is limited",target,בעתיד · היא,תוגבל,תוגבל,False,,,,,
hebverb_285,גבל,huf'al,"DA_RIVEDERE: is restricted, is limited",target,בעתיד · אנחנו,"נגבל, נגבל","נגבל, נגבל",False,,,,,
hebverb_285,גבל,huf'al,"DA_RIVEDERE: is restricted, is limited",target,בעתיד · אנחנו,נוגבל,נוגבל,False,,,,,
hebverb_285,גבל,huf'al,"DA_RIVEDERE: is restricted, is limited",target,בעתיד · אתם,"תגבלו, תגבלו","תגבלו, תגבלו",False,,,,,
hebverb_285,גבל,huf'al,"DA_RIVEDERE: is restricted, is limited",target,בעתיד · אתם,תוגבלו,תוגבלו,False,,,,,
hebverb_285,גבל,huf'al,"DA_RIVEDERE: is restricted, is limited",target,בעתיד · אתן,"תגבלנה, תגבלנה","תגבלנה, תגבלנה",False,,,,,
hebverb_285,גבל,huf'al,"DA_RIVEDERE: is restricted, is limited",target,בעתיד · אתן,תוגבלנה,תוגבלנה,False,,,,,
hebverb_285,גבל,huf'al,"DA_RIVEDERE: is restricted, is limited",target,בעתיד · הם,"יגבלו, יגבלו","יגבלו, יגבלו",False,,,,,
hebverb_285,גבל,huf'al,"DA_RIVEDERE: is restricted, is limited",target,בעתיד · הם,יוגבלו,יוגבלו,False,,,,,
hebverb_285,גבל,huf'al,"DA_RIVEDERE: is restricted, is limited",target,בעתיד · הן,"תגבלנה, תגבלנה","תגבלנה, תגבלנה",False,,,,,
hebverb_285,גבל,huf'al,"DA_RIVEDERE: is restricted, is limited",target,בעתיד · הן,תוגבלנה,תוגבלנה,False,,,,,
hebverb_286,חלט,huf'al,DA_RIVEDERE: is decided,infinitive,infinitive,id_286,id_286,False,,,,,
hebverb_286,חלט,huf'al,DA_RIVEDERE: is decided,present_1,present_1,מוחלט,מוחלט,False,,,,,
hebverb_286,חלט,huf'al,DA_RIVEDERE: is decided,present_1,present_1,מחלט,מחלט,False,,,,,
hebverb_286,חלט,huf'al,DA_RIVEDERE: is decided,present_2,present_2,מוחלטת,מוחלטת,True,17.37919591,600.5,0.9210526315789473,,
hebverb_286,חלט,huf'al,DA_RIVEDERE: is decided,present_2,present_2,מחלטת,מחלטת,False,,,,,
hebverb_286,חלט,huf'al,DA_RIVEDERE: is decided,present_3,present_3,מוחלטים,מוחלטים,False,,,,,
hebverb_286,חלט,huf'al,DA_RIVEDERE: is decided,present_3,present_3,מחלטים,מחלטים,False,,,,,
hebverb_286,חלט,huf'al,DA_RIVEDERE: is decided,present_4,present_4,מוחלטות,מוחלטות,False,,,,,
hebverb_286,חלט,huf'al,DA_RIVEDERE: is decided,present_4,present_4,מחלטות,מחלטות,False,,,,,
hebverb_286,חלט,huf'al,DA_RIVEDERE: is decided,target,בעבר · אני,הוחלטתי,הוחלטתי,False,,,,,
hebverb_286,חלט,huf'al,DA_RIVEDERE: is decided,target,בעבר · אני,החלטתי,החלטתי,False,,,,,
hebverb_286,חלט,huf'al,DA_RIVEDERE: is decided,target,בעבר · אתה,הוחלטת,הוחלטת,False,,,,,
hebverb_286,חלט,huf'al,DA_RIVEDERE: is decided,target,בעבר · אתה,החלטת,החלטת,False,,,,,
hebverb_286,חלט,huf'al,DA_RIVEDERE: is decided,target,בעבר · את,הוחלטת,הוחלטת,False,,,,,
hebverb_286,חלט,huf'al,DA_RIVEDERE: is decided,target,בעבר · את,החלטת,החלטת,False,,,,,
hebverb_286,חלט,huf'al,DA_RIVEDERE: is decided,target,בעבר · הוא,הוחלט,הוחלט,False,,,,,
hebverb_286,חלט,huf'al,DA_RIVEDERE: is decided,target,בעבר · הוא,החלט,החלט,False,,,,,
hebverb_286,חלט,huf'al,DA_RIVEDERE: is decided,target,בעבר · היא,הוחלטה,הוחלטה,False,,,,,
hebverb_286,חלט,huf'al,DA_RIVEDERE: is decided,target,בעבר · היא,החלטה,החלטה,True,55.96392152,532.02,0.9428571428571428,464.6216216216216,0.9736842105263158
hebverb_286,חלט,huf'al,DA_RIVEDERE: is decided,target,בעבר · אנחנו,הוחלטנו,הוחלטנו,False,,,,,
hebverb_286,חלט,huf'al,DA_RIVEDERE: is decided,target,בעבר · אנחנו,החלטנו,החלטנו,False,,,,,
hebverb_286,חלט,huf'al,DA_RIVEDERE: is decided,target,בעבר · אתם,הוחלטתם,הוחלטתם,False,,,,,
hebverb_286,חלט,huf'al,DA_RIVEDERE: is decided,target,בעבר · אתם,החלטתם,החלטתם,False,,,,,
hebverb_286,חלט,huf'al,DA_RIVEDERE: is decided,target,בעבר · אתן,הוחלטתן,הוחלטתן,False,,,,,
hebverb_286,חלט,huf'al,DA_RIVEDERE: is decided,target,בעבר · אתן,החלטתן,החלטתן,False,,,,,
hebverb_286,חלט,huf'al,DA_RIVEDERE: is decided,target,בעבר · הם,הוחלטו,הוחלטו,False,,,,,
hebverb_286,חלט,huf'al,DA_RIVEDERE: is decided,target,בעבר · הם,החלטו,החלטו,False,,,,,
hebverb_286,חלט,huf'al,DA_RIVEDERE: is decided,target,בעבר · הן,הוחלטו,הוחלטו,False,,,,,
hebverb_286,חלט,huf'al,DA_RIVEDERE: is decided,target,בעבר · הן,החלטו,החלטו,False,,,,,
hebverb_286,חלט,huf'al,DA_RIVEDERE: is decided,target,בעתיד · אני,אוחלט,אוחלט,False,,,,,
hebverb_286,חלט,huf'al,DA_RIVEDERE: is decided,target,בעתיד · אני,אחלט,אחלט,False,,,,,
hebverb_286,חלט,huf'al,DA_RIVEDERE: is decided,target,בעתיד · אתה,תוחלט,תוחלט,False,,,,,
hebverb_286,חלט,huf'al,DA_RIVEDERE: is decided,target,בעתיד · אתה,תחלט,תחלט,False,,,,,
hebverb_286,חלט,huf'al,DA_RIVEDERE: is decided,target,בעתיד · את,תוחלטי,תוחלטי,False,,,,,
hebverb_286,חלט,huf'al,DA_RIVEDERE: is decided,target,בעתיד · את,תחלטי,תחלטי,False,,,,,
hebverb_286,חלט,huf'al,DA_RIVEDERE: is decided,target,בעתיד · הוא,יוחלט,יוחלט,False,,,,,
hebverb_286,חלט,huf'al,DA_RIVEDERE: is decided,target,בעתיד · הוא,יחלט,יחלט,False,,,,,
hebverb_286,חלט,huf'al,DA_RIVEDERE: is decided,target,בעתיד · היא,תוחלט,תוחלט,False,,,,,
hebverb_286,חלט,huf'al,DA_RIVEDERE: is decided,target,בעתיד · היא,תחלט,תחלט,False,,,,,
hebverb_286,חלט,huf'al,DA_RIVEDERE: is decided,target,בעתיד · אנחנו,נוחלט,נוחלט,False,,,,,
hebverb_286,חלט,huf'al,DA_RIVEDERE: is decided,target,בעתיד · אנחנו,נחלט,נחלט,False,,,,,
hebverb_286,חלט,huf'al,DA_RIVEDERE: is decided,target,בעתיד · אתם,תוחלטו,תוחלטו,False,,,,,
hebverb_286,חלט,huf'al,DA_RIVEDERE: is decided,target,בעתיד · אתם,תחלטו,תחלטו,False,,,,,
hebverb_286,חלט,huf'al,DA_RIVEDERE: is decided,target,בעתיד · אתן,תוחלטנה,תוחלטנה,False,,,,,
hebverb_286,חלט,huf'al,DA_RIVEDERE: is decided,target,בעתיד · אתן,תחלטנה,תחלטנה,False,,,,,
hebverb_286,חלט,huf'al,DA_RIVEDERE: is decided,target,בעתיד · הם,יוחלטו,יוחלטו,False,,,,,
hebverb_286,חלט,huf'al,DA_RIVEDERE: is decided,target,בעתיד · הם,יחלטו,יחלטו,False,,,,,
hebverb_286,חלט,huf'al,DA_RIVEDERE: is decided,target,בעתיד · הן,תוחלטנה,תוחלטנה,False,,,,,
hebverb_286,חלט,huf'al,DA_RIVEDERE: is decided,target,בעתיד · הן,תחלטנה,תחלטנה,False,,,,,
hebverb_287,שפע,huf'al,DA_RIVEDERE: is influenced,infinitive,infinitive,id_287,id_287,False,,,,,
hebverb_287,שפע,huf'al,DA_RIVEDERE: is influenced,present_1,present_1,"משפע, משפע","משפע, משפע",False,,,,,
hebverb_287,שפע,huf'al,DA_RIVEDERE: is influenced,present_1,present_1,מושפע,מושפע,False,,,,,
hebverb_287,שפע,huf'al,DA_RIVEDERE: is influenced,present_2,present_2,"משפעת, משפעת","משפעת, משפעת",False,,,,,
hebverb_287,שפע,huf'al,DA_RIVEDERE: is influenced,present_2,present_2,מושפעת,מושפעת,True,1.212784083,575.0763157894737,0.9210526315789473,514.0967741935484,1.0
hebverb_287,שפע,huf'al,DA_RIVEDERE: is influenced,present_3,present_3,"משפעים, משפעים","משפעים, משפעים",False,,,,,
hebverb_287,שפע,huf'al,DA_RIVEDERE: is influenced,present_3,present_3,מושפעים,מושפעים,False,,,,,
hebverb_287,שפע,huf'al,DA_RIVEDERE: is influenced,present_4,present_4,"משפעות, משפעות","משפעות, משפעות",False,,,,,
hebverb_287,שפע,huf'al,DA_RIVEDERE: is influenced,present_4,present_4,מושפעות,מושפעות,False,,,,,
hebverb_287,שפע,huf'al,DA_RIVEDERE: is influenced,target,בעבר · אני,"השפעתי, השפעתי","השפעתי, השפעתי",False,,,,,
hebverb_287,שפע,huf'al,DA_RIVEDERE: is influenced,target,בעבר · אני,הושפעתי,הושפעתי,False,,,,,
hebverb_287,שפע,huf'al,DA_RIVEDERE: is influenced,target,בעבר · אתה,"השפעת, השפעת","השפעת, השפעת",False,,,,,
hebverb_287,שפע,huf'al,DA_RIVEDERE: is influenced,target,בעבר · אתה,הושפעת,הושפעת,False,,,,,
hebverb_287,שפע,huf'al,DA_RIVEDERE: is influenced,target,בעבר · את,"השפעת, השפעת, השפעת, השפעת","השפעת, השפעת, השפעת, השפעת",False,,,,,
hebverb_287,שפע,huf'al,DA_RIVEDERE: is influenced,target,בעבר · את,הושפעת,הושפעת,False,,,,,
hebverb_287,שפע,huf'al,DA_RIVEDERE: is influenced,target,בעבר · הוא,"השפע, השפע","השפע, השפע",False,,,,,
hebverb_287,שפע,huf'al,DA_RIVEDERE: is influenced,target,בעבר · הוא,הושפע,הושפע,False,,,,,
hebverb_287,שפע,huf'al,DA_RIVEDERE: is influenced,target,בעבר · היא,"השפעה, השפעה","השפעה, השפעה",False,,,,,
hebverb_287,שפע,huf'al,DA_RIVEDERE: is influenced,target,בעבר · היא,הושפעה,הושפעה,False,,,,,
hebverb_287,שפע,huf'al,DA_RIVEDERE: is influenced,target,בעבר · אנחנו,"השפענו, השפענו","השפענו, השפענו",False,,,,,
hebverb_287,שפע,huf'al,DA_RIVEDERE: is influenced,target,בעבר · אנחנו,הושפענו,הושפענו,False,,,,,
hebverb_287,שפע,huf'al,DA_RIVEDERE: is influenced,target,בעבר · אתם,"השפעתם, השפעתם","השפעתם, השפעתם",False,,,,,
hebverb_287,שפע,huf'al,DA_RIVEDERE: is influenced,target,בעבר · אתם,הושפעתם,הושפעתם,False,,,,,
hebverb_287,שפע,huf'al,DA_RIVEDERE: is influenced,target,בעבר · אתן,"השפעתן, השפעתן","השפעתן, השפעתן",False,,,,,
hebverb_287,שפע,huf'al,DA_RIVEDERE: is influenced,target,בעבר · אתן,הושפעתן,הושפעתן,False,,,,,
hebverb_287,שפע,huf'al,DA_RIVEDERE: is influenced,target,בעבר · הם,"השפעו, השפעו","השפעו, השפעו",False,,,,,
hebverb_287,שפע,huf'al,DA_RIVEDERE: is influenced,target,בעבר · הם,הושפעו,הושפעו,False,,,,,
hebverb_287,שפע,huf'al,DA_RIVEDERE: is influenced,target,בעבר · הן,"השפעו, השפעו","השפעו, השפעו",False,,,,,
hebverb_287,שפע,huf'al,DA_RIVEDERE: is influenced,target,בעבר · הן,הושפעו,הושפעו,False,,,,,
hebverb_287,שפע,huf'al,DA_RIVEDERE: is influenced,target,בעתיד · אני,"אשפע, אשפע","אשפע, אשפע",False,,,,,
hebverb_287,שפע,huf'al,DA_RIVEDERE: is influenced,target,בעתיד · אני,אושפע,אושפע,False,,,,,
hebverb_287,שפע,huf'al,DA_RIVEDERE: is influenced,target,בעתיד · אתה,"תשפע, תשפע","תשפע, תשפע",False,,,,,
hebverb_287,שפע,huf'al,DA_RIVEDERE: is influenced,target,בעתיד · אתה,תושפע,תושפע,False,,,,,
hebverb_287,שפע,huf'al,DA_RIVEDERE: is influenced,target,בעתיד · את,"תשפעי, תשפעי","תשפעי, תשפעי",False,,,,,
hebverb_287,שפע,huf'al,DA_RIVEDERE: is influenced,target,בעתיד · את,תושפעי,תושפעי,False,,,,,
hebverb_287,שפע,huf'al,DA_RIVEDERE: is influenced,target,בעתיד · הוא,"ישפע, ישפע","ישפע, ישפע",False,,,,,
hebverb_287,שפע,huf'al,DA_RIVEDERE: is influenced,target,בעתיד · הוא,יושפע,יושפע,False,,,,,
hebverb_287,שפע,huf'al,DA_RIVEDERE: is influenced,target,בעתיד · היא,"תשפע, תשפע","תשפע, תשפע",False,,,,,
hebverb_287,שפע,huf'al,DA_RIVEDERE: is influenced,target,בעתיד · היא,תושפע,תושפע,False,,,,,
hebverb_287,שפע,huf'al,DA_RIVEDERE: is influenced,target,בעתיד · אנחנו,"נשפע, נשפע","נשפע, נשפע",False,,,,,
hebverb_287,שפע,huf'al,DA_RIVEDERE: is influenced,target,בעתיד · אנחנו,נושפע,נושפע,False,,,,,
hebverb_287,שפע,huf'al,DA_RIVEDERE: is influenced,target,בעתיד · אתם,"תשפעו, תשפעו","תשפעו, תשפעו",False,,,,,
hebverb_287,שפע,huf'al,DA_RIVEDERE: is influenced,target,בעתיד · אתם,תושפעו,תושפעו,False,,,,,
hebverb_287,שפע,huf'al,DA_RIVEDERE: is influenced,target,בעתיד · אתן,"תשפענה, תשפענה","תשפענה, תשפענה",False,,,,,
hebverb_287,שפע,huf'al,DA_RIVEDERE: is influenced,target,בעתיד · אתן,תושפענה,תושפענה,False,,,,,
hebverb_287,שפע,huf'al,DA_RIVEDERE: is influenced,target,בעתיד · הם,"ישפעו, ישפעו","ישפעו, ישפעו",False,,,,,
hebverb_287,שפע,huf'al,DA_RIVEDERE: is influenced,target,בעתיד · הם,יושפעו,יושפעו,False,,,,,
hebverb_287,שפע,huf'al,DA_RIVEDERE: is influenced,target,בעתיד · הן,"תשפענה, תשפענה","תשפענה, תשפענה",False,,,,,
hebverb_287,שפע,huf'al,DA_RIVEDERE: is influenced,target,בעתיד · הן,תושפענה,תושפענה,False,,,,,
hebverb_288,דאג,hiph'il,DA_RIVEDERE: worry,infinitive,infinitive,להדאיג,להדאיג,True,5.936578087,539.1210526052632,0.8421052631578947,443.0967741935484,1.0
hebverb_288,דאג,hiph'il,DA_RIVEDERE: worry,present_1,present_1,מדאיג,מדאיג,False,,,,,
hebverb_288,דאג,hiph'il,DA_RIVEDERE: worry,present_2,present_2,מדאיגה,מדאיגה,False,,,,,
hebverb_288,דאג,hiph'il,DA_RIVEDERE: worry,present_3,present_3,מדאיגים,מדאיגים,False,,,,,
hebverb_288,דאג,hiph'il,DA_RIVEDERE: worry,present_4,present_4,מדאיגות,מדאיגות,False,,,,,
hebverb_288,דאג,hiph'il,DA_RIVEDERE: worry,target,בעבר · אני,הדאגתי,הדאגתי,False,,,,,
hebverb_288,דאג,hiph'il,DA_RIVEDERE: worry,target,בעבר · אתה,הדאגת,הדאגת,False,,,,,
hebverb_288,דאג,hiph'il,DA_RIVEDERE: worry,target,בעבר · את,הדאגת,הדאגת,False,,,,,
hebverb_288,דאג,hiph'il,DA_RIVEDERE: worry,target,בעבר · הוא,הדאיג,הדאיג,True,1.194592322,625.6894737105264,0.7894736842105263,,
hebverb_288,דאג,hiph'il,DA_RIVEDERE: worry,target,בעבר · היא,הדאיגה,הדאיגה,False,,,,,
hebverb_288,דאג,hiph'il,DA_RIVEDERE: worry,target,בעבר · אנחנו,הדאגנו,הדאגנו,False,,,,,
hebverb_288,דאג,hiph'il,DA_RIVEDERE: worry,target,בעבר · אתם,הדאגתם,הדאגתם,False,,,,,
hebverb_288,דאג,hiph'il,DA_RIVEDERE: worry,target,בעבר · אתן,הדאגתן,הדאגתן,False,,,,,
hebverb_288,דאג,hiph'il,DA_RIVEDERE: worry,target,בעבר · הם,הדאיגו,הדאיגו,False,,,,,
hebverb_288,דאג,hiph'il,DA_RIVEDERE: worry,target,בעבר · הן,הדאיגו,הדאיגו,False,,,,,
hebverb_288,דאג,hiph'il,DA_RIVEDERE: worry,target,בעתיד · אני,אדאיג,אדאיג,False,,,,,
hebverb_288,דאג,hiph'il,DA_RIVEDERE: worry,target,בעתיד · אתה,תדאיג,תדאיג,False,,,,,
hebverb_288,דאג,hiph'il,DA_RIVEDERE: worry,target,בעתיד · את,תדאיגי,תדאיגי,False,,,,,
hebverb_288,דאג,hiph'il,DA_RIVEDERE: worry,target,בעתיד · הוא,ידאיג,ידאיג,True,1.261295446,605.1972222222222,0.7837837837837838,450.3529411764706,0.9411764705882353
hebverb_288,דאג,hiph'il,DA_RIVEDERE: worry,target,בעתיד · היא,תדאיג,תדאיג,False,,,,,
hebverb_288,דאג,hiph'il,DA_RIVEDERE: worry,target,בעתיד · אנחנו,נדאיג,נדאיג,False,,,,,
hebverb_288,דאג,hiph'il,DA_RIVEDERE: worry,target,בעתיד · אתם,תדאיגו,תדאיגו,False,,,,,
hebverb_288,דאג,hiph'il,DA_RIVEDERE: worry,target,בעתיד · אתן,תדאגנה,תדאגנה,False,,,,,
hebverb_288,דאג,hiph'il,DA_RIVEDERE: worry,target,בעתיד · הם,ידאיגו,ידאיגו,False,,,,,
hebverb_288,דאג,hiph'il,DA_RIVEDERE: worry,target,בעתיד · הן,תדאגנה,תדאגנה,False,,,,,
hebverb_289,דאג,huf'al,DA_RIVEDERE: is worried,infinitive,infinitive,id_289,id_289,False,,,,,
hebverb_289,דאג,huf'al,DA_RIVEDERE: is worried,present_1,present_1,"מדאג, מדאג","מדאג, מדאג",False,,,,,
hebverb_289,דאג,huf'al,DA_RIVEDERE: is worried,present_1,present_1,מודאג,מודאג,False,,,,,
hebverb_289,דאג,huf'al,DA_RIVEDERE: is worried,present_2,present_2,"מדאגת, מדאגת","מדאגת, מדאגת",False,,,,,
hebverb_289,דאג,huf'al,DA_RIVEDERE: is worried,present_2,present_2,מודאגת,מודאגת,True,26.60848278,609.2815789473684,0.9210526315789473,481.741935483871,0.9696969696969697
hebverb_289,דאג,huf'al,DA_RIVEDERE: is worried,present_3,present_3,"מדאגים, מדאגים","מדאגים, מדאגים",False,,,,,
hebverb_289,דאג,huf'al,DA_RIVEDERE: is worried,present_3,present_3,מודאגים,מודאגים,False,,,,,
hebverb_289,דאג,huf'al,DA_RIVEDERE: is worried,present_4,present_4,"מדאגות, מדאגות","מדאגות, מדאגות",False,,,,,
hebverb_289,דאג,huf'al,DA_RIVEDERE: is worried,present_4,present_4,מודאגות,מודאגות,False,,,,,
hebverb_289,דאג,huf'al,DA_RIVEDERE: is worried,target,בעבר · אני,"הדאגתי, הדאגתי","הדאגתי, הדאגתי",False,,,,,
hebverb_289,דאג,huf'al,DA_RIVEDERE: is worried,target,בעבר · אני,הודאגתי,הודאגתי,False,,,,,
hebverb_289,דאג,huf'al,DA_RIVEDERE: is worried,target,בעבר · אתה,"הדאגת, הדאגת","הדאגת, הדאגת",False,,,,,
hebverb_289,דאג,huf'al,DA_RIVEDERE: is worried,target,בעבר · אתה,הודאגת,הודאגת,False,,,,,
hebverb_289,דאג,huf'al,DA_RIVEDERE: is worried,target,בעבר · את,"הדאגת, הדאגת","הדאגת, הדאגת",False,,,,,
hebverb_289,דאג,huf'al,DA_RIVEDERE: is worried,target,בעבר · את,הודאגת,הודאגת,False,,,,,
hebverb_289,דאג,huf'al,DA_RIVEDERE: is worried,target,בעבר · הוא,"הדאג, הדאג","הדאג, הדאג",False,,,,,
hebverb_289,דאג,huf'al,DA_RIVEDERE: is worried,target,בעבר · הוא,הודאג,הודאג,False,,,,,
hebverb_289,דאג,huf'al,DA_RIVEDERE: is worried,target,בעבר · היא,"הדאגה, הדאגה","הדאגה, הדאגה",False,,,,,
hebverb_289,דאג,huf'al,DA_RIVEDERE: is worried,target,בעבר · היא,הודאגה,הודאגה,False,,,,,
hebverb_289,דאג,huf'al,DA_RIVEDERE: is worried,target,בעבר · אנחנו,"הדאגנו, הדאגנו","הדאגנו, הדאגנו",False,,,,,
hebverb_289,דאג,huf'al,DA_RIVEDERE: is worried,target,בעבר · אנחנו,הודאגנו,הודאגנו,False,,,,,
hebverb_289,דאג,huf'al,DA_RIVEDERE: is worried,target,בעבר · אתם,"הדאגתם, הדאגתם","הדאגתם, הדאגתם",False,,,,,
hebverb_289,דאג,huf'al,DA_RIVEDERE: is worried,target,בעבר · אתם,הודאגתם,הודאגתם,False,,,,,
hebverb_289,דאג,huf'al,DA_RIVEDERE: is worried,target,בעבר · אתן,"הדאגתן, הדאגתן","הדאגתן, הדאגתן",False,,,,,
hebverb_289,דאג,huf'al,DA_RIVEDERE: is worried,target,בעבר · אתן,הודאגתן,הודאגתן,False,,,,,
hebverb_289,דאג,huf'al,DA_RIVEDERE: is worried,target,בעבר · הם,"הדאגו, הדאגו","הדאגו, הדאגו",False,,,,,
hebverb_289,דאג,huf'al,DA_RIVEDERE: is worried,target,בעבר · הם,הודאגו,הודאגו,False,,,,,
hebverb_289,דאג,huf'al,DA_RIVEDERE: is worried,target,בעבר · הן,"הדאגו, הדאגו","הדאגו, הדאגו",False,,,,,
hebverb_289,דאג,huf'al,DA_RIVEDERE: is worried,target,בעבר · הן,הודאגו,הודאגו,False,,,,,
hebverb_289,דאג,huf'al,DA_RIVEDERE: is worried,target,בעתיד · אני,"אדאג, אדאג","אדאג, אדאג",False,,,,,
hebverb_289,דאג,huf'al,DA_RIVEDERE: is worried,target,בעתיד · אני,אודאג,אודאג,False,,,,,
hebverb_289,דאג,huf'al,DA_RIVEDERE: is worried,target,בעתיד · אתה,"תדאג, תדאג","תדאג, תדאג",False,,,,,
hebverb_289,דאג,huf'al,DA_RIVEDERE: is worried,target,בעתיד · אתה,תודאג,תודאג,False,,,,,
hebverb_289,דאג,huf'al,DA_RIVEDERE: is worried,target,בעתיד · את,"תדאגי, תדאגי","תדאגי, תדאגי",False,,,,,
hebverb_289,דאג,huf'al,DA_RIVEDERE: is worried,target,בעתיד · את,תודאגי,תודאגי,False,,,,,
hebverb_289,דאג,huf'al,DA_RIVEDERE: is worried,target,בעתיד · הוא,"ידאג, ידאג","ידאג, ידאג",False,,,,,
hebverb_289,דאג,huf'al,DA_RIVEDERE: is worried,target,בעתיד · הוא,יודאג,יודאג,False,,,,,
hebverb_289,דאג,huf'al,DA_RIVEDERE: is worried,target,בעתיד · היא,"תדאג, תדאג","תדאג, תדאג",False,,,,,
hebverb_289,דאג,huf'al,DA_RIVEDERE: is worried,target,בעתיד · היא,תודאג,תודאג,False,,,,,
hebverb_289,דאג,huf'al,DA_RIVEDERE: is worried,target,בעתיד · אנחנו,"נדאג, נדאג","נדאג, נדאג",False,,,,,
hebverb_289,דאג,huf'al,DA_RIVEDERE: is worried,target,בעתיד · אנחנו,נודאג,נודאג,False,,,,,
hebverb_289,דאג,huf'al,DA_RIVEDERE: is worried,target,בעתיד · אתם,"תדאגו, תדאגו","תדאגו, תדאגו",False,,,,,
hebverb_289,דאג,huf'al,DA_RIVEDERE: is worried,target,בעתיד · אתם,תודאגו,תודאגו,False,,,,,
hebverb_289,דאג,huf'al,DA_RIVEDERE: is worried,target,בעתיד · אתן,"תדאגנה, תדאגנה","תדאגנה, תדאגנה",False,,,,,
hebverb_289,דאג,huf'al,DA_RIVEDERE: is worried,target,בעתיד · אתן,תודאגנה,תודאגנה,False,,,,,
hebverb_289,דאג,huf'al,DA_RIVEDERE: is worried,target,בעתיד · הם,"ידאגו, ידאגו","ידאגו, ידאגו",False,,,,,
hebverb_289,דאג,huf'al,DA_RIVEDERE: is worried,target,בעתיד · הם,יודאגו,יודאגו,False,,,,,
hebverb_289,דאג,huf'al,DA_RIVEDERE: is worried,target,בעתיד · הן,"תדאגנה, תדאגנה","תדאגנה, תדאגנה",False,,,,,
hebverb_289,דאג,huf'al,DA_RIVEDERE: is worried,target,בעתיד · הן,תודאגנה,תודאגנה,False,,,,,
hebverb_290,תאם,huf'al,DA_RIVEDERE: is fitted,infinitive,infinitive,id_290,id_290,False,,,,,
hebverb_290,תאם,huf'al,DA_RIVEDERE: is fitted,present_1,present_1,"מתאם, מתאם","מתאם, מתאם",False,,,,,
hebverb_290,תאם,huf'al,DA_RIVEDERE: is fitted,present_1,present_1,מותאם,מותאם,False,,,,,
hebverb_290,תאם,huf'al,DA_RIVEDERE: is fitted,present_2,present_2,"מתאמת, מתאמת","מתאמת, מתאמת",False,,,,,
hebverb_290,תאם,huf'al,DA_RIVEDERE: is fitted,present_2,present_2,מותאמת,מותאמת,False,,,,,
hebverb_290,תאם,huf'al,DA_RIVEDERE: is fitted,present_3,present_3,"מתאמים, מתאמים","מתאמים, מתאמים",False,,,,,
hebverb_290,תאם,huf'al,DA_RIVEDERE: is fitted,present_3,present_3,מותאמים,מותאמים,False,,,,,
hebverb_290,תאם,huf'al,DA_RIVEDERE: is fitted,present_4,present_4,"מתאמות, מתאמות","מתאמות, מתאמות",False,,,,,
hebverb_290,תאם,huf'al,DA_RIVEDERE: is fitted,present_4,present_4,מותאמות,מותאמות,False,,,,,
hebverb_290,תאם,huf'al,DA_RIVEDERE: is fitted,target,בעבר · אני,"התאמתי, התאמתי","התאמתי, התאמתי",False,,,,,
hebverb_290,תאם,huf'al,DA_RIVEDERE: is fitted,target,בעבר · אני,הותאמתי,הותאמתי,False,,,,,
hebverb_290,תאם,huf'al,DA_RIVEDERE: is fitted,target,בעבר · אתה,"התאמת, התאמת","התאמת, התאמת",False,,,,,
hebverb_290,תאם,huf'al,DA_RIVEDERE: is fitted,target,בעבר · אתה,הותאמת,הותאמת,False,,,,,
hebverb_290,תאם,huf'al,DA_RIVEDERE: is fitted,target,בעבר · את,"התאמת, התאמת","התאמת, התאמת",False,,,,,
hebverb_290,תאם,huf'al,DA_RIVEDERE: is fitted,target,בעבר · את,הותאמת,הותאמת,False,,,,,
hebverb_290,תאם,huf'al,DA_RIVEDERE: is fitted,target,בעבר · הוא,"התאם, התאם","התאם, התאם",False,,,,,
hebverb_290,תאם,huf'al,DA_RIVEDERE: is fitted,target,בעבר · הוא,הותאם,הותאם,False,,,,,
hebverb_290,תאם,huf'al,DA_RIVEDERE: is fitted,target,בעבר · היא,"התאמה, התאמה","התאמה, התאמה",False,,,,,
hebverb_290,תאם,huf'al,DA_RIVEDERE: is fitted,target,בעבר · היא,הותאמה,הותאמה,False,,,,,
hebverb_290,תאם,huf'al,DA_RIVEDERE: is fitted,target,בעבר · אנחנו,"התאמנו, התאמנו","התאמנו, התאמנו",False,,,,,
hebverb_290,תאם,huf'al,DA_RIVEDERE: is fitted,target,בעבר · אנחנו,הותאמנו,הותאמנו,False,,,,,
hebverb_290,תאם,huf'al,DA_RIVEDERE: is fitted,target,בעבר · אתם,"התאמתם, התאמתם","התאמתם, התאמתם",False,,,,,
hebverb_290,תאם,huf'al,DA_RIVEDERE: is fitted,target,בעבר · אתם,הותאמתם,הותאמתם,False,,,,,
hebverb_290,תאם,huf'al,DA_RIVEDERE: is fitted,target,בעבר · אתן,"התאמתן, התאמתן","התאמתן, התאמתן",False,,,,,
hebverb_290,תאם,huf'al,DA_RIVEDERE: is fitted,target,בעבר · אתן,הותאמתן,הותאמתן,False,,,,,
hebverb_290,תאם,huf'al,DA_RIVEDERE: is fitted,target,בעבר · הם,"התאמו, התאמו","התאמו, התאמו",False,,,,,
hebverb_290,תאם,huf'al,DA_RIVEDERE: is fitted,target,בעבר · הם,הותאמו,הותאמו,False,,,,,
hebverb_290,תאם,huf'al,DA_RIVEDERE: is fitted,target,בעבר · הן,"התאמו, התאמו","התאמו, התאמו",False,,,,,
hebverb_290,תאם,huf'al,DA_RIVEDERE: is fitted,target,בעבר · הן,הותאמו,הותאמו,False,,,,,
hebverb_290,תאם,huf'al,DA_RIVEDERE: is fitted,target,בעתיד · אני,"אתאם, אתאם","אתאם, אתאם",False,,,,,
hebverb_290,תאם,huf'al,DA_RIVEDERE: is fitted,target,בעתיד · אני,אותאם,אותאם,False,,,,,
hebverb_290,תאם,huf'al,DA_RIVEDERE: is fitted,target,בעתיד · אתה,"תתאם, תתאם","תתאם, תתאם",False,,,,,
hebverb_290,תאם,huf'al,DA_RIVEDERE: is fitted,target,בעתיד · אתה,תותאם,תותאם,False,,,,,
hebverb_290,תאם,huf'al,DA_RIVEDERE: is fitted,target,בעתיד · את,"תתאמי, תתאמי","תתאמי, תתאמי",False,,,,,
hebverb_290,תאם,huf'al,DA_RIVEDERE: is fitted,target,בעתיד · את,תותאמי,תותאמי,False,,,,,
hebverb_290,תאם,huf'al,DA_RIVEDERE: is fitted,target,בעתיד · הוא,"יתאם, יתאם","יתאם, יתאם",False,,,,,
hebverb_290,תאם,huf'al,DA_RIVEDERE: is fitted,target,בעתיד · הוא,יותאם,יותאם,False,,,,,
hebverb_290,תאם,huf'al,DA_RIVEDERE: is fitted,target,בעתיד · היא,"תתאם, תתאם","תתאם, תתאם",False,,,,,
hebverb_290,תאם,huf'al,DA_RIVEDERE: is fitted,target,בעתיד · היא,תותאם,תותאם,False,,,,,
hebverb_290,תאם,huf'al,DA_RIVEDERE: is fitted,target,בעתיד · אנחנו,"נתאם, נתאם","נתאם, נתאם",False,,,,,
hebverb_290,תאם,huf'al,DA_RIVEDERE: is fitted,target,בעתיד · אנחנו,נותאם,נותאם,False,,,,,
hebverb_290,תאם,huf'al,DA_RIVEDERE: is fitted,target,בעתיד · אתם,"תתאמו, תתאמו","תתאמו, תתאמו",False,,,,,
hebverb_290,תאם,huf'al,DA_RIVEDERE: is fitted,target,בעתיד · אתם,תותאמו,תותאמו,False,,,,,
hebverb_290,תאם,huf'al,DA_RIVEDERE: is fitted,target,בעתיד · אתן,"תתאמנה, תתאמנה","תתאמנה, תתאמנה",False,,,,,
hebverb_290,תאם,huf'al,DA_RIVEDERE: is fitted,target,בעתיד · אתן,תותאמנה,תותאמנה,False,,,,,
hebverb_290,תאם,huf'al,DA_RIVEDERE: is fitted,target,בעתיד · הם,"יתאמו, יתאמו","יתאמו, יתאמו",False,,,,,
hebverb_290,תאם,huf'al,DA_RIVEDERE: is fitted,target,בעתיד · הם,יותאמו,יותאמו,False,,,,,
hebverb_290,תאם,huf'al,DA_RIVEDERE: is fitted,target,בעתיד · הן,"תתאמנה, תתאמנה","תתאמנה, תתאמנה",False,,,,,
hebverb_290,תאם,huf'al,DA_RIVEDERE: is fitted,target,בעתיד · הן,תותאמנה,תותאמנה,False,,,,,
hebverb_291,סבר,huf'al,DA_RIVEDERE: is explained,infinitive,infinitive,id_291,id_291,False,,,,,
hebverb_291,סבר,huf'al,DA_RIVEDERE: is explained,present_1,present_1,"מסבר, מסבר","מסבר, מסבר",False,,,,,
hebverb_291,סבר,huf'al,DA_RIVEDERE: is explained,present_1,present_1,מוסבר,מוסבר,True,2.098116464,611.9657142857143,0.9428571428571428,490.07894736842104,1.0
hebverb_291,סבר,huf'al,DA_RIVEDERE: is explained,present_2,present_2,"מסברת, מסברת","מסברת, מסברת",False,,,,,
hebverb_291,סבר,huf'al,DA_RIVEDERE: is explained,present_2,present_2,מוסברת,מוסברת,False,,,,,
hebverb_291,סבר,huf'al,DA_RIVEDERE: is explained,present_3,present_3,"מסברים, מסברים","מסברים, מסברים",False,,,,,
hebverb_291,סבר,huf'al,DA_RIVEDERE: is explained,present_3,present_3,מוסברים,מוסברים,False,,,,,
hebverb_291,סבר,huf'al,DA_RIVEDERE: is explained,present_4,present_4,"מסברות, מסברות","מסברות, מסברות",False,,,,,
hebverb_291,סבר,huf'al,DA_RIVEDERE: is explained,present_4,present_4,מוסברות,מוסברות,False,,,,,
hebverb_291,סבר,huf'al,DA_RIVEDERE: is explained,target,בעבר · אני,"הסברתי, הסברתי","הסברתי, הסברתי",False,,,,,
hebverb_291,סבר,huf'al,DA_RIVEDERE: is explained,target,בעבר · אני,הוסברתי,הוסברתי,False,,,,,
hebverb_291,סבר,huf'al,DA_RIVEDERE: is explained,target,בעבר · אתה,"הסברת, הסברת","הסברת, הסברת",False,,,,,
hebverb_291,סבר,huf'al,DA_RIVEDERE: is explained,target,בעבר · אתה,הוסברת,הוסברת,False,,,,,
hebverb_291,סבר,huf'al,DA_RIVEDERE: is explained,target,בעבר · את,"הסברת, הסברת","הסברת, הסברת",False,,,,,
hebverb_291,סבר,huf'al,DA_RIVEDERE: is explained,target,בעבר · את,הוסברת,הוסברת,False,,,,,
hebverb_291,סבר,huf'al,DA_RIVEDERE: is explained,target,בעבר · הוא,"הסבר, הסבר","הסבר, הסבר",False,,,,,
hebverb_291,סבר,huf'al,DA_RIVEDERE: is explained,target,בעבר · הוא,הוסבר,הוסבר,False,,,,,
hebverb_291,סבר,huf'al,DA_RIVEDERE: is explained,target,בעבר · היא,"הסברה, הסברה","הסברה, הסברה",False,,,,,
hebverb_291,סבר,huf'al,DA_RIVEDERE: is explained,target,בעבר · היא,הוסברה,הוסברה,False,,,,,
hebverb_291,סבר,huf'al,DA_RIVEDERE: is explained,target,בעבר · אנחנו,"הסברנו, הסברנו","הסברנו, הסברנו",False,,,,,
hebverb_291,סבר,huf'al,DA_RIVEDERE: is explained,target,בעבר · אנחנו,הוסברנו,הוסברנו,False,,,,,
hebverb_291,סבר,huf'al,DA_RIVEDERE: is explained,target,בעבר · אתם,"הסברתם, הסברתם","הסברתם, הסברתם",False,,,,,
hebverb_291,סבר,huf'al,DA_RIVEDERE: is explained,target,בעבר · אתם,הוסברתם,הוסברתם,False,,,,,
hebverb_291,סבר,huf'al,DA_RIVEDERE: is explained,target,בעבר · אתן,"הסברתן, הסברתן","הסברתן, הסברתן",False,,,,,
hebverb_291,סבר,huf'al,DA_RIVEDERE: is explained,target,בעבר · אתן,הוסברתן,הוסברתן,False,,,,,
hebverb_291,סבר,huf'al,DA_RIVEDERE: is explained,target,בעבר · הם,"הסברו, הסברו","הסברו, הסברו",False,,,,,
hebverb_291,סבר,huf'al,DA_RIVEDERE: is explained,target,בעבר · הם,הוסברו,הוסברו,False,,,,,
hebverb_291,סבר,huf'al,DA_RIVEDERE: is explained,target,בעבר · הן,"הסברו, הסברו","הסברו, הסברו",False,,,,,
hebverb_291,סבר,huf'al,DA_RIVEDERE: is explained,target,בעבר · הן,הוסברו,הוסברו,False,,,,,
hebverb_291,סבר,huf'al,DA_RIVEDERE: is explained,target,בעתיד · אני,"אסבר, אסבר","אסבר, אסבר",False,,,,,
hebverb_291,סבר,huf'al,DA_RIVEDERE: is explained,target,בעתיד · אני,אוסבר,אוסבר,False,,,,,
hebverb_291,סבר,huf'al,DA_RIVEDERE: is explained,target,בעתיד · אתה,"תסבר, תסבר","תסבר, תסבר",False,,,,,
hebverb_291,סבר,huf'al,DA_RIVEDERE: is explained,target,בעתיד · אתה,תוסבר,תוסבר,False,,,,,
hebverb_291,סבר,huf'al,DA_RIVEDERE: is explained,target,בעתיד · את,"תסברי, תסברי","תסברי, תסברי",False,,,,,
hebverb_291,סבר,huf'al,DA_RIVEDERE: is explained,target,בעתיד · את,תוסברי,תוסברי,False,,,,,
hebverb_291,סבר,huf'al,DA_RIVEDERE: is explained,target,בעתיד · הוא,"יסבר, יסבר","יסבר, יסבר",False,,,,,
hebverb_291,סבר,huf'al,DA_RIVEDERE: is explained,target,בעתיד · הוא,יוסבר,יוסבר,False,,,,,
hebverb_291,סבר,huf'al,DA_RIVEDERE: is explained,target,בעתיד · היא,"תסבר, תסבר","תסבר, תסבר",False,,,,,
hebverb_291,סבר,huf'al,DA_RIVEDERE: is explained,target,בעתיד · היא,תוסבר,תוסבר,False,,,,,
hebverb_291,סבר,huf'al,DA_RIVEDERE: is explained,target,בעתיד · אנחנו,"נסבר, נסבר","נסבר, נסבר",False,,,,,
hebverb_291,סבר,huf'al,DA_RIVEDERE: is explained,target,בעתיד · אנחנו,נוסבר,נוסבר,False,,,,,
hebverb_291,סבר,huf'al,DA_RIVEDERE: is explained,target,בעתיד · אתם,"תסברו, תסברו","תסברו, תסברו",False,,,,,
hebverb_291,סבר,huf'al,DA_RIVEDERE: is explained,target,בעתיד · אתם,תוסברו,תוסברו,False,,,,,
hebverb_291,סבר,huf'al,DA_RIVEDERE: is explained,target,בעתיד · אתן,"תסברנה, תסברנה","תסברנה, תסברנה",False,,,,,
hebverb_291,סבר,huf'al,DA_RIVEDERE: is explained,target,בעתיד · אתן,תוסברנה,תוסברנה,False,,,,,
hebverb_291,סבר,huf'al,DA_RIVEDERE: is explained,target,בעתיד · הם,"יסברו, יסברו","יסברו, יסברו",False,,,,,
hebverb_291,סבר,huf'al,DA_RIVEDERE: is explained,target,בעתיד · הם,יוסברו,יוסברו,False,,,,,
hebverb_291,סבר,huf'al,DA_RIVEDERE: is explained,target,בעתיד · הן,"תסברנה, תסברנה","תסברנה, תסברנה",False,,,,,
hebverb_291,סבר,huf'al,DA_RIVEDERE: is explained,target,בעתיד · הן,תוסברנה,תוסברנה,False,,,,,
hebverb_292,דכא,pi'el,"DA_RIVEDERE: oppress, cause depression",infinitive,infinitive,לדכא,לדכא,False,,,,,
hebverb_292,דכא,pi'el,"DA_RIVEDERE: oppress, cause depression",present_1,present_1,מדכא,מדכא,False,,,,,
hebverb_292,דכא,pi'el,"DA_RIVEDERE: oppress, cause depression",present_2,present_2,מדכאת,מדכאת,True,1.503852263,645.8225,0.7560975609756098,481.8484848484849,0.9705882352941176
hebverb_292,דכא,pi'el,"DA_RIVEDERE: oppress, cause depression",present_3,present_3,מדכאים,מדכאים,False,,,,,
hebverb_292,דכא,pi'el,"DA_RIVEDERE: oppress, cause depression",present_4,present_4,מדכאות,מדכאות,False,,,,,
hebverb_292,דכא,pi'el,"DA_RIVEDERE: oppress, cause depression",target,בעבר · אני,דיכאתי,דיכאתי,False,,,,,
hebverb_292,דכא,pi'el,"DA_RIVEDERE: oppress, cause depression",target,בעבר · אני,דכאתי,דכאתי,False,,,,,
hebverb_292,דכא,pi'el,"DA_RIVEDERE: oppress, cause depression",target,בעבר · אתה,דיכאת,דיכאת,False,,,,,
hebverb_292,דכא,pi'el,"DA_RIVEDERE: oppress, cause depression",target,בעבר · אתה,דכאת,דכאת,False,,,,,
hebverb_292,דכא,pi'el,"DA_RIVEDERE: oppress, cause depression",target,בעבר · את,דיכאת,דיכאת,False,,,,,
hebverb_292,דכא,pi'el,"DA_RIVEDERE: oppress, cause depression",target,בעבר · את,דכאת,דכאת,False,,,,,
hebverb_292,דכא,pi'el,"DA_RIVEDERE: oppress, cause depression",target,בעבר · הוא,דיכא,דיכא,False,,,,,
hebverb_292,דכא,pi'el,"DA_RIVEDERE: oppress, cause depression",target,בעבר · הוא,דכא,דכא,False,,,,,
hebverb_292,דכא,pi'el,"DA_RIVEDERE: oppress, cause depression",target,בעבר · היא,דיכאה,דיכאה,False,,,,,
hebverb_292,דכא,pi'el,"DA_RIVEDERE: oppress, cause depression",target,בעבר · היא,דכאה,דכאה,False,,,,,
hebverb_292,דכא,pi'el,"DA_RIVEDERE: oppress, cause depression",target,בעבר · אנחנו,דיכאנו,דיכאנו,False,,,,,
hebverb_292,דכא,pi'el,"DA_RIVEDERE: oppress, cause depression",target,בעבר · אנחנו,דכאנו,דכאנו,False,,,,,
hebverb_292,דכא,pi'el,"DA_RIVEDERE: oppress, cause depression",target,בעבר · אתם,דיכאתם,דיכאתם,False,,,,,
hebverb_292,דכא,pi'el,"DA_RIVEDERE: oppress, cause depression",target,בעבר · אתם,דכאתם,דכאתם,False,,,,,
hebverb_292,דכא,pi'el,"DA_RIVEDERE: oppress, cause depression",target,בעבר · אתן,דיכאתן,דיכאתן,False,,,,,
hebverb_292,דכא,pi'el,"DA_RIVEDERE: oppress, cause depression",target,בעבר · אתן,דכאתן,דכאתן,False,,,,,
hebverb_292,דכא,pi'el,"DA_RIVEDERE: oppress, cause depression",target,בעבר · הם,דיכאו,דיכאו,False,,,,,
hebverb_292,דכא,pi'el,"DA_RIVEDERE: oppress, cause depression",target,בעבר · הם,דכאו,דכאו,False,,,,,
hebverb_292,דכא,pi'el,"DA_RIVEDERE: oppress, cause depression",target,בעבר · הן,דיכאו,דיכאו,False,,,,,
hebverb_292,דכא,pi'el,"DA_RIVEDERE: oppress, cause depression",target,בעבר · הן,דכאו,דכאו,False,,,,,
hebverb_292,דכא,pi'el,"DA_RIVEDERE: oppress, cause depression",target,בעתיד · אני,אדכא,אדכא,False,,,,,
hebverb_292,דכא,pi'el,"DA_RIVEDERE: oppress, cause depression",target,בעתיד · אתה,תדכא,תדכא,False,,,,,
hebverb_292,דכא,pi'el,"DA_RIVEDERE: oppress, cause depression",target,בעתיד · את,תדכאי,תדכאי,False,,,,,
hebverb_292,דכא,pi'el,"DA_RIVEDERE: oppress, cause depression",target,בעתיד · הוא,ידכא,ידכא,False,,,,,
hebverb_292,דכא,pi'el,"DA_RIVEDERE: oppress, cause depression",target,בעתיד · היא,תדכא,תדכא,False,,,,,
hebverb_292,דכא,pi'el,"DA_RIVEDERE: oppress, cause depression",target,בעתיד · אנחנו,נדכא,נדכא,False,,,,,
hebverb_292,דכא,pi'el,"DA_RIVEDERE: oppress, cause depression",target,בעתיד · אתם,תדכאו,תדכאו,False,,,,,
hebverb_292,דכא,pi'el,"DA_RIVEDERE: oppress, cause depression",target,בעתיד · אתן,תדכאנה,תדכאנה,False,,,,,
hebverb_292,דכא,pi'el,"DA_RIVEDERE: oppress, cause depression",target,בעתיד · הם,ידכאו,ידכאו,False,,,,,
hebverb_292,דכא,pi'el,"DA_RIVEDERE: oppress, cause depression",target,בעתיד · הן,תדכאנה,תדכאנה,False,,,,,
hebverb_293,דכא,pu'al,"DA_RIVEDERE: is oppressed, is depressed",infinitive,infinitive,id_293,id_293,False,,,,,
hebverb_293,דכא,pu'al,"DA_RIVEDERE: is oppressed, is depressed",present_1,present_1,מדוכא,מדוכא,False,,,,,
hebverb_293,דכא,pu'al,"DA_RIVEDERE: is oppressed, is depressed",present_1,present_1,מדכא,מדכא,False,,,,,
hebverb_293,דכא,pu'al,"DA_RIVEDERE: is oppressed, is depressed",present_2,present_2,מדוכאת,מדוכאת,False,,,,,
hebverb_293,דכא,pu'al,"DA_RIVEDERE: is oppressed, is depressed",present_2,present_2,מדכאת,מדכאת,True,1.503852263,645.8225,0.7560975609756098,481.8484848484849,0.9705882352941176
hebverb_293,דכא,pu'al,"DA_RIVEDERE: is oppressed, is depressed",present_3,present_3,מדוכאים,מדוכאים,False,,,,,
hebverb_293,דכא,pu'al,"DA_RIVEDERE: is oppressed, is depressed",present_3,present_3,מדכאים,מדכאים,False,,,,,
hebverb_293,דכא,pu'al,"DA_RIVEDERE: is oppressed, is depressed",present_4,present_4,מדוכאות,מדוכאות,False,,,,,
hebverb_293,דכא,pu'al,"DA_RIVEDERE: is oppressed, is depressed",present_4,present_4,מדכאות,מדכאות,False,,,,,
hebverb_293,דכא,pu'al,"DA_RIVEDERE: is oppressed, is depressed",target,בעבר · אני,דוכאתי,דוכאתי,False,,,,,
hebverb_293,דכא,pu'al,"DA_RIVEDERE: is oppressed, is depressed",target,בעבר · אני,דכאתי,דכאתי,False,,,,,
hebverb_293,דכא,pu'al,"DA_RIVEDERE: is oppressed, is depressed",target,בעבר · אתה,דוכאת,דוכאת,False,,,,,
hebverb_293,דכא,pu'al,"DA_RIVEDERE: is oppressed, is depressed",target,בעבר · אתה,דכאת,דכאת,False,,,,,
hebverb_293,דכא,pu'al,"DA_RIVEDERE: is oppressed, is depressed",target,בעבר · את,דוכאת,דוכאת,False,,,,,
hebverb_293,דכא,pu'al,"DA_RIVEDERE: is oppressed, is depressed",target,בעבר · את,דכאת,דכאת,False,,,,,
hebverb_293,דכא,pu'al,"DA_RIVEDERE: is oppressed, is depressed",target,בעבר · הוא,דוכא,דוכא,False,,,,,
hebverb_293,דכא,pu'al,"DA_RIVEDERE: is oppressed, is depressed",target,בעבר · הוא,דכא,דכא,False,,,,,
hebverb_293,דכא,pu'al,"DA_RIVEDERE: is oppressed, is depressed",target,בעבר · היא,דוכאה,דוכאה,False,,,,,
hebverb_293,דכא,pu'al,"DA_RIVEDERE: is oppressed, is depressed",target,בעבר · היא,דכאה,דכאה,False,,,,,
hebverb_293,דכא,pu'al,"DA_RIVEDERE: is oppressed, is depressed",target,בעבר · אנחנו,דוכאנו,דוכאנו,False,,,,,
hebverb_293,דכא,pu'al,"DA_RIVEDERE: is oppressed, is depressed",target,בעבר · אנחנו,דכאנו,דכאנו,False,,,,,
hebverb_293,דכא,pu'al,"DA_RIVEDERE: is oppressed, is depressed",target,בעבר · אתם,דוכאתם,דוכאתם,False,,,,,
hebverb_293,דכא,pu'al,"DA_RIVEDERE: is oppressed, is depressed",target,בעבר · אתם,דכאתם,דכאתם,False,,,,,
hebverb_293,דכא,pu'al,"DA_RIVEDERE: is oppressed, is depressed",target,בעבר · אתן,דוכאתן,דוכאתן,False,,,,,
hebverb_293,דכא,pu'al,"DA_RIVEDERE: is oppressed, is depressed",target,בעבר · אתן,דכאתן,דכאתן,False,,,,,
hebverb_293,דכא,pu'al,"DA_RIVEDERE: is oppressed, is depressed",target,בעבר · הם,דוכאו,דוכאו,False,,,,,
hebverb_293,דכא,pu'al,"DA_RIVEDERE: is oppressed, is depressed",target,בעבר · הם,דכאו,דכאו,False,,,,,
hebverb_293,דכא,pu'al,"DA_RIVEDERE: is oppressed, is depressed",target,בעבר · הן,דוכאו,דוכאו,False,,,,,
hebverb_293,דכא,pu'al,"DA_RIVEDERE: is oppressed, is depressed",target,בעבר · הן,דכאו,דכאו,False,,,,,
hebverb_293,דכא,pu'al,"DA_RIVEDERE: is oppressed, is depressed",target,בעתיד · אני,אדוכא,אדוכא,False,,,,,
hebverb_293,דכא,pu'al,"DA_RIVEDERE: is oppressed, is depressed",target,בעתיד · אני,אדכא,אדכא,False,,,,,
hebverb_293,דכא,pu'al,"DA_RIVEDERE: is oppressed, is depressed",target,בעתיד · אתה,תדוכא,תדוכא,False,,,,,
hebverb_293,דכא,pu'al,"DA_RIVEDERE: is oppressed, is depressed",target,בעתיד · אתה,תדכא,תדכא,False,,,,,
hebverb_293,דכא,pu'al,"DA_RIVEDERE: is oppressed, is depressed",target,בעתיד · את,תדוכאי,תדוכאי,False,,,,,
hebverb_293,דכא,pu'al,"DA_RIVEDERE: is oppressed, is depressed",target,בעתיד · את,תדכאי,תדכאי,False,,,,,
hebverb_293,דכא,pu'al,"DA_RIVEDERE: is oppressed, is depressed",target,בעתיד · הוא,ידוכא,ידוכא,False,,,,,
hebverb_293,דכא,pu'al,"DA_RIVEDERE: is oppressed, is depressed",target,בעתיד · הוא,ידכא,ידכא,False,,,,,
hebverb_293,דכא,pu'al,"DA_RIVEDERE: is oppressed, is depressed",target,בעתיד · היא,תדוכא,תדוכא,False,,,,,
hebverb_293,דכא,pu'al,"DA_RIVEDERE: is oppressed, is depressed",target,בעתיד · היא,תדכא,תדכא,False,,,,,
hebverb_293,דכא,pu'al,"DA_RIVEDERE: is oppressed, is depressed",target,בעתיד · אנחנו,נדוכא,נדוכא,False,,,,,
hebverb_293,דכא,pu'al,"DA_RIVEDERE: is oppressed, is depressed",target,בעתיד · אנחנו,נדכא,נדכא,False,,,,,
hebverb_293,דכא,pu'al,"DA_RIVEDERE: is oppressed, is depressed",target,בעתיד · אתם,תדוכאו,תדוכאו,False,,,,,
hebverb_293,דכא,pu'al,"DA_RIVEDERE: is oppressed, is depressed",target,בעתיד · אתם,תדכאו,תדכאו,False,,,,,
hebverb_293,דכא,pu'al,"DA_RIVEDERE: is oppressed, is depressed",target,בעתיד · אתן,תדוכאנה,תדוכאנה,False,,,,,
hebverb_293,דכא,pu'al,"DA_RIVEDERE: is oppressed, is depressed",target,בעתיד · אתן,תדכאנה,תדכאנה,False,,,,,
hebverb_293,דכא,pu'al,"DA_RIVEDERE: is oppressed, is depressed",target,בעתיד · הם,ידוכאו,ידוכאו,False,,,,,
hebverb_293,דכא,pu'al,"DA_RIVEDERE: is oppressed, is depressed",target,בעתיד · הם,ידכאו,ידכאו,False,,,,,
hebverb_293,דכא,pu'al,"DA_RIVEDERE: is oppressed, is depressed",target,בעתיד · הן,תדוכאנה,תדוכאנה,False,,,,,
hebverb_293,דכא,pu'al,"DA_RIVEDERE: is oppressed, is depressed",target,בעתיד · הן,תדכאנה,תדכאנה,False,,,,,
hebverb_294,אשר,pu'al,DA_RIVEDERE: is approved,infinitive,infinitive,id_294,id_294,False,,,,,
hebverb_294,אשר,pu'al,DA_RIVEDERE: is approved,present_1,present_1,מאשר,מאשר,True,210.527189,602.097368368421,0.9736842105263158,,
hebverb_294,אשר,pu'al,DA_RIVEDERE: is approved,present_1,present_1,מאושר,מאושר,False,,,,,
hebverb_294,אשר,pu'al,DA_RIVEDERE: is approved,present_2,present_2,מאשרת,מאשרת,False,,,,,
hebverb_294,אשר,pu'al,DA_RIVEDERE: is approved,present_2,present_2,מאושרת,מאושרת,False,,,,,
hebverb_294,אשר,pu'al,DA_RIVEDERE: is approved,present_3,present_3,מאשרים,מאשרים,True,3.614096568,552.0945945945946,0.972972972972973,,
hebverb_294,אשר,pu'al,DA_RIVEDERE: is approved,present_3,present_3,מאושרים,מאושרים,False,,,,,
hebverb_294,אשר,pu'al,DA_RIVEDERE: is approved,present_4,present_4,מאשרות,מאשרות,False,,,,,
hebverb_294,אשר,pu'al,DA_RIVEDERE: is approved,present_4,present_4,מאושרות,מאושרות,False,,,,,
hebverb_294,אשר,pu'al,DA_RIVEDERE: is approved,target,בעבר · אני,אשרתי,אשרתי,False,,,,,
hebverb_294,אשר,pu'al,DA_RIVEDERE: is approved,target,בעבר · אני,אושרתי,אושרתי,False,,,,,
hebverb_294,אשר,pu'al,DA_RIVEDERE: is approved,target,בעבר · אתה,אשרת,אשרת,False,,,,,
hebverb_294,אשר,pu'al,DA_RIVEDERE: is approved,target,בעבר · אתה,אושרת,אושרת,False,,,,,
hebverb_294,אשר,pu'al,DA_RIVEDERE: is approved,target,בעבר · את,אשרת,אשרת,False,,,,,
hebverb_294,אשר,pu'al,DA_RIVEDERE: is approved,target,בעבר · את,אושרת,אושרת,False,,,,,
hebverb_294,אשר,pu'al,DA_RIVEDERE: is approved,target,בעבר · הוא,אשר,אשר,False,,,,,
hebverb_294,אשר,pu'al,DA_RIVEDERE: is approved,target,בעבר · הוא,אושר,אושר,True,28.52468164,565.2536585365854,1.0,470.42424242424244,0.9705882352941176
hebverb_294,אשר,pu'al,DA_RIVEDERE: is approved,target,בעבר · היא,אשרה,אשרה,False,,,,,
hebverb_294,אשר,pu'al,DA_RIVEDERE: is approved,target,בעבר · היא,אושרה,אושרה,False,,,,,
hebverb_294,אשר,pu'al,DA_RIVEDERE: is approved,target,בעבר · אנחנו,אשרנו,אשרנו,False,,,,,
hebverb_294,אשר,pu'al,DA_RIVEDERE: is approved,target,בעבר · אנחנו,אושרנו,אושרנו,False,,,,,
hebverb_294,אשר,pu'al,DA_RIVEDERE: is approved,target,בעבר · אתם,אשרתם,אשרתם,False,,,,,
hebverb_294,אשר,pu'al,DA_RIVEDERE: is approved,target,בעבר · אתם,אושרתם,אושרתם,False,,,,,
hebverb_294,אשר,pu'al,DA_RIVEDERE: is approved,target,בעבר · אתן,אשרתן,אשרתן,False,,,,,
hebverb_294,אשר,pu'al,DA_RIVEDERE: is approved,target,בעבר · אתן,אושרתן,אושרתן,False,,,,,
hebverb_294,אשר,pu'al,DA_RIVEDERE: is approved,target,בעבר · הם,אשרו,אשרו,False,,,,,
hebverb_294,אשר,pu'al,DA_RIVEDERE: is approved,target,בעבר · הם,אושרו,אושרו,False,,,,,
hebverb_294,אשר,pu'al,DA_RIVEDERE: is approved,target,בעבר · הן,אשרו,אשרו,False,,,,,
hebverb_294,אשר,pu'al,DA_RIVEDERE: is approved,target,בעבר · הן,אושרו,אושרו,False,,,,,
hebverb_294,אשר,pu'al,DA_RIVEDERE: is approved,target,בעתיד · אני,אאשר,אאשר,True,1.661514194,604.545945918919,0.7567567567567568,,
hebverb_294,אשר,pu'al,DA_RIVEDERE: is approved,target,בעתיד · אני,אאושר,אאושר,False,,,,,
hebverb_294,אשר,pu'al,DA_RIVEDERE: is approved,target,בעתיד · אתה,תאשר,תאשר,False,,,,,
hebverb_294,אשר,pu'al,DA_RIVEDERE: is approved,target,בעתיד · אתה,תאושר,תאושר,False,,,,,
hebverb_294,אשר,pu'al,DA_RIVEDERE: is approved,target,בעתיד · את,תאשרי,תאשרי,False,,,,,
hebverb_294,אשר,pu'al,DA_RIVEDERE: is approved,target,בעתיד · את,תאושרי,תאושרי,False,,,,,
hebverb_294,אשר,pu'al,DA_RIVEDERE: is approved,target,בעתיד · הוא,יאשר,יאשר,False,,,,,
hebverb_294,אשר,pu'al,DA_RIVEDERE: is approved,target,בעתיד · הוא,יאושר,יאושר,False,,,,,
hebverb_294,אשר,pu'al,DA_RIVEDERE: is approved,target,בעתיד · היא,תאשר,תאשר,False,,,,,
hebverb_294,אשר,pu'al,DA_RIVEDERE: is approved,target,בעתיד · היא,תאושר,תאושר,False,,,,,
hebverb_294,אשר,pu'al,DA_RIVEDERE: is approved,target,בעתיד · אנחנו,נאשר,נאשר,False,,,,,
hebverb_294,אשר,pu'al,DA_RIVEDERE: is approved,target,בעתיד · אנחנו,נאושר,נאושר,False,,,,,
hebverb_294,אשר,pu'al,DA_RIVEDERE: is approved,target,בעתיד · אתם,תאשרו,תאשרו,False,,,,,
hebverb_294,אשר,pu'al,DA_RIVEDERE: is approved,target,בעתיד · אתם,תאושרו,תאושרו,False,,,,,
hebverb_294,אשר,pu'al,DA_RIVEDERE: is approved,target,בעתיד · אתן,תאשרנה,תאשרנה,False,,,,,
hebverb_294,אשר,pu'al,DA_RIVEDERE: is approved,target,בעתיד · אתן,תאושרנה,תאושרנה,False,,,,,
hebverb_294,אשר,pu'al,DA_RIVEDERE: is approved,target,בעתיד · הם,יאשרו,יאשרו,True,1.631194592,600.5114285714285,0.8857142857142857,438.8787878787879,0.9736842105263158
hebverb_294,אשר,pu'al,DA_RIVEDERE: is approved,target,בעתיד · הם,יאושרו,יאושרו,False,,,,,
hebverb_294,אשר,pu'al,DA_RIVEDERE: is approved,target,בעתיד · הן,תאשרנה,תאשרנה,False,,,,,
hebverb_294,אשר,pu'al,DA_RIVEDERE: is approved,target,בעתיד · הן,תאושרנה,תאושרנה,False,,,,,
hebverb_295,נשק,pu'al,DA_RIVEDERE: is kissed,infinitive,infinitive,id_295,id_295,False,,,,,
hebverb_295,נשק,pu'al,DA_RIVEDERE: is kissed,present_1,present_1,מנשק,מנשק,False,,,,,
hebverb_295,נשק,pu'al,DA_RIVEDERE: is kissed,present_1,present_1,מנושק,מנושק,False,,,,,
hebverb_295,נשק,pu'al,DA_RIVEDERE: is kissed,present_2,present_2,מנשקת,מנשקת,False,,,,,
hebverb_295,נשק,pu'al,DA_RIVEDERE: is kissed,present_2,present_2,מנושקת,מנושקת,False,,,,,
hebverb_295,נשק,pu'al,DA_RIVEDERE: is kissed,present_3,present_3,מנשקים,מנשקים,False,,,,,
hebverb_295,נשק,pu'al,DA_RIVEDERE: is kissed,present_3,present_3,מנושקים,מנושקים,False,,,,,
hebverb_295,נשק,pu'al,DA_RIVEDERE: is kissed,present_4,present_4,מנשקות,מנשקות,False,,,,,
hebverb_295,נשק,pu'al,DA_RIVEDERE: is kissed,present_4,present_4,מנושקות,מנושקות,False,,,,,
hebverb_295,נשק,pu'al,DA_RIVEDERE: is kissed,target,בעבר · אני,נשקתי,נשקתי,False,,,,,
hebverb_295,נשק,pu'al,DA_RIVEDERE: is kissed,target,בעבר · אני,נושקתי,נושקתי,False,,,,,
hebverb_295,נשק,pu'al,DA_RIVEDERE: is kissed,target,בעבר · אתה,נשקת,נשקת,False,,,,,
hebverb_295,נשק,pu'al,DA_RIVEDERE: is kissed,target,בעבר · אתה,נושקת,נושקת,False,,,,,
hebverb_295,נשק,pu'al,DA_RIVEDERE: is kissed,target,בעבר · את,נשקת,נשקת,False,,,,,
hebverb_295,נשק,pu'al,DA_RIVEDERE: is kissed,target,בעבר · את,נושקת,נושקת,False,,,,,
hebverb_295,נשק,pu'al,DA_RIVEDERE: is kissed,target,בעבר · הוא,נשק,נשק,True,116.7911072,532.6054052972974,0.972972972972973,,
hebverb_295,נשק,pu'al,DA_RIVEDERE: is kissed,target,בעבר · הוא,נושק,נושק,False,,,,,
hebverb_295,נשק,pu'al,DA_RIVEDERE: is kissed,target,בעבר · היא,נשקה,נשקה,False,,,,,
hebverb_295,נשק,pu'al,DA_RIVEDERE: is kissed,target,בעבר · היא,נושקה,נושקה,False,,,,,
hebverb_295,נשק,pu'al,DA_RIVEDERE: is kissed,target,בעבר · אנחנו,נשקנו,נשקנו,False,,,,,
hebverb_295,נשק,pu'al,DA_RIVEDERE: is kissed,target,בעבר · אנחנו,נושקנו,נושקנו,False,,,,,
hebverb_295,נשק,pu'al,DA_RIVEDERE: is kissed,target,בעבר · אתם,נשקתם,נשקתם,False,,,,,
hebverb_295,נשק,pu'al,DA_RIVEDERE: is kissed,target,בעבר · אתם,נושקתם,נושקתם,False,,,,,
hebverb_295,נשק,pu'al,DA_RIVEDERE: is kissed,target,בעבר · אתן,נשקתן,נשקתן,False,,,,,
hebverb_295,נשק,pu'al,DA_RIVEDERE: is kissed,target,בעבר · אתן,נושקתן,נושקתן,False,,,,,
hebverb_295,נשק,pu'al,DA_RIVEDERE: is kissed,target,בעבר · הם,נשקו,נשקו,False,,,,,
hebverb_295,נשק,pu'al,DA_RIVEDERE: is kissed,target,בעבר · הם,נושקו,נושקו,False,,,,,
hebverb_295,נשק,pu'al,DA_RIVEDERE: is kissed,target,בעבר · הן,נשקו,נשקו,False,,,,,
hebverb_295,נשק,pu'al,DA_RIVEDERE: is kissed,target,בעבר · הן,נושקו,נושקו,False,,,,,
hebverb_295,נשק,pu'al,DA_RIVEDERE: is kissed,target,בעתיד · אני,אנשק,אנשק,False,,,,,
hebverb_295,נשק,pu'al,DA_RIVEDERE: is kissed,target,בעתיד · אני,אנושק,אנושק,False,,,,,
hebverb_295,נשק,pu'al,DA_RIVEDERE: is kissed,target,בעתיד · אתה,תנשק,תנשק,False,,,,,
hebverb_295,נשק,pu'al,DA_RIVEDERE: is kissed,target,בעתיד · אתה,תנושק,תנושק,False,,,,,
hebverb_295,נשק,pu'al,DA_RIVEDERE: is kissed,target,בעתיד · את,תנשקי,תנשקי,False,,,,,
hebverb_295,נשק,pu'al,DA_RIVEDERE: is kissed,target,בעתיד · את,תנושקי,תנושקי,False,,,,,
hebverb_295,נשק,pu'al,DA_RIVEDERE: is kissed,target,בעתיד · הוא,ינשק,ינשק,False,,,,,
hebverb_295,נשק,pu'al,DA_RIVEDERE: is kissed,target,בעתיד · הוא,ינושק,ינושק,False,,,,,
hebverb_295,נשק,pu'al,DA_RIVEDERE: is kissed,target,בעתיד · היא,תנשק,תנשק,False,,,,,
hebverb_295,נשק,pu'al,DA_RIVEDERE: is kissed,target,בעתיד · היא,תנושק,תנושק,False,,,,,
hebverb_295,נשק,pu'al,DA_RIVEDERE: is kissed,target,בעתיד · אנחנו,ננשק,ננשק,False,,,,,
hebverb_295,נשק,pu'al,DA_RIVEDERE: is kissed,target,בעתיד · אנחנו,ננושק,ננושק,False,,,,,
hebverb_295,נשק,pu'al,DA_RIVEDERE: is kissed,target,בעתיד · אתם,תנשקו,תנשקו,False,,,,,
hebverb_295,נשק,pu'al,DA_RIVEDERE: is kissed,target,בעתיד · אתם,תנושקו,תנושקו,False,,,,,
hebverb_295,נשק,pu'al,DA_RIVEDERE: is kissed,target,בעתיד · אתן,תנשקנה,תנשקנה,False,,,,,
hebverb_295,נשק,pu'al,DA_RIVEDERE: is kissed,target,בעתיד · אתן,תנושקנה,תנושקנה,False,,,,,
hebverb_295,נשק,pu'al,DA_RIVEDERE: is kissed,target,בעתיד · הם,ינשקו,ינשקו,False,,,,,
hebverb_295,נשק,pu'al,DA_RIVEDERE: is kissed,target,בעתיד · הם,ינושקו,ינושקו,False,,,,,
hebverb_295,נשק,pu'al,DA_RIVEDERE: is kissed,target,בעתיד · הן,תנשקנה,תנשקנה,False,,,,,
hebverb_295,נשק,pu'al,DA_RIVEDERE: is kissed,target,בעתיד · הן,תנושקנה,תנושקנה,False,,,,,
hebverb_296,נחם,pu'al,DA_RIVEDERE: is comforted,infinitive,infinitive,id_296,id_296,False,,,,,
hebverb_296,נחם,pu'al,DA_RIVEDERE: is comforted,present_1,present_1,מנחם,מנחם,False,,,,,
hebverb_296,נחם,pu'al,DA_RIVEDERE: is comforted,present_1,present_1,מנוחם,מנוחם,False,,,,,
hebverb_296,נחם,pu'al,DA_RIVEDERE: is comforted,present_2,present_2,מנחמת,מנחמת,False,,,,,
hebverb_296,נחם,pu'al,DA_RIVEDERE: is comforted,present_2,present_2,מנוחמת,מנוחמת,False,,,,,
hebverb_296,נחם,pu'al,DA_RIVEDERE: is comforted,present_3,present_3,מנחמים,מנחמים,False,,,,,
hebverb_296,נחם,pu'al,DA_RIVEDERE: is comforted,present_3,present_3,מנוחמים,מנוחמים,False,,,,,
hebverb_296,נחם,pu'al,DA_RIVEDERE: is comforted,present_4,present_4,מנחמות,מנחמות,False,,,,,
hebverb_296,נחם,pu'al,DA_RIVEDERE: is comforted,present_4,present_4,מנוחמות,מנוחמות,False,,,,,
hebverb_296,נחם,pu'al,DA_RIVEDERE: is comforted,target,בעבר · אני,נחמתי,נחמתי,False,,,,,
hebverb_296,נחם,pu'al,DA_RIVEDERE: is comforted,target,בעבר · אני,נוחמתי,נוחמתי,False,,,,,
hebverb_296,נחם,pu'al,DA_RIVEDERE: is comforted,target,בעבר · אתה,נחמת,נחמת,False,,,,,
hebverb_296,נחם,pu'al,DA_RIVEDERE: is comforted,target,בעבר · אתה,נוחמת,נוחמת,False,,,,,
hebverb_296,נחם,pu'al,DA_RIVEDERE: is comforted,target,בעבר · את,נחמת,נחמת,False,,,,,
hebverb_296,נחם,pu'al,DA_RIVEDERE: is comforted,target,בעבר · את,נוחמת,נוחמת,False,,,,,
hebverb_296,נחם,pu'al,DA_RIVEDERE: is comforted,target,בעבר · הוא,נחם,נחם,False,,,,,
hebverb_296,נחם,pu'al,DA_RIVEDERE: is comforted,target,בעבר · הוא,נוחם,נוחם,False,,,,,
hebverb_296,נחם,pu'al,DA_RIVEDERE: is comforted,target,בעבר · היא,נחמה,נחמה,False,,,,,
hebverb_296,נחם,pu'al,DA_RIVEDERE: is comforted,target,בעבר · היא,נוחמה,נוחמה,False,,,,,
hebverb_296,נחם,pu'al,DA_RIVEDERE: is comforted,target,בעבר · אנחנו,נחמנו,נחמנו,False,,,,,
hebverb_296,נחם,pu'al,DA_RIVEDERE: is comforted,target,בעבר · אנחנו,נוחמנו,נוחמנו,False,,,,,
hebverb_296,נחם,pu'al,DA_RIVEDERE: is comforted,target,בעבר · אתם,נחמתם,נחמתם,False,,,,,
hebverb_296,נחם,pu'al,DA_RIVEDERE: is comforted,target,בעבר · אתם,נוחמתם,נוחמתם,False,,,,,
hebverb_296,נחם,pu'al,DA_RIVEDERE: is comforted,target,בעבר · אתן,נחמתן,נחמתן,False,,,,,
hebverb_296,נחם,pu'al,DA_RIVEDERE: is comforted,target,בעבר · אתן,נוחמתן,נוחמתן,False,,,,,
hebverb_296,נחם,pu'al,DA_RIVEDERE: is comforted,target,בעבר · הם,נחמו,נחמו,False,,,,,
hebverb_296,נחם,pu'al,DA_RIVEDERE: is comforted,target,בעבר · הם,נוחמו,נוחמו,False,,,,,
hebverb_296,נחם,pu'al,DA_RIVEDERE: is comforted,target,בעבר · הן,נחמו,נחמו,False,,,,,
hebverb_296,נחם,pu'al,DA_RIVEDERE: is comforted,target,בעבר · הן,נוחמו,נוחמו,False,,,,,
hebverb_296,נחם,pu'al,DA_RIVEDERE: is comforted,target,בעתיד · אני,אנחם,אנחם,False,,,,,
hebverb_296,נחם,pu'al,DA_RIVEDERE: is comforted,target,בעתיד · אני,אנוחם,אנוחם,False,,,,,
hebverb_296,נחם,pu'al,DA_RIVEDERE: is comforted,target,בעתיד · אתה,תנחם,תנחם,False,,,,,
hebverb_296,נחם,pu'al,DA_RIVEDERE: is comforted,target,בעתיד · אתה,תנוחם,תנוחם,False,,,,,
hebverb_296,נחם,pu'al,DA_RIVEDERE: is comforted,target,בעתיד · את,תנחמי,תנחמי,False,,,,,
hebverb_296,נחם,pu'al,DA_RIVEDERE: is comforted,target,בעתיד · את,תנוחמי,תנוחמי,False,,,,,
hebverb_296,נחם,pu'al,DA_RIVEDERE: is comforted,target,בעתיד · הוא,ינחם,ינחם,False,,,,,
hebverb_296,נחם,pu'al,DA_RIVEDERE: is comforted,target,בעתיד · הוא,ינוחם,ינוחם,False,,,,,
hebverb_296,נחם,pu'al,DA_RIVEDERE: is comforted,target,בעתיד · היא,תנחם,תנחם,False,,,,,
hebverb_296,נחם,pu'al,DA_RIVEDERE: is comforted,target,בעתיד · היא,תנוחם,תנוחם,False,,,,,
hebverb_296,נחם,pu'al,DA_RIVEDERE: is comforted,target,בעתיד · אנחנו,ננחם,ננחם,False,,,,,
hebverb_296,נחם,pu'al,DA_RIVEDERE: is comforted,target,בעתיד · אנחנו,ננוחם,ננוחם,False,,,,,
hebverb_296,נחם,pu'al,DA_RIVEDERE: is comforted,target,בעתיד · אתם,תנחמו,תנחמו,False,,,,,
hebverb_296,נחם,pu'al,DA_RIVEDERE: is comforted,target,בעתיד · אתם,תנוחמו,תנוחמו,False,,,,,
hebverb_296,נחם,pu'al,DA_RIVEDERE: is comforted,target,בעתיד · אתן,תנחמנה,תנחמנה,False,,,,,
hebverb_296,נחם,pu'al,DA_RIVEDERE: is comforted,target,בעתיד · אתן,תנוחמנה,תנוחמנה,False,,,,,
hebverb_296,נחם,pu'al,DA_RIVEDERE: is comforted,target,בעתיד · הם,ינחמו,ינחמו,False,,,,,
hebverb_296,נחם,pu'al,DA_RIVEDERE: is comforted,target,בעתיד · הם,ינוחמו,ינוחמו,False,,,,,
hebverb_296,נחם,pu'al,DA_RIVEDERE: is comforted,target,בעתיד · הן,תנחמנה,תנחמנה,False,,,,,
hebverb_296,נחם,pu'al,DA_RIVEDERE: is comforted,target,בעתיד · הן,תנוחמנה,תנוחמנה,False,,,,,
hebverb_297,חבק,pu'al,DA_RIVEDERE: is hugged,infinitive,infinitive,id_297,id_297,False,,,,,
hebverb_297,חבק,pu'al,DA_RIVEDERE: is hugged,present_1,present_1,מחבק,מחבק,True,3.874845146,513.4305555555555,0.9166666666666666,466.8787878787879,1.0
hebverb_297,חבק,pu'al,DA_RIVEDERE: is hugged,present_1,present_1,מחובק,מחובק,False,,,,,
hebverb_297,חבק,pu'al,DA_RIVEDERE: is hugged,present_2,present_2,מחבקת,מחבקת,False,,,,,
hebverb_297,חבק,pu'al,DA_RIVEDERE: is hugged,present_2,present_2,מחובקת,מחובקת,False,,,,,
hebverb_297,חבק,pu'al,DA_RIVEDERE: is hugged,present_3,present_3,מחבקים,מחבקים,False,,,,,
hebverb_297,חבק,pu'al,DA_RIVEDERE: is hugged,present_3,present_3,מחובקים,מחובקים,False,,,,,
hebverb_297,חבק,pu'al,DA_RIVEDERE: is hugged,present_4,present_4,מחבקות,מחבקות,False,,,,,
hebverb_297,חבק,pu'al,DA_RIVEDERE: is hugged,present_4,present_4,מחובקות,מחובקות,False,,,,,
hebverb_297,חבק,pu'al,DA_RIVEDERE: is hugged,target,בעבר · אני,חבקתי,חבקתי,False,,,,,
hebverb_297,חבק,pu'al,DA_RIVEDERE: is hugged,target,בעבר · אני,חובקתי,חובקתי,False,,,,,
hebverb_297,חבק,pu'al,DA_RIVEDERE: is hugged,target,בעבר · אתה,חבקת,חבקת,False,,,,,
hebverb_297,חבק,pu'al,DA_RIVEDERE: is hugged,target,בעבר · אתה,חובקת,חובקת,False,,,,,
hebverb_297,חבק,pu'al,DA_RIVEDERE: is hugged,target,בעבר · את,חבקת,חבקת,False,,,,,
hebverb_297,חבק,pu'al,DA_RIVEDERE: is hugged,target,בעבר · את,חובקת,חובקת,False,,,,,
hebverb_297,חבק,pu'al,DA_RIVEDERE: is hugged,target,בעבר · הוא,חבק,חבק,False,,,,,
hebverb_297,חבק,pu'al,DA_RIVEDERE: is hugged,target,בעבר · הוא,חובק,חובק,False,,,,,
hebverb_297,חבק,pu'al,DA_RIVEDERE: is hugged,target,בעבר · היא,חבקה,חבקה,False,,,,,
hebverb_297,חבק,pu'al,DA_RIVEDERE: is hugged,target,בעבר · היא,חובקה,חובקה,False,,,,,
hebverb_297,חבק,pu'al,DA_RIVEDERE: is hugged,target,בעבר · אנחנו,חבקנו,חבקנו,False,,,,,
hebverb_297,חבק,pu'al,DA_RIVEDERE: is hugged,target,בעבר · אנחנו,חובקנו,חובקנו,False,,,,,
hebverb_297,חבק,pu'al,DA_RIVEDERE: is hugged,target,בעבר · אתם,חבקתם,חבקתם,False,,,,,
hebverb_297,חבק,pu'al,DA_RIVEDERE: is hugged,target,בעבר · אתם,חובקתם,חובקתם,False,,,,,
hebverb_297,חבק,pu'al,DA_RIVEDERE: is hugged,target,בעבר · אתן,חבקתן,חבקתן,False,,,,,
hebverb_297,חבק,pu'al,DA_RIVEDERE: is hugged,target,בעבר · אתן,חובקתן,חובקתן,False,,,,,
hebverb_297,חבק,pu'al,DA_RIVEDERE: is hugged,target,בעבר · הם,חבקו,חבקו,False,,,,,
hebverb_297,חבק,pu'al,DA_RIVEDERE: is hugged,target,בעבר · הם,חובקו,חובקו,False,,,,,
hebverb_297,חבק,pu'al,DA_RIVEDERE: is hugged,target,בעבר · הן,חבקו,חבקו,False,,,,,
hebverb_297,חבק,pu'al,DA_RIVEDERE: is hugged,target,בעבר · הן,חובקו,חובקו,False,,,,,
hebverb_297,חבק,pu'al,DA_RIVEDERE: is hugged,target,בעתיד · אני,אחבק,אחבק,False,,,,,
hebverb_297,חבק,pu'al,DA_RIVEDERE: is hugged,target,בעתיד · אני,אחובק,אחובק,False,,,,,
hebverb_297,חבק,pu'al,DA_RIVEDERE: is hugged,target,בעתיד · אתה,תחבק,תחבק,False,,,,,
hebverb_297,חבק,pu'al,DA_RIVEDERE: is hugged,target,בעתיד · אתה,תחובק,תחובק,False,,,,,
hebverb_297,חבק,pu'al,DA_RIVEDERE: is hugged,target,בעתיד · את,תחבקי,תחבקי,False,,,,,
hebverb_297,חבק,pu'al,DA_RIVEDERE: is hugged,target,בעתיד · את,תחובקי,תחובקי,False,,,,,
hebverb_297,חבק,pu'al,DA_RIVEDERE: is hugged,target,בעתיד · הוא,יחבק,יחבק,False,,,,,
hebverb_297,חבק,pu'al,DA_RIVEDERE: is hugged,target,בעתיד · הוא,יחובק,יחובק,False,,,,,
hebverb_297,חבק,pu'al,DA_RIVEDERE: is hugged,target,בעתיד · היא,תחבק,תחבק,False,,,,,
hebverb_297,חבק,pu'al,DA_RIVEDERE: is hugged,target,בעתיד · היא,תחובק,תחובק,False,,,,,
hebverb_297,חבק,pu'al,DA_RIVEDERE: is hugged,target,בעתיד · אנחנו,נחבק,נחבק,False,,,,,
hebverb_297,חבק,pu'al,DA_RIVEDERE: is hugged,target,בעתיד · אנחנו,נחובק,נחובק,False,,,,,
hebverb_297,חבק,pu'al,DA_RIVEDERE: is hugged,target,בעתיד · אתם,תחבקו,תחבקו,False,,,,,
hebverb_297,חבק,pu'al,DA_RIVEDERE: is hugged,target,בעתיד · אתם,תחובקו,תחובקו,False,,,,,
hebverb_297,חבק,pu'al,DA_RIVEDERE: is hugged,target,בעתיד · אתן,תחבקנה,תחבקנה,False,,,,,
hebverb_297,חבק,pu'al,DA_RIVEDERE: is hugged,target,בעתיד · אתן,תחובקנה,תחובקנה,False,,,,,
hebverb_297,חבק,pu'al,DA_RIVEDERE: is hugged,target,בעתיד · הם,יחבקו,יחבקו,False,,,,,
hebverb_297,חבק,pu'al,DA_RIVEDERE: is hugged,target,בעתיד · הם,יחובקו,יחובקו,False,,,,,
hebverb_297,חבק,pu'al,DA_RIVEDERE: is hugged,target,בעתיד · הן,תחבקנה,תחבקנה,False,,,,,
hebverb_297,חבק,pu'al,DA_RIVEDERE: is hugged,target,בעתיד · הן,תחובקנה,תחובקנה,False,,,,,
hebverb_298,שעמם,pi'el,DA_RIVEDERE: bore,infinitive,infinitive,"לשעמם, לשעמם","לשעמם, לשעמם",False,,,,,
hebverb_298,שעמם,pi'el,DA_RIVEDERE: bore,present_1,present_1,"משעמם, משעמם","משעמם, משעמם",False,,,,,
hebverb_298,שעמם,pi'el,DA_RIVEDERE: bore,present_1,present_1,משעמם,משעמם,True,32.6420836,572.3378378378378,1.0,,
hebverb_298,שעמם,pi'el,DA_RIVEDERE: bore,present_2,present_2,"משעממת, משעממת","משעממת, משעממת",False,,,,,
hebverb_298,שעמם,pi'el,DA_RIVEDERE: bore,present_2,present_2,משעממת,משעממת,False,,,,,
hebverb_298,שעמם,pi'el,DA_RIVEDERE: bore,present_3,present_3,"משעממים, משעממים","משעממים, משעממים",False,,,,,
hebverb_298,שעמם,pi'el,DA_RIVEDERE: bore,present_3,present_3,משעממים,משעממים,False,,,,,
hebverb_298,שעמם,pi'el,DA_RIVEDERE: bore,present_4,present_4,"משעממות, משעממות","משעממות, משעממות",False,,,,,
hebverb_298,שעמם,pi'el,DA_RIVEDERE: bore,present_4,present_4,משעממות,משעממות,False,,,,,
hebverb_298,שעמם,pi'el,DA_RIVEDERE: bore,target,בעבר · אני,"שעממתי, שעממתי","שעממתי, שעממתי",False,,,,,
hebverb_298,שעמם,pi'el,DA_RIVEDERE: bore,target,בעבר · אני,"שיעממתי, שעממתי","שיעממתי, שעממתי",False,,,,,
hebverb_298,שעמם,pi'el,DA_RIVEDERE: bore,target,בעבר · אתה,"שעממת, שעממת","שעממת, שעממת",False,,,,,
hebverb_298,שעמם,pi'el,DA_RIVEDERE: bore,target,בעבר · אתה,"שיעממת, שעממת","שיעממת, שעממת",False,,,,,
hebverb_298,שעמם,pi'el,DA_RIVEDERE: bore,target,בעבר · את,"שעממת, שעממת","שעממת, שעממת",False,,,,,
hebverb_298,שעמם,pi'el,DA_RIVEDERE: bore,target,בעבר · את,"שיעממת, שעממת","שיעממת, שעממת",False,,,,,
hebverb_298,שעמם,pi'el,DA_RIVEDERE: bore,target,בעבר · הוא,"שעמם, שעמם","שעמם, שעמם",False,,,,,
hebverb_298,שעמם,pi'el,DA_RIVEDERE: bore,target,בעבר · הוא,"שיעמם, שעמם","שיעמם, שעמם",False,,,,,
hebverb_298,שעמם,pi'el,DA_RIVEDERE: bore,target,בעבר · היא,"שעממה, שעממה","שעממה, שעממה",False,,,,,
hebverb_298,שעמם,pi'el,DA_RIVEDERE: bore,target,בעבר · היא,"שיעממה, שעממה","שיעממה, שעממה",False,,,,,
hebverb_298,שעמם,pi'el,DA_RIVEDERE: bore,target,בעבר · אנחנו,"שעממנו, שעממנו","שעממנו, שעממנו",False,,,,,
hebverb_298,שעמם,pi'el,DA_RIVEDERE: bore,target,בעבר · אנחנו,"שיעממנו, שעממנו","שיעממנו, שעממנו",False,,,,,
hebverb_298,שעמם,pi'el,DA_RIVEDERE: bore,target,בעבר · אתם,"שעממתם, שעממתם","שעממתם, שעממתם",False,,,,,
hebverb_298,שעמם,pi'el,DA_RIVEDERE: bore,target,בעבר · אתם,"שיעממתם, שעממתם","שיעממתם, שעממתם",False,,,,,
hebverb_298,שעמם,pi'el,DA_RIVEDERE: bore,target,בעבר · אתן,"שעממתן, שעממתן","שעממתן, שעממתן",False,,,,,
hebverb_298,שעמם,pi'el,DA_RIVEDERE: bore,target,בעבר · אתן,"שיעממתן, שעממתן","שיעממתן, שעממתן",False,,,,,
hebverb_298,שעמם,pi'el,DA_RIVEDERE: bore,target,בעבר · הם,"שעממו, שעממו","שעממו, שעממו",False,,,,,
hebverb_298,שעמם,pi'el,DA_RIVEDERE: bore,target,בעבר · הם,"שיעממו, שעממו","שיעממו, שעממו",False,,,,,
hebverb_298,שעמם,pi'el,DA_RIVEDERE: bore,target,בעבר · הן,"שעממו, שעממו","שעממו, שעממו",False,,,,,
hebverb_298,שעמם,pi'el,DA_RIVEDERE: bore,target,בעבר · הן,"שיעממו, שעממו","שיעממו, שעממו",False,,,,,
hebverb_298,שעמם,pi'el,DA_RIVEDERE: bore,target,בעתיד · אני,"אשעמם, אשעמם","אשעמם, אשעמם",False,,,,,
hebverb_298,שעמם,pi'el,DA_RIVEDERE: bore,target,בעתיד · אני,אשעמם,אשעמם,False,,,,,
hebverb_298,שעמם,pi'el,DA_RIVEDERE: bore,target,בעתיד · אתה,"תשעמם, תשעמם","תשעמם, תשעמם",False,,,,,
hebverb_298,שעמם,pi'el,DA_RIVEDERE: bore,target,בעתיד · אתה,תשעמם,תשעמם,False,,,,,
hebverb_298,שעמם,pi'el,DA_RIVEDERE: bore,target,בעתיד · את,"תשעממי, תשעממי","תשעממי, תשעממי",False,,,,,
hebverb_298,שעמם,pi'el,DA_RIVEDERE: bore,target,בעתיד · את,תשעממי,תשעממי,False,,,,,
hebverb_298,שעמם,pi'el,DA_RIVEDERE: bore,target,בעתיד · הוא,"ישעמם, ישעמם","ישעמם, ישעמם",False,,,,,
hebverb_298,שעמם,pi'el,DA_RIVEDERE: bore,target,בעתיד · הוא,ישעמם,ישעמם,False,,,,,
hebverb_298,שעמם,pi'el,DA_RIVEDERE: bore,target,בעתיד · היא,"תשעמם, תשעמם","תשעמם, תשעמם",False,,,,,
hebverb_298,שעמם,pi'el,DA_RIVEDERE: bore,target,בעתיד · היא,תשעמם,תשעמם,False,,,,,
hebverb_298,שעמם,pi'el,DA_RIVEDERE: bore,target,בעתיד · אנחנו,"נשעמם, נשעמם","נשעמם, נשעמם",False,,,,,
hebverb_298,שעמם,pi'el,DA_RIVEDERE: bore,target,בעתיד · אנחנו,נשעמם,נשעמם,False,,,,,
hebverb_298,שעמם,pi'el,DA_RIVEDERE: bore,target,בעתיד · אתם,"תשעממו, תשעממו","תשעממו, תשעממו",False,,,,,
hebverb_298,שעמם,pi'el,DA_RIVEDERE: bore,target,בעתיד · אתם,תשעממו,תשעממו,False,,,,,
hebverb_298,שעמם,pi'el,DA_RIVEDERE: bore,target,בעתיד · אתן,"תשעממנה, תשעממנה","תשעממנה, תשעממנה",False,,,,,
hebverb_298,שעמם,pi'el,DA_RIVEDERE: bore,target,בעתיד · אתן,תשעממנה,תשעממנה,False,,,,,
hebverb_298,שעמם,pi'el,DA_RIVEDERE: bore,target,בעתיד · הם,"ישעממו, ישעממו","ישעממו, ישעממו",False,,,,,
hebverb_298,שעמם,pi'el,DA_RIVEDERE: bore,target,בעתיד · הם,ישעממו,ישעממו,False,,,,,
hebverb_298,שעמם,pi'el,DA_RIVEDERE: bore,target,בעתיד · הן,"תשעממנה, תשעממנה","תשעממנה, תשעממנה",False,,,,,
hebverb_298,שעמם,pi'el,DA_RIVEDERE: bore,target,בעתיד · הן,תשעממנה,תשעממנה,False,,,,,
hebverb_299,שעמם,pu'al,DA_RIVEDERE: is bored,infinitive,infinitive,id_299,id_299,False,,,,,
hebverb_299,שעמם,pu'al,DA_RIVEDERE: is bored,present_1,present_1,"משעמם, משעמם, משעמם","משעמם, משעמם, משעמם",False,,,,,
hebverb_299,שעמם,pu'al,DA_RIVEDERE: is bored,present_1,present_1,משועמם,משועמם,True,6.900741433,603.1513513513513,0.9736842105263158,,
hebverb_299,שעמם,pu'al,DA_RIVEDERE: is bored,present_2,present_2,"משעממת, משעממת, משעממת","משעממת, משעממת, משעממת",False,,,,,
hebverb_299,שעמם,pu'al,DA_RIVEDERE: is bored,present_2,present_2,משועממת,משועממת,False,,,,,
hebverb_299,שעמם,pu'al,DA_RIVEDERE: is bored,present_3,present_3,"משעממים, משעממים, משעממים","משעממים, משעממים, משעממים",False,,,,,
hebverb_299,שעמם,pu'al,DA_RIVEDERE: is bored,present_3,present_3,משועממים,משועממים,False,,,,,
hebverb_299,שעמם,pu'al,DA_RIVEDERE: is bored,present_4,present_4,"משעממות, משעממות, משעממות","משעממות, משעממות, משעממות",False,,,,,
hebverb_299,שעמם,pu'al,DA_RIVEDERE: is bored,present_4,present_4,משועממות,משועממות,False,,,,,
hebverb_299,שעמם,pu'al,DA_RIVEDERE: is bored,target,בעבר · אני,"שעממתי, שעממתי, שעממתי","שעממתי, שעממתי, שעממתי",False,,,,,
hebverb_299,שעמם,pu'al,DA_RIVEDERE: is bored,target,בעבר · אני,שועממתי,שועממתי,False,,,,,
hebverb_299,שעמם,pu'al,DA_RIVEDERE: is bored,target,בעבר · אתה,"שעממת, שעממת, שעממת","שעממת, שעממת, שעממת",False,,,,,
hebverb_299,שעמם,pu'al,DA_RIVEDERE: is bored,target,בעבר · אתה,שועממת,שועממת,False,,,,,
hebverb_299,שעמם,pu'al,DA_RIVEDERE: is bored,target,בעבר · את,"שעממת, שעממת, שעממת","שעממת, שעממת, שעממת",False,,,,,
hebverb_299,שעמם,pu'al,DA_RIVEDERE: is bored,target,בעבר · את,שועממת,שועממת,False,,,,,
hebverb_299,שעמם,pu'al,DA_RIVEDERE: is bored,target,בעבר · הוא,"שעמם, שעמם, שעמם","שעמם, שעמם, שעמם",False,,,,,
hebverb_299,שעמם,pu'al,DA_RIVEDERE: is bored,target,בעבר · הוא,שועמם,שועמם,False,,,,,
hebverb_299,שעמם,pu'al,DA_RIVEDERE: is bored,target,בעבר · היא,"שעממה, שעממה, שעממה","שעממה, שעממה, שעממה",False,,,,,
hebverb_299,שעמם,pu'al,DA_RIVEDERE: is bored,target,בעבר · היא,שועממה,שועממה,False,,,,,
hebverb_299,שעמם,pu'al,DA_RIVEDERE: is bored,target,בעבר · אנחנו,"שעממנו, שעממנו, שעממנו","שעממנו, שעממנו, שעממנו",False,,,,,
hebverb_299,שעמם,pu'al,DA_RIVEDERE: is bored,target,בעבר · אנחנו,שועממנו,שועממנו,False,,,,,
hebverb_299,שעמם,pu'al,DA_RIVEDERE: is bored,target,בעבר · אתם,"שעממתם, שעממתם, שעממתם","שעממתם, שעממתם, שעממתם",False,,,,,
hebverb_299,שעמם,pu'al,DA_RIVEDERE: is bored,target,בעבר · אתם,שועממתם,שועממתם,False,,,,,
hebverb_299,שעמם,pu'al,DA_RIVEDERE: is bored,target,בעבר · אתן,"שעממתן, שעממתן, שעממתן","שעממתן, שעממתן, שעממתן",False,,,,,
hebverb_299,שעמם,pu'al,DA_RIVEDERE: is bored,target,בעבר · אתן,שועממתן,שועממתן,False,,,,,
hebverb_299,שעמם,pu'al,DA_RIVEDERE: is bored,target,בעבר · הם,"שעממו, שעממו, שעממו","שעממו, שעממו, שעממו",False,,,,,
hebverb_299,שעמם,pu'al,DA_RIVEDERE: is bored,target,בעבר · הם,שועממו,שועממו,False,,,,,
hebverb_299,שעמם,pu'al,DA_RIVEDERE: is bored,target,בעבר · הן,"שעממו, שעממו, שעממו","שעממו, שעממו, שעממו",False,,,,,
hebverb_299,שעמם,pu'al,DA_RIVEDERE: is bored,target,בעבר · הן,שועממו,שועממו,False,,,,,
hebverb_299,שעמם,pu'al,DA_RIVEDERE: is bored,target,בעתיד · אני,"אשעמם, אשעמם, אשעמם","אשעמם, אשעמם, אשעמם",False,,,,,
hebverb_299,שעמם,pu'al,DA_RIVEDERE: is bored,target,בעתיד · אני,אשועמם,אשועמם,False,,,,,
hebverb_299,שעמם,pu'al,DA_RIVEDERE: is bored,target,בעתיד · אתה,"תשעמם, תשעמם, תשעמם","תשעמם, תשעמם, תשעמם",False,,,,,
hebverb_299,שעמם,pu'al,DA_RIVEDERE: is bored,target,בעתיד · אתה,תשועמם,תשועמם,False,,,,,
hebverb_299,שעמם,pu'al,DA_RIVEDERE: is bored,target,בעתיד · את,"תשעממי, תשעממי, תשעממי","תשעממי, תשעממי, תשעממי",False,,,,,
hebverb_299,שעמם,pu'al,DA_RIVEDERE: is bored,target,בעתיד · את,תשועממי,תשועממי,False,,,,,
hebverb_299,שעמם,pu'al,DA_RIVEDERE: is bored,target,בעתיד · הוא,"ישעמם, ישעמם, ישעמם","ישעמם, ישעמם, ישעמם",False,,,,,
hebverb_299,שעמם,pu'al,DA_RIVEDERE: is bored,target,בעתיד · הוא,ישועמם,ישועמם,False,,,,,
hebverb_299,שעמם,pu'al,DA_RIVEDERE: is bored,target,בעתיד · היא,"תשעמם, תשעמם, תשעמם","תשעמם, תשעמם, תשעמם",False,,,,,
hebverb_299,שעמם,pu'al,DA_RIVEDERE: is bored,target,בעתיד · היא,תשועמם,תשועמם,False,,,,,
hebverb_299,שעמם,pu'al,DA_RIVEDERE: is bored,target,בעתיד · אנחנו,"נשעמם, נשעמם, נשעמם","נשעמם, נשעמם, נשעמם",False,,,,,
hebverb_299,שעמם,pu'al,DA_RIVEDERE: is bored,target,בעתיד · אנחנו,נשועמם,נשועמם,False,,,,,
hebverb_299,שעמם,pu'al,DA_RIVEDERE: is bored,target,בעתיד · אתם,"תשעממו, תשעממו, תשעממו","תשעממו, תשעממו, תשעממו",False,,,,,
hebverb_299,שעמם,pu'al,DA_RIVEDERE: is bored,target,בעתיד · אתם,תשועממו,תשועממו,False,,,,,
hebverb_299,שעמם,pu'al,DA_RIVEDERE: is bored,target,בעתיד · אתן,"תשעממנה, תשעממנה, תשעממנה","תשעממנה, תשעממנה, תשעממנה",False,,,,,
hebverb_299,שעמם,pu'al,DA_RIVEDERE: is bored,target,בעתיד · אתן,תשועממנה,תשועממנה,False,,,,,
hebverb_299,שעמם,pu'al,DA_RIVEDERE: is bored,target,בעתיד · הם,"ישעממו, ישעממו, ישעממו","ישעממו, ישעממו, ישעממו",False,,,,,
hebverb_299,שעמם,pu'al,DA_RIVEDERE: is bored,target,בעתיד · הם,ישועממו,ישועממו,False,,,,,
hebverb_299,שעמם,pu'al,DA_RIVEDERE: is bored,target,בעתיד · הן,"תשעממנה, תשעממנה, תשעממנה","תשעממנה, תשעממנה, תשעממנה",False,,,,,
hebverb_299,שעמם,pu'al,DA_RIVEDERE: is bored,target,בעתיד · הן,תשועממנה,תשועממנה,False,,,,,
hebverb_300,דחה,pa'al,DA_RIVEDERE: reject,infinitive,infinitive,לדחות,לדחות,True,19.04677403,598.4189188918918,0.972972972972973,487.3333333333333,1.0
hebverb_300,דחה,pa'al,DA_RIVEDERE: reject,present_1,present_1,דוחה,דוחה,False,,,,,
hebverb_300,דחה,pa'al,DA_RIVEDERE: reject,present_2,present_2,דוחה,דוחה,False,,,,,
hebverb_300,דחה,pa'al,DA_RIVEDERE: reject,present_3,present_3,דוחים,דוחים,True,3.492818159,604.6102564102564,0.925,463.03333333333336,1.0
hebverb_300,דחה,pa'al,DA_RIVEDERE: reject,present_4,present_4,דוחות,דוחות,False,,,,,
hebverb_300,דחה,pa'al,DA_RIVEDERE: reject,target,בעבר · אני,דחיתי,דחיתי,False,,,,,
hebverb_300,דחה,pa'al,DA_RIVEDERE: reject,target,בעבר · אתה,דחית,דחית,True,1.879815329,713.4485714285714,0.6571428571428571,,
hebverb_300,דחה,pa'al,DA_RIVEDERE: reject,target,בעבר · את,דחית,דחית,True,1.879815329,713.4485714285714,0.6571428571428571,,
hebverb_300,דחה,pa'al,DA_RIVEDERE: reject,target,בעבר · הוא,דחה,דחה,False,,,,,
hebverb_300,דחה,pa'al,DA_RIVEDERE: reject,target,בעבר · היא,דחתה,דחתה,True,2.959193163,600.4236842105263,0.717948717948718,513.1052631578947,1.0
hebverb_300,דחה,pa'al,DA_RIVEDERE: reject,target,בעבר · אנחנו,דחינו,דחינו,False,,,,,
hebverb_300,דחה,pa'al,DA_RIVEDERE: reject,target,בעבר · אתם,דחיתם,דחיתם,False,,,,,
hebverb_300,דחה,pa'al,DA_RIVEDERE: reject,target,בעבר · אתן,דחיתן,דחיתן,False,,,,,
hebverb_300,דחה,pa'al,DA_RIVEDERE: reject,target,בעבר · הם,דחו,דחו,False,,,,,
hebverb_300,דחה,pa'al,DA_RIVEDERE: reject,target,בעבר · הן,דחו,דחו,False,,,,,
hebverb_300,דחה,pa'al,DA_RIVEDERE: reject,target,בעתיד · אני,אדחה,אדחה,True,1.097569595,617.027499975,0.55,,
hebverb_300,דחה,pa'al,DA_RIVEDERE: reject,target,בעתיד · אתה,תדחה,תדחה,False,,,,,
hebverb_300,דחה,pa'al,DA_RIVEDERE: reject,target,בעתיד · את,תדחי,תדחי,False,,,,,
hebverb_300,דחה,pa'al,DA_RIVEDERE: reject,target,בעתיד · הוא,ידחה,ידחה,False,,,,,
hebverb_300,דחה,pa'al,DA_RIVEDERE: reject,target,בעתיד · היא,תדחה,תדחה,False,,,,,
hebverb_300,דחה,pa'al,DA_RIVEDERE: reject,target,בעתיד · אנחנו,נדחה,נדחה,True,6.530842288,565.3864864864864,0.868421052631579,485.1470588235294,1.0
hebverb_300,דחה,pa'al,DA_RIVEDERE: reject,target,בעתיד · אתם,תדחו,תדחו,False,,,,,
hebverb_300,דחה,pa'al,DA_RIVEDERE: reject,target,בעתיד · אתן,תדחינה,תדחינה,False,,,,,
hebverb_300,דחה,pa'al,DA_RIVEDERE: reject,target,בעתיד · הם,ידחו,ידחו,False,,,,,
hebverb_300,דחה,pa'al,DA_RIVEDERE: reject,target,בעתיד · הן,תדחינה,תדחינה,False,,,,,
hebverb_301,נשק,hitpa'el,DA_RIVEDERE: kiss with,infinitive,infinitive,להתנשק,להתנשק,False,,,,,
hebverb_301,נשק,hitpa'el,DA_RIVEDERE: kiss with,present_1,present_1,מתנשק,מתנשק,False,,,,,
hebverb_301,נשק,hitpa'el,DA_RIVEDERE: kiss with,present_2,present_2,מתנשקת,מתנשקת,False,,,,,
hebverb_301,נשק,hitpa'el,DA_RIVEDERE: kiss with,present_3,present_3,מתנשקים,מתנשקים,False,,,,,
hebverb_301,נשק,hitpa'el,DA_RIVEDERE: kiss with,present_4,present_4,מתנשקות,מתנשקות,False,,,,,
hebverb_301,נשק,hitpa'el,DA_RIVEDERE: kiss with,target,בעבר · אני,התנשקתי,התנשקתי,False,,,,,
hebverb_301,נשק,hitpa'el,DA_RIVEDERE: kiss with,target,בעבר · אתה,התנשקת,התנשקת,False,,,,,
hebverb_301,נשק,hitpa'el,DA_RIVEDERE: kiss with,target,בעבר · את,התנשקת,התנשקת,False,,,,,
hebverb_301,נשק,hitpa'el,DA_RIVEDERE: kiss with,target,בעבר · הוא,התנשק,התנשק,False,,,,,
hebverb_301,נשק,hitpa'el,DA_RIVEDERE: kiss with,target,בעבר · היא,התנשקה,התנשקה,False,,,,,
hebverb_301,נשק,hitpa'el,DA_RIVEDERE: kiss with,target,בעבר · אנחנו,התנשקנו,התנשקנו,False,,,,,
hebverb_301,נשק,hitpa'el,DA_RIVEDERE: kiss with,target,בעבר · אתם,התנשקתם,התנשקתם,False,,,,,
hebverb_301,נשק,hitpa'el,DA_RIVEDERE: kiss with,target,בעבר · אתן,התנשקתן,התנשקתן,False,,,,,
hebverb_301,נשק,hitpa'el,DA_RIVEDERE: kiss with,target,בעבר · הם,התנשקו,התנשקו,False,,,,,
hebverb_301,נשק,hitpa'el,DA_RIVEDERE: kiss with,target,בעבר · הן,התנשקו,התנשקו,False,,,,,
hebverb_301,נשק,hitpa'el,DA_RIVEDERE: kiss with,target,בעתיד · אני,אתנשק,אתנשק,False,,,,,
hebverb_301,נשק,hitpa'el,DA_RIVEDERE: kiss with,target,בעתיד · אתה,תתנשק,תתנשק,False,,,,,
hebverb_301,נשק,hitpa'el,DA_RIVEDERE: kiss with,target,בעתיד · את,תתנשקי,תתנשקי,False,,,,,
hebverb_301,נשק,hitpa'el,DA_RIVEDERE: kiss with,target,בעתיד · הוא,יתנשק,יתנשק,False,,,,,
hebverb_301,נשק,hitpa'el,DA_RIVEDERE: kiss with,target,בעתיד · היא,תתנשק,תתנשק,False,,,,,
hebverb_301,נשק,hitpa'el,DA_RIVEDERE: kiss with,target,בעתיד · אנחנו,נתנשק,נתנשק,False,,,,,
hebverb_301,נשק,hitpa'el,DA_RIVEDERE: kiss with,target,בעתיד · אתם,תתנשקו,תתנשקו,False,,,,,
hebverb_301,נשק,hitpa'el,DA_RIVEDERE: kiss with,target,בעתיד · אתן,תתנשקנה,תתנשקנה,False,,,,,
hebverb_301,נשק,hitpa'el,DA_RIVEDERE: kiss with,target,בעתיד · הם,יתנשקו,יתנשקו,False,,,,,
hebverb_301,נשק,hitpa'el,DA_RIVEDERE: kiss with,target,בעתיד · הן,תתנשקנה,תתנשקנה,False,,,,,
hebverb_302,חבק,hitpa'el,DA_RIVEDERE: hug with,infinitive,infinitive,להתחבק,להתחבק,False,,,,,
hebverb_302,חבק,hitpa'el,DA_RIVEDERE: hug with,present_1,present_1,מתחבק,מתחבק,False,,,,,
hebverb_302,חבק,hitpa'el,DA_RIVEDERE: hug with,present_2,present_2,מתחבקת,מתחבקת,False,,,,,
hebverb_302,חבק,hitpa'el,DA_RIVEDERE: hug with,present_3,present_3,מתחבקים,מתחבקים,False,,,,,
hebverb_302,חבק,hitpa'el,DA_RIVEDERE: hug with,present_4,present_4,מתחבקות,מתחבקות,False,,,,,
hebverb_302,חבק,hitpa'el,DA_RIVEDERE: hug with,target,בעבר · אני,התחבקתי,התחבקתי,False,,,,,
hebverb_302,חבק,hitpa'el,DA_RIVEDERE: hug with,target,בעבר · אתה,התחבקת,התחבקת,False,,,,,
hebverb_302,חבק,hitpa'el,DA_RIVEDERE: hug with,target,בעבר · את,התחבקת,התחבקת,False,,,,,
hebverb_302,חבק,hitpa'el,DA_RIVEDERE: hug with,target,בעבר · הוא,התחבק,התחבק,False,,,,,
hebverb_302,חבק,hitpa'el,DA_RIVEDERE: hug with,target,בעבר · היא,התחבקה,התחבקה,False,,,,,
hebverb_302,חבק,hitpa'el,DA_RIVEDERE: hug with,target,בעבר · אנחנו,התחבקנו,התחבקנו,False,,,,,
hebverb_302,חבק,hitpa'el,DA_RIVEDERE: hug with,target,בעבר · אתם,התחבקתם,התחבקתם,False,,,,,
hebverb_302,חבק,hitpa'el,DA_RIVEDERE: hug with,target,בעבר · אתן,התחבקתן,התחבקתן,False,,,,,
hebverb_302,חבק,hitpa'el,DA_RIVEDERE: hug with,target,בעבר · הם,התחבקו,התחבקו,False,,,,,
hebverb_302,חבק,hitpa'el,DA_RIVEDERE: hug with,target,בעבר · הן,התחבקו,התחבקו,False,,,,,
hebverb_302,חבק,hitpa'el,DA_RIVEDERE: hug with,target,בעתיד · אני,אתחבק,אתחבק,False,,,,,
hebverb_302,חבק,hitpa'el,DA_RIVEDERE: hug with,target,בעתיד · אתה,תתחבק,תתחבק,False,,,,,
hebverb_302,חבק,hitpa'el,DA_RIVEDERE: hug with,target,בעתיד · את,תתחבקי,תתחבקי,False,,,,,
hebverb_302,חבק,hitpa'el,DA_RIVEDERE: hug with,target,בעתיד · הוא,יתחבק,יתחבק,False,,,,,
hebverb_302,חבק,hitpa'el,DA_RIVEDERE: hug with,target,בעתיד · היא,תתחבק,תתחבק,False,,,,,
hebverb_302,חבק,hitpa'el,DA_RIVEDERE: hug with,target,בעתיד · אנחנו,נתחבק,נתחבק,False,,,,,
hebverb_302,חבק,hitpa'el,DA_RIVEDERE: hug with,target,בעתיד · אתם,תתחבקו,תתחבקו,False,,,,,
hebverb_302,חבק,hitpa'el,DA_RIVEDERE: hug with,target,בעתיד · אתן,תתחבקנה,תתחבקנה,False,,,,,
hebverb_302,חבק,hitpa'el,DA_RIVEDERE: hug with,target,בעתיד · הם,יתחבקו,יתחבקו,False,,,,,
hebverb_302,חבק,hitpa'el,DA_RIVEDERE: hug with,target,בעתיד · הן,תתחבקנה,תתחבקנה,False,,,,,
hebverb_303,פתע,hiph'il,DA_RIVEDERE: surprise,infinitive,infinitive,להפתיע,להפתיע,False,,,,,
hebverb_303,פתע,hiph'il,DA_RIVEDERE: surprise,present_1,present_1,מפתיע,מפתיע,True,24.7407953,532.421052631579,0.9736842105263158,479.3939393939394,1.0
hebverb_303,פתע,hiph'il,DA_RIVEDERE: surprise,present_2,present_2,מפתיעה,מפתיעה,False,,,,,
hebverb_303,פתע,hiph'il,DA_RIVEDERE: surprise,present_3,present_3,מפתיעים,מפתיעים,True,1.388637775,524.4947368421052,0.868421052631579,,
hebverb_303,פתע,hiph'il,DA_RIVEDERE: surprise,present_4,present_4,מפתיעות,מפתיעות,False,,,,,
hebverb_303,פתע,hiph'il,DA_RIVEDERE: surprise,target,בעבר · אני,הפתעתי,הפתעתי,False,,,,,
hebverb_303,פתע,hiph'il,DA_RIVEDERE: surprise,target,בעבר · אתה,הפתעת,הפתעת,False,,,,,
hebverb_303,פתע,hiph'il,DA_RIVEDERE: surprise,target,בעבר · את,הפתעת,הפתעת,False,,,,,
hebverb_303,פתע,hiph'il,DA_RIVEDERE: surprise,target,בעבר · הוא,הפתיע,הפתיע,False,,,,,
hebverb_303,פתע,hiph'il,DA_RIVEDERE: surprise,target,בעבר · היא,הפתיעה,הפתיעה,False,,,,,
hebverb_303,פתע,hiph'il,DA_RIVEDERE: surprise,target,בעבר · אנחנו,הפתענו,הפתענו,False,,,,,
hebverb_303,פתע,hiph'il,DA_RIVEDERE: surprise,target,בעבר · אתם,הפתעתם,הפתעתם,False,,,,,
hebverb_303,פתע,hiph'il,DA_RIVEDERE: surprise,target,בעבר · אתן,הפתעתן,הפתעתן,False,,,,,
hebverb_303,פתע,hiph'il,DA_RIVEDERE: surprise,target,בעבר · הם,הפתיעו,הפתיעו,False,,,,,
hebverb_303,פתע,hiph'il,DA_RIVEDERE: surprise,target,בעבר · הן,הפתיעו,הפתיעו,False,,,,,
hebverb_303,פתע,hiph'il,DA_RIVEDERE: surprise,target,בעתיד · אני,אפתיע,אפתיע,False,,,,,
hebverb_303,פתע,hiph'il,DA_RIVEDERE: surprise,target,בעתיד · אתה,תפתיע,תפתיע,False,,,,,
hebverb_303,פתע,hiph'il,DA_RIVEDERE: surprise,target,בעתיד · את,תפתיעי,תפתיעי,False,,,,,
hebverb_303,פתע,hiph'il,DA_RIVEDERE: surprise,target,בעתיד · הוא,יפתיע,יפתיע,False,,,,,
hebverb_303,פתע,hiph'il,DA_RIVEDERE: surprise,target,בעתיד · היא,תפתיע,תפתיע,False,,,,,
hebverb_303,פתע,hiph'il,DA_RIVEDERE: surprise,target,בעתיד · אנחנו,נפתיע,נפתיע,False,,,,,
hebverb_303,פתע,hiph'il,DA_RIVEDERE: surprise,target,בעתיד · אתם,תפתיעו,תפתיעו,False,,,,,
hebverb_303,פתע,hiph'il,DA_RIVEDERE: surprise,target,בעתיד · אתן,תפתענה,תפתענה,False,,,,,
hebverb_303,פתע,hiph'il,DA_RIVEDERE: surprise,target,בעתיד · הם,יפתיעו,יפתיעו,False,,,,,
hebverb_303,פתע,hiph'il,DA_RIVEDERE: surprise,target,בעתיד · הן,תפתענה,תפתענה,False,,,,,
hebverb_304,פתע,huf'al,DA_RIVEDERE: is surprised,infinitive,infinitive,id_304,id_304,False,,,,,
hebverb_304,פתע,huf'al,DA_RIVEDERE: is surprised,present_1,present_1,"מפתע, מפתע","מפתע, מפתע",False,,,,,
hebverb_304,פתע,huf'al,DA_RIVEDERE: is surprised,present_1,present_1,מופתע,מופתע,True,35.8498975,543.7583333611111,0.972972972972973,,
hebverb_304,פתע,huf'al,DA_RIVEDERE: is surprised,present_2,present_2,"מפתעת, מפתעת","מפתעת, מפתעת",False,,,,,
hebverb_304,פתע,huf'al,DA_RIVEDERE: is surprised,present_2,present_2,מופתעת,מופתעת,False,,,,,
hebverb_304,פתע,huf'al,DA_RIVEDERE: is surprised,present_3,present_3,"מפתעים, מפתעים","מפתעים, מפתעים",False,,,,,
hebverb_304,פתע,huf'al,DA_RIVEDERE: is surprised,present_3,present_3,מופתעים,מופתעים,False,,,,,
hebverb_304,פתע,huf'al,DA_RIVEDERE: is surprised,present_4,present_4,"מפתעות, מפתעות","מפתעות, מפתעות",False,,,,,
hebverb_304,פתע,huf'al,DA_RIVEDERE: is surprised,present_4,present_4,מופתעות,מופתעות,False,,,,,
hebverb_304,פתע,huf'al,DA_RIVEDERE: is surprised,target,בעבר · אני,"הפתעתי, הפתעתי","הפתעתי, הפתעתי",False,,,,,
hebverb_304,פתע,huf'al,DA_RIVEDERE: is surprised,target,בעבר · אני,הופתעתי,הופתעתי,False,,,,,
hebverb_304,פתע,huf'al,DA_RIVEDERE: is surprised,target,בעבר · אתה,"הפתעת, הפתעת","הפתעת, הפתעת",False,,,,,
hebverb_304,פתע,huf'al,DA_RIVEDERE: is surprised,target,בעבר · אתה,הופתעת,הופתעת,False,,,,,
hebverb_304,פתע,huf'al,DA_RIVEDERE: is surprised,target,בעבר · את,"הפתעת, הפתעת, הפתעת, הפתעת","הפתעת, הפתעת, הפתעת, הפתעת",False,,,,,
hebverb_304,פתע,huf'al,DA_RIVEDERE: is surprised,target,בעבר · את,הופתעת,הופתעת,False,,,,,
hebverb_304,פתע,huf'al,DA_RIVEDERE: is surprised,target,בעבר · הוא,"הפתע, הפתע","הפתע, הפתע",False,,,,,
hebverb_304,פתע,huf'al,DA_RIVEDERE: is surprised,target,בעבר · הוא,הופתע,הופתע,True,1.321934651,576.5742857428571,0.9428571428571428,,
hebverb_304,פתע,huf'al,DA_RIVEDERE: is surprised,target,בעבר · היא,"הפתעה, הפתעה","הפתעה, הפתעה",False,,,,,
hebverb_304,פתע,huf'al,DA_RIVEDERE: is surprised,target,בעבר · היא,הופתעה,הופתעה,False,,,,,
hebverb_304,פתע,huf'al,DA_RIVEDERE: is surprised,target,בעבר · אנחנו,"הפתענו, הפתענו","הפתענו, הפתענו",False,,,,,
hebverb_304,פתע,huf'al,DA_RIVEDERE: is surprised,target,בעבר · אנחנו,הופתענו,הופתענו,False,,,,,
hebverb_304,פתע,huf'al,DA_RIVEDERE: is surprised,target,בעבר · אתם,"הפתעתם, הפתעתם","הפתעתם, הפתעתם",False,,,,,
hebverb_304,פתע,huf'al,DA_RIVEDERE: is surprised,target,בעבר · אתם,הופתעתם,הופתעתם,False,,,,,
hebverb_304,פתע,huf'al,DA_RIVEDERE: is surprised,target,בעבר · אתן,"הפתעתן, הפתעתן","הפתעתן, הפתעתן",False,,,,,
hebverb_304,פתע,huf'al,DA_RIVEDERE: is surprised,target,בעבר · אתן,הופתעתן,הופתעתן,False,,,,,
hebverb_304,פתע,huf'al,DA_RIVEDERE: is surprised,target,בעבר · הם,"הפתעו, הפתעו","הפתעו, הפתעו",False,,,,,
hebverb_304,פתע,huf'al,DA_RIVEDERE: is surprised,target,בעבר · הם,הופתעו,הופתעו,False,,,,,
hebverb_304,פתע,huf'al,DA_RIVEDERE: is surprised,target,בעבר · הן,"הפתעו, הפתעו","הפתעו, הפתעו",False,,,,,
hebverb_304,פתע,huf'al,DA_RIVEDERE: is surprised,target,בעבר · הן,הופתעו,הופתעו,False,,,,,
hebverb_304,פתע,huf'al,DA_RIVEDERE: is surprised,target,בעתיד · אני,"אפתע, אפתע","אפתע, אפתע",False,,,,,
hebverb_304,פתע,huf'al,DA_RIVEDERE: is surprised,target,בעתיד · אני,אופתע,אופתע,False,,,,,
hebverb_304,פתע,huf'al,DA_RIVEDERE: is surprised,target,בעתיד · אתה,"תפתע, תפתע","תפתע, תפתע",False,,,,,
hebverb_304,פתע,huf'al,DA_RIVEDERE: is surprised,target,בעתיד · אתה,תופתע,תופתע,True,2.346737201,643.4514285714286,0.8857142857142857,526.7714285714286,0.9473684210526315
hebverb_304,פתע,huf'al,DA_RIVEDERE: is surprised,target,בעתיד · את,"תפתעי, תפתעי","תפתעי, תפתעי",False,,,,,
hebverb_304,פתע,huf'al,DA_RIVEDERE: is surprised,target,בעתיד · את,תופתעי,תופתעי,False,,,,,
hebverb_304,פתע,huf'al,DA_RIVEDERE: is surprised,target,בעתיד · הוא,"יפתע, יפתע","יפתע, יפתע",False,,,,,
hebverb_304,פתע,huf'al,DA_RIVEDERE: is surprised,target,בעתיד · הוא,יופתע,יופתע,False,,,,,
hebverb_304,פתע,huf'al,DA_RIVEDERE: is surprised,target,בעתיד · היא,"תפתע, תפתע","תפתע, תפתע",False,,,,,
hebverb_304,פתע,huf'al,DA_RIVEDERE: is surprised,target,בעתיד · היא,תופתע,תופתע,True,2.346737201,643.4514285714286,0.8857142857142857,526.7714285714286,0.9473684210526315
hebverb_304,פתע,huf'al,DA_RIVEDERE: is surprised,target,בעתיד · אנחנו,"נפתע, נפתע","נפתע, נפתע",False,,,,,
hebverb_304,פתע,huf'al,DA_RIVEDERE: is surprised,target,בעתיד · אנחנו,נופתע,נופתע,False,,,,,
hebverb_304,פתע,huf'al,DA_RIVEDERE: is surprised,target,בעתיד · אתם,"תפתעו, תפתעו","תפתעו, תפתעו",False,,,,,
hebverb_304,פתע,huf'al,DA_RIVEDERE: is surprised,target,בעתיד · אתם,תופתעו,תופתעו,False,,,,,
hebverb_304,פתע,huf'al,DA_RIVEDERE: is surprised,target,בעתיד · אתן,"תפתענה, תפתענה","תפתענה, תפתענה",False,,,,,
hebverb_304,פתע,huf'al,DA_RIVEDERE: is surprised,target,בעתיד · אתן,תופתענה,תופתענה,False,,,,,
hebverb_304,פתע,huf'al,DA_RIVEDERE: is surprised,target,בעתיד · הם,"יפתעו, יפתעו","יפתעו, יפתעו",False,,,,,
hebverb_304,פתע,huf'al,DA_RIVEDERE: is surprised,target,בעתיד · הם,יופתעו,יופתעו,False,,,,,
hebverb_304,פתע,huf'al,DA_RIVEDERE: is surprised,target,בעתיד · הן,"תפתענה, תפתענה","תפתענה, תפתענה",False,,,,,
hebverb_304,פתע,huf'al,DA_RIVEDERE: is surprised,target,בעתיד · הן,תופתענה,תופתענה,False,,,,,
hebverb_305,צפה,pi'el,DA_RIVEDERE: expect,infinitive,infinitive,לצפות,לצפות,True,105.6334936,596.007499975,0.975,,
hebverb_305,צפה,pi'el,DA_RIVEDERE: expect,present_1,present_1,מצפה,מצפה,True,111.8308203,605.2297297027027,0.9459459459459459,,
hebverb_305,צפה,pi'el,DA_RIVEDERE: expect,present_2,present_2,מצפה,מצפה,True,111.8308203,605.2297297027027,0.9459459459459459,,
hebverb_305,צפה,pi'el,DA_RIVEDERE: expect,present_3,present_3,מצפים,מצפים,True,25.88081233,584.9166666666666,0.8378378378378378,495.030303030303,0.9117647058823529
hebverb_305,צפה,pi'el,DA_RIVEDERE: expect,present_4,present_4,מצפות,מצפות,False,,,,,
hebverb_305,צפה,pi'el,DA_RIVEDERE: expect,target,בעבר · אני,ציפיתי,ציפיתי,False,,,,,
hebverb_305,צפה,pi'el,DA_RIVEDERE: expect,target,בעבר · אני,צפיתי,צפיתי,True,19.39848141,571.9228571428571,1.0,,
hebverb_305,צפה,pi'el,DA_RIVEDERE: expect,target,בעבר · אתה,ציפית,ציפית,False,,,,,
hebverb_305,צפה,pi'el,DA_RIVEDERE: expect,target,בעבר · אתה,צפית,צפית,False,,,,,
hebverb_305,צפה,pi'el,DA_RIVEDERE: expect,target,בעבר · את,ציפית,ציפית,False,,,,,
hebverb_305,צפה,pi'el,DA_RIVEDERE: expect,target,בעבר · את,צפית,צפית,False,,,,,
hebverb_305,צפה,pi'el,DA_RIVEDERE: expect,target,בעבר · הוא,ציפה,ציפה,False,,,,,
hebverb_305,צפה,pi'el,DA_RIVEDERE: expect,target,בעבר · הוא,צפה,צפה,False,,,,,
hebverb_305,צפה,pi'el,DA_RIVEDERE: expect,target,בעבר · היא,ציפתה,ציפתה,False,,,,,
hebverb_305,צפה,pi'el,DA_RIVEDERE: expect,target,בעבר · היא,צפתה,צפתה,False,,,,,
hebverb_305,צפה,pi'el,DA_RIVEDERE: expect,target,בעבר · אנחנו,ציפינו,ציפינו,True,4.590387755,559.7447368421052,0.868421052631579,513.2058823529412,0.8857142857142857
hebverb_305,צפה,pi'el,DA_RIVEDERE: expect,target,בעבר · אנחנו,צפינו,צפינו,False,,,,,
hebverb_305,צפה,pi'el,DA_RIVEDERE: expect,target,בעבר · אתם,ציפיתם,ציפיתם,False,,,,,
hebverb_305,צפה,pi'el,DA_RIVEDERE: expect,target,בעבר · אתם,צפיתם,צפיתם,False,,,,,
hebverb_305,צפה,pi'el,DA_RIVEDERE: expect,target,בעבר · אתן,ציפיתן,ציפיתן,False,,,,,
hebverb_305,צפה,pi'el,DA_RIVEDERE: expect,target,בעבר · אתן,צפיתן,צפיתן,False,,,,,
hebverb_305,צפה,pi'el,DA_RIVEDERE: expect,target,בעבר · הם,ציפו,ציפו,False,,,,,
hebverb_305,צפה,pi'el,DA_RIVEDERE: expect,target,בעבר · הם,צפו,צפו,False,,,,,
hebverb_305,צפה,pi'el,DA_RIVEDERE: expect,target,בעבר · הן,ציפו,ציפו,False,,,,,
hebverb_305,צפה,pi'el,DA_RIVEDERE: expect,target,בעבר · הן,צפו,צפו,False,,,,,
hebverb_305,צפה,pi'el,DA_RIVEDERE: expect,target,בעתיד · אני,אצפה,אצפה,False,,,,,
hebverb_305,צפה,pi'el,DA_RIVEDERE: expect,target,בעתיד · אתה,תצפה,תצפה,True,7.391918987,615.9378378378378,0.9210526315789473,575.6944444444445,0.9743589743589743
hebverb_305,צפה,pi'el,DA_RIVEDERE: expect,target,בעתיד · את,תצפי,תצפי,True,3.001640606,590.4342857142857,0.9428571428571428,,
hebverb_305,צפה,pi'el,DA_RIVEDERE: expect,target,בעתיד · הוא,יצפה,יצפה,False,,,,,
hebverb_305,צפה,pi'el,DA_RIVEDERE: expect,target,בעתיד · היא,תצפה,תצפה,True,7.391918987,615.9378378378378,0.9210526315789473,575.6944444444445,0.9743589743589743
hebverb_305,צפה,pi'el,DA_RIVEDERE: expect,target,בעתיד · אנחנו,נצפה,נצפה,False,,,,,
hebverb_305,צפה,pi'el,DA_RIVEDERE: expect,target,בעתיד · אתם,תצפו,תצפו,False,,,,,
hebverb_305,צפה,pi'el,DA_RIVEDERE: expect,target,בעתיד · אתן,תצפינה,תצפינה,False,,,,,
hebverb_305,צפה,pi'el,DA_RIVEDERE: expect,target,בעתיד · הם,יצפו,יצפו,False,,,,,
hebverb_305,צפה,pi'el,DA_RIVEDERE: expect,target,בעתיד · הן,תצפינה,תצפינה,False,,,,,
hebverb_306,צפה,pu'al,DA_RIVEDERE: is expected,infinitive,infinitive,id_306,id_306,False,,,,,
hebverb_306,צפה,pu'al,DA_RIVEDERE: is expected,present_1,present_1,מצפה,מצפה,True,111.8308203,605.2297297027027,0.9459459459459459,,
hebverb_306,צפה,pu'al,DA_RIVEDERE: is expected,present_1,present_1,מצופה,מצופה,True,4.463045426,532.9837837297298,0.918918918918919,,
hebverb_306,צפה,pu'al,DA_RIVEDERE: is expected,present_2,present_2,"מצפה, מצפית","מצפה, מצפית",False,,,,,
hebverb_306,צפה,pu'al,DA_RIVEDERE: is expected,present_2,present_2,"מצופה, מצופית","מצופה, מצופית",False,,,,,
hebverb_306,צפה,pu'al,DA_RIVEDERE: is expected,present_3,present_3,מצפים,מצפים,True,25.88081233,584.9166666666666,0.8378378378378378,495.030303030303,0.9117647058823529
hebverb_306,צפה,pu'al,DA_RIVEDERE: is expected,present_3,present_3,מצופים,מצופים,False,,,,,
hebverb_306,צפה,pu'al,DA_RIVEDERE: is expected,present_4,present_4,מצפות,מצפות,False,,,,,
hebverb_306,צפה,pu'al,DA_RIVEDERE: is expected,present_4,present_4,מצופות,מצופות,False,,,,,
hebverb_306,צפה,pu'al,DA_RIVEDERE: is expected,target,בעבר · אני,"צפיתי, צפיתי","צפיתי, צפיתי",False,,,,,
hebverb_306,צפה,pu'al,DA_RIVEDERE: is expected,target,בעבר · אני,צופיתי,צופיתי,False,,,,,
hebverb_306,צפה,pu'al,DA_RIVEDERE: is expected,target,בעבר · אתה,"צפית, צפית","צפית, צפית",False,,,,,
hebverb_306,צפה,pu'al,DA_RIVEDERE: is expected,target,בעבר · אתה,צופית,צופית,False,,,,,
hebverb_306,צפה,pu'al,DA_RIVEDERE: is expected,target,בעבר · את,"צפית, צפית","צפית, צפית",False,,,,,
hebverb_306,צפה,pu'al,DA_RIVEDERE: is expected,target,בעבר · את,צופית,צופית,False,,,,,
hebverb_306,צפה,pu'al,DA_RIVEDERE: is expected,target,בעבר · הוא,צפה,צפה,False,,,,,
hebverb_306,צפה,pu'al,DA_RIVEDERE: is expected,target,בעבר · הוא,צופה,צופה,True,55.67285334,606.1000000263158,0.8947368421052632,,
hebverb_306,צפה,pu'al,DA_RIVEDERE: is expected,target,בעבר · היא,צפתה,צפתה,False,,,,,
hebverb_306,צפה,pu'al,DA_RIVEDERE: is expected,target,בעבר · היא,צופתה,צופתה,False,,,,,
hebverb_306,צפה,pu'al,DA_RIVEDERE: is expected,target,בעבר · אנחנו,"צפינו, צפינו","צפינו, צפינו",False,,,,,
hebverb_306,צפה,pu'al,DA_RIVEDERE: is expected,target,בעבר · אנחנו,צופינו,צופינו,False,,,,,
hebverb_306,צפה,pu'al,DA_RIVEDERE: is expected,target,בעבר · אתם,"צפיתם, צפיתם","צפיתם, צפיתם",False,,,,,
hebverb_306,צפה,pu'al,DA_RIVEDERE: is expected,target,בעבר · אתם,צופיתם,צופיתם,False,,,,,
hebverb_306,צפה,pu'al,DA_RIVEDERE: is expected,target,בעבר · אתן,"צפיתן, צפיתן","צפיתן, צפיתן",False,,,,,
hebverb_306,צפה,pu'al,DA_RIVEDERE: is expected,target,בעבר · אתן,צופיתן,צופיתן,False,,,,,
hebverb_306,צפה,pu'al,DA_RIVEDERE: is expected,target,בעבר · הם,צפו,צפו,False,,,,,
hebverb_306,צפה,pu'al,DA_RIVEDERE: is expected,target,בעבר · הם,צופו,צופו,False,,,,,
hebverb_306,צפה,pu'al,DA_RIVEDERE: is expected,target,בעבר · הן,צפו,צפו,False,,,,,
hebverb_306,צפה,pu'al,DA_RIVEDERE: is expected,target,בעבר · הן,צופו,צופו,False,,,,,
hebverb_306,צפה,pu'al,DA_RIVEDERE: is expected,target,בעתיד · אני,אצפה,אצפה,False,,,,,
hebverb_306,צפה,pu'al,DA_RIVEDERE: is expected,target,בעתיד · אני,אצופה,אצופה,False,,,,,
hebverb_306,צפה,pu'al,DA_RIVEDERE: is expected,target,בעתיד · אתה,תצפה,תצפה,True,7.391918987,615.9378378378378,0.9210526315789473,575.6944444444445,0.9743589743589743
hebverb_306,צפה,pu'al,DA_RIVEDERE: is expected,target,בעתיד · אתה,תצופה,תצופה,False,,,,,
hebverb_306,צפה,pu'al,DA_RIVEDERE: is expected,target,בעתיד · את,תצפי,תצפי,True,3.001640606,590.4342857142857,0.9428571428571428,,
hebverb_306,צפה,pu'al,DA_RIVEDERE: is expected,target,בעתיד · את,תצופי,תצופי,False,,,,,
hebverb_306,צפה,pu'al,DA_RIVEDERE: is expected,target,בעתיד · הוא,יצפה,יצפה,False,,,,,
hebverb_306,צפה,pu'al,DA_RIVEDERE: is expected,target,בעתיד · הוא,יצופה,יצופה,False,,,,,
hebverb_306,צפה,pu'al,DA_RIVEDERE: is expected,target,בעתיד · היא,תצפה,תצפה,True,7.391918987,615.9378378378378,0.9210526315789473,575.6944444444445,0.9743589743589743
hebverb_306,צפה,pu'al,DA_RIVEDERE: is expected,target,בעתיד · היא,תצופה,תצופה,False,,,,,
hebverb_306,צפה,pu'al,DA_RIVEDERE: is expected,target,בעתיד · אנחנו,נצפה,נצפה,False,,,,,
hebverb_306,צפה,pu'al,DA_RIVEDERE: is expected,target,בעתיד · אנחנו,נצופה,נצופה,False,,,,,
hebverb_306,צפה,pu'al,DA_RIVEDERE: is expected,target,בעתיד · אתם,תצפו,תצפו,False,,,,,
hebverb_306,צפה,pu'al,DA_RIVEDERE: is expected,target,בעתיד · אתם,תצופו,תצופו,False,,,,,
hebverb_306,צפה,pu'al,DA_RIVEDERE: is expected,target,בעתיד · אתן,תצפינה,תצפינה,False,,,,,
hebverb_306,צפה,pu'al,DA_RIVEDERE: is expected,target,בעתיד · אתן,תצופינה,תצופינה,False,,,,,
hebverb_306,צפה,pu'al,DA_RIVEDERE: is expected,target,בעתיד · הם,יצפו,יצפו,False,,,,,
hebverb_306,צפה,pu'al,DA_RIVEDERE: is expected,target,בעתיד · הם,יצופו,יצופו,False,,,,,
hebverb_306,צפה,pu'al,DA_RIVEDERE: is expected,target,בעתיד · הן,תצפינה,תצפינה,False,,,,,
hebverb_306,צפה,pu'al,DA_RIVEDERE: is expected,target,בעתיד · הן,תצופינה,תצופינה,False,,,,,
hebverb_307,בוך,hiph'il,DA_RIVEDERE: embarass,infinitive,infinitive,להביך,להביך,True,6.233710187,556.2285714285714,1.0,,
hebverb_307,בוך,hiph'il,DA_RIVEDERE: embarass,present_1,present_1,מביך,מביך,False,,,,,
hebverb_307,בוך,hiph'il,DA_RIVEDERE: embarass,present_2,present_2,מביכה,מביכה,False,,,,,
hebverb_307,בוך,hiph'il,DA_RIVEDERE: embarass,present_3,present_3,מביכים,מביכים,False,,,,,
hebverb_307,בוך,hiph'il,DA_RIVEDERE: embarass,present_4,present_4,מביכות,מביכות,False,,,,,
hebverb_307,בוך,hiph'il,DA_RIVEDERE: embarass,target,בעבר · אני,"הבכתי, הביכותי","הבכתי, הביכותי",False,,,,,
hebverb_307,בוך,hiph'il,DA_RIVEDERE: embarass,target,בעבר · אתה,"הבכת, הביכות","הבכת, הביכות",False,,,,,
hebverb_307,בוך,hiph'il,DA_RIVEDERE: embarass,target,בעבר · את,"הבכת, הביכות","הבכת, הביכות",False,,,,,
hebverb_307,בוך,hiph'il,DA_RIVEDERE: embarass,target,בעבר · הוא,הביך,הביך,False,,,,,
hebverb_307,בוך,hiph'il,DA_RIVEDERE: embarass,target,בעבר · היא,הביכה,הביכה,False,,,,,
hebverb_307,בוך,hiph'il,DA_RIVEDERE: embarass,target,בעבר · אנחנו,"הבכנו, הביכונו","הבכנו, הביכונו",False,,,,,
hebverb_307,בוך,hiph'il,DA_RIVEDERE: embarass,target,בעבר · אתם,"הבכתם, הביכותם","הבכתם, הביכותם",False,,,,,
hebverb_307,בוך,hiph'il,DA_RIVEDERE: embarass,target,בעבר · אתן,"הבכתן, הביכותן","הבכתן, הביכותן",False,,,,,
hebverb_307,בוך,hiph'il,DA_RIVEDERE: embarass,target,בעבר · הם,הביכו,הביכו,False,,,,,
hebverb_307,בוך,hiph'il,DA_RIVEDERE: embarass,target,בעבר · הן,הביכו,הביכו,False,,,,,
hebverb_307,בוך,hiph'il,DA_RIVEDERE: embarass,target,בעתיד · אני,אביך,אביך,False,,,,,
hebverb_307,בוך,hiph'il,DA_RIVEDERE: embarass,target,בעתיד · אתה,תביך,תביך,False,,,,,
hebverb_307,בוך,hiph'il,DA_RIVEDERE: embarass,target,בעתיד · את,תביכי,תביכי,False,,,,,
hebverb_307,בוך,hiph'il,DA_RIVEDERE: embarass,target,בעתיד · הוא,יביך,יביך,False,,,,,
hebverb_307,בוך,hiph'il,DA_RIVEDERE: embarass,target,בעתיד · היא,תביך,תביך,False,,,,,
hebverb_307,בוך,hiph'il,DA_RIVEDERE: embarass,target,בעתיד · אנחנו,נביך,נביך,False,,,,,
hebverb_307,בוך,hiph'il,DA_RIVEDERE: embarass,target,בעתיד · אתם,תביכו,תביכו,False,,,,,
hebverb_307,בוך,hiph'il,DA_RIVEDERE: embarass,target,בעתיד · אתן,תבכנה,תבכנה,False,,,,,
hebverb_307,בוך,hiph'il,DA_RIVEDERE: embarass,target,בעתיד · הם,יביכו,יביכו,False,,,,,
hebverb_307,בוך,hiph'il,DA_RIVEDERE: embarass,target,בעתיד · הן,תבכנה,תבכנה,False,,,,,
hebverb_308,זכר,nif'al,DA_RIVEDERE: is remembered,infinitive,infinitive,להיזכר,להיזכר,False,,,,,
hebverb_308,זכר,nif'al,DA_RIVEDERE: is remembered,present_1,present_1,נזכר,נזכר,False,,,,,
hebverb_308,זכר,nif'al,DA_RIVEDERE: is remembered,present_2,present_2,נזכרת,נזכרת,True,3.35334799,573.4918918918919,0.972972972972973,,
hebverb_308,זכר,nif'al,DA_RIVEDERE: is remembered,present_3,present_3,נזכרים,נזכרים,False,,,,,
hebverb_308,זכר,nif'al,DA_RIVEDERE: is remembered,present_4,present_4,נזכרות,נזכרות,False,,,,,
hebverb_308,זכר,nif'al,DA_RIVEDERE: is remembered,target,בעבר · אני,נזכרתי,נזכרתי,False,,,,,
hebverb_308,זכר,nif'al,DA_RIVEDERE: is remembered,target,בעבר · אתה,נזכרת,נזכרת,True,3.35334799,573.4918918918919,0.972972972972973,,
hebverb_308,זכר,nif'al,DA_RIVEDERE: is remembered,target,בעבר · את,נזכרת,נזכרת,True,3.35334799,573.4918918918919,0.972972972972973,,
hebverb_308,זכר,nif'al,DA_RIVEDERE: is remembered,target,בעבר · הוא,נזכר,נזכר,False,,,,,
hebverb_308,זכר,nif'al,DA_RIVEDERE: is remembered,target,בעבר · היא,נזכרה,נזכרה,False,,,,,
hebverb_308,זכר,nif'al,DA_RIVEDERE: is remembered,target,בעבר · אנחנו,נזכרנו,נזכרנו,False,,,,,
hebverb_308,זכר,nif'al,DA_RIVEDERE: is remembered,target,בעבר · אתם,נזכרתם,נזכרתם,False,,,,,
hebverb_308,זכר,nif'al,DA_RIVEDERE: is remembered,target,בעבר · אתן,נזכרתן,נזכרתן,False,,,,,
hebverb_308,זכר,nif'al,DA_RIVEDERE: is remembered,target,בעבר · הם,נזכרו,נזכרו,False,,,,,
hebverb_308,זכר,nif'al,DA_RIVEDERE: is remembered,target,בעבר · הן,נזכרו,נזכרו,False,,,,,
hebverb_308,זכר,nif'al,DA_RIVEDERE: is remembered,target,בעתיד · אני,אזכר,אזכר,True,0.988419028,697.471052631579,0.868421052631579,510.1034482758621,0.6
hebverb_308,זכר,nif'al,DA_RIVEDERE: is remembered,target,בעתיד · אתה,תיזכר,תיזכר,False,,,,,
hebverb_308,זכר,nif'al,DA_RIVEDERE: is remembered,target,בעתיד · אתה,תזכר,תזכר,False,,,,,
hebverb_308,זכר,nif'al,DA_RIVEDERE: is remembered,target,בעתיד · את,תיזכרי,תיזכרי,False,,,,,
hebverb_308,זכר,nif'al,DA_RIVEDERE: is remembered,target,בעתיד · את,תזכרי,תזכרי,False,,,,,
hebverb_308,זכר,nif'al,DA_RIVEDERE: is remembered,target,בעתיד · הוא,ייזכר,ייזכר,True,1.522044024,542.1542857142857,0.9714285714285714,,
hebverb_308,זכר,nif'al,DA_RIVEDERE: is remembered,target,בעתיד · הוא,יזכר,יזכר,False,,,,,
hebverb_308,זכר,nif'al,DA_RIVEDERE: is remembered,target,בעתיד · היא,תיזכר,תיזכר,False,,,,,
hebverb_308,זכר,nif'al,DA_RIVEDERE: is remembered,target,בעתיד · היא,תזכר,תזכר,False,,,,,
hebverb_308,זכר,nif'al,DA_RIVEDERE: is remembered,target,בעתיד · אנחנו,ניזכר,ניזכר,False,,,,,
hebverb_308,זכר,nif'al,DA_RIVEDERE: is remembered,target,בעתיד · אנחנו,נזכר,נזכר,False,,,,,
hebverb_308,זכר,nif'al,DA_RIVEDERE: is remembered,target,בעתיד · אתם,תיזכרו,תיזכרו,False,,,,,
hebverb_308,זכר,nif'al,DA_RIVEDERE: is remembered,target,בעתיד · אתם,תזכרו,תזכרו,True,10.06610789,549.2342857142858,0.9428571428571428,527.8529411764706,0.9411764705882353
hebverb_308,זכר,nif'al,DA_RIVEDERE: is remembered,target,בעתיד · אתן,תיזכרנה,תיזכרנה,False,,,,,
hebverb_308,זכר,nif'al,DA_RIVEDERE: is remembered,target,בעתיד · אתן,תזכרנה,תזכרנה,False,,,,,
hebverb_308,זכר,nif'al,DA_RIVEDERE: is remembered,target,בעתיד · הם,ייזכרו,ייזכרו,False,,,,,
hebverb_308,זכר,nif'al,DA_RIVEDERE: is remembered,target,בעתיד · הם,יזכרו,יזכרו,False,,,,,
hebverb_308,זכר,nif'al,DA_RIVEDERE: is remembered,target,בעתיד · הן,תיזכרנה,תיזכרנה,False,,,,,
hebverb_308,זכר,nif'al,DA_RIVEDERE: is remembered,target,בעתיד · הן,תזכרנה,תזכרנה,False,,,,,
hebverb_309,גמר,pa'al,finire,infinitive,infinitive,לגמור,לגמור,True,23.29151832,554.15,0.8947368421052632,476.969696969697,1.0
hebverb_309,גמר,pa'al,finire,present_1,present_1,גומר,גומר,False,,,,,
hebverb_309,גמר,pa'al,finire,present_2,present_2,גומרת,גומרת,False,,,,,
hebverb_309,גמר,pa'al,finire,present_3,present_3,גומרים,גומרים,True,2.310353678,569.2026315789474,0.9473684210526315,486.90625,1.0
hebverb_309,גמר,pa'al,finire,present_4,present_4,גומרות,גומרות,False,,,,,
hebverb_309,גמר,pa'al,finire,target,בעבר · אני,גמרתי,גמרתי,True,13.73477974,560.4351350810812,1.0,,
hebverb_309,גמר,pa'al,finire,target,בעבר · אתה,גמרת,גמרת,False,,,,,
hebverb_309,גמר,pa'al,finire,target,בעבר · את,גמרת,גמרת,False,,,,,
hebverb_309,גמר,pa'al,finire,target,בעבר · הוא,גמר,גמר,True,8.671406195,547.292682902439,0.9512195121951219,451.38461538461536,0.975609756097561
hebverb_309,גמר,pa'al,finire,target,בעבר · היא,גמרה,גמרה,True,2.431632087,602.5828571142857,0.9714285714285714,,
hebverb_309,גמר,pa'al,finire,target,בעבר · אנחנו,גמרנו,גמרנו,True,7.543516997,637.5157894736842,0.9473684210526315,,
hebverb_309,גמר,pa'al,finire,target,בעבר · אתם,גמרתם,גמרתם,False,,,,,
hebverb_309,גמר,pa'al,finire,target,בעבר · אתן,גמרתן,גמרתן,False,,,,,
hebverb_309,גמר,pa'al,finire,target,בעבר · הם,גמרו,גמרו,False,,,,,
hebverb_309,גמר,pa'al,finire,target,בעבר · הן,גמרו,גמרו,False,,,,,
hebverb_309,גמר,pa'al,finire,target,בעתיד · אני,אגמור,אגמור,True,4.153785485,572.4682926829269,0.926829268292683,438.9,1.0
hebverb_309,גמר,pa'al,finire,target,בעתיד · אני,אגמר,אגמר,False,,,,,
hebverb_309,גמר,pa'al,finire,target,בעתיד · אתה,תגמור,תגמור,True,6.506586606,615.1394737105263,0.9473684210526315,,
hebverb_309,גמר,pa'al,finire,target,בעתיד · אתה,תגמר,תגמר,False,,,,,
hebverb_309,גמר,pa'al,finire,target,בעתיד · את,תגמרי,תגמרי,False,,,,,
hebverb_309,גמר,pa'al,finire,target,בעתיד · הוא,יגמור,יגמור,False,,,,,
hebverb_309,גמר,pa'al,finire,target,בעתיד · הוא,יגמר,יגמר,False,,,,,
hebverb_309,גמר,pa'al,finire,target,בעתיד · היא,תגמור,תגמור,True,6.506586606,615.1394737105263,0.9473684210526315,,
hebverb_309,גמר,pa'al,finire,target,בעתיד · היא,תגמר,תגמר,False,,,,,
hebverb_309,גמר,pa'al,finire,target,בעתיד · אנחנו,נגמור,נגמור,False,,,,,
hebverb_309,גמר,pa'al,finire,target,בעתיד · אנחנו,נגמר,נגמר,False,,,,,
hebverb_309,גמר,pa'al,finire,target,בעתיד · אתם,תגמרו,תגמרו,False,,,,,
hebverb_309,גמר,pa'al,finire,target,בעתיד · אתן,תגמורנה,תגמורנה,False,,,,,
hebverb_309,גמר,pa'al,finire,target,בעתיד · אתן,תגמרנה,תגמרנה,False,,,,,
hebverb_309,גמר,pa'al,finire,target,בעתיד · הם,יגמרו,יגמרו,True,2.207267031,522.7828571428572,1.0,456.19354838709677,0.9714285714285714
hebverb_309,גמר,pa'al,finire,target,בעתיד · הן,תגמורנה,תגמורנה,False,,,,,
hebverb_309,גמר,pa'al,finire,target,בעתיד · הן,תגמרנה,תגמרנה,False,,,,,
hebverb_310,כשל,pa'al,DA_RIVEDERE: fail,infinitive,infinitive,לכשל,לכשל,False,,,,,
hebverb_310,כשל,pa'al,DA_RIVEDERE: fail,present_1,present_1,כושל,כושל,False,,,,,
hebverb_310,כשל,pa'al,DA_RIVEDERE: fail,present_2,present_2,כושלת,כושלת,True,1.740345159,571.226829292683,0.9512195121951219,499.0,1.0
hebverb_310,כשל,pa'al,DA_RIVEDERE: fail,present_3,present_3,כושלים,כושלים,False,,,,,
hebverb_310,כשל,pa'al,DA_RIVEDERE: fail,present_4,present_4,כושלות,כושלות,False,,,,,
hebverb_310,כשל,pa'al,DA_RIVEDERE: fail,target,בעבר · אני,כשלתי,כשלתי,False,,,,,
hebverb_310,כשל,pa'al,DA_RIVEDERE: fail,target,בעבר · אתה,כשלת,כשלת,False,,,,,
hebverb_310,כשל,pa'al,DA_RIVEDERE: fail,target,בעבר · את,כשלת,כשלת,False,,,,,
hebverb_310,כשל,pa'al,DA_RIVEDERE: fail,target,בעבר · הוא,כשל,כשל,False,,,,,
hebverb_310,כשל,pa'al,DA_RIVEDERE: fail,target,בעבר · היא,כשלה,כשלה,False,,,,,
hebverb_310,כשל,pa'al,DA_RIVEDERE: fail,target,בעבר · אנחנו,כשלנו,כשלנו,False,,,,,
hebverb_310,כשל,pa'al,DA_RIVEDERE: fail,target,בעבר · אתם,כשלתם,כשלתם,False,,,,,
hebverb_310,כשל,pa'al,DA_RIVEDERE: fail,target,בעבר · אתן,כשלתן,כשלתן,False,,,,,
hebverb_310,כשל,pa'al,DA_RIVEDERE: fail,target,בעבר · הם,כשלו,כשלו,False,,,,,
hebverb_310,כשל,pa'al,DA_RIVEDERE: fail,target,בעבר · הן,כשלו,כשלו,False,,,,,
hebverb_310,כשל,pa'al,DA_RIVEDERE: fail,target,בעתיד · אני,אכשל,אכשל,True,2.346737201,555.016666638889,0.8108108108108109,,
hebverb_310,כשל,pa'al,DA_RIVEDERE: fail,target,בעתיד · אני,אכשול,אכשול,False,,,,,
hebverb_310,כשל,pa'al,DA_RIVEDERE: fail,target,בעתיד · אתה,תכשל,תכשל,False,,,,,
hebverb_310,כשל,pa'al,DA_RIVEDERE: fail,target,בעתיד · אתה,תכשול,תכשול,False,,,,,
hebverb_310,כשל,pa'al,DA_RIVEDERE: fail,target,בעתיד · את,תכשלי,תכשלי,False,,,,,
hebverb_310,כשל,pa'al,DA_RIVEDERE: fail,target,בעתיד · הוא,יכשל,יכשל,False,,,,,
hebverb_310,כשל,pa'al,DA_RIVEDERE: fail,target,בעתיד · הוא,יכשול,יכשול,False,,,,,
hebverb_310,כשל,pa'al,DA_RIVEDERE: fail,target,בעתיד · היא,תכשל,תכשל,False,,,,,
hebverb_310,כשל,pa'al,DA_RIVEDERE: fail,target,בעתיד · היא,תכשול,תכשול,False,,,,,
hebverb_310,כשל,pa'al,DA_RIVEDERE: fail,target,בעתיד · אנחנו,נכשל,נכשל,True,18.3858067,559.0763157631579,0.9473684210526315,,
hebverb_310,כשל,pa'al,DA_RIVEDERE: fail,target,בעתיד · אנחנו,נכשול,נכשול,False,,,,,
hebverb_310,כשל,pa'al,DA_RIVEDERE: fail,target,בעתיד · אתם,תכשלו,תכשלו,False,,,,,
hebverb_310,כשל,pa'al,DA_RIVEDERE: fail,target,בעתיד · אתן,תכשלנה,תכשלנה,False,,,,,
hebverb_310,כשל,pa'al,DA_RIVEDERE: fail,target,בעתיד · אתן,תכשולנה,תכשולנה,False,,,,,
hebverb_310,כשל,pa'al,DA_RIVEDERE: fail,target,בעתיד · הם,יכשלו,יכשלו,False,,,,,
hebverb_310,כשל,pa'al,DA_RIVEDERE: fail,target,בעתיד · הן,תכשלנה,תכשלנה,False,,,,,
hebverb_310,כשל,pa'al,DA_RIVEDERE: fail,target,בעתיד · הן,תכשולנה,תכשולנה,False,,,,,
hebverb_311,יכל,pa'al,DA_RIVEDERE: can,infinitive,infinitive,להיות יכול,להיות יכול,False,,,,,
hebverb_311,יכל,pa'al,DA_RIVEDERE: can,present_1,present_1,יכול,יכול,True,3513.944858,563.2526315789473,0.9473684210526315,462.1470588235294,1.0
hebverb_311,יכל,pa'al,DA_RIVEDERE: can,present_2,present_2,יכולה,יכולה,False,,,,,
hebverb_311,יכל,pa'al,DA_RIVEDERE: can,present_3,present_3,יכולים,יכולים,False,,,,,
hebverb_311,יכל,pa'al,DA_RIVEDERE: can,present_4,present_4,יכולות,יכולות,True,76.62369837,564.5421052368421,0.9473684210526315,,
hebverb_311,יכל,pa'al,DA_RIVEDERE: can,target,בעבר · אני,יכולתי,יכולתי,False,,,,,
hebverb_311,יכל,pa'al,DA_RIVEDERE: can,target,בעבר · אני,יכלתי,יכלתי,False,,,,,
hebverb_311,יכל,pa'al,DA_RIVEDERE: can,target,בעבר · אתה,יכולת,יכולת,True,109.5811058,573.9552631578947,1.0,498.3529411764706,1.0
hebverb_311,יכל,pa'al,DA_RIVEDERE: can,target,בעבר · אתה,יכלת,יכלת,False,,,,,
hebverb_311,יכל,pa'al,DA_RIVEDERE: can,target,בעבר · את,יכולת,יכולת,True,109.5811058,573.9552631578947,1.0,498.3529411764706,1.0
hebverb_311,יכל,pa'al,DA_RIVEDERE: can,target,בעבר · את,יכלת,יכלת,False,,,,,
hebverb_311,יכל,pa'al,DA_RIVEDERE: can,target,בעבר · הוא,יכול,יכול,True,3513.944858,563.2526315789473,0.9473684210526315,462.1470588235294,1.0
hebverb_311,יכל,pa'al,DA_RIVEDERE: can,target,בעבר · הוא,יכל,יכל,False,,,,,
hebverb_311,יכל,pa'al,DA_RIVEDERE: can,target,בעבר · היא,יכלה,יכלה,True,33.82454808,630.045945945946,0.7837837837837838,471.64102564102564,1.0
hebverb_311,יכל,pa'al,DA_RIVEDERE: can,target,בעבר · אנחנו,יכולנו,יכולנו,False,,,,,
hebverb_311,יכל,pa'al,DA_RIVEDERE: can,target,בעבר · אנחנו,יכלנו,יכלנו,False,,,,,
hebverb_311,יכל,pa'al,DA_RIVEDERE: can,target,בעבר · אתם,יכולתם,יכולתם,False,,,,,
hebverb_311,יכל,pa'al,DA_RIVEDERE: can,target,בעבר · אתם,יכלתם,יכלתם,False,,,,,
hebverb_311,יכל,pa'al,DA_RIVEDERE: can,target,בעבר · אתן,יכולתן,יכולתן,False,,,,,
hebverb_311,יכל,pa'al,DA_RIVEDERE: can,target,בעבר · אתן,יכלתן,יכלתן,False,,,,,
hebverb_311,יכל,pa'al,DA_RIVEDERE: can,target,בעבר · הם,יכלו,יכלו,True,34.41274836,577.7000000540542,0.8378378378378378,,
hebverb_311,יכל,pa'al,DA_RIVEDERE: can,target,בעבר · הן,יכלו,יכלו,True,34.41274836,577.7000000540542,0.8378378378378378,,
hebverb_311,יכל,pa'al,DA_RIVEDERE: can,target,בעתיד · אני,אוכל,אוכל,True,549.900559,524.1485714285715,0.9714285714285714,,
hebverb_311,יכל,pa'al,DA_RIVEDERE: can,target,בעתיד · אתה,תוכל,תוכל,False,,,,,
hebverb_311,יכל,pa'al,DA_RIVEDERE: can,target,בעתיד · את,תוכלי,תוכלי,False,,,,,
hebverb_311,יכל,pa'al,DA_RIVEDERE: can,target,בעתיד · הוא,יוכל,יוכל,False,,,,,
hebverb_311,יכל,pa'al,DA_RIVEDERE: can,target,בעתיד · היא,תוכל,תוכל,False,,,,,
hebverb_311,יכל,pa'al,DA_RIVEDERE: can,target,בעתיד · אנחנו,נוכל,נוכל,False,,,,,
hebverb_311,יכל,pa'al,DA_RIVEDERE: can,target,בעתיד · אתם,תוכלו,תוכלו,False,,,,,
hebverb_311,יכל,pa'al,DA_RIVEDERE: can,target,בעתיד · אתן,תוכלנה,תוכלנה,False,,,,,
hebverb_311,יכל,pa'al,DA_RIVEDERE: can,target,בעתיד · הם,יוכלו,יוכלו,True,52.20429086,596.8499999736841,0.9210526315789473,486.54285714285714,0.9428571428571428
hebverb_311,יכל,pa'al,DA_RIVEDERE: can,target,בעתיד · הן,תוכלנה,תוכלנה,False,,,,,
hebverb_312,תהה,pa'al,DA_RIVEDERE: wonder,infinitive,infinitive,לתהות,לתהות,False,,,,,
hebverb_312,תהה,pa'al,DA_RIVEDERE: wonder,present_1,present_1,תוהה,תוהה,True,70.71743989,629.8078947368422,0.8947368421052632,498.8484848484849,1.0
hebverb_312,תהה,pa'al,DA_RIVEDERE: wonder,present_2,present_2,תוהה,תוהה,True,70.71743989,629.8078947368422,0.8947368421052632,498.8484848484849,1.0
hebverb_312,תהה,pa'al,DA_RIVEDERE: wonder,present_3,present_3,תוהים,תוהים,False,,,,,
hebverb_312,תהה,pa'al,DA_RIVEDERE: wonder,present_4,present_4,תוהות,תוהות,False,,,,,
hebverb_312,תהה,pa'al,DA_RIVEDERE: wonder,target,בעבר · אני,תהיתי,תהיתי,False,,,,,
hebverb_312,תהה,pa'al,DA_RIVEDERE: wonder,target,בעבר · אתה,תהית,תהית,False,,,,,
hebverb_312,תהה,pa'al,DA_RIVEDERE: wonder,target,בעבר · את,תהית,תהית,False,,,,,
hebverb_312,תהה,pa'al,DA_RIVEDERE: wonder,target,בעבר · הוא,תהה,תהה,False,,,,,
hebverb_312,תהה,pa'al,DA_RIVEDERE: wonder,target,בעבר · היא,תהתה,תהתה,False,,,,,
hebverb_312,תהה,pa'al,DA_RIVEDERE: wonder,target,בעבר · אנחנו,תהינו,תהינו,False,,,,,
hebverb_312,תהה,pa'al,DA_RIVEDERE: wonder,target,בעבר · אתם,תהיתם,תהיתם,False,,,,,
hebverb_312,תהה,pa'al,DA_RIVEDERE: wonder,target,בעבר · אתן,תהיתן,תהיתן,False,,,,,
hebverb_312,תהה,pa'al,DA_RIVEDERE: wonder,target,בעבר · הם,תהו,תהו,False,,,,,
hebverb_312,תהה,pa'al,DA_RIVEDERE: wonder,target,בעבר · הן,תהו,תהו,False,,,,,
hebverb_312,תהה,pa'al,DA_RIVEDERE: wonder,target,בעתיד · אני,אתהה,אתהה,False,,,,,
hebverb_312,תהה,pa'al,DA_RIVEDERE: wonder,target,בעתיד · אתה,תתהה,תתהה,False,,,,,
hebverb_312,תהה,pa'al,DA_RIVEDERE: wonder,target,בעתיד · את,תתהי,תתהי,False,,,,,
hebverb_312,תהה,pa'al,DA_RIVEDERE: wonder,target,בעתיד · הוא,יתהה,יתהה,False,,,,,
hebverb_312,תהה,pa'al,DA_RIVEDERE: wonder,target,בעתיד · היא,תתהה,תתהה,False,,,,,
hebverb_312,תהה,pa'al,DA_RIVEDERE: wonder,target,בעתיד · אנחנו,נתהה,נתהה,False,,,,,
hebverb_312,תהה,pa'al,DA_RIVEDERE: wonder,target,בעתיד · אתם,תתהו,תתהו,False,,,,,
hebverb_312,תהה,pa'al,DA_RIVEDERE: wonder,target,בעתיד · אתן,תתהינה,תתהינה,False,,,,,
hebverb_312,תהה,pa'al,DA_RIVEDERE: wonder,target,בעתיד · הם,יתהו,יתהו,False,,,,,
hebverb_312,תהה,pa'al,DA_RIVEDERE: wonder,target,בעתיד · הן,תתהינה,תתהינה,False,,,,,
hebverb_313,נבע,hiph'il,DA_RIVEDERE: express,infinitive,infinitive,להביע,להביע,True,17.88250131,620.451282051282,0.8974358974358975,458.38709677419354,1.0
hebverb_313,נבע,hiph'il,DA_RIVEDERE: express,present_1,present_1,מביע,מביע,False,,,,,
hebverb_313,נבע,hiph'il,DA_RIVEDERE: express,present_2,present_2,מביעה,מביעה,False,,,,,
hebverb_313,נבע,hiph'il,DA_RIVEDERE: express,present_3,present_3,מביעים,מביעים,False,,,,,
hebverb_313,נבע,hiph'il,DA_RIVEDERE: express,present_4,present_4,מביעות,מביעות,False,,,,,
hebverb_313,נבע,hiph'il,DA_RIVEDERE: express,target,בעבר · אני,הבעתי,הבעתי,True,1.285551128,619.9368421052632,0.7368421052631579,558.09375,0.8205128205128205
hebverb_313,נבע,hiph'il,DA_RIVEDERE: express,target,בעבר · אתה,הבעת,הבעת,False,,,,,
hebverb_313,נבע,hiph'il,DA_RIVEDERE: express,target,בעבר · את,"הבעת, הבעת","הבעת, הבעת",False,,,,,
hebverb_313,נבע,hiph'il,DA_RIVEDERE: express,target,בעבר · את,הבעת,הבעת,False,,,,,
hebverb_313,נבע,hiph'il,DA_RIVEDERE: express,target,בעבר · הוא,הביע,הביע,False,,,,,
hebverb_313,נבע,hiph'il,DA_RIVEDERE: express,target,בעבר · היא,הביעה,הביעה,False,,,,,
hebverb_313,נבע,hiph'il,DA_RIVEDERE: express,target,בעבר · אנחנו,הבענו,הבענו,False,,,,,
hebverb_313,נבע,hiph'il,DA_RIVEDERE: express,target,בעבר · אתם,הבעתם,הבעתם,False,,,,,
hebverb_313,נבע,hiph'il,DA_RIVEDERE: express,target,בעבר · אתן,הבעתן,הבעתן,False,,,,,
hebverb_313,נבע,hiph'il,DA_RIVEDERE: express,target,בעבר · הם,הביעו,הביעו,False,,,,,
hebverb_313,נבע,hiph'il,DA_RIVEDERE: express,target,בעבר · הן,הביעו,הביעו,False,,,,,
hebverb_313,נבע,hiph'il,DA_RIVEDERE: express,target,בעתיד · אני,אביע,אביע,False,,,,,
hebverb_313,נבע,hiph'il,DA_RIVEDERE: express,target,בעתיד · אתה,תביע,תביע,False,,,,,
hebverb_313,נבע,hiph'il,DA_RIVEDERE: express,target,בעתיד · את,תביעי,תביעי,False,,,,,
hebverb_313,נבע,hiph'il,DA_RIVEDERE: express,target,בעתיד · הוא,יביע,יביע,False,,,,,
hebverb_313,נבע,hiph'il,DA_RIVEDERE: express,target,בעתיד · היא,תביע,תביע,False,,,,,
hebverb_313,נבע,hiph'il,DA_RIVEDERE: express,target,בעתיד · אנחנו,נביע,נביע,False,,,,,
hebverb_313,נבע,hiph'il,DA_RIVEDERE: express,target,בעתיד · אתם,תביעו,תביעו,False,,,,,
hebverb_313,נבע,hiph'il,DA_RIVEDERE: express,target,בעתיד · אתן,תבענה,תבענה,False,,,,,
hebverb_313,נבע,hiph'il,DA_RIVEDERE: express,target,בעתיד · הם,יביעו,יביעו,False,,,,,
hebverb_313,נבע,hiph'il,DA_RIVEDERE: express,target,בעתיד · הן,תבענה,תבענה,False,,,,,
hebverb_314,טעה,pa'al,DA_RIVEDERE: mistake,infinitive,infinitive,לטעות,לטעות,False,,,,,
hebverb_314,טעה,pa'al,DA_RIVEDERE: mistake,present_1,present_1,טועה,טועה,True,64.156278,532.5439024390244,0.9024390243902439,468.95,0.975609756097561
hebverb_314,טעה,pa'al,DA_RIVEDERE: mistake,present_2,present_2,טועה,טועה,True,64.156278,532.5439024390244,0.9024390243902439,468.95,0.975609756097561
hebverb_314,טעה,pa'al,DA_RIVEDERE: mistake,present_3,present_3,טועים,טועים,False,,,,,
hebverb_314,טעה,pa'al,DA_RIVEDERE: mistake,present_4,present_4,טועות,טועות,False,,,,,
hebverb_314,טעה,pa'al,DA_RIVEDERE: mistake,target,בעבר · אני,טעיתי,טעיתי,True,18.19782517,539.9282051282051,0.975,470.8181818181818,1.0
hebverb_314,טעה,pa'al,DA_RIVEDERE: mistake,target,בעבר · אתה,טעית,טעית,False,,,,,
hebverb_314,טעה,pa'al,DA_RIVEDERE: mistake,target,בעבר · את,טעית,טעית,False,,,,,
hebverb_314,טעה,pa'al,DA_RIVEDERE: mistake,target,בעבר · הוא,טעה,טעה,False,,,,,
hebverb_314,טעה,pa'al,DA_RIVEDERE: mistake,target,בעבר · היא,טעתה,טעתה,False,,,,,
hebverb_314,טעה,pa'al,DA_RIVEDERE: mistake,target,בעבר · אנחנו,טעינו,טעינו,False,,,,,
hebverb_314,טעה,pa'al,DA_RIVEDERE: mistake,target,בעבר · אתם,טעיתם,טעיתם,False,,,,,
hebverb_314,טעה,pa'al,DA_RIVEDERE: mistake,target,בעבר · אתן,טעיתן,טעיתן,False,,,,,
hebverb_314,טעה,pa'al,DA_RIVEDERE: mistake,target,בעבר · הם,טעו,טעו,False,,,,,
hebverb_314,טעה,pa'al,DA_RIVEDERE: mistake,target,בעבר · הן,טעו,טעו,False,,,,,
hebverb_314,טעה,pa'al,DA_RIVEDERE: mistake,target,בעתיד · אני,אטעה,אטעה,False,,,,,
hebverb_314,טעה,pa'al,DA_RIVEDERE: mistake,target,בעתיד · אתה,תטעה,תטעה,False,,,,,
hebverb_314,טעה,pa'al,DA_RIVEDERE: mistake,target,בעתיד · את,תטעי,תטעי,True,0.952035505,653.142105263158,0.8717948717948718,538.7837837837837,0.9230769230769231
hebverb_314,טעה,pa'al,DA_RIVEDERE: mistake,target,בעתיד · הוא,יטעה,יטעה,False,,,,,
hebverb_314,טעה,pa'al,DA_RIVEDERE: mistake,target,בעתיד · היא,תטעה,תטעה,False,,,,,
hebverb_314,טעה,pa'al,DA_RIVEDERE: mistake,target,בעתיד · אנחנו,נטעה,נטעה,False,,,,,
hebverb_314,טעה,pa'al,DA_RIVEDERE: mistake,target,בעתיד · אתם,תטעו,תטעו,False,,,,,
hebverb_314,טעה,pa'al,DA_RIVEDERE: mistake,target,בעתיד · אתן,תטעינה,תטעינה,False,,,,,
hebverb_314,טעה,pa'al,DA_RIVEDERE: mistake,target,בעתיד · הם,יטעו,יטעו,False,,,,,
hebverb_314,טעה,pa'al,DA_RIVEDERE: mistake,target,בעתיד · הן,תטעינה,תטעינה,False,,,,,
hebverb_315,חיה,pa'al,DA_RIVEDERE: live,infinitive,infinitive,לחיות,לחיות,False,,,,,
hebverb_315,חיה,pa'al,DA_RIVEDERE: live,present_1,present_1,חי,חי,True,172.9915216,526.6315789210527,0.9210526315789473,497.9166666666667,1.0
hebverb_315,חיה,pa'al,DA_RIVEDERE: live,present_2,present_2,חיה,חיה,False,,,,,
hebverb_315,חיה,pa'al,DA_RIVEDERE: live,present_3,present_3,חיים,חיים,True,355.0789239,486.5538462051282,0.8974358974358975,,
hebverb_315,חיה,pa'al,DA_RIVEDERE: live,present_4,present_4,חיות,חיות,False,,,,,
hebverb_315,חיה,pa'al,DA_RIVEDERE: live,target,בעבר · אני,חייתי,חייתי,False,,,,,
hebverb_315,חיה,pa'al,DA_RIVEDERE: live,target,בעבר · אתה,חיית,חיית,False,,,,,
hebverb_315,חיה,pa'al,DA_RIVEDERE: live,target,בעבר · את,חיית,חיית,False,,,,,
hebverb_315,חיה,pa'al,DA_RIVEDERE: live,target,בעבר · הוא,חי,חי,True,172.9915216,526.6315789210527,0.9210526315789473,497.9166666666667,1.0
hebverb_315,חיה,pa'al,DA_RIVEDERE: live,target,בעבר · היא,חייתה,חייתה,False,,,,,
hebverb_315,חיה,pa'al,DA_RIVEDERE: live,target,בעבר · היא,חיתה,חיתה,False,,,,,
hebverb_315,חיה,pa'al,DA_RIVEDERE: live,target,בעבר · אנחנו,חיינו,חיינו,True,34.44306796,507.0702702432433,0.8378378378378378,472.25,0.8918918918918919
hebverb_315,חיה,pa'al,DA_RIVEDERE: live,target,בעבר · אתם,חייתם,חייתם,False,,,,,
hebverb_315,חיה,pa'al,DA_RIVEDERE: live,target,בעבר · אתן,חייתן,חייתן,False,,,,,
hebverb_315,חיה,pa'al,DA_RIVEDERE: live,target,בעבר · הם,חיו,חיו,False,,,,,
hebverb_315,חיה,pa'al,DA_RIVEDERE: live,target,בעבר · הן,חיו,חיו,False,,,,,
hebverb_315,חיה,pa'al,DA_RIVEDERE: live,target,בעתיד · אני,אחיה,אחיה,True,18.74357801,584.4833333333333,0.918918918918919,,
hebverb_315,חיה,pa'al,DA_RIVEDERE: live,target,בעתיד · אתה,תחיה,תחיה,False,,,,,
hebverb_315,חיה,pa'al,DA_RIVEDERE: live,target,בעתיד · את,תחיי,תחיי,True,3.298772706,597.0914285714285,0.9428571428571428,,
hebverb_315,חיה,pa'al,DA_RIVEDERE: live,target,בעתיד · הוא,יחיה,יחיה,False,,,,,
hebverb_315,חיה,pa'al,DA_RIVEDERE: live,target,בעתיד · היא,תחיה,תחיה,False,,,,,
hebverb_315,חיה,pa'al,DA_RIVEDERE: live,target,בעתיד · אנחנו,נחיה,נחיה,False,,,,,
hebverb_315,חיה,pa'al,DA_RIVEDERE: live,target,בעתיד · אתם,תחיו,תחיו,False,,,,,
hebverb_315,חיה,pa'al,DA_RIVEDERE: live,target,בעתיד · אתן,תחיינה,תחיינה,False,,,,,
hebverb_315,חיה,pa'al,DA_RIVEDERE: live,target,בעתיד · הם,יחיו,יחיו,True,3.529201682,575.4184210526316,0.7368421052631579,539.483870967742,0.9393939393939394
hebverb_315,חיה,pa'al,DA_RIVEDERE: live,target,בעתיד · הן,תחיינה,תחיינה,False,,,,,
hebverb_316,חלץ,pi'el,DA_RIVEDERE: rescue,infinitive,infinitive,לחלץ,לחלץ,True,18.058355,572.0216215135135,0.8378378378378378,,
hebverb_316,חלץ,pi'el,DA_RIVEDERE: rescue,present_1,present_1,מחלץ,מחלץ,False,,,,,
hebverb_316,חלץ,pi'el,DA_RIVEDERE: rescue,present_2,present_2,מחלצת,מחלצת,False,,,,,
hebverb_316,חלץ,pi'el,DA_RIVEDERE: rescue,present_3,present_3,מחלצים,מחלצים,False,,,,,
hebverb_316,חלץ,pi'el,DA_RIVEDERE: rescue,present_4,present_4,מחלצות,מחלצות,False,,,,,
hebverb_316,חלץ,pi'el,DA_RIVEDERE: rescue,target,בעבר · אני,חלצתי,חלצתי,False,,,,,
hebverb_316,חלץ,pi'el,DA_RIVEDERE: rescue,target,בעבר · אני,חילצתי,חילצתי,False,,,,,
hebverb_316,חלץ,pi'el,DA_RIVEDERE: rescue,target,בעבר · אתה,חלצת,חלצת,False,,,,,
hebverb_316,חלץ,pi'el,DA_RIVEDERE: rescue,target,בעבר · אתה,חילצת,חילצת,False,,,,,
hebverb_316,חלץ,pi'el,DA_RIVEDERE: rescue,target,בעבר · את,חלצת,חלצת,False,,,,,
hebverb_316,חלץ,pi'el,DA_RIVEDERE: rescue,target,בעבר · את,חילצת,חילצת,False,,,,,
hebverb_316,חלץ,pi'el,DA_RIVEDERE: rescue,target,בעבר · הוא,חלץ,חלץ,False,,,,,
hebverb_316,חלץ,pi'el,DA_RIVEDERE: rescue,target,בעבר · הוא,חילץ,חילץ,False,,,,,
hebverb_316,חלץ,pi'el,DA_RIVEDERE: rescue,target,בעבר · היא,חלצה,חלצה,False,,,,,
hebverb_316,חלץ,pi'el,DA_RIVEDERE: rescue,target,בעבר · היא,חילצה,חילצה,False,,,,,
hebverb_316,חלץ,pi'el,DA_RIVEDERE: rescue,target,בעבר · אנחנו,חלצנו,חלצנו,False,,,,,
hebverb_316,חלץ,pi'el,DA_RIVEDERE: rescue,target,בעבר · אנחנו,חילצנו,חילצנו,False,,,,,
hebverb_316,חלץ,pi'el,DA_RIVEDERE: rescue,target,בעבר · אתם,חלצתם,חלצתם,False,,,,,
hebverb_316,חלץ,pi'el,DA_RIVEDERE: rescue,target,בעבר · אתם,חילצתם,חילצתם,False,,,,,
hebverb_316,חלץ,pi'el,DA_RIVEDERE: rescue,target,בעבר · אתן,חלצתן,חלצתן,False,,,,,
hebverb_316,חלץ,pi'el,DA_RIVEDERE: rescue,target,בעבר · אתן,חילצתן,חילצתן,False,,,,,
hebverb_316,חלץ,pi'el,DA_RIVEDERE: rescue,target,בעבר · הם,חלצו,חלצו,False,,,,,
hebverb_316,חלץ,pi'el,DA_RIVEDERE: rescue,target,בעבר · הם,חילצו,חילצו,False,,,,,
hebverb_316,חלץ,pi'el,DA_RIVEDERE: rescue,target,בעבר · הן,חלצו,חלצו,False,,,,,
hebverb_316,חלץ,pi'el,DA_RIVEDERE: rescue,target,בעבר · הן,חילצו,חילצו,False,,,,,
hebverb_316,חלץ,pi'el,DA_RIVEDERE: rescue,target,בעתיד · אני,אחלץ,אחלץ,True,1.133953118,690.0024999999999,0.8,520.2258064516129,0.9090909090909091
hebverb_316,חלץ,pi'el,DA_RIVEDERE: rescue,target,בעתיד · אתה,תחלץ,תחלץ,False,,,,,
hebverb_316,חלץ,pi'el,DA_RIVEDERE: rescue,target,בעתיד · את,תחלצי,תחלצי,False,,,,,
hebverb_316,חלץ,pi'el,DA_RIVEDERE: rescue,target,בעתיד · הוא,יחלץ,יחלץ,False,,,,,
hebverb_316,חלץ,pi'el,DA_RIVEDERE: rescue,target,בעתיד · היא,תחלץ,תחלץ,False,,,,,
hebverb_316,חלץ,pi'el,DA_RIVEDERE: rescue,target,בעתיד · אנחנו,נחלץ,נחלץ,False,,,,,
hebverb_316,חלץ,pi'el,DA_RIVEDERE: rescue,target,בעתיד · אתם,תחלצו,תחלצו,False,,,,,
hebverb_316,חלץ,pi'el,DA_RIVEDERE: rescue,target,בעתיד · אתן,תחלצנה,תחלצנה,False,,,,,
hebverb_316,חלץ,pi'el,DA_RIVEDERE: rescue,target,בעתיד · הם,יחלצו,יחלצו,False,,,,,
hebverb_316,חלץ,pi'el,DA_RIVEDERE: rescue,target,בעתיד · הן,תחלצנה,תחלצנה,False,,,,,
hebverb_317,לכד,pa'al,DA_RIVEDERE: trap,infinitive,infinitive,ללכד,ללכד,False,,,,,
hebverb_317,לכד,pa'al,DA_RIVEDERE: trap,present_1,present_1,לוכד,לוכד,False,,,,,
hebverb_317,לכד,pa'al,DA_RIVEDERE: trap,present_2,present_2,לוכדת,לוכדת,False,,,,,
hebverb_317,לכד,pa'al,DA_RIVEDERE: trap,present_3,present_3,לוכדים,לוכדים,False,,,,,
hebverb_317,לכד,pa'al,DA_RIVEDERE: trap,present_4,present_4,לוכדות,לוכדות,False,,,,,
hebverb_317,לכד,pa'al,DA_RIVEDERE: trap,target,בעבר · אני,לכדתי,לכדתי,False,,,,,
hebverb_317,לכד,pa'al,DA_RIVEDERE: trap,target,בעבר · אתה,לכדת,לכדת,False,,,,,
hebverb_317,לכד,pa'al,DA_RIVEDERE: trap,target,בעבר · את,לכדת,לכדת,False,,,,,
hebverb_317,לכד,pa'al,DA_RIVEDERE: trap,target,בעבר · הוא,לכד,לכד,True,2.504399132,612.7097560975609,0.7560975609756098,481.18918918918916,0.825
hebverb_317,לכד,pa'al,DA_RIVEDERE: trap,target,בעבר · היא,לכדה,לכדה,False,,,,,
hebverb_317,לכד,pa'al,DA_RIVEDERE: trap,target,בעבר · אנחנו,לכדנו,לכדנו,False,,,,,
hebverb_317,לכד,pa'al,DA_RIVEDERE: trap,target,בעבר · אתם,לכדתם,לכדתם,False,,,,,
hebverb_317,לכד,pa'al,DA_RIVEDERE: trap,target,בעבר · אתן,לכדתן,לכדתן,False,,,,,
hebverb_317,לכד,pa'al,DA_RIVEDERE: trap,target,בעבר · הם,לכדו,לכדו,False,,,,,
hebverb_317,לכד,pa'al,DA_RIVEDERE: trap,target,בעבר · הן,לכדו,לכדו,False,,,,,
hebverb_317,לכד,pa'al,DA_RIVEDERE: trap,target,בעתיד · אני,אלכד,אלכד,False,,,,,
hebverb_317,לכד,pa'al,DA_RIVEDERE: trap,target,בעתיד · אני,אלכוד,אלכוד,False,,,,,
hebverb_317,לכד,pa'al,DA_RIVEDERE: trap,target,בעתיד · אתה,תלכד,תלכד,False,,,,,
hebverb_317,לכד,pa'al,DA_RIVEDERE: trap,target,בעתיד · אתה,תלכוד,תלכוד,False,,,,,
hebverb_317,לכד,pa'al,DA_RIVEDERE: trap,target,בעתיד · את,תלכדי,תלכדי,False,,,,,
hebverb_317,לכד,pa'al,DA_RIVEDERE: trap,target,בעתיד · הוא,ילכד,ילכד,False,,,,,
hebverb_317,לכד,pa'al,DA_RIVEDERE: trap,target,בעתיד · הוא,ילכוד,ילכוד,False,,,,,
hebverb_317,לכד,pa'al,DA_RIVEDERE: trap,target,בעתיד · היא,תלכד,תלכד,False,,,,,
hebverb_317,לכד,pa'al,DA_RIVEDERE: trap,target,בעתיד · היא,תלכוד,תלכוד,False,,,,,
hebverb_317,לכד,pa'al,DA_RIVEDERE: trap,target,בעתיד · אנחנו,נלכד,נלכד,False,,,,,
hebverb_317,לכד,pa'al,DA_RIVEDERE: trap,target,בעתיד · אנחנו,נלכוד,נלכוד,False,,,,,
hebverb_317,לכד,pa'al,DA_RIVEDERE: trap,target,בעתיד · אתם,תלכדו,תלכדו,False,,,,,
hebverb_317,לכד,pa'al,DA_RIVEDERE: trap,target,בעתיד · אתן,תלכדנה,תלכדנה,False,,,,,
hebverb_317,לכד,pa'al,DA_RIVEDERE: trap,target,בעתיד · אתן,תלכודנה,תלכודנה,False,,,,,
hebverb_317,לכד,pa'al,DA_RIVEDERE: trap,target,בעתיד · הם,ילכדו,ילכדו,False,,,,,
hebverb_317,לכד,pa'al,DA_RIVEDERE: trap,target,בעתיד · הן,תלכדנה,תלכדנה,False,,,,,
hebverb_317,לכד,pa'al,DA_RIVEDERE: trap,target,בעתיד · הן,תלכודנה,תלכודנה,False,,,,,
hebverb_318,בצע,pi'el,apparire / esibirsi,infinitive,infinitive,לבצע,לבצע,False,,,,,
hebverb_318,בצע,pi'el,apparire / esibirsi,present_1,present_1,מבצע,מבצע,False,,,,,
hebverb_318,בצע,pi'el,apparire / esibirsi,present_2,present_2,מבצעת,מבצעת,False,,,,,
hebverb_318,בצע,pi'el,apparire / esibirsi,present_3,present_3,מבצעים,מבצעים,False,,,,,
hebverb_318,בצע,pi'el,apparire / esibirsi,present_4,present_4,מבצעות,מבצעות,False,,,,,
hebverb_318,בצע,pi'el,apparire / esibirsi,target,בעבר · אני,ביצעתי,ביצעתי,False,,,,,
hebverb_318,בצע,pi'el,apparire / esibirsi,target,בעבר · אני,בצעתי,בצעתי,False,,,,,
hebverb_318,בצע,pi'el,apparire / esibirsi,target,בעבר · אתה,ביצעת,ביצעת,False,,,,,
hebverb_318,בצע,pi'el,apparire / esibirsi,target,בעבר · אתה,בצעת,בצעת,False,,,,,
hebverb_318,בצע,pi'el,apparire / esibirsi,target,בעבר · את,ביצעת,ביצעת,False,,,,,
hebverb_318,בצע,pi'el,apparire / esibirsi,target,בעבר · את,בצעת,בצעת,False,,,,,
hebverb_318,בצע,pi'el,apparire / esibirsi,target,בעבר · הוא,ביצע,ביצע,True,17.69451977,593.6257142857144,0.8571428571428571,480.61764705882354,1.0
hebverb_318,בצע,pi'el,apparire / esibirsi,target,בעבר · הוא,בצע,בצע,False,,,,,
hebverb_318,בצע,pi'el,apparire / esibirsi,target,בעבר · היא,ביצעה,ביצעה,False,,,,,
hebverb_318,בצע,pi'el,apparire / esibirsi,target,בעבר · היא,בצעה,בצעה,False,,,,,
hebverb_318,בצע,pi'el,apparire / esibirsi,target,בעבר · אנחנו,ביצענו,ביצענו,False,,,,,
hebverb_318,בצע,pi'el,apparire / esibirsi,target,בעבר · אנחנו,בצענו,בצענו,False,,,,,
hebverb_318,בצע,pi'el,apparire / esibirsi,target,בעבר · אתם,ביצעתם,ביצעתם,False,,,,,
hebverb_318,בצע,pi'el,apparire / esibirsi,target,בעבר · אתם,בצעתם,בצעתם,False,,,,,
hebverb_318,בצע,pi'el,apparire / esibirsi,target,בעבר · אתן,ביצעתן,ביצעתן,False,,,,,
hebverb_318,בצע,pi'el,apparire / esibirsi,target,בעבר · אתן,בצעתן,בצעתן,False,,,,,
hebverb_318,בצע,pi'el,apparire / esibirsi,target,בעבר · הם,ביצעו,ביצעו,False,,,,,
hebverb_318,בצע,pi'el,apparire / esibirsi,target,בעבר · הם,בצעו,בצעו,False,,,,,
hebverb_318,בצע,pi'el,apparire / esibirsi,target,בעבר · הן,ביצעו,ביצעו,False,,,,,
hebverb_318,בצע,pi'el,apparire / esibirsi,target,בעבר · הן,בצעו,בצעו,False,,,,,
hebverb_318,בצע,pi'el,apparire / esibirsi,target,בעתיד · אני,אבצע,אבצע,False,,,,,
hebverb_318,בצע,pi'el,apparire / esibirsi,target,בעתיד · אתה,תבצע,תבצע,False,,,,,
hebverb_318,בצע,pi'el,apparire / esibirsi,target,בעתיד · את,תבצעי,תבצעי,False,,,,,
hebverb_318,בצע,pi'el,apparire / esibirsi,target,בעתיד · הוא,יבצע,יבצע,False,,,,,
hebverb_318,בצע,pi'el,apparire / esibirsi,target,בעתיד · היא,תבצע,תבצע,False,,,,,
hebverb_318,בצע,pi'el,apparire / esibirsi,target,בעתיד · אנחנו,נבצע,נבצע,False,,,,,
hebverb_318,בצע,pi'el,apparire / esibirsi,target,בעתיד · אתם,תבצעו,תבצעו,True,1.449276979,597.645,0.7560975609756098,470.2857142857143,0.9459459459459459
hebverb_318,בצע,pi'el,apparire / esibirsi,target,בעתיד · אתן,תבצענה,תבצענה,False,,,,,
hebverb_318,בצע,pi'el,apparire / esibirsi,target,בעתיד · הם,יבצעו,יבצעו,False,,,,,
hebverb_318,בצע,pi'el,apparire / esibirsi,target,בעתיד · הן,תבצענה,תבצענה,False,,,,,
hebverb_319,עלף,hitpa'el,DA_RIVEDERE: faint,infinitive,infinitive,להתעלף,להתעלף,True,3.480690319,575.7277777777778,0.9166666666666666,446.55555555555554,0.9743589743589743
hebverb_319,עלף,hitpa'el,DA_RIVEDERE: faint,present_1,present_1,מתעלף,מתעלף,False,,,,,
hebverb_319,עלף,hitpa'el,DA_RIVEDERE: faint,present_2,present_2,מתעלפת,מתעלפת,False,,,,,
hebverb_319,עלף,hitpa'el,DA_RIVEDERE: faint,present_3,present_3,מתעלפים,מתעלפים,False,,,,,
hebverb_319,עלף,hitpa'el,DA_RIVEDERE: faint,present_4,present_4,מתעלפות,מתעלפות,False,,,,,
hebverb_319,עלף,hitpa'el,DA_RIVEDERE: faint,target,בעבר · אני,התעלפתי,התעלפתי,False,,,,,
hebverb_319,עלף,hitpa'el,DA_RIVEDERE: faint,target,בעבר · אתה,התעלפת,התעלפת,False,,,,,
hebverb_319,עלף,hitpa'el,DA_RIVEDERE: faint,target,בעבר · את,התעלפת,התעלפת,False,,,,,
hebverb_319,עלף,hitpa'el,DA_RIVEDERE: faint,target,בעבר · הוא,התעלף,התעלף,False,,,,,
hebverb_319,עלף,hitpa'el,DA_RIVEDERE: faint,target,בעבר · היא,התעלפה,התעלפה,False,,,,,
hebverb_319,עלף,hitpa'el,DA_RIVEDERE: faint,target,בעבר · אנחנו,התעלפנו,התעלפנו,False,,,,,
hebverb_319,עלף,hitpa'el,DA_RIVEDERE: faint,target,בעבר · אתם,התעלפתם,התעלפתם,False,,,,,
hebverb_319,עלף,hitpa'el,DA_RIVEDERE: faint,target,בעבר · אתן,התעלפתן,התעלפתן,False,,,,,
hebverb_319,עלף,hitpa'el,DA_RIVEDERE: faint,target,בעבר · הם,התעלפו,התעלפו,False,,,,,
hebverb_319,עלף,hitpa'el,DA_RIVEDERE: faint,target,בעבר · הן,התעלפו,התעלפו,False,,,,,
hebverb_319,עלף,hitpa'el,DA_RIVEDERE: faint,target,בעתיד · אני,אתעלף,אתעלף,False,,,,,
hebverb_319,עלף,hitpa'el,DA_RIVEDERE: faint,target,בעתיד · אתה,תתעלף,תתעלף,False,,,,,
hebverb_319,עלף,hitpa'el,DA_RIVEDERE: faint,target,בעתיד · את,תתעלפי,תתעלפי,False,,,,,
hebverb_319,עלף,hitpa'el,DA_RIVEDERE: faint,target,בעתיד · הוא,יתעלף,יתעלף,False,,,,,
hebverb_319,עלף,hitpa'el,DA_RIVEDERE: faint,target,בעתיד · היא,תתעלף,תתעלף,False,,,,,
hebverb_319,עלף,hitpa'el,DA_RIVEDERE: faint,target,בעתיד · אנחנו,נתעלף,נתעלף,False,,,,,
hebverb_319,עלף,hitpa'el,DA_RIVEDERE: faint,target,בעתיד · אתם,תתעלפו,תתעלפו,False,,,,,
hebverb_319,עלף,hitpa'el,DA_RIVEDERE: faint,target,בעתיד · אתן,תתעלפנה,תתעלפנה,False,,,,,
hebverb_319,עלף,hitpa'el,DA_RIVEDERE: faint,target,בעתיד · הם,יתעלפו,יתעלפו,False,,,,,
hebverb_319,עלף,hitpa'el,DA_RIVEDERE: faint,target,בעתיד · הן,תתעלפנה,תתעלפנה,False,,,,,
hebverb_320,חשמל,hitpa'el,DA_RIVEDERE: get electrocuted,infinitive,infinitive,להתחשמל,להתחשמל,False,,,,,
hebverb_320,חשמל,hitpa'el,DA_RIVEDERE: get electrocuted,present_1,present_1,מתחשמל,מתחשמל,False,,,,,
hebverb_320,חשמל,hitpa'el,DA_RIVEDERE: get electrocuted,present_2,present_2,מתחשמלת,מתחשמלת,False,,,,,
hebverb_320,חשמל,hitpa'el,DA_RIVEDERE: get electrocuted,present_3,present_3,מתחשמלים,מתחשמלים,False,,,,,
hebverb_320,חשמל,hitpa'el,DA_RIVEDERE: get electrocuted,present_4,present_4,מתחשמלות,מתחשמלות,False,,,,,
hebverb_320,חשמל,hitpa'el,DA_RIVEDERE: get electrocuted,target,בעבר · אני,התחשמלתי,התחשמלתי,False,,,,,
hebverb_320,חשמל,hitpa'el,DA_RIVEDERE: get electrocuted,target,בעבר · אתה,התחשמלת,התחשמלת,False,,,,,
hebverb_320,חשמל,hitpa'el,DA_RIVEDERE: get electrocuted,target,בעבר · את,התחשמלת,התחשמלת,False,,,,,
hebverb_320,חשמל,hitpa'el,DA_RIVEDERE: get electrocuted,target,בעבר · הוא,התחשמל,התחשמל,False,,,,,
hebverb_320,חשמל,hitpa'el,DA_RIVEDERE: get electrocuted,target,בעבר · היא,התחשמלה,התחשמלה,False,,,,,
hebverb_320,חשמל,hitpa'el,DA_RIVEDERE: get electrocuted,target,בעבר · אנחנו,התחשמלנו,התחשמלנו,False,,,,,
hebverb_320,חשמל,hitpa'el,DA_RIVEDERE: get electrocuted,target,בעבר · אתם,התחשמלתם,התחשמלתם,False,,,,,
hebverb_320,חשמל,hitpa'el,DA_RIVEDERE: get electrocuted,target,בעבר · אתן,התחשמלתן,התחשמלתן,False,,,,,
hebverb_320,חשמל,hitpa'el,DA_RIVEDERE: get electrocuted,target,בעבר · הם,התחשמלו,התחשמלו,False,,,,,
hebverb_320,חשמל,hitpa'el,DA_RIVEDERE: get electrocuted,target,בעבר · הן,התחשמלו,התחשמלו,False,,,,,
hebverb_320,חשמל,hitpa'el,DA_RIVEDERE: get electrocuted,target,בעתיד · אני,אתחשמל,אתחשמל,False,,,,,
hebverb_320,חשמל,hitpa'el,DA_RIVEDERE: get electrocuted,target,בעתיד · אתה,תתחשמל,תתחשמל,False,,,,,
hebverb_320,חשמל,hitpa'el,DA_RIVEDERE: get electrocuted,target,בעתיד · את,תתחשמלי,תתחשמלי,False,,,,,
hebverb_320,חשמל,hitpa'el,DA_RIVEDERE: get electrocuted,target,בעתיד · הוא,יתחשמל,יתחשמל,False,,,,,
hebverb_320,חשמל,hitpa'el,DA_RIVEDERE: get electrocuted,target,בעתיד · היא,תתחשמל,תתחשמל,False,,,,,
hebverb_320,חשמל,hitpa'el,DA_RIVEDERE: get electrocuted,target,בעתיד · אנחנו,נתחשמל,נתחשמל,False,,,,,
hebverb_320,חשמל,hitpa'el,DA_RIVEDERE: get electrocuted,target,בעתיד · אתם,תתחשמלו,תתחשמלו,False,,,,,
hebverb_320,חשמל,hitpa'el,DA_RIVEDERE: get electrocuted,target,בעתיד · אתן,תתחשמלנה,תתחשמלנה,False,,,,,
hebverb_320,חשמל,hitpa'el,DA_RIVEDERE: get electrocuted,target,בעתיד · הם,יתחשמלו,יתחשמלו,False,,,,,
hebverb_320,חשמל,hitpa'el,DA_RIVEDERE: get electrocuted,target,בעתיד · הן,תתחשמלנה,תתחשמלנה,False,,,,,
hebverb_321,טבע,pa'al,DA_RIVEDERE: drown,infinitive,infinitive,לטבוע,לטבוע,False,,,,,
hebverb_321,טבע,pa'al,DA_RIVEDERE: drown,present_1,present_1,טובע,טובע,True,4.529748551,579.0216216216216,0.7368421052631579,467.7352941176471,1.0
hebverb_321,טבע,pa'al,DA_RIVEDERE: drown,present_2,present_2,טובעת,טובעת,False,,,,,
hebverb_321,טבע,pa'al,DA_RIVEDERE: drown,present_3,present_3,טובעים,טובעים,False,,,,,
hebverb_321,טבע,pa'al,DA_RIVEDERE: drown,present_4,present_4,טובעות,טובעות,False,,,,,
hebverb_321,טבע,pa'al,DA_RIVEDERE: drown,target,בעבר · אני,טבעתי,טבעתי,True,1.182464481,579.7947368157895,0.9210526315789473,,
hebverb_321,טבע,pa'al,DA_RIVEDERE: drown,target,בעבר · אתה,טבעת,טבעת,True,39.59133639,555.6285714285714,0.9428571428571428,452.6470588235294,1.0
hebverb_321,טבע,pa'al,DA_RIVEDERE: drown,target,בעבר · את,טבעת,טבעת,True,39.59133639,555.6285714285714,0.9428571428571428,452.6470588235294,1.0
hebverb_321,טבע,pa'al,DA_RIVEDERE: drown,target,בעבר · הוא,טבע,טבע,False,,,,,
hebverb_321,טבע,pa'al,DA_RIVEDERE: drown,target,בעבר · היא,טבעה,טבעה,False,,,,,
hebverb_321,טבע,pa'al,DA_RIVEDERE: drown,target,בעבר · אנחנו,טבענו,טבענו,False,,,,,
hebverb_321,טבע,pa'al,DA_RIVEDERE: drown,target,בעבר · אתם,טבעתם,טבעתם,False,,,,,
hebverb_321,טבע,pa'al,DA_RIVEDERE: drown,target,בעבר · אתן,טבעתן,טבעתן,False,,,,,
hebverb_321,טבע,pa'al,DA_RIVEDERE: drown,target,בעבר · הם,טבעו,טבעו,False,,,,,
hebverb_321,טבע,pa'al,DA_RIVEDERE: drown,target,בעבר · הן,טבעו,טבעו,False,,,,,
hebverb_321,טבע,pa'al,DA_RIVEDERE: drown,target,בעתיד · אני,אטבע,אטבע,False,,,,,
hebverb_321,טבע,pa'al,DA_RIVEDERE: drown,target,בעתיד · אתה,תטבע,תטבע,False,,,,,
hebverb_321,טבע,pa'al,DA_RIVEDERE: drown,target,בעתיד · את,תטבעי,תטבעי,False,,,,,
hebverb_321,טבע,pa'al,DA_RIVEDERE: drown,target,בעתיד · הוא,יטבע,יטבע,False,,,,,
hebverb_321,טבע,pa'al,DA_RIVEDERE: drown,target,בעתיד · היא,תטבע,תטבע,False,,,,,
hebverb_321,טבע,pa'al,DA_RIVEDERE: drown,target,בעתיד · אנחנו,נטבע,נטבע,False,,,,,
hebverb_321,טבע,pa'al,DA_RIVEDERE: drown,target,בעתיד · אתם,תטבעו,תטבעו,False,,,,,
hebverb_321,טבע,pa'al,DA_RIVEDERE: drown,target,בעתיד · אתן,תטבענה,תטבענה,False,,,,,
hebverb_321,טבע,pa'al,DA_RIVEDERE: drown,target,בעתיד · הם,יטבעו,יטבעו,False,,,,,
hebverb_321,טבע,pa'al,DA_RIVEDERE: drown,target,בעתיד · הן,תטבענה,תטבענה,False,,,,,
hebverb_322,אבד,nif'al,DA_RIVEDERE: is lost,infinitive,infinitive,להאבד,להאבד,False,,,,,
hebverb_322,אבד,nif'al,DA_RIVEDERE: is lost,present_1,present_1,נאבד,נאבד,True,11.3152755,558.0583333333333,0.9722222222222222,458.125,0.9090909090909091
hebverb_322,אבד,nif'al,DA_RIVEDERE: is lost,present_2,present_2,נאבדת,נאבדת,False,,,,,
hebverb_322,אבד,nif'al,DA_RIVEDERE: is lost,present_3,present_3,נאבדים,נאבדים,False,,,,,
hebverb_322,אבד,nif'al,DA_RIVEDERE: is lost,present_4,present_4,נאבדות,נאבדות,False,,,,,
hebverb_322,אבד,nif'al,DA_RIVEDERE: is lost,target,בעבר · אני,נאבדתי,נאבדתי,False,,,,,
hebverb_322,אבד,nif'al,DA_RIVEDERE: is lost,target,בעבר · אתה,נאבדת,נאבדת,False,,,,,
hebverb_322,אבד,nif'al,DA_RIVEDERE: is lost,target,בעבר · את,נאבדת,נאבדת,False,,,,,
hebverb_322,אבד,nif'al,DA_RIVEDERE: is lost,target,בעבר · הוא,נאבד,נאבד,True,11.3152755,558.0583333333333,0.9722222222222222,458.125,0.9090909090909091
hebverb_322,אבד,nif'al,DA_RIVEDERE: is lost,target,בעבר · היא,נאבדה,נאבדה,False,,,,,
hebverb_322,אבד,nif'al,DA_RIVEDERE: is lost,target,בעבר · אנחנו,נאבדנו,נאבדנו,False,,,,,
hebverb_322,אבד,nif'al,DA_RIVEDERE: is lost,target,בעבר · אתם,נאבדתם,נאבדתם,False,,,,,
hebverb_322,אבד,nif'al,DA_RIVEDERE: is lost,target,בעבר · אתן,נאבדתן,נאבדתן,False,,,,,
hebverb_322,אבד,nif'al,DA_RIVEDERE: is lost,target,בעבר · הם,נאבדו,נאבדו,False,,,,,
hebverb_322,אבד,nif'al,DA_RIVEDERE: is lost,target,בעבר · הן,נאבדו,נאבדו,False,,,,,
hebverb_322,אבד,nif'al,DA_RIVEDERE: is lost,target,בעתיד · אני,אאבד,אאבד,False,,,,,
hebverb_322,אבד,nif'al,DA_RIVEDERE: is lost,target,בעתיד · אני,איאבד,איאבד,False,,,,,
hebverb_322,אבד,nif'al,DA_RIVEDERE: is lost,target,בעתיד · אתה,תאבד,תאבד,False,,,,,
hebverb_322,אבד,nif'al,DA_RIVEDERE: is lost,target,בעתיד · אתה,תיאבד,תיאבד,False,,,,,
hebverb_322,אבד,nif'al,DA_RIVEDERE: is lost,target,בעתיד · את,תאבדי,תאבדי,False,,,,,
hebverb_322,אבד,nif'al,DA_RIVEDERE: is lost,target,בעתיד · את,תיאבדי,תיאבדי,False,,,,,
hebverb_322,אבד,nif'al,DA_RIVEDERE: is lost,target,בעתיד · הוא,יאבד,יאבד,False,,,,,
hebverb_322,אבד,nif'al,DA_RIVEDERE: is lost,target,בעתיד · הוא,ייאבד,ייאבד,False,,,,,
hebverb_322,אבד,nif'al,DA_RIVEDERE: is lost,target,בעתיד · היא,תאבד,תאבד,False,,,,,
hebverb_322,אבד,nif'al,DA_RIVEDERE: is lost,target,בעתיד · היא,תיאבד,תיאבד,False,,,,,
hebverb_322,אבד,nif'al,DA_RIVEDERE: is lost,target,בעתיד · אנחנו,נאבד,נאבד,True,11.3152755,558.0583333333333,0.9722222222222222,458.125,0.9090909090909091
hebverb_322,אבד,nif'al,DA_RIVEDERE: is lost,target,בעתיד · אנחנו,ניאבד,ניאבד,False,,,,,
hebverb_322,אבד,nif'al,DA_RIVEDERE: is lost,target,בעתיד · אתם,תאבדו,תאבדו,False,,,,,
hebverb_322,אבד,nif'al,DA_RIVEDERE: is lost,target,בעתיד · אתם,תיאבדו,תיאבדו,False,,,,,
hebverb_322,אבד,nif'al,DA_RIVEDERE: is lost,target,בעתיד · אתן,"תאבדנה, תאבדנה","תאבדנה, תאבדנה",False,,,,,
hebverb_322,אבד,nif'al,DA_RIVEDERE: is lost,target,בעתיד · אתן,תיאבדנה,תיאבדנה,False,,,,,
hebverb_322,אבד,nif'al,DA_RIVEDERE: is lost,target,בעתיד · הם,יאבדו,יאבדו,False,,,,,
hebverb_322,אבד,nif'al,DA_RIVEDERE: is lost,target,בעתיד · הם,ייאבדו,ייאבדו,False,,,,,
hebverb_322,אבד,nif'al,DA_RIVEDERE: is lost,target,בעתיד · הן,"תאבדנה, תאבדנה","תאבדנה, תאבדנה",False,,,,,
hebverb_322,אבד,nif'al,DA_RIVEDERE: is lost,target,בעתיד · הן,תיאבדנה,תיאבדנה,False,,,,,
hebverb_323,אבד,pa'al,DA_RIVEDERE: lost,infinitive,infinitive,לאבוד,לאבוד,False,,,,,
hebverb_323,אבד,pa'al,DA_RIVEDERE: lost,present_1,present_1,אובד,אובד,False,,,,,
hebverb_323,אבד,pa'al,DA_RIVEDERE: lost,present_2,present_2,אובדת,אובדת,False,,,,,
hebverb_323,אבד,pa'al,DA_RIVEDERE: lost,present_3,present_3,אובדים,אובדים,False,,,,,
hebverb_323,אבד,pa'al,DA_RIVEDERE: lost,present_4,present_4,אובדות,אובדות,False,,,,,
hebverb_323,אבד,pa'al,DA_RIVEDERE: lost,target,בעבר · אני,אבדתי,אבדתי,False,,,,,
hebverb_323,אבד,pa'al,DA_RIVEDERE: lost,target,בעבר · אתה,אבדת,אבדת,True,1.819176125,598.4857142857143,0.8,493.60526315789474,0.9210526315789473
hebverb_323,אבד,pa'al,DA_RIVEDERE: lost,target,בעבר · את,אבדת,אבדת,True,1.819176125,598.4857142857143,0.8,493.60526315789474,0.9210526315789473
hebverb_323,אבד,pa'al,DA_RIVEDERE: lost,target,בעבר · הוא,אבד,אבד,True,9.017049658,561.4945945675676,0.8947368421052632,472.65625,1.0
hebverb_323,אבד,pa'al,DA_RIVEDERE: lost,target,בעבר · היא,אבדה,אבדה,False,,,,,
hebverb_323,אבד,pa'al,DA_RIVEDERE: lost,target,בעבר · אנחנו,אבדנו,אבדנו,True,1.934390613,629.5567567027026,0.8918918918918919,,
hebverb_323,אבד,pa'al,DA_RIVEDERE: lost,target,בעבר · אתם,אבדתם,אבדתם,False,,,,,
hebverb_323,אבד,pa'al,DA_RIVEDERE: lost,target,בעבר · אתן,אבדתן,אבדתן,False,,,,,
hebverb_323,אבד,pa'al,DA_RIVEDERE: lost,target,בעבר · הם,אבדו,אבדו,False,,,,,
hebverb_323,אבד,pa'al,DA_RIVEDERE: lost,target,בעבר · הן,אבדו,אבדו,False,,,,,
hebverb_323,אבד,pa'al,DA_RIVEDERE: lost,target,בעתיד · אני,אובד,אובד,False,,,,,
hebverb_323,אבד,pa'al,DA_RIVEDERE: lost,target,בעתיד · אני,אבד,אבד,True,9.017049658,561.4945945675676,0.8947368421052632,472.65625,1.0
hebverb_323,אבד,pa'al,DA_RIVEDERE: lost,target,בעתיד · אתה,תאבד,תאבד,False,,,,,
hebverb_323,אבד,pa'al,DA_RIVEDERE: lost,target,בעתיד · את,תאבדי,תאבדי,False,,,,,
hebverb_323,אבד,pa'al,DA_RIVEDERE: lost,target,בעתיד · הוא,יאבד,יאבד,False,,,,,
hebverb_323,אבד,pa'al,DA_RIVEDERE: lost,target,בעתיד · היא,תאבד,תאבד,False,,,,,
hebverb_323,אבד,pa'al,DA_RIVEDERE: lost,target,בעתיד · אנחנו,נאבד,נאבד,True,11.3152755,558.0583333333333,0.9722222222222222,458.125,0.9090909090909091
hebverb_323,אבד,pa'al,DA_RIVEDERE: lost,target,בעתיד · אתם,תאבדו,תאבדו,False,,,,,
hebverb_323,אבד,pa'al,DA_RIVEDERE: lost,target,בעתיד · אתן,תאבדנה,תאבדנה,False,,,,,
hebverb_323,אבד,pa'al,DA_RIVEDERE: lost,target,בעתיד · הם,יאבדו,יאבדו,False,,,,,
hebverb_323,אבד,pa'al,DA_RIVEDERE: lost,target,בעתיד · הן,תאבדנה,תאבדנה,False,,,,,
hebverb_324,יצב,hiph'il,"DA_RIVEDERE: set up, position",infinitive,infinitive,להציב,להציב,True,8.368210174,538.5358974102564,0.9230769230769231,,
hebverb_324,יצב,hiph'il,"DA_RIVEDERE: set up, position",present_1,present_1,מציב,מציב,False,,,,,
hebverb_324,יצב,hiph'il,"DA_RIVEDERE: set up, position",present_2,present_2,מציבה,מציבה,False,,,,,
hebverb_324,יצב,hiph'il,"DA_RIVEDERE: set up, position",present_3,present_3,מציבים,מציבים,False,,,,,
hebverb_324,יצב,hiph'il,"DA_RIVEDERE: set up, position",present_4,present_4,מציבות,מציבות,False,,,,,
hebverb_324,יצב,hiph'il,"DA_RIVEDERE: set up, position",target,בעבר · אני,הצבתי,הצבתי,True,1.904071011,602.1540540540541,0.8421052631578947,474.6666666666667,0.9428571428571428
hebverb_324,יצב,hiph'il,"DA_RIVEDERE: set up, position",target,בעבר · אתה,הצבת,הצבת,False,,,,,
hebverb_324,יצב,hiph'il,"DA_RIVEDERE: set up, position",target,בעבר · את,הצבת,הצבת,False,,,,,
hebverb_324,יצב,hiph'il,"DA_RIVEDERE: set up, position",target,בעבר · הוא,הציב,הציב,False,,,,,
hebverb_324,יצב,hiph'il,"DA_RIVEDERE: set up, position",target,בעבר · היא,הציבה,הציבה,False,,,,,
hebverb_324,יצב,hiph'il,"DA_RIVEDERE: set up, position",target,בעבר · אנחנו,הצבנו,הצבנו,False,,,,,
hebverb_324,יצב,hiph'il,"DA_RIVEDERE: set up, position",target,בעבר · אתם,הצבתם,הצבתם,False,,,,,
hebverb_324,יצב,hiph'il,"DA_RIVEDERE: set up, position",target,בעבר · אתן,הצבתן,הצבתן,False,,,,,
hebverb_324,יצב,hiph'il,"DA_RIVEDERE: set up, position",target,בעבר · הם,הציבו,הציבו,False,,,,,
hebverb_324,יצב,hiph'il,"DA_RIVEDERE: set up, position",target,בעבר · הן,הציבו,הציבו,False,,,,,
hebverb_324,יצב,hiph'il,"DA_RIVEDERE: set up, position",target,בעתיד · אני,אציב,אציב,False,,,,,
hebverb_324,יצב,hiph'il,"DA_RIVEDERE: set up, position",target,בעתיד · אתה,תציב,תציב,False,,,,,
hebverb_324,יצב,hiph'il,"DA_RIVEDERE: set up, position",target,בעתיד · את,תציבי,תציבי,False,,,,,
hebverb_324,יצב,hiph'il,"DA_RIVEDERE: set up, position",target,בעתיד · הוא,יציב,יציב,False,,,,,
hebverb_324,יצב,hiph'il,"DA_RIVEDERE: set up, position",target,בעתיד · היא,תציב,תציב,False,,,,,
hebverb_324,יצב,hiph'il,"DA_RIVEDERE: set up, position",target,בעתיד · אנחנו,נציב,נציב,False,,,,,
hebverb_324,יצב,hiph'il,"DA_RIVEDERE: set up, position",target,בעתיד · אתם,תציבו,תציבו,False,,,,,
hebverb_324,יצב,hiph'il,"DA_RIVEDERE: set up, position",target,בעתיד · אתן,תצבנה,תצבנה,False,,,,,
hebverb_324,יצב,hiph'il,"DA_RIVEDERE: set up, position",target,בעתיד · הם,יציבו,יציבו,False,,,,,
hebverb_324,יצב,hiph'il,"DA_RIVEDERE: set up, position",target,בעתיד · הן,תצבנה,תצבנה,False,,,,,
hebverb_325,תקף,pa'al,DA_RIVEDERE: attack,infinitive,infinitive,לתקף,לתקף,False,,,,,
hebverb_325,תקף,pa'al,DA_RIVEDERE: attack,present_1,present_1,תוקף,תוקף,False,,,,,
hebverb_325,תקף,pa'al,DA_RIVEDERE: attack,present_2,present_2,תוקפת,תוקפת,False,,,,,
hebverb_325,תקף,pa'al,DA_RIVEDERE: attack,present_3,present_3,תוקפים,תוקפים,False,,,,,
hebverb_325,תקף,pa'al,DA_RIVEDERE: attack,present_4,present_4,תוקפות,תוקפות,False,,,,,
hebverb_325,תקף,pa'al,DA_RIVEDERE: attack,target,בעבר · אני,תקפתי,תקפתי,True,1.346190332,609.0055555,0.918918918918919,,
hebverb_325,תקף,pa'al,DA_RIVEDERE: attack,target,בעבר · אתה,תקפת,תקפת,False,,,,,
hebverb_325,תקף,pa'al,DA_RIVEDERE: attack,target,בעבר · את,תקפת,תקפת,False,,,,,
hebverb_325,תקף,pa'al,DA_RIVEDERE: attack,target,בעבר · הוא,תקף,תקף,True,24.05557229,569.7057142857143,0.9714285714285714,,
hebverb_325,תקף,pa'al,DA_RIVEDERE: attack,target,בעבר · היא,תקפה,תקפה,True,6.658184616,559.1052631052631,0.868421052631579,,
hebverb_325,תקף,pa'al,DA_RIVEDERE: attack,target,בעבר · אנחנו,תקפנו,תקפנו,False,,,,,
hebverb_325,תקף,pa'al,DA_RIVEDERE: attack,target,בעבר · אתם,תקפתם,תקפתם,False,,,,,
hebverb_325,תקף,pa'al,DA_RIVEDERE: attack,target,בעבר · אתן,תקפתן,תקפתן,False,,,,,
hebverb_325,תקף,pa'al,DA_RIVEDERE: attack,target,בעבר · הם,תקפו,תקפו,False,,,,,
hebverb_325,תקף,pa'al,DA_RIVEDERE: attack,target,בעבר · הן,תקפו,תקפו,False,,,,,
hebverb_325,תקף,pa'al,DA_RIVEDERE: attack,target,בעתיד · אני,אתקף,אתקף,False,,,,,
hebverb_325,תקף,pa'al,DA_RIVEDERE: attack,target,בעתיד · אני,אתקוף,אתקוף,False,,,,,
hebverb_325,תקף,pa'al,DA_RIVEDERE: attack,target,בעתיד · אתה,תתקף,תתקף,False,,,,,
hebverb_325,תקף,pa'al,DA_RIVEDERE: attack,target,בעתיד · אתה,תתקוף,תתקוף,False,,,,,
hebverb_325,תקף,pa'al,DA_RIVEDERE: attack,target,בעתיד · את,תתקפי,תתקפי,False,,,,,
hebverb_325,תקף,pa'al,DA_RIVEDERE: attack,target,בעתיד · הוא,יתקף,יתקף,False,,,,,
hebverb_325,תקף,pa'al,DA_RIVEDERE: attack,target,בעתיד · הוא,יתקוף,יתקוף,True,4.129529803,616.7210526578947,0.9210526315789473,,
hebverb_325,תקף,pa'al,DA_RIVEDERE: attack,target,בעתיד · היא,תתקף,תתקף,False,,,,,
hebverb_325,תקף,pa'al,DA_RIVEDERE: attack,target,בעתיד · היא,תתקוף,תתקוף,False,,,,,
hebverb_325,תקף,pa'al,DA_RIVEDERE: attack,target,בעתיד · אנחנו,נתקף,נתקף,False,,,,,
hebverb_325,תקף,pa'al,DA_RIVEDERE: attack,target,בעתיד · אנחנו,נתקוף,נתקוף,False,,,,,
hebverb_325,תקף,pa'al,DA_RIVEDERE: attack,target,בעתיד · אתם,תתקפו,תתקפו,False,,,,,
hebverb_325,תקף,pa'al,DA_RIVEDERE: attack,target,בעתיד · אתן,תתקפנה,תתקפנה,False,,,,,
hebverb_325,תקף,pa'al,DA_RIVEDERE: attack,target,בעתיד · אתן,תתקופנה,תתקופנה,False,,,,,
hebverb_325,תקף,pa'al,DA_RIVEDERE: attack,target,בעתיד · הם,יתקפו,יתקפו,True,3.911228668,619.8756756756757,0.8648648648648649,,
hebverb_325,תקף,pa'al,DA_RIVEDERE: attack,target,בעתיד · הן,תתקפנה,תתקפנה,False,,,,,
hebverb_325,תקף,pa'al,DA_RIVEDERE: attack,target,בעתיד · הן,תתקופנה,תתקופנה,False,,,,,
hebverb_326,רשם,nif'al,DA_RIVEDERE: is recorded,infinitive,infinitive,להרשם,להרשם,False,,,,,
hebverb_326,רשם,nif'al,DA_RIVEDERE: is recorded,present_1,present_1,נרשם,נרשם,False,,,,,
hebverb_326,רשם,nif'al,DA_RIVEDERE: is recorded,present_2,present_2,נרשמת,נרשמת,False,,,,,
hebverb_326,רשם,nif'al,DA_RIVEDERE: is recorded,present_3,present_3,נרשמים,נרשמים,False,,,,,
hebverb_326,רשם,nif'al,DA_RIVEDERE: is recorded,present_4,present_4,נרשמות,נרשמות,False,,,,,
hebverb_326,רשם,nif'al,DA_RIVEDERE: is recorded,target,בעבר · אני,נרשמתי,נרשמתי,False,,,,,
hebverb_326,רשם,nif'al,DA_RIVEDERE: is recorded,target,בעבר · אתה,נרשמת,נרשמת,False,,,,,
hebverb_326,רשם,nif'al,DA_RIVEDERE: is recorded,target,בעבר · את,נרשמת,נרשמת,False,,,,,
hebverb_326,רשם,nif'al,DA_RIVEDERE: is recorded,target,בעבר · הוא,נרשם,נרשם,False,,,,,
hebverb_326,רשם,nif'al,DA_RIVEDERE: is recorded,target,בעבר · היא,נרשמה,נרשמה,False,,,,,
hebverb_326,רשם,nif'al,DA_RIVEDERE: is recorded,target,בעבר · אנחנו,נרשמנו,נרשמנו,False,,,,,
hebverb_326,רשם,nif'al,DA_RIVEDERE: is recorded,target,בעבר · אתם,נרשמתם,נרשמתם,False,,,,,
hebverb_326,רשם,nif'al,DA_RIVEDERE: is recorded,target,בעבר · אתן,נרשמתן,נרשמתן,False,,,,,
hebverb_326,רשם,nif'al,DA_RIVEDERE: is recorded,target,בעבר · הם,נרשמו,נרשמו,False,,,,,
hebverb_326,רשם,nif'al,DA_RIVEDERE: is recorded,target,בעבר · הן,נרשמו,נרשמו,False,,,,,
hebverb_326,רשם,nif'al,DA_RIVEDERE: is recorded,target,בעתיד · אני,ארשם,ארשם,False,,,,,
hebverb_326,רשם,nif'al,DA_RIVEDERE: is recorded,target,בעתיד · אני,אירשם,אירשם,False,,,,,
hebverb_326,רשם,nif'al,DA_RIVEDERE: is recorded,target,בעתיד · אתה,תרשם,תרשם,False,,,,,
hebverb_326,רשם,nif'al,DA_RIVEDERE: is recorded,target,בעתיד · אתה,תירשם,תירשם,False,,,,,
hebverb_326,רשם,nif'al,DA_RIVEDERE: is recorded,target,בעתיד · את,תרשמי,תרשמי,False,,,,,
hebverb_326,רשם,nif'al,DA_RIVEDERE: is recorded,target,בעתיד · את,תירשמי,תירשמי,False,,,,,
hebverb_326,רשם,nif'al,DA_RIVEDERE: is recorded,target,בעתיד · הוא,ירשם,ירשם,False,,,,,
hebverb_326,רשם,nif'al,DA_RIVEDERE: is recorded,target,בעתיד · הוא,יירשם,יירשם,False,,,,,
hebverb_326,רשם,nif'al,DA_RIVEDERE: is recorded,target,בעתיד · היא,תרשם,תרשם,False,,,,,
hebverb_326,רשם,nif'al,DA_RIVEDERE: is recorded,target,בעתיד · היא,תירשם,תירשם,False,,,,,
hebverb_326,רשם,nif'al,DA_RIVEDERE: is recorded,target,בעתיד · אנחנו,נרשם,נרשם,False,,,,,
hebverb_326,רשם,nif'al,DA_RIVEDERE: is recorded,target,בעתיד · אנחנו,נירשם,נירשם,False,,,,,
hebverb_326,רשם,nif'al,DA_RIVEDERE: is recorded,target,בעתיד · אתם,תרשמו,תרשמו,False,,,,,
hebverb_326,רשם,nif'al,DA_RIVEDERE: is recorded,target,בעתיד · אתם,תירשמו,תירשמו,False,,,,,
hebverb_326,רשם,nif'al,DA_RIVEDERE: is recorded,target,בעתיד · אתן,"תרשמנה, תרשמנה","תרשמנה, תרשמנה",False,,,,,
hebverb_326,רשם,nif'al,DA_RIVEDERE: is recorded,target,בעתיד · אתן,תירשמנה,תירשמנה,False,,,,,
hebverb_326,רשם,nif'al,DA_RIVEDERE: is recorded,target,בעתיד · הם,ירשמו,ירשמו,False,,,,,
hebverb_326,רשם,nif'al,DA_RIVEDERE: is recorded,target,בעתיד · הם,יירשמו,יירשמו,False,,,,,
hebverb_326,רשם,nif'al,DA_RIVEDERE: is recorded,target,בעתיד · הן,"תרשמנה, תרשמנה","תרשמנה, תרשמנה",False,,,,,
hebverb_326,רשם,nif'al,DA_RIVEDERE: is recorded,target,בעתיד · הן,תירשמנה,תירשמנה,False,,,,,
hebverb_327,נגש,huf'al,DA_RIVEDERE: is filed,infinitive,infinitive,id_327,id_327,False,,,,,
hebverb_327,נגש,huf'al,DA_RIVEDERE: is filed,present_1,present_1,מגש,מגש,False,,,,,
hebverb_327,נגש,huf'al,DA_RIVEDERE: is filed,present_1,present_1,מוגש,מוגש,False,,,,,
hebverb_327,נגש,huf'al,DA_RIVEDERE: is filed,present_2,present_2,מגשת,מגשת,False,,,,,
hebverb_327,נגש,huf'al,DA_RIVEDERE: is filed,present_2,present_2,מוגשת,מוגשת,False,,,,,
hebverb_327,נגש,huf'al,DA_RIVEDERE: is filed,present_3,present_3,מגשים,מגשים,True,1.491724422,559.610000025,0.975,,
hebverb_327,נגש,huf'al,DA_RIVEDERE: is filed,present_3,present_3,מוגשים,מוגשים,False,,,,,
hebverb_327,נגש,huf'al,DA_RIVEDERE: is filed,present_4,present_4,מגשות,מגשות,False,,,,,
hebverb_327,נגש,huf'al,DA_RIVEDERE: is filed,present_4,present_4,מוגשות,מוגשות,False,,,,,
hebverb_327,נגש,huf'al,DA_RIVEDERE: is filed,target,בעבר · אני,הגשתי,הגשתי,False,,,,,
hebverb_327,נגש,huf'al,DA_RIVEDERE: is filed,target,בעבר · אני,הוגשתי,הוגשתי,False,,,,,
hebverb_327,נגש,huf'al,DA_RIVEDERE: is filed,target,בעבר · אתה,הגשת,הגשת,False,,,,,
hebverb_327,נגש,huf'al,DA_RIVEDERE: is filed,target,בעבר · אתה,הוגשת,הוגשת,False,,,,,
hebverb_327,נגש,huf'al,DA_RIVEDERE: is filed,target,בעבר · את,הגשת,הגשת,False,,,,,
hebverb_327,נגש,huf'al,DA_RIVEDERE: is filed,target,בעבר · את,הוגשת,הוגשת,False,,,,,
hebverb_327,נגש,huf'al,DA_RIVEDERE: is filed,target,בעבר · הוא,הגש,הגש,False,,,,,
hebverb_327,נגש,huf'al,DA_RIVEDERE: is filed,target,בעבר · הוא,הוגש,הוגש,False,,,,,
hebverb_327,נגש,huf'al,DA_RIVEDERE: is filed,target,בעבר · היא,הגשה,הגשה,False,,,,,
hebverb_327,נגש,huf'al,DA_RIVEDERE: is filed,target,בעבר · היא,הוגשה,הוגשה,False,,,,,
hebverb_327,נגש,huf'al,DA_RIVEDERE: is filed,target,בעבר · אנחנו,הגשנו,הגשנו,True,1.200656242,679.5828571428572,0.9714285714285714,461.3939393939394,0.9722222222222222
hebverb_327,נגש,huf'al,DA_RIVEDERE: is filed,target,בעבר · אנחנו,הוגשנו,הוגשנו,False,,,,,
hebverb_327,נגש,huf'al,DA_RIVEDERE: is filed,target,בעבר · אתם,הגשתם,הגשתם,False,,,,,
hebverb_327,נגש,huf'al,DA_RIVEDERE: is filed,target,בעבר · אתם,הוגשתם,הוגשתם,False,,,,,
hebverb_327,נגש,huf'al,DA_RIVEDERE: is filed,target,בעבר · אתן,הגשתן,הגשתן,False,,,,,
hebverb_327,נגש,huf'al,DA_RIVEDERE: is filed,target,בעבר · אתן,הוגשתן,הוגשתן,False,,,,,
hebverb_327,נגש,huf'al,DA_RIVEDERE: is filed,target,בעבר · הם,הגשו,הגשו,False,,,,,
hebverb_327,נגש,huf'al,DA_RIVEDERE: is filed,target,בעבר · הם,הוגשו,הוגשו,False,,,,,
hebverb_327,נגש,huf'al,DA_RIVEDERE: is filed,target,בעבר · הן,הגשו,הגשו,False,,,,,
hebverb_327,נגש,huf'al,DA_RIVEDERE: is filed,target,בעבר · הן,הוגשו,הוגשו,False,,,,,
hebverb_327,נגש,huf'al,DA_RIVEDERE: is filed,target,בעתיד · אני,אגש,אגש,False,,,,,
hebverb_327,נגש,huf'al,DA_RIVEDERE: is filed,target,בעתיד · אני,אוגש,אוגש,False,,,,,
hebverb_327,נגש,huf'al,DA_RIVEDERE: is filed,target,בעתיד · אתה,תגש,תגש,False,,,,,
hebverb_327,נגש,huf'al,DA_RIVEDERE: is filed,target,בעתיד · אתה,תוגש,תוגש,False,,,,,
hebverb_327,נגש,huf'al,DA_RIVEDERE: is filed,target,בעתיד · את,תגשי,תגשי,False,,,,,
hebverb_327,נגש,huf'al,DA_RIVEDERE: is filed,target,בעתיד · את,תוגשי,תוגשי,False,,,,,
hebverb_327,נגש,huf'al,DA_RIVEDERE: is filed,target,בעתיד · הוא,יגש,יגש,False,,,,,
hebverb_327,נגש,huf'al,DA_RIVEDERE: is filed,target,בעתיד · הוא,יוגש,יוגש,False,,,,,
hebverb_327,נגש,huf'al,DA_RIVEDERE: is filed,target,בעתיד · היא,תגש,תגש,False,,,,,
hebverb_327,נגש,huf'al,DA_RIVEDERE: is filed,target,בעתיד · היא,תוגש,תוגש,False,,,,,
hebverb_327,נגש,huf'al,DA_RIVEDERE: is filed,target,בעתיד · אנחנו,נגש,נגש,False,,,,,
hebverb_327,נגש,huf'al,DA_RIVEDERE: is filed,target,בעתיד · אנחנו,נוגש,נוגש,False,,,,,
hebverb_327,נגש,huf'al,DA_RIVEDERE: is filed,target,בעתיד · אתם,תגשו,תגשו,False,,,,,
hebverb_327,נגש,huf'al,DA_RIVEDERE: is filed,target,בעתיד · אתם,תוגשו,תוגשו,False,,,,,
hebverb_327,נגש,huf'al,DA_RIVEDERE: is filed,target,בעתיד · אתן,תגשנה,תגשנה,False,,,,,
hebverb_327,נגש,huf'al,DA_RIVEDERE: is filed,target,בעתיד · אתן,תוגשנה,תוגשנה,False,,,,,
hebverb_327,נגש,huf'al,DA_RIVEDERE: is filed,target,בעתיד · הם,יגשו,יגשו,False,,,,,
hebverb_327,נגש,huf'al,DA_RIVEDERE: is filed,target,בעתיד · הם,יוגשו,יוגשו,False,,,,,
hebverb_327,נגש,huf'al,DA_RIVEDERE: is filed,target,בעתיד · הן,תגשנה,תגשנה,False,,,,,
hebverb_327,נגש,huf'al,DA_RIVEDERE: is filed,target,בעתיד · הן,תוגשנה,תוגשנה,False,,,,,
hebverb_328,נוף,hiph'il,DA_RIVEDERE: raise a flag,infinitive,infinitive,להניף,להניף,False,,,,,
hebverb_328,נוף,hiph'il,DA_RIVEDERE: raise a flag,present_1,present_1,מניף,מניף,False,,,,,
hebverb_328,נוף,hiph'il,DA_RIVEDERE: raise a flag,present_2,present_2,מניפה,מניפה,False,,,,,
hebverb_328,נוף,hiph'il,DA_RIVEDERE: raise a flag,present_3,present_3,מניפים,מניפים,False,,,,,
hebverb_328,נוף,hiph'il,DA_RIVEDERE: raise a flag,present_4,present_4,מניפות,מניפות,False,,,,,
hebverb_328,נוף,hiph'il,DA_RIVEDERE: raise a flag,target,בעבר · אני,"הנפתי, הניפותי","הנפתי, הניפותי",False,,,,,
hebverb_328,נוף,hiph'il,DA_RIVEDERE: raise a flag,target,בעבר · אתה,"הנפת, הניפות","הנפת, הניפות",False,,,,,
hebverb_328,נוף,hiph'il,DA_RIVEDERE: raise a flag,target,בעבר · את,"הנפת, הניפות","הנפת, הניפות",False,,,,,
hebverb_328,נוף,hiph'il,DA_RIVEDERE: raise a flag,target,בעבר · הוא,הניף,הניף,False,,,,,
hebverb_328,נוף,hiph'il,DA_RIVEDERE: raise a flag,target,בעבר · היא,הניפה,הניפה,False,,,,,
hebverb_328,נוף,hiph'il,DA_RIVEDERE: raise a flag,target,בעבר · אנחנו,"הנפנו, הניפונו","הנפנו, הניפונו",False,,,,,
hebverb_328,נוף,hiph'il,DA_RIVEDERE: raise a flag,target,בעבר · אתם,"הנפתם, הניפותם","הנפתם, הניפותם",False,,,,,
hebverb_328,נוף,hiph'il,DA_RIVEDERE: raise a flag,target,בעבר · אתן,"הנפתן, הניפותן","הנפתן, הניפותן",False,,,,,
hebverb_328,נוף,hiph'il,DA_RIVEDERE: raise a flag,target,בעבר · הם,הניפו,הניפו,False,,,,,
hebverb_328,נוף,hiph'il,DA_RIVEDERE: raise a flag,target,בעבר · הן,הניפו,הניפו,False,,,,,
hebverb_328,נוף,hiph'il,DA_RIVEDERE: raise a flag,target,בעתיד · אני,אניף,אניף,False,,,,,
hebverb_328,נוף,hiph'il,DA_RIVEDERE: raise a flag,target,בעתיד · אתה,תניף,תניף,False,,,,,
hebverb_328,נוף,hiph'il,DA_RIVEDERE: raise a flag,target,בעתיד · את,תניפי,תניפי,False,,,,,
hebverb_328,נוף,hiph'il,DA_RIVEDERE: raise a flag,target,בעתיד · הוא,יניף,יניף,False,,,,,
hebverb_328,נוף,hiph'il,DA_RIVEDERE: raise a flag,target,בעתיד · היא,תניף,תניף,False,,,,,
hebverb_328,נוף,hiph'il,DA_RIVEDERE: raise a flag,target,בעתיד · אנחנו,נניף,נניף,False,,,,,
hebverb_328,נוף,hiph'il,DA_RIVEDERE: raise a flag,target,בעתיד · אתם,תניפו,תניפו,False,,,,,
hebverb_328,נוף,hiph'il,DA_RIVEDERE: raise a flag,target,בעתיד · אתן,תנפנה,תנפנה,False,,,,,
hebverb_328,נוף,hiph'il,DA_RIVEDERE: raise a flag,target,בעתיד · הם,יניפו,יניפו,False,,,,,
hebverb_328,נוף,hiph'il,DA_RIVEDERE: raise a flag,target,בעתיד · הן,תנפנה,תנפנה,False,,,,,
hebverb_329,חתם,nif'al,DA_RIVEDERE: is signed,infinitive,infinitive,להחתם,להחתם,False,,,,,
hebverb_329,חתם,nif'al,DA_RIVEDERE: is signed,present_1,present_1,"נחתם, נחתם","נחתם, נחתם",False,,,,,
hebverb_329,חתם,nif'al,DA_RIVEDERE: is signed,present_1,present_1,נחתם,נחתם,False,,,,,
hebverb_329,חתם,nif'al,DA_RIVEDERE: is signed,present_2,present_2,"נחתמת, נחתמת","נחתמת, נחתמת",False,,,,,
hebverb_329,חתם,nif'al,DA_RIVEDERE: is signed,present_2,present_2,נחתמת,נחתמת,False,,,,,
hebverb_329,חתם,nif'al,DA_RIVEDERE: is signed,present_3,present_3,"נחתמים, נחתמים","נחתמים, נחתמים",False,,,,,
hebverb_329,חתם,nif'al,DA_RIVEDERE: is signed,present_3,present_3,נחתמים,נחתמים,False,,,,,
hebverb_329,חתם,nif'al,DA_RIVEDERE: is signed,present_4,present_4,"נחתמות, נחתמות","נחתמות, נחתמות",False,,,,,
hebverb_329,חתם,nif'al,DA_RIVEDERE: is signed,present_4,present_4,נחתמות,נחתמות,False,,,,,
hebverb_329,חתם,nif'al,DA_RIVEDERE: is signed,target,בעבר · אני,"נחתמתי, נחתמתי","נחתמתי, נחתמתי",False,,,,,
hebverb_329,חתם,nif'al,DA_RIVEDERE: is signed,target,בעבר · אני,נחתמתי,נחתמתי,False,,,,,
hebverb_329,חתם,nif'al,DA_RIVEDERE: is signed,target,בעבר · אתה,"נחתמת, נחתמת","נחתמת, נחתמת",False,,,,,
hebverb_329,חתם,nif'al,DA_RIVEDERE: is signed,target,בעבר · אתה,נחתמת,נחתמת,False,,,,,
hebverb_329,חתם,nif'al,DA_RIVEDERE: is signed,target,בעבר · את,"נחתמת, נחתמת","נחתמת, נחתמת",False,,,,,
hebverb_329,חתם,nif'al,DA_RIVEDERE: is signed,target,בעבר · את,נחתמת,נחתמת,False,,,,,
hebverb_329,חתם,nif'al,DA_RIVEDERE: is signed,target,בעבר · הוא,"נחתם, נחתם","נחתם, נחתם",False,,,,,
hebverb_329,חתם,nif'al,DA_RIVEDERE: is signed,target,בעבר · הוא,נחתם,נחתם,False,,,,,
hebverb_329,חתם,nif'al,DA_RIVEDERE: is signed,target,בעבר · היא,"נחתמה, נחתמה","נחתמה, נחתמה",False,,,,,
hebverb_329,חתם,nif'al,DA_RIVEDERE: is signed,target,בעבר · היא,נחתמה,נחתמה,False,,,,,
hebverb_329,חתם,nif'al,DA_RIVEDERE: is signed,target,בעבר · אנחנו,"נחתמנו, נחתמנו","נחתמנו, נחתמנו",False,,,,,
hebverb_329,חתם,nif'al,DA_RIVEDERE: is signed,target,בעבר · אנחנו,נחתמנו,נחתמנו,False,,,,,
hebverb_329,חתם,nif'al,DA_RIVEDERE: is signed,target,בעבר · אתם,"נחתמתם, נחתמתם","נחתמתם, נחתמתם",False,,,,,
hebverb_329,חתם,nif'al,DA_RIVEDERE: is signed,target,בעבר · אתם,נחתמתם,נחתמתם,False,,,,,
hebverb_329,חתם,nif'al,DA_RIVEDERE: is signed,target,בעבר · אתן,"נחתמתן, נחתמתן","נחתמתן, נחתמתן",False,,,,,
hebverb_329,חתם,nif'al,DA_RIVEDERE: is signed,target,בעבר · אתן,נחתמתן,נחתמתן,False,,,,,
hebverb_329,חתם,nif'al,DA_RIVEDERE: is signed,target,בעבר · הם,"נחתמו, נחתמו","נחתמו, נחתמו",False,,,,,
hebverb_329,חתם,nif'al,DA_RIVEDERE: is signed,target,בעבר · הם,נחתמו,נחתמו,False,,,,,
hebverb_329,חתם,nif'al,DA_RIVEDERE: is signed,target,בעבר · הן,"נחתמו, נחתמו","נחתמו, נחתמו",False,,,,,
hebverb_329,חתם,nif'al,DA_RIVEDERE: is signed,target,בעבר · הן,נחתמו,נחתמו,False,,,,,
hebverb_329,חתם,nif'al,DA_RIVEDERE: is signed,target,בעתיד · אני,אחתם,אחתם,False,,,,,
hebverb_329,חתם,nif'al,DA_RIVEDERE: is signed,target,בעתיד · אני,איחתם,איחתם,False,,,,,
hebverb_329,חתם,nif'al,DA_RIVEDERE: is signed,target,בעתיד · אתה,תחתם,תחתם,False,,,,,
hebverb_329,חתם,nif'al,DA_RIVEDERE: is signed,target,בעתיד · אתה,תיחתם,תיחתם,False,,,,,
hebverb_329,חתם,nif'al,DA_RIVEDERE: is signed,target,בעתיד · את,תחתמי,תחתמי,False,,,,,
hebverb_329,חתם,nif'al,DA_RIVEDERE: is signed,target,בעתיד · את,תיחתמי,תיחתמי,False,,,,,
hebverb_329,חתם,nif'al,DA_RIVEDERE: is signed,target,בעתיד · הוא,יחתם,יחתם,False,,,,,
hebverb_329,חתם,nif'al,DA_RIVEDERE: is signed,target,בעתיד · הוא,ייחתם,ייחתם,False,,,,,
hebverb_329,חתם,nif'al,DA_RIVEDERE: is signed,target,בעתיד · היא,תחתם,תחתם,False,,,,,
hebverb_329,חתם,nif'al,DA_RIVEDERE: is signed,target,בעתיד · היא,תיחתם,תיחתם,False,,,,,
hebverb_329,חתם,nif'al,DA_RIVEDERE: is signed,target,בעתיד · אנחנו,נחתם,נחתם,False,,,,,
hebverb_329,חתם,nif'al,DA_RIVEDERE: is signed,target,בעתיד · אנחנו,ניחתם,ניחתם,False,,,,,
hebverb_329,חתם,nif'al,DA_RIVEDERE: is signed,target,בעתיד · אתם,תחתמו,תחתמו,False,,,,,
hebverb_329,חתם,nif'al,DA_RIVEDERE: is signed,target,בעתיד · אתם,תיחתמו,תיחתמו,False,,,,,
hebverb_329,חתם,nif'al,DA_RIVEDERE: is signed,target,בעתיד · אתן,"תחתמנה, תחתמנה","תחתמנה, תחתמנה",False,,,,,
hebverb_329,חתם,nif'al,DA_RIVEDERE: is signed,target,בעתיד · אתן,תיחתמנה,תיחתמנה,False,,,,,
hebverb_329,חתם,nif'al,DA_RIVEDERE: is signed,target,בעתיד · הם,יחתמו,יחתמו,False,,,,,
hebverb_329,חתם,nif'al,DA_RIVEDERE: is signed,target,בעתיד · הם,ייחתמו,ייחתמו,False,,,,,
hebverb_329,חתם,nif'al,DA_RIVEDERE: is signed,target,בעתיד · הן,"תחתמנה, תחתמנה","תחתמנה, תחתמנה",False,,,,,
hebverb_329,חתם,nif'al,DA_RIVEDERE: is signed,target,בעתיד · הן,תיחתמנה,תיחתמנה,False,,,,,
hebverb_330,מחק,nif'al,DA_RIVEDERE: is erased,infinitive,infinitive,להמחק,להמחק,False,,,,,
hebverb_330,מחק,nif'al,DA_RIVEDERE: is erased,present_1,present_1,נמחק,נמחק,False,,,,,
hebverb_330,מחק,nif'al,DA_RIVEDERE: is erased,present_2,present_2,נמחקת,נמחקת,False,,,,,
hebverb_330,מחק,nif'al,DA_RIVEDERE: is erased,present_3,present_3,נמחקים,נמחקים,False,,,,,
hebverb_330,מחק,nif'al,DA_RIVEDERE: is erased,present_4,present_4,נמחקות,נמחקות,False,,,,,
hebverb_330,מחק,nif'al,DA_RIVEDERE: is erased,target,בעבר · אני,נמחקתי,נמחקתי,False,,,,,
hebverb_330,מחק,nif'al,DA_RIVEDERE: is erased,target,בעבר · אתה,נמחקת,נמחקת,False,,,,,
hebverb_330,מחק,nif'al,DA_RIVEDERE: is erased,target,בעבר · את,נמחקת,נמחקת,False,,,,,
hebverb_330,מחק,nif'al,DA_RIVEDERE: is erased,target,בעבר · הוא,נמחק,נמחק,False,,,,,
hebverb_330,מחק,nif'al,DA_RIVEDERE: is erased,target,בעבר · היא,נמחקה,נמחקה,False,,,,,
hebverb_330,מחק,nif'al,DA_RIVEDERE: is erased,target,בעבר · אנחנו,נמחקנו,נמחקנו,False,,,,,
hebverb_330,מחק,nif'al,DA_RIVEDERE: is erased,target,בעבר · אתם,נמחקתם,נמחקתם,False,,,,,
hebverb_330,מחק,nif'al,DA_RIVEDERE: is erased,target,בעבר · אתן,נמחקתן,נמחקתן,False,,,,,
hebverb_330,מחק,nif'al,DA_RIVEDERE: is erased,target,בעבר · הם,נמחקו,נמחקו,True,2.437696007,581.0775,0.975,503.0,1.0
hebverb_330,מחק,nif'al,DA_RIVEDERE: is erased,target,בעבר · הן,נמחקו,נמחקו,True,2.437696007,581.0775,0.975,503.0,1.0
hebverb_330,מחק,nif'al,DA_RIVEDERE: is erased,target,בעתיד · אני,אמחק,אמחק,False,,,,,
hebverb_330,מחק,nif'al,DA_RIVEDERE: is erased,target,בעתיד · אתה,תמחק,תמחק,False,,,,,
hebverb_330,מחק,nif'al,DA_RIVEDERE: is erased,target,בעתיד · אתה,תימחק,תימחק,False,,,,,
hebverb_330,מחק,nif'al,DA_RIVEDERE: is erased,target,בעתיד · את,תמחקי,תמחקי,False,,,,,
hebverb_330,מחק,nif'al,DA_RIVEDERE: is erased,target,בעתיד · את,תימחקי,תימחקי,False,,,,,
hebverb_330,מחק,nif'al,DA_RIVEDERE: is erased,target,בעתיד · הוא,ימחק,ימחק,True,1.503852263,576.2810810810811,0.8918918918918919,,
hebverb_330,מחק,nif'al,DA_RIVEDERE: is erased,target,בעתיד · הוא,יימחק,יימחק,False,,,,,
hebverb_330,מחק,nif'al,DA_RIVEDERE: is erased,target,בעתיד · היא,תמחק,תמחק,False,,,,,
hebverb_330,מחק,nif'al,DA_RIVEDERE: is erased,target,בעתיד · היא,תימחק,תימחק,False,,,,,
hebverb_330,מחק,nif'al,DA_RIVEDERE: is erased,target,בעתיד · אנחנו,נמחק,נמחק,False,,,,,
hebverb_330,מחק,nif'al,DA_RIVEDERE: is erased,target,בעתיד · אנחנו,נימחק,נימחק,False,,,,,
hebverb_330,מחק,nif'al,DA_RIVEDERE: is erased,target,בעתיד · אתם,תמחקו,תמחקו,False,,,,,
hebverb_330,מחק,nif'al,DA_RIVEDERE: is erased,target,בעתיד · אתם,תימחקו,תימחקו,False,,,,,
hebverb_330,מחק,nif'al,DA_RIVEDERE: is erased,target,בעתיד · אתן,תמחקנה,תמחקנה,False,,,,,
hebverb_330,מחק,nif'al,DA_RIVEDERE: is erased,target,בעתיד · אתן,תימחקנה,תימחקנה,False,,,,,
hebverb_330,מחק,nif'al,DA_RIVEDERE: is erased,target,בעתיד · הם,ימחקו,ימחקו,False,,,,,
hebverb_330,מחק,nif'al,DA_RIVEDERE: is erased,target,בעתיד · הם,יימחקו,יימחקו,False,,,,,
hebverb_330,מחק,nif'al,DA_RIVEDERE: is erased,target,בעתיד · הן,תמחקנה,תמחקנה,False,,,,,
hebverb_330,מחק,nif'al,DA_RIVEDERE: is erased,target,בעתיד · הן,תימחקנה,תימחקנה,False,,,,,
hebverb_331,זהה,pi'el,DA_RIVEDERE: recognize,infinitive,infinitive,לזהות,לזהות,False,,,,,
hebverb_331,זהה,pi'el,DA_RIVEDERE: recognize,present_1,present_1,מזהה,מזהה,False,,,,,
hebverb_331,זהה,pi'el,DA_RIVEDERE: recognize,present_2,present_2,מזהה,מזהה,False,,,,,
hebverb_331,זהה,pi'el,DA_RIVEDERE: recognize,present_3,present_3,מזהים,מזהים,False,,,,,
hebverb_331,זהה,pi'el,DA_RIVEDERE: recognize,present_4,present_4,מזהות,מזהות,False,,,,,
hebverb_331,זהה,pi'el,DA_RIVEDERE: recognize,target,בעבר · אני,זיהיתי,זיהיתי,False,,,,,
hebverb_331,זהה,pi'el,DA_RIVEDERE: recognize,target,בעבר · אני,זהיתי,זהיתי,False,,,,,
hebverb_331,זהה,pi'el,DA_RIVEDERE: recognize,target,בעבר · אתה,זיהית,זיהית,False,,,,,
hebverb_331,זהה,pi'el,DA_RIVEDERE: recognize,target,בעבר · אתה,זהית,זהית,False,,,,,
hebverb_331,זהה,pi'el,DA_RIVEDERE: recognize,target,בעבר · את,זיהית,זיהית,False,,,,,
hebverb_331,זהה,pi'el,DA_RIVEDERE: recognize,target,בעבר · את,זהית,זהית,False,,,,,
hebverb_331,זהה,pi'el,DA_RIVEDERE: recognize,target,בעבר · הוא,זיהה,זיהה,False,,,,,
hebverb_331,זהה,pi'el,DA_RIVEDERE: recognize,target,בעבר · הוא,זהה,זהה,True,21.22978538,562.4222222222222,0.8055555555555556,487.6,0.9142857142857143
hebverb_331,זהה,pi'el,DA_RIVEDERE: recognize,target,בעבר · היא,זיהתה,זיהתה,False,,,,,
hebverb_331,זהה,pi'el,DA_RIVEDERE: recognize,target,בעבר · היא,זהתה,זהתה,False,,,,,
hebverb_331,זהה,pi'el,DA_RIVEDERE: recognize,target,בעבר · אנחנו,זיהינו,זיהינו,False,,,,,
hebverb_331,זהה,pi'el,DA_RIVEDERE: recognize,target,בעבר · אנחנו,זהינו,זהינו,False,,,,,
hebverb_331,זהה,pi'el,DA_RIVEDERE: recognize,target,בעבר · אתם,זיהיתם,זיהיתם,False,,,,,
hebverb_331,זהה,pi'el,DA_RIVEDERE: recognize,target,בעבר · אתם,זהיתם,זהיתם,False,,,,,
hebverb_331,זהה,pi'el,DA_RIVEDERE: recognize,target,בעבר · אתן,זיהיתן,זיהיתן,False,,,,,
hebverb_331,זהה,pi'el,DA_RIVEDERE: recognize,target,בעבר · אתן,זהיתן,זהיתן,False,,,,,
hebverb_331,זהה,pi'el,DA_RIVEDERE: recognize,target,בעבר · הם,זיהו,זיהו,False,,,,,
hebverb_331,זהה,pi'el,DA_RIVEDERE: recognize,target,בעבר · הם,זהו,זהו,False,,,,,
hebverb_331,זהה,pi'el,DA_RIVEDERE: recognize,target,בעבר · הן,זיהו,זיהו,False,,,,,
hebverb_331,זהה,pi'el,DA_RIVEDERE: recognize,target,בעבר · הן,זהו,זהו,False,,,,,
hebverb_331,זהה,pi'el,DA_RIVEDERE: recognize,target,בעתיד · אני,אזהה,אזהה,False,,,,,
hebverb_331,זהה,pi'el,DA_RIVEDERE: recognize,target,בעתיד · אתה,תזהה,תזהה,False,,,,,
hebverb_331,זהה,pi'el,DA_RIVEDERE: recognize,target,בעתיד · את,תזהי,תזהי,False,,,,,
hebverb_331,זהה,pi'el,DA_RIVEDERE: recognize,target,בעתיד · הוא,יזהה,יזהה,False,,,,,
hebverb_331,זהה,pi'el,DA_RIVEDERE: recognize,target,בעתיד · היא,תזהה,תזהה,False,,,,,
hebverb_331,זהה,pi'el,DA_RIVEDERE: recognize,target,בעתיד · אנחנו,נזהה,נזהה,False,,,,,
hebverb_331,זהה,pi'el,DA_RIVEDERE: recognize,target,בעתיד · אתם,תזהו,תזהו,False,,,,,
hebverb_331,זהה,pi'el,DA_RIVEDERE: recognize,target,בעתיד · אתן,תזהינה,תזהינה,False,,,,,
hebverb_331,זהה,pi'el,DA_RIVEDERE: recognize,target,בעתיד · הם,יזהו,יזהו,False,,,,,
hebverb_331,זהה,pi'el,DA_RIVEDERE: recognize,target,בעתיד · הן,תזהינה,תזהינה,False,,,,,
hebverb_332,עלה,pa'al,DA_RIVEDERE: rise,infinitive,infinitive,לעלות,לעלות,False,,,,,
hebverb_332,עלה,pa'al,DA_RIVEDERE: rise,present_1,present_1,עולה,עולה,False,,,,,
hebverb_332,עלה,pa'al,DA_RIVEDERE: rise,present_2,present_2,עולה,עולה,False,,,,,
hebverb_332,עלה,pa'al,DA_RIVEDERE: rise,present_3,present_3,עולים,עולים,True,22.70331804,517.3055555555555,0.9444444444444444,446.8857142857143,1.0
hebverb_332,עלה,pa'al,DA_RIVEDERE: rise,present_4,present_4,עולות,עולות,False,,,,,
hebverb_332,עלה,pa'al,DA_RIVEDERE: rise,target,בעבר · אני,עליתי,עליתי,False,,,,,
hebverb_332,עלה,pa'al,DA_RIVEDERE: rise,target,בעבר · אתה,עלית,עלית,False,,,,,
hebverb_332,עלה,pa'al,DA_RIVEDERE: rise,target,בעבר · את,עלית,עלית,False,,,,,
hebverb_332,עלה,pa'al,DA_RIVEDERE: rise,target,בעבר · הוא,עלה,עלה,False,,,,,
hebverb_332,עלה,pa'al,DA_RIVEDERE: rise,target,בעבר · היא,עלתה,עלתה,False,,,,,
hebverb_332,עלה,pa'al,DA_RIVEDERE: rise,target,בעבר · אנחנו,עלינו,עלינו,True,260.4453819,520.6888888888889,0.9722222222222222,448.8125,1.0
hebverb_332,עלה,pa'al,DA_RIVEDERE: rise,target,בעבר · אתם,עליתם,עליתם,False,,,,,
hebverb_332,עלה,pa'al,DA_RIVEDERE: rise,target,בעבר · אתן,עליתן,עליתן,False,,,,,
hebverb_332,עלה,pa'al,DA_RIVEDERE: rise,target,בעבר · הם,עלו,עלו,True,19.04677403,608.4205128205128,0.8974358974358975,480.06060606060606,1.0
hebverb_332,עלה,pa'al,DA_RIVEDERE: rise,target,בעבר · הן,עלו,עלו,True,19.04677403,608.4205128205128,0.8974358974358975,480.06060606060606,1.0
hebverb_332,עלה,pa'al,DA_RIVEDERE: rise,target,בעתיד · אני,אעלה,אעלה,False,,,,,
hebverb_332,עלה,pa'al,DA_RIVEDERE: rise,target,בעתיד · אתה,תעלה,תעלה,False,,,,,
hebverb_332,עלה,pa'al,DA_RIVEDERE: rise,target,בעתיד · את,תעלי,תעלי,False,,,,,
hebverb_332,עלה,pa'al,DA_RIVEDERE: rise,target,בעתיד · הוא,יעלה,יעלה,True,34.95243728,634.6899999999999,0.95,477.6216216216216,0.9487179487179487
hebverb_332,עלה,pa'al,DA_RIVEDERE: rise,target,בעתיד · היא,תעלה,תעלה,False,,,,,
hebverb_332,עלה,pa'al,DA_RIVEDERE: rise,target,בעתיד · אנחנו,נעלה,נעלה,True,22.89736349,537.1057142857143,0.9428571428571428,458.7105263157895,0.8947368421052632
hebverb_332,עלה,pa'al,DA_RIVEDERE: rise,target,בעתיד · אתם,תעלו,תעלו,True,7.604156201,572.5394736842105,0.868421052631579,,
hebverb_332,עלה,pa'al,DA_RIVEDERE: rise,target,בעתיד · אתן,תעלינה,תעלינה,False,,,,,
hebverb_332,עלה,pa'al,DA_RIVEDERE: rise,target,בעתיד · הם,יעלו,יעלו,False,,,,,
hebverb_332,עלה,pa'al,DA_RIVEDERE: rise,target,בעתיד · הן,תעלינה,תעלינה,False,,,,,
hebverb_333,פקר,huf'al,DA_RIVEDERE: is abandoned,infinitive,infinitive,id_333,id_333,False,,,,,
hebverb_333,פקר,huf'al,DA_RIVEDERE: is abandoned,present_1,present_1,"מפקר, מפקר","מפקר, מפקר",False,,,,,
hebverb_333,פקר,huf'al,DA_RIVEDERE: is abandoned,present_1,present_1,מופקר,מופקר,False,,,,,
hebverb_333,פקר,huf'al,DA_RIVEDERE: is abandoned,present_2,present_2,"מפקרת, מפקרת","מפקרת, מפקרת",False,,,,,
hebverb_333,פקר,huf'al,DA_RIVEDERE: is abandoned,present_2,present_2,מופקרת,מופקרת,False,,,,,
hebverb_333,פקר,huf'al,DA_RIVEDERE: is abandoned,present_3,present_3,"מפקרים, מפקרים","מפקרים, מפקרים",False,,,,,
hebverb_333,פקר,huf'al,DA_RIVEDERE: is abandoned,present_3,present_3,מופקרים,מופקרים,False,,,,,
hebverb_333,פקר,huf'al,DA_RIVEDERE: is abandoned,present_4,present_4,"מפקרות, מפקרות","מפקרות, מפקרות",False,,,,,
hebverb_333,פקר,huf'al,DA_RIVEDERE: is abandoned,present_4,present_4,מופקרות,מופקרות,False,,,,,
hebverb_333,פקר,huf'al,DA_RIVEDERE: is abandoned,target,בעבר · אני,"הפקרתי, הפקרתי","הפקרתי, הפקרתי",False,,,,,
hebverb_333,פקר,huf'al,DA_RIVEDERE: is abandoned,target,בעבר · אני,הופקרתי,הופקרתי,False,,,,,
hebverb_333,פקר,huf'al,DA_RIVEDERE: is abandoned,target,בעבר · אתה,"הפקרת, הפקרת","הפקרת, הפקרת",False,,,,,
hebverb_333,פקר,huf'al,DA_RIVEDERE: is abandoned,target,בעבר · אתה,הופקרת,הופקרת,False,,,,,
hebverb_333,פקר,huf'al,DA_RIVEDERE: is abandoned,target,בעבר · את,"הפקרת, הפקרת","הפקרת, הפקרת",False,,,,,
hebverb_333,פקר,huf'al,DA_RIVEDERE: is abandoned,target,בעבר · את,הופקרת,הופקרת,False,,,,,
hebverb_333,פקר,huf'al,DA_RIVEDERE: is abandoned,target,בעבר · הוא,"הפקר, הפקר","הפקר, הפקר",False,,,,,
hebverb_333,פקר,huf'al,DA_RIVEDERE: is abandoned,target,בעבר · הוא,הופקר,הופקר,False,,,,,
hebverb_333,פקר,huf'al,DA_RIVEDERE: is abandoned,target,בעבר · היא,"הפקרה, הפקרה","הפקרה, הפקרה",False,,,,,
hebverb_333,פקר,huf'al,DA_RIVEDERE: is abandoned,target,בעבר · היא,הופקרה,הופקרה,False,,,,,
hebverb_333,פקר,huf'al,DA_RIVEDERE: is abandoned,target,בעבר · אנחנו,"הפקרנו, הפקרנו","הפקרנו, הפקרנו",False,,,,,
hebverb_333,פקר,huf'al,DA_RIVEDERE: is abandoned,target,בעבר · אנחנו,הופקרנו,הופקרנו,False,,,,,
hebverb_333,פקר,huf'al,DA_RIVEDERE: is abandoned,target,בעבר · אתם,"הפקרתם, הפקרתם","הפקרתם, הפקרתם",False,,,,,
hebverb_333,פקר,huf'al,DA_RIVEDERE: is abandoned,target,בעבר · אתם,הופקרתם,הופקרתם,False,,,,,
hebverb_333,פקר,huf'al,DA_RIVEDERE: is abandoned,target,בעבר · אתן,"הפקרתן, הפקרתן","הפקרתן, הפקרתן",False,,,,,
hebverb_333,פקר,huf'al,DA_RIVEDERE: is abandoned,target,בעבר · אתן,הופקרתן,הופקרתן,False,,,,,
hebverb_333,פקר,huf'al,DA_RIVEDERE: is abandoned,target,בעבר · הם,"הפקרו, הפקרו","הפקרו, הפקרו",False,,,,,
hebverb_333,פקר,huf'al,DA_RIVEDERE: is abandoned,target,בעבר · הם,הופקרו,הופקרו,False,,,,,
hebverb_333,פקר,huf'al,DA_RIVEDERE: is abandoned,target,בעבר · הן,"הפקרו, הפקרו","הפקרו, הפקרו",False,,,,,
hebverb_333,פקר,huf'al,DA_RIVEDERE: is abandoned,target,בעבר · הן,הופקרו,הופקרו,False,,,,,
hebverb_333,פקר,huf'al,DA_RIVEDERE: is abandoned,target,בעתיד · אני,"אפקר, אפקר","אפקר, אפקר",False,,,,,
hebverb_333,פקר,huf'al,DA_RIVEDERE: is abandoned,target,בעתיד · אני,אופקר,אופקר,False,,,,,
hebverb_333,פקר,huf'al,DA_RIVEDERE: is abandoned,target,בעתיד · אתה,"תפקר, תפקר","תפקר, תפקר",False,,,,,
hebverb_333,פקר,huf'al,DA_RIVEDERE: is abandoned,target,בעתיד · אתה,תופקר,תופקר,False,,,,,
hebverb_333,פקר,huf'al,DA_RIVEDERE: is abandoned,target,בעתיד · את,"תפקרי, תפקרי","תפקרי, תפקרי",False,,,,,
hebverb_333,פקר,huf'al,DA_RIVEDERE: is abandoned,target,בעתיד · את,תופקרי,תופקרי,False,,,,,
hebverb_333,פקר,huf'al,DA_RIVEDERE: is abandoned,target,בעתיד · הוא,"יפקר, יפקר","יפקר, יפקר",False,,,,,
hebverb_333,פקר,huf'al,DA_RIVEDERE: is abandoned,target,בעתיד · הוא,יופקר,יופקר,False,,,,,
hebverb_333,פקר,huf'al,DA_RIVEDERE: is abandoned,target,בעתיד · היא,"תפקר, תפקר","תפקר, תפקר",False,,,,,
hebverb_333,פקר,huf'al,DA_RIVEDERE: is abandoned,target,בעתיד · היא,תופקר,תופקר,False,,,,,
hebverb_333,פקר,huf'al,DA_RIVEDERE: is abandoned,target,בעתיד · אנחנו,"נפקר, נפקר","נפקר, נפקר",False,,,,,
hebverb_333,פקר,huf'al,DA_RIVEDERE: is abandoned,target,בעתיד · אנחנו,נופקר,נופקר,False,,,,,
hebverb_333,פקר,huf'al,DA_RIVEDERE: is abandoned,target,בעתיד · אתם,"תפקרו, תפקרו","תפקרו, תפקרו",False,,,,,
hebverb_333,פקר,huf'al,DA_RIVEDERE: is abandoned,target,בעתיד · אתם,תופקרו,תופקרו,False,,,,,
hebverb_333,פקר,huf'al,DA_RIVEDERE: is abandoned,target,בעתיד · אתן,"תפקרנה, תפקרנה","תפקרנה, תפקרנה",False,,,,,
hebverb_333,פקר,huf'al,DA_RIVEDERE: is abandoned,target,בעתיד · אתן,תופקרנה,תופקרנה,False,,,,,
hebverb_333,פקר,huf'al,DA_RIVEDERE: is abandoned,target,בעתיד · הם,"יפקרו, יפקרו","יפקרו, יפקרו",False,,,,,
hebverb_333,פקר,huf'al,DA_RIVEDERE: is abandoned,target,בעתיד · הם,יופקרו,יופקרו,False,,,,,
hebverb_333,פקר,huf'al,DA_RIVEDERE: is abandoned,target,בעתיד · הן,"תפקרנה, תפקרנה","תפקרנה, תפקרנה",False,,,,,
hebverb_333,פקר,huf'al,DA_RIVEDERE: is abandoned,target,בעתיד · הן,תופקרנה,תופקרנה,False,,,,,
hebverb_334,חסן,hitpa'el,DA_RIVEDERE: get vaccinated,infinitive,infinitive,להתחסן,להתחסן,False,,,,,
hebverb_334,חסן,hitpa'el,DA_RIVEDERE: get vaccinated,present_1,present_1,מתחסן,מתחסן,False,,,,,
hebverb_334,חסן,hitpa'el,DA_RIVEDERE: get vaccinated,present_2,present_2,מתחסנת,מתחסנת,False,,,,,
hebverb_334,חסן,hitpa'el,DA_RIVEDERE: get vaccinated,present_3,present_3,מתחסנים,מתחסנים,False,,,,,
hebverb_334,חסן,hitpa'el,DA_RIVEDERE: get vaccinated,present_4,present_4,מתחסנות,מתחסנות,False,,,,,
hebverb_334,חסן,hitpa'el,DA_RIVEDERE: get vaccinated,target,בעבר · אני,התחסנתי,התחסנתי,False,,,,,
hebverb_334,חסן,hitpa'el,DA_RIVEDERE: get vaccinated,target,בעבר · אתה,התחסנת,התחסנת,False,,,,,
hebverb_334,חסן,hitpa'el,DA_RIVEDERE: get vaccinated,target,בעבר · את,התחסנת,התחסנת,False,,,,,
hebverb_334,חסן,hitpa'el,DA_RIVEDERE: get vaccinated,target,בעבר · הוא,התחסן,התחסן,False,,,,,
hebverb_334,חסן,hitpa'el,DA_RIVEDERE: get vaccinated,target,בעבר · היא,התחסנה,התחסנה,False,,,,,
hebverb_334,חסן,hitpa'el,DA_RIVEDERE: get vaccinated,target,בעבר · אנחנו,התחסנו,התחסנו,False,,,,,
hebverb_334,חסן,hitpa'el,DA_RIVEDERE: get vaccinated,target,בעבר · אתם,התחסנתם,התחסנתם,False,,,,,
hebverb_334,חסן,hitpa'el,DA_RIVEDERE: get vaccinated,target,בעבר · אתן,התחסנתן,התחסנתן,False,,,,,
hebverb_334,חסן,hitpa'el,DA_RIVEDERE: get vaccinated,target,בעבר · הם,התחסנו,התחסנו,False,,,,,
hebverb_334,חסן,hitpa'el,DA_RIVEDERE: get vaccinated,target,בעבר · הן,התחסנו,התחסנו,False,,,,,
hebverb_334,חסן,hitpa'el,DA_RIVEDERE: get vaccinated,target,בעתיד · אני,אתחסן,אתחסן,False,,,,,
hebverb_334,חסן,hitpa'el,DA_RIVEDERE: get vaccinated,target,בעתיד · אתה,תתחסן,תתחסן,False,,,,,
hebverb_334,חסן,hitpa'el,DA_RIVEDERE: get vaccinated,target,בעתיד · את,תתחסני,תתחסני,False,,,,,
hebverb_334,חסן,hitpa'el,DA_RIVEDERE: get vaccinated,target,בעתיד · הוא,יתחסן,יתחסן,False,,,,,
hebverb_334,חסן,hitpa'el,DA_RIVEDERE: get vaccinated,target,בעתיד · היא,תתחסן,תתחסן,False,,,,,
hebverb_334,חסן,hitpa'el,DA_RIVEDERE: get vaccinated,target,בעתיד · אנחנו,נתחסן,נתחסן,False,,,,,
hebverb_334,חסן,hitpa'el,DA_RIVEDERE: get vaccinated,target,בעתיד · אתם,תתחסנו,תתחסנו,False,,,,,
hebverb_334,חסן,hitpa'el,DA_RIVEDERE: get vaccinated,target,בעתיד · אתן,תתחסנה,תתחסנה,False,,,,,
hebverb_334,חסן,hitpa'el,DA_RIVEDERE: get vaccinated,target,בעתיד · הם,יתחסנו,יתחסנו,False,,,,,
hebverb_334,חסן,hitpa'el,DA_RIVEDERE: get vaccinated,target,בעתיד · הן,תתחסנה,תתחסנה,False,,,,,
