match_id,source_id,canonical_item_id,deck,hebrew,italian,match_type,match_confidence,context_excerpt,review_status
streetwise_match_1760d154db8043c0,streetwise_episode_c5a793cc6add20cc,cclex_760bbb136df1ba62,Dark Green,השאר,il resto,exact_lexical_entry,high,Ha-she'ar – The rest – השאר,draft_unverified
streetwise_match_5f48c64519e48fae,streetwise_episode_43847b7829fca76f,cclex_2ceed0d7bd968853,Orange,לסיים,finire,exact_lexical_entry,high,Lesayem – To finish – לסיים,draft_unverified
streetwise_match_0e4560c293523590,streetwise_episode_43847b7829fca76f,cclex_62c93fb059b706d2,Dark Green,להיגמר,finire / essere finito,exact_lexical_entry,high,Lehigamer – To be finished – להיגמר,draft_unverified
streetwise_match_90c78810c727dde7,streetwise_episode_665ab99df6d0c826,cclex_7cdce1bc83aa9bec,Lime,לסמוך על,fidarsi,normalized_hebrew_phrase,medium,סמוך עליי סמוך לסמוך על מישהו תסמוך עליי סמוך עליי תסמכי עליי סמכי עליי תסמכו עליי סמכו עליי ילקוט הכזבים אל תדאג...,draft_unverified
streetwise_match_90f3937600e41818,streetwise_episode_665ab99df6d0c826,cclex_e7cc047b152670b3,Green,מסמך,documento,exact_lexical_entry,high,Mismach – Document – מסמך,draft_unverified
streetwise_match_e3334f5719fc5520,streetwise_episode_665ab99df6d0c826,cclex_e5213bfaedccf00f,Indigo,לסמוך על,fidarsi di qualcuno,normalized_hebrew_phrase,medium,סמוך עליי סמוך לסמוך על מישהו תסמוך עליי סמוך עליי תסמכי עליי סמכי עליי תסמכו עליי סמכו עליי ילקוט הכזבים אל תדאג...,draft_unverified
streetwise_match_94e5f71d7a073fe0,streetwise_episode_665ab99df6d0c826,cclex_9b44eb2a865680e5,Purple,סמכות,autorità (f.); potere (m.),exact_lexical_entry,high,Samchoot – Authority – סמכות,draft_unverified
streetwise_unmatched_91ac42faf2b774a6,streetwise_episode_f807b6784b2abc56,,,,,unmatched_hebrew_page,low,"The root חבב, which gives us the word חביבי, is all about affection. Guy explains what it's got to do with gay Tel Avivi speech and Ashdod in the 80's.",source_only
streetwise_match_b252307a669877fe,streetwise_episode_88977d3703e73eda,cclex_fea7c3cdde42aa98,Orange,מזג אוויר,tempo / meteo,exact_lexical_entry,high,Mezeg avir – Weather – מזג אוויר,draft_unverified
streetwise_match_bedd10b7244ec1f7,streetwise_episode_88977d3703e73eda,cclex_82ad9d0543b88cda,Yellow,מזגן,aria condizionata,exact_lexical_entry,high,Mazgan – Air conditioning – מזגן,draft_unverified
streetwise_unmatched_2b7a60ec104bcd09,streetwise_episode_27a43b1c6e20d643,,,,,unmatched_hebrew_page,low,"Oftentimes, Israelis mix up the Hebrew words משכיר and שוכר. It's the difference between ""renting"" an apartment and ""renting out"" an apartment. It's a common mistake that you don't",source_only
streetwise_unmatched_ae37a23d51993e84,streetwise_episode_5a385bb684b2956e,,,,,unmatched_hebrew_page,low,"The Hebrew word נצלן is an exploiter – someone who'll use you and then dump you without giving it a second thought. In this episode, Guy breaks down the word and its root נצל.",source_only
streetwise_unmatched_0fd6996323138550,streetwise_episode_5b12c19094f83dd6,,,,,unmatched_hebrew_page,low,"The Hebrew word פרישה means retirement, and these days פרישה המוקדמת is on everyone's mind. Guy explains פרישה and other words from its root פרש.",source_only
streetwise_unmatched_65f549e4b1856561,streetwise_episode_80be4558da8e0b8d,,,,,unmatched_hebrew_page,low,"From leaking documents to a leaky faucet at home, the root דלפ is an interesting one, and from which we get the Hebrew word for whistleblower.",source_only
streetwise_unmatched_17e4e713b07bd4bf,streetwise_episode_fe2c6d815bd88b8f,,,,,unmatched_hebrew_page,low,"The Hebrew word לברוח means to escape, but the same root has other interesting meanings in other verb formats. Guy also explains the meaning of חדר בריחה.",source_only
streetwise_match_fd2c8edb210818d4,streetwise_episode_b5e6039b6d3bcfd9,cclex_e5d750abcc376a7c,Blue,4 יתרון / יתרונות,vantaggio (m.); privilegio (m.),exact_lexical_entry,high,"Yitaron, yitronot (pl.) – Advantage – יתרון, יתרונות",draft_unverified
streetwise_match_9339f88504c31874,streetwise_episode_6abc11bb705612ad,cclex_a87f63d093781cb2,Blue,לקבל,ricevere; accogliere,exact_lexical_entry,high,Lekabel – To receive – לקבל,draft_unverified
streetwise_match_7f37153797eb3ce5,streetwise_episode_6abc11bb705612ad,cclex_139238f5081d2f7c,Lime,לקבל,ricevere (infinito),exact_lexical_entry,high,Lekabel – To receive – לקבל,draft_unverified
streetwise_match_bff46700e96edd8d,streetwise_episode_6abc11bb705612ad,cclex_0091da95faf70770,Dark Green,לקבל,ricevere; accettare,exact_lexical_entry,high,Lekabel – To receive – לקבל,draft_unverified
streetwise_unmatched_350caa8787e58588,streetwise_episode_6ca15a543d38c8b4,,,,,unmatched_hebrew_page,low,"The Hebrew word גירוש means expulsion and deportation, but the most commonly used word we get from this root is entirely different. Guy explains.",source_only
streetwise_unmatched_011a0ab2ee4c1739,streetwise_episode_8654ff9f6ec23e6a,,,,,unmatched_hebrew_page,low,"The Hebrew word קבלה has many meanings and uses, from receipts to acceptance. Guy explains how to use קבלה in its many forms and its plural.",source_only
streetwise_unmatched_0896c7543d4d78bb,streetwise_episode_2b760c3a1160fe01,,,,,unmatched_hebrew_page,low,"The word זול means cheap and is used in spoken Hebrew in all kinds of interesting ways. For example, what's זיל הזול? Guy explains.",source_only
streetwise_match_a13f861319e54586,streetwise_episode_5fc9b2def496c206,cclex_38c485a1f04f6d74,Blue,מבצע,operazione (f.); azione (f.),exact_lexical_entry,high,Mivtsa – Military operation – מבצע,draft_unverified
streetwise_match_ce164de1dd24424e,streetwise_episode_5fc9b2def496c206,cclex_6f4b6a4c3969305f,Lime,היא הולכת,lei - presente di andare,normalized_hebrew_phrase,medium,...שלנו ביצוע יש עוד ביצוע לשיר הזה השיר טוב הביצוע פחות הביצועים של העובד ת לבצע את ההעברה היא הולכת לבצע עכשיו תרגיל מסובך מבצע מבצעת מבצעים בביצוע התזמורת הפילהרמונית של וינה בוצע להת,draft_unverified
streetwise_match_e7697efd3173f79c,streetwise_episode_5fc9b2def496c206,cclex_0280f33b2ce97057,Indigo,מבצע,promozione / saldo; campagna o operazione militare,exact_lexical_entry,high,Mivtsa – Military operation – מבצע,draft_unverified
streetwise_unmatched_76dbdea09b253916,streetwise_episode_f068574b68f2668f,,,,,unmatched_hebrew_page,low,"The word רועד means shivering, shaking, and in this episode Guy explains its meaning and usage. Along the way we learn to say earthquake, and vibrato.",source_only
streetwise_match_89ca5b8caa640cbc,streetwise_episode_5a2906adc7fb4819,cclex_2f1fa2ab4faddaa5,Lime,אני רוצה,io (m.) - presente di volere,normalized_hebrew_phrase,medium,...ל נגד עכברים רעל נגד חולדות ניקוי רעלים סדנת ניקוי רעלים רעלן נוגד רעלנים רוח הלחימה רה ל אני רוצה לראות רעל בעיניים רעיל חומרים רעילים סביבת עבודה רעילה אווירה רעילה בעבודה מערכת יחס,draft_unverified
streetwise_match_c091c5aa09a01768,streetwise_episode_5a2906adc7fb4819,cclex_5e0a07d4a22c57a3,Green,מערכת יחסים,relazione,normalized_hebrew_phrase,medium,...רה ל אני רוצה לראות רעל בעיניים רעיל חומרים רעילים סביבת עבודה רעילה אווירה רעילה בעבודה מערכת יחסים רעילה בנאדם רעיל חשש שהאיראנים ינסו להרעיל את מקורות המים בישראל להרעיל מישהו להרע,draft_unverified
streetwise_match_498f1537d9ea1171,streetwise_episode_acc9dab94ebaf743,cclex_e9dbe91ce217628f,Blue,אירוע,evento (m.); avvenimento (m.),exact_lexical_entry,high,"The Hebrew word אירוע means an event, most often a happy event, like a wedding or bar/bat mitzvah. But its usage has changed lately. Guy explains.",draft_unverified
streetwise_match_976eb2e55e85fb5c,streetwise_episode_acc9dab94ebaf743,cclex_d95b8bcd1961a2aa,Lime,אתם עושים,voi (m.) - presente di fare,normalized_hebrew_phrase,medium,אירוע אירוע ירי אירוע דקירה אירוע מתגלגל יש לי אירוע סליחה אתם עושים אירועים וואי יש לי מלא אירועים החודש בין עבודות אירוע חברה להזמנת אירועים אירוע הוקרה איר...,draft_unverified
streetwise_unmatched_bd818507090b18aa,streetwise_episode_9226c2b436b3cc76,,,,,unmatched_hebrew_page,low,The Hebrew word פרסס is what you'd use in a sentence to ask a driver to make a U-turn. But what does it mean in slang? Guy explains.,source_only
streetwise_match_7a78c56a0ac8c2d2,streetwise_episode_3db3e39184480d35,cclex_c0af79667371f8ec,Orange,לא משנה,non importa,normalized_hebrew_phrase,medium,...ו ל איך פונים לאנשים לא מפריע לי שפונים אליי בלשון זכר לא מפריע לי שפונים אליי בלשון נקבה לא משנה לי איך פונים אליי תפנה אליי בגבר תפנה אליי באישה יכול להיות שיפנו אליי יותר בנקבה באו,draft_unverified
streetwise_match_7f4ee083778b1c59,streetwise_episode_3db3e39184480d35,cclex_a75786dea7a060f5,Orange,יכול להיות,può essere,normalized_hebrew_phrase,medium,...מפריע לי שפונים אליי בלשון נקבה לא משנה לי איך פונים אליי תפנה אליי בגבר תפנה אליי באישה יכול להיות שיפנו אליי יותר בנקבה באותו יום ואנחנו רוצים לפנות עכשיו לכתבת שלנו בשטח מי שצריך ע,draft_unverified
streetwise_match_1d27a81eb1ba75eb,streetwise_episode_3db3e39184480d35,cclex_0dac2c497474e1d7,Lime,לפנות,liberare / sgomberare,exact_lexical_entry,high,Lifnot – To turn – לפנות,draft_unverified
streetwise_match_e0d13d1f07fc4a25,streetwise_episode_3db3e39184480d35,cclex_a28361bbb20a6333,Purple,לפנות,girare; voltare; trasformare,exact_lexical_entry,high,Lifnot – To turn – לפנות,draft_unverified
streetwise_match_0bfdeabbd1422109,streetwise_episode_63d35f94fc9ae153,cclex_6784f73ae6760c17,Dark Green,הפתעה,sorpresa,exact_lexical_entry,high,Hafta'ah – Surprise – הפתעה,draft_unverified
streetwise_unmatched_a672b456b024d45e,streetwise_episode_20cd94a37433d0d2,,,,,unmatched_hebrew_page,low,"From antique cars to very slow, local buses, Guy picks up where we left off in the last episode and explains additional בניינים from the root אספ.",source_only
streetwise_match_2f5427b73bfb3be2,streetwise_episode_82c6e7af97b5f8be,cclex_1fc36b9094bd6f81,Indigo,שיער אסוף,capelli raccolti,exact_lexical_entry,high,Se'ar asoof – (Wearing your) hair up – שיער אסוף,draft_unverified
streetwise_unmatched_4d1e74ad8ef73976,streetwise_episode_09a798e508b19c80,,,,,unmatched_hebrew_page,low,"What's the right way to pack a suitcase and what should you say to airport security when asked about your packed bags? From the root ארז we get the Hebrew words for packaging, gift",source_only
streetwise_match_4f0e5c9b484c416b,streetwise_episode_f50100a8b8d50731,cclex_f65f6afba69a6f13,Lime,סדרה,serie TV,exact_lexical_entry,high,Sidra – Series – סדרה,draft_unverified
streetwise_unmatched_134d61ba8077e0d8,streetwise_episode_5765efc36400277e,,,,,unmatched_hebrew_page,low,"The Hebrew word יוזמה means initiative. We also use יוזמה when talking about new educational or social projects. Using the verb ליזום, we Israelis often give unsolicited advice to ",source_only
streetwise_match_1cc1dc0350d887b8,streetwise_episode_591710680ca3f44d,cclex_f4b8db213cf7a4bb,Lime,אתם רואים,voi (m.) - presente di vedere,normalized_hebrew_phrase,medium,טניס שולחן המשחקים האולימפיים האולימפיאדה אתם רואים ת אולימפיאדה אגב תחרות תחרויות לנצח להפסיד טקס הפתיחה המשלחת הישראלית הנבחרת הישראלית האת...,draft_unverified
streetwise_match_82927f8633622cde,streetwise_episode_591710680ca3f44d,cclex_ffd3a0efee2f52dd,Dark Green,"תחרות, תחרויות",gara; competizione,exact_lexical_entry,high,"Tacharut, tacharuyot – Competition, competitions – תחרות, תחרויות",draft_unverified
streetwise_unmatched_345f597f076392e2,streetwise_episode_c33d42ff32556f84,,,,,unmatched_hebrew_page,low,The Hebrew word מתווך means a real estate agent. Some people really really dislike מתווכים. Let's learn why.,source_only
streetwise_unmatched_eb568dc79e96ae93,streetwise_episode_0d3820f673e51562,,,,,unmatched_hebrew_page,low,Zachar o nekava? – Is it male or female? – זכר או נקבה,source_only
streetwise_unmatched_14360af3b45d2a60,streetwise_episode_fb906bb1483c27ec,,,,,unmatched_hebrew_page,low,Lishkol – To weigh – לשקול,source_only
streetwise_match_0946b48f69b0c60a,streetwise_episode_db7900424cf046cd,cclex_87291ebf99ed88f1,Lime,את נותנת,tu (f.) - presente di dare,normalized_hebrew_phrase,medium,...טבח משקל נגד שיווי משקל ואין לך רגע של שיווי משקל היא איבדה את שיווי המשקל ונפלה אתה נותן את נותנת לזה יותר מדיי משקל משקל נוצה משקל כבד משקל אימון משקולות,draft_unverified
streetwise_match_6b73891d133f10e8,streetwise_episode_ac6840c82976a468,cclex_4a20311e7cd19b32,Red,אין בעיה,nessun problema / non c'è problema,exact_lexical_entry,high,Ein be'aya – No problem – אין בעיה,draft_unverified
streetwise_match_253b21f9a461b9ec,streetwise_episode_ac6840c82976a468,cclex_0a35822f569bf2a8,Dark Green,שטויות,sciocchezze / assurdità,exact_lexical_entry,high,Shtuyot – Nonsense – שטויות,draft_unverified
streetwise_match_06396a92c0815c9f,streetwise_episode_ac6840c82976a468,cclex_ef721a885d2aaba6,Purple,בקטנה,niente di grave; non è importante,exact_lexical_entry,high,Ba-ktana – Nothing major – בקטנה,draft_unverified
streetwise_unmatched_29ffc3fed2a01bc9,streetwise_episode_4bba2adfda188605,,,,,unmatched_hebrew_page,low,"Masri'ach – Stinky, smelly – מסריח",source_only
streetwise_match_baa3f004e71a778d,streetwise_episode_0a8f680a9687e29f,cclex_f9c36cd14f4d0d02,Dark Green,לחסום את,bloccare,normalized_hebrew_phrase,medium,...א מזהה אותי תעודה מזהה שירים שהשזאם לא מזהה הראשון שמזהה ציפור לא מזוהה מספר לא מזוהה איך לחסום את השיחות עב ם עצם בלתי מזוהה להזדהות תזדהה תזדהי תזדהו להזדהות עם מישהו אתה אומר שאתה ,draft_unverified
streetwise_match_3dd70f8c79b6a502,streetwise_episode_0a8f680a9687e29f,cclex_9c87da4e3ea15c3d,Indigo,לחסום את,bloccare,normalized_hebrew_phrase,medium,...א מזהה אותי תעודה מזהה שירים שהשזאם לא מזהה הראשון שמזהה ציפור לא מזוהה מספר לא מזוהה איך לחסום את השיחות עב ם עצם בלתי מזוהה להזדהות תזדהה תזדהי תזדהו להזדהות עם מישהו אתה אומר שאתה ,draft_unverified
streetwise_match_a32f2414f0538d6a,streetwise_episode_0a8f680a9687e29f,cclex_c46c16997286ea54,Indigo,לזהות את...,identificare / riconoscere,normalized_hebrew_phrase,medium,זהה זיהוי פנים זיהוי פלילי מעבדה לזיהוי פלילי מז פניקים זיהוי קולי לזהות את ה לא מזהה אותי תעודה מזהה שירים שהשזאם לא מזהה הראשון שמזהה ציפור לא מזוהה מספר לא מזוהה...,draft_unverified
streetwise_match_28ff427689baf28f,streetwise_episode_0a8f680a9687e29f,cclex_39ac5c2550134301,Purple,...להזדהות עם,identificarsi con; riconoscersi in,normalized_hebrew_phrase,medium,...לא מזוהה מספר לא מזוהה איך לחסום את השיחות עב ם עצם בלתי מזוהה להזדהות תזדהה תזדהי תזדהו להזדהות עם מישהו אתה אומר שאתה מזדהה איתה רגשית הזדהות עצרת הזדהות עצרת הזדהות עם החטופים,draft_unverified
streetwise_unmatched_918c513dfe9603b0,streetwise_episode_ead7d8dd96746952,,,,,unmatched_hebrew_page,low,"The Hebrew word זהות means identity. It's a word we Israelis use many times throughout the day, like any time we call customer service in Israel. Any guesses as to why?",source_only
streetwise_match_e8f1f9f1751766c9,streetwise_episode_624dab47a9cfc7d6,cclex_540298f375effefd,Pink,יש מצב,può essere / è possibile / forse,normalized_hebrew_phrase,medium,...לה דחינו לדחות דוחה דוחה דוחים דוחות לדחות הצעה זה בסדר אם נדחה למחר זה בסדר אם נדחה למחר יש מצב לדחות את זה ליום שני בוא נזיז את זה ליום אחר בסוף דחו את זה זה נדחה דחייה עיכוב בטיסה ,draft_unverified
streetwise_unmatched_ce9fd038ad151473,streetwise_episode_9ff3834e8a32c030,,,,,unmatched_hebrew_page,low,"The Hebrew words להתיישב and לשבת are both translated as 'to sit down', but they are not used in the same manner. And how are these words related to the West Bank? Guy explains.",source_only
streetwise_match_807d66bff30916af,streetwise_episode_ccd3a4469038df79,cclex_e1671aee9ff4bb2a,Orange,לשבת,sedersi,exact_lexical_entry,high,"The word לשבת means to sit, and there's a plethora of uses for this verb in Hebrew. We'll be talking about jails and cafes, dog trainers, Ottoman Jews, and restaurant hosts, all in",draft_unverified
streetwise_match_5878678e3f2f7b8d,streetwise_episode_ccd3a4469038df79,cclex_bd19efbb0d5e8be8,Orange,יושב,"sedersi / stare seduto (presente, m. sing.)",exact_lexical_entry,high,Yoshev – Sitting – יושב,draft_unverified
streetwise_match_74d20915112c4854,streetwise_episode_ccd3a4469038df79,cclex_1925e535cc4334b8,Lime,לשבת,sedersi,exact_lexical_entry,high,"The word לשבת means to sit, and there's a plethora of uses for this verb in Hebrew. We'll be talking about jails and cafes, dog trainers, Ottoman Jews, and restaurant hosts, all in",draft_unverified
streetwise_match_23b1eadb0f45cccc,streetwise_episode_ccd3a4469038df79,cclex_8db5f58ac6eb7d06,Lime,אתם יושבים,voi (m.) - presente di sedersi,normalized_hebrew_phrase,medium,...הגדר יושב עליי בול יושב עליך עלייך בול איך זה יושב עליי לא יודע זה לא יושב עליי טוב איפה אתם יושבים יושבים שבעה איפה אתם יושבים הוא יושב בכלא על מה הוא יושב היא יושבת יושב יושבת ראש י,draft_unverified
streetwise_unmatched_6a8aa9cc81ec49b7,streetwise_episode_b10dd95a15ad41ab,,,,,unmatched_hebrew_page,low,The Hebrew word ארץ means land/country. But it changes when we add prepositions to it. It's also an important word if you are training your dog to lie on the floor. Guy explains.,source_only
streetwise_match_ef02f6de4eec7ba7,streetwise_episode_c0ed99c8127db1fa,cclex_b60fe3f9ae66dceb,Red,סליחה,scusa / mi scusi,exact_lexical_entry,high,Slicha – Excuse me – סליחה,draft_unverified
streetwise_match_c01ba91e7971cf41,streetwise_episode_8fa7a08ad3c48a1f,cclex_12bb3d395fce8583,Dark Green,לתרגם,tradurre,exact_lexical_entry,high,"The Hebrew word לתרגם, to translate, is a handy verb, especially if you live in Israel and go to the cinema. Why? Because you want to make sure the Israeli film you're about to wat",draft_unverified
streetwise_match_e92f1f14442fe53d,streetwise_episode_8fa7a08ad3c48a1f,cclex_e748650c1b4c1849,Dark Green,תרגום,traduzione,exact_lexical_entry,high,Tirgoom – Translating – תרגום,draft_unverified
streetwise_match_95bf99bc9eb1ff35,streetwise_episode_430b013ff6d1c480,cclex_b85037400ce01b3f,Lime,אתם יודעים,voi (m.) - presente di sapere / conoscere,normalized_hebrew_phrase,medium,לצאת מדיכאון דיכאון אתם יודעים מה הדרך הכי טובה לצאת מדיכאון דיכאון דכאונות לצאת מדיכאון להיכנס לדיכאון לא נכנסתי לדיכאו...,draft_unverified
streetwise_match_c8e2538355a2bb5c,streetwise_episode_430b013ff6d1c480,cclex_20451616ff10ddce,Indigo,רגש / רגשות,emozione/i,normalized_hebrew_phrase,medium,...און לא נכנסתי לדיכאון מזה זה שיר אופטימי זה לא שיר מדכא המצב מדכא לדכא מדכא לדכא מרד לדכא רגש רגשות מדוכא דכאוני הוא בנאדם מה זה דכאוני אל תיכנסו לי לדיכאון,draft_unverified
streetwise_match_48db27de9fbde888,streetwise_episode_0760059b018814d4,cclex_8f5c91ac62646ae1,Dark Green,לשחרר,liberare,exact_lexical_entry,high,"Leshachrer – To release, to free, to liberate – לשחרר",draft_unverified
streetwise_match_5e35aec1a508dca3,streetwise_episode_0760059b018814d4,cclex_9911c83b6cf6cc59,Indigo,לשחרר את,liberare / rilasciare,normalized_hebrew_phrase,medium,לשחרר לשחרר לשחרר ישראלים קוראים לממשלה לעשות הכל כדי לשחרר את החטופים מהחמאס משחררים צבי לטבע הם משחררים צבי ים לטבע לא משחרר אותנו צחוק משחרר שחרר אות...,draft_unverified
streetwise_match_b9a8f09d0e8041b2,streetwise_episode_bc23e1e3cd74d9d6,cclex_c0af79667371f8ec,Orange,לא משנה,non importa,normalized_hebrew_phrase,medium,...ה השתחררת אמרתי שהייתה לי חרדה מהנשק ואז הם כזה באמת או שסתם עשית כדי להשתחרר תשתחרר העבר לא משנה יותר השתחררות מחניקה השתחררות מהאגו,draft_unverified
streetwise_unmatched_c6e05656bc77660e,streetwise_episode_dd63a6d544cf3e95,,,,,unmatched_hebrew_page,low,Hiuyooch male shinayim – A smile full of teeth – חיוך מלא שיניים,source_only
streetwise_match_3e6b3f5cc4e823d3,streetwise_episode_ba060c5c7d7e1f15,cclex_b94f0a6f231516a3,Purple,לעודד את,incoraggiare; tifare per,normalized_hebrew_phrase,medium,עידוד שיר עידוד מילות עידוד הקרן לעידוד יוזמות חינוכיות הקרן לעידוד ש ע אנחנו רוצים לעודד את המורים והתלמידים לחשוב מחוץ לתבניות לעודד כמו לסובב לפוצץ לאותת מעודדות מעודד החיילים מעו...,draft_unverified
streetwise_unmatched_9c92a91db7aad44b,streetwise_episode_425fa9da37f80b9f,,,,,unmatched_hebrew_page,low,Retsu'at aza – The Gaza Strip – רצועת עזה,source_only
streetwise_match_01ffa5d2740d771d,streetwise_episode_c70fd81f55217255,cclex_6453c662de384cfb,Red,מה קרה,cosa è successo?,normalized_hebrew_phrase,medium,לתקשר עם חברים וקרובים ואיך להביע דאגה ותמיכה שמעתי מה קרה שמעתי מה קורה בארץ עכשיו עצוב כל כך עצוב זה נורא זה בלתי נתפס זה לא ייאמן זה מצב מחריד אי...,draft_unverified
streetwise_match_5a4be21ead805595,streetwise_episode_c70fd81f55217255,cclex_8d0ea44f0fb3dbda,Red,מה קורה,cosa succede? / come va?,normalized_hebrew_phrase,medium,לתקשר עם חברים וקרובים ואיך להביע דאגה ותמיכה שמעתי מה קרה שמעתי מה קורה בארץ עכשיו עצוב כל כך עצוב זה נורא זה בלתי נתפס זה לא ייאמן זה מצב מחריד אין לי מילים נגמ...,draft_unverified
streetwise_match_9b7f316a767b3948,streetwise_episode_c70fd81f55217255,cclex_0bc3d296dc1a9d55,Blue,תמיכה,supporto (m.); sostegno (m.); appoggio (m.),exact_lexical_entry,high,Tmicha – Support – תמיכה,draft_unverified
streetwise_match_68e7a0c5b6d4ca64,streetwise_episode_c70fd81f55217255,cclex_17d60bfab5242113,Blue,לקוות,sperare; auspicare,exact_lexical_entry,high,Lekavot – To hope – לקוות,draft_unverified
streetwise_match_fa07f51e2a298195,streetwise_episode_c70fd81f55217255,cclex_3aeee8c03311c844,Lime,לקוות,sperare,exact_lexical_entry,high,Lekavot – To hope – לקוות,draft_unverified
streetwise_match_de227e6ecd9c5e96,streetwise_episode_c70fd81f55217255,cclex_4bdf8cf6723cf755,Lime,אני דואג,io (m.) - presente di preoccuparsi,normalized_hebrew_phrase,medium,...צוב כל כך עצוב זה נורא זה בלתי נתפס זה לא ייאמן זה מצב מחריד אין לי מילים נגמרו לי המילים אני דואג נורא אנחנו דואגים לך לכם כולם בסדר תמיכה אני איתך אני אתכם אנחנו אתכם אנחנו חושבים ע,draft_unverified
streetwise_match_520b50d2865985c8,streetwise_episode_c70fd81f55217255,cclex_0b9c0c7ee9f8adee,Lime,אנחנו חושבים,noi (m.) - presente di pensare,normalized_hebrew_phrase,medium,...לי המילים אני דואג נורא אנחנו דואגים לך לכם כולם בסדר תמיכה אני איתך אני אתכם אנחנו אתכם אנחנו חושבים עליכם כל הזמן במה אפשר לעזור אם אתם צריכים משהו אנחנו פה תקווה לקוות אני מקווה שי,draft_unverified
streetwise_match_dd09927d56ea3f0a,streetwise_episode_c70fd81f55217255,cclex_ebcd0e2cffd92f3b,Lime,אנחנו דואגים,noi (m.) - presente di preoccuparsi,normalized_hebrew_phrase,medium,...זה נורא זה בלתי נתפס זה לא ייאמן זה מצב מחריד אין לי מילים נגמרו לי המילים אני דואג נורא אנחנו דואגים לך לכם כולם בסדר תמיכה אני איתך אני אתכם אנחנו אתכם אנחנו חושבים עליכם כל הזמן במ,draft_unverified
streetwise_match_1fbcabdafaa68434,streetwise_episode_c70fd81f55217255,cclex_97e958b09fdee158,Purple,בלתי נתפס,incomprensibile; inimmaginabile,normalized_hebrew_phrase,medium,...ם ואיך להביע דאגה ותמיכה שמעתי מה קרה שמעתי מה קורה בארץ עכשיו עצוב כל כך עצוב זה נורא זה בלתי נתפס זה לא ייאמן זה מצב מחריד אין לי מילים נגמרו לי המילים אני דואג נורא אנחנו דואגים לך,draft_unverified
streetwise_match_b8f92249b979f282,streetwise_episode_456754be10c323b5,cclex_38c485a1f04f6d74,Blue,מבצע,operazione (f.); azione (f.),exact_lexical_entry,high,Mivtsa – Operation – מבצע,draft_unverified
streetwise_match_5aabe37c413f143e,streetwise_episode_456754be10c323b5,cclex_0280f33b2ce97057,Indigo,מבצע,promozione / saldo; campagna o operazione militare,exact_lexical_entry,high,Mivtsa – Operation – מבצע,draft_unverified
streetwise_match_d48d63277167dab7,streetwise_episode_2600a4e8b63bf6ad,cclex_b3e25ced92a7f175,Yellow,מה לעשות,che fare?,normalized_hebrew_phrase,medium,...ת משמעויות כפל משמעות משמעת משמעת בכיתה הייתי בטוחה שמשמעת זה לא הכיוון לא רוצה שיגידו לי מה לעשות מתי לבוא ילד עם בעיות משמעת משמעת עצמית ועדת משמעת חד משמעי חד משמעית שמועה שמועות ה,draft_unverified
streetwise_match_4903c039af38545a,streetwise_episode_2600a4e8b63bf6ad,cclex_4ee1c368814b3258,Turquoise,חד משמעית,definitely,exact_lexical_entry,high,"Chad-mashma'it – Unequivocally, totally – חד משמעית",draft_unverified
streetwise_match_7cbeaa111d41426a,streetwise_episode_2600a4e8b63bf6ad,cclex_457e15c444c389de,Purple,"חד משמעי, חד משמעית",conclusivo; univoco; definitivo,normalized_hebrew_phrase,medium,...ה לא הכיוון לא רוצה שיגידו לי מה לעשות מתי לבוא ילד עם בעיות משמעת משמעת עצמית ועדת משמעת חד משמעי חד משמעית שמועה שמועות הכל שמועות אל תאמינו לשמועות סלב סלבים הסוף לשמועות שמע ערוצי,draft_unverified
streetwise_match_dab8bb26bb5c8be6,streetwise_episode_2600a4e8b63bf6ad,cclex_a7cff884f1dbc678,Purple,!חד משמעית,totalmente; completamente; veramente,exact_lexical_entry,high,"Chad-mashma'it – Unequivocally, totally – חד משמעית",draft_unverified
streetwise_unmatched_5c27ba98db6662db,streetwise_episode_1e5ebdc0cde82747,,,,,unmatched_hebrew_page,low,Miao – Meow – מיאו,source_only
streetwise_match_9f700e8ca421d3b6,streetwise_episode_227b934e9cc912c6,cclex_5343980c3aa708b8,Red,כל יום,ogni giorno,normalized_hebrew_phrase,medium,איזה חמור הייתי אין חיה כזאת איזה חמור אני איזה חמור הייתי נעבוד כמו חמורים אני עובד כל יום כמו חמור יא כלב יא כלב אתה נוסע שוב לחו ל כלבה להיות צ ילבות מה אתן צ ילבות עכשיו לא מדבר...,draft_unverified
streetwise_match_4f2e05a5a0cb7648,streetwise_episode_227b934e9cc912c6,cclex_70c63707432f7c46,Lime,אני עובד,io (m.) - presente di lavorare,normalized_hebrew_phrase,medium,איזה חמור הייתי אין חיה כזאת איזה חמור אני איזה חמור הייתי נעבוד כמו חמורים אני עובד כל יום כמו חמור יא כלב יא כלב אתה נוסע שוב לחו ל כלבה להיות צ ילבות מה אתן צ ילבות עכשיו...,draft_unverified
streetwise_match_314fff310c42c886,streetwise_episode_2f5bcb32b8e1efa7,cclex_89023ac2b2f85997,Orange,ירק,green,exact_lexical_entry,high,Yerek – Greens – יֶרֶק,draft_unverified
streetwise_match_c3e4fb1551f24a3e,streetwise_episode_241387d256473061,cclex_f6e980830ecaeccf,Orange,בחוץ,fuori,exact_lexical_entry,high,Ba-huts – Outside – בחוץ,draft_unverified
streetwise_match_2f4e3549d34ece58,streetwise_episode_241387d256473061,cclex_70e4a3bcc37ba7e6,Orange,בפנים,dentro,exact_lexical_entry,high,Bi-fnim – Inside – בפנים,draft_unverified
streetwise_match_3b6861a615b17106,streetwise_episode_241387d256473061,cclex_394b8ff287484bb9,Pink,בפנים,dentro,exact_lexical_entry,high,Bi-fnim – Inside – בפנים,draft_unverified
streetwise_match_6fc4af363873711b,streetwise_episode_241387d256473061,cclex_ed0714477d8edb46,Pink,בחוץ,fuori,exact_lexical_entry,high,Ba-huts – Outside – בחוץ,draft_unverified
streetwise_unmatched_f4348c0b86877324,streetwise_episode_3f465a6d13e194ac,,,,,unmatched_hebrew_page,low,"The Hebrew word להשכיב means, to put something",source_only
streetwise_unmatched_9dcc84bbbcb7ba84,streetwise_episode_544590b04c54eec7,,,,,unmatched_hebrew_page,low,"The Hebrew word סחורה means merchandise. When sellers in the fruit and vegetable markets shout סחורה אלף-אלף, what are they saying? And how do we say drug trafficking and drug deal",source_only
streetwise_match_eb315ab4b90245d6,streetwise_episode_22a2725642f30ead,cclex_7a7366ed4c9234c4,Dark Green,מציאות,realtà,exact_lexical_entry,high,"Metsiot – Findings, good deals – מציאות",draft_unverified
streetwise_match_fc1d8ebcafd068f6,streetwise_episode_22a2725642f30ead,cclex_2054bd4bdbf1da0a,Dark Green,מוצר,prodotto,exact_lexical_entry,high,Mutsar – Product – מוצר,draft_unverified
streetwise_match_3bb164a778dcff3e,streetwise_episode_22a2725642f30ead,cclex_33a657fcff01fe47,Dark Green,מזומן,contanti,exact_lexical_entry,high,Mezuman – Cash – מזומן,draft_unverified
streetwise_match_6428444a8404bc4c,streetwise_episode_22a2725642f30ead,cclex_ce344e513f92cf8c,Indigo,מציאות,realtà,exact_lexical_entry,high,"Metsiot – Findings, good deals – מציאות",draft_unverified
streetwise_match_112402219e9780ec,streetwise_episode_c85cc3e2ffd3fb29,cclex_274bc0a39d72c141,Green,אני אשלח,io - futuro di mandare,normalized_hebrew_phrase,medium,...מן לא מסונכרן ס נ כ ר נ לסנכרן את היומן סנכרון היומן לא מסונכרן היומן לא מסתנכרן לי זימון אני אשלח לך זימון שלח שלחי שלחו לי זימון אני שולח לך זימון עם כל הפרטים לוח זמנים לו ז הלו ז ,draft_unverified
streetwise_match_03b4e92119869a8a,streetwise_episode_a8f239b8bde796a2,cclex_4496f8fa934a370d,Red,שנים,anni,exact_lexical_entry,high,Shanim! – It's been years! – שנים,draft_unverified
streetwise_match_323ba4eec2e14c81,streetwise_episode_a8f239b8bde796a2,cclex_b7ef746512b0e382,Orange,שנים,anni,exact_lexical_entry,high,Shanim! – It's been years! – שנים,draft_unverified
streetwise_match_9ea970642a2ae9c4,streetwise_episode_c3fc31b0b9a1a13a,cclex_b85037400ce01b3f,Lime,אתם יודעים,voi (m.) - presente di sapere / conoscere,normalized_hebrew_phrase,medium,...למה אתה מכוון נמוך הם מכוונים גבוה מכוון צליל מכוון פסנתר לא מכוון אקדח מכוון לעבר מישהו אתם יודעים למי זה היה מכוון מכוון מטרה במכוון באופן מכוון כשאת אומרת לא למה את מתכוונת לא הבנת,draft_unverified
streetwise_match_e4ea78955f1b7a38,streetwise_episode_c3fc31b0b9a1a13a,cclex_90e42ac2fd0ec5a2,Dark Green,לא התכוונתי,non intendevo; non volevo,normalized_hebrew_phrase,medium,...שאת אומרת לא למה את מתכוונת לא הבנתי למה אתה מתכוון למה את מתכוונת התכוונתי כשאמרתי סליחה לא התכוונתי בלי כוונה לא בכוונה סליחה בלי כוונה אמרתי אתמול משהו שלא הייתי צריך להגיד זה לא ה,draft_unverified
streetwise_match_0ac49487d6c6fd5e,streetwise_episode_67ccef1090d47d65,cclex_0c9aaed1db5f0b56,Red,ממש לא,assolutamente no,normalized_hebrew_phrase,medium,...ה הכיוון הכללי כיוון התפילה אחי יש ך כיוון דופק חיוכים לכל הכיוונים יורה לכל הכיוונים אתה ממש לא בכיוון הנכון אתה בכיוון הנכון כיווני אוויר כמה כיווני אוויר יש דו כיווני כיווני חקירה,draft_unverified
streetwise_match_e038af3355624e72,streetwise_episode_9f4ffe112b3b5232,cclex_e8ea4422e81efb12,Blue,להסתיר,nascondere; occultare,exact_lexical_entry,high,Lehastir – To hide – להסתיר,draft_unverified
streetwise_unmatched_348f55cce8e26728,streetwise_episode_8f68d1be00b52f97,,,,,unmatched_hebrew_page,low,"In Hebrew, הפגנה is a demonstration, a protest. Israelis are very diligent protesters and demonstrators. Guy explains how to use the root פגנ to its fullest.",source_only
streetwise_unmatched_4d13d65d831b627e,streetwise_episode_6e29da40aa879e64,,,,,unmatched_hebrew_page,low,This episode is about the Hebrew root פקח. We call parking enforcement officers פקחי חניה. What might you say to one in order not to get a parking ticket? And what does this root h,source_only
streetwise_unmatched_733854cc02f2e51a,streetwise_episode_1b4e245d91510249,,,,,unmatched_hebrew_page,low,"There are so many סכנות, dangers, in everyday life. How do we say, ""it's not worth the risk,"" in Hebrew? And what does the Japanese word for fish have anything to do with taking ri",source_only
streetwise_match_f947cf1db178a2b5,streetwise_episode_c56184132628cd50,cclex_19c47aa20370558f,Lime,אנחנו הולכים,noi (m.) - presente di andare,normalized_hebrew_phrase,medium,...כמה עולה מינוי אצלכם מינוי חדר כושר מינוי לחודש מינוי לשנה מינוי זוגי מינוי לזוג בדרך כלל אנחנו הולכים למכון לאימון כושר אימון כמה פעמים את מתאמנת בשבוע תרגילים מחול איזה שיעורים יש א,draft_unverified
streetwise_match_5d939e11bcafc232,streetwise_episode_c56184132628cd50,cclex_87fbb2b82ad4f222,Lime,אני הולך,io (m.) - presente di andare,normalized_hebrew_phrase,medium,חדר כושר מכון כושר אני הולך למכון מנוי מינוי מינוי אחד פלוס אחד כמה עולה מינוי אצלכם מינוי חדר כושר מינוי לחודש מינוי...,draft_unverified
streetwise_match_49fee2a3519dcd18,streetwise_episode_18c6310a322b5d25,cclex_ed79858184ddcac2,Blue,לחשוף,rivelare; scoprire; mostrare,exact_lexical_entry,high,The Hebrew word לחשוף,draft_unverified
streetwise_match_4195c30c95b06c80,streetwise_episode_18c6310a322b5d25,cclex_0229047aea7cb508,Indigo,לחשוף את...,esporre / rivelare,normalized_hebrew_phrase,medium,...בדרך כלל במכוון גם אנשים עם גון עור כהה יישרפו אבל הם צריכים חשיפה יותר ממושכת הם מתחילים לחשוף את האיברים לחשוף את הגוף לשמש חשיפת יתר חשיפת יתר לשמש הילדים חשפו כבר חמישה מתקנים חשי,draft_unverified
streetwise_match_0b2ed2282138097c,streetwise_episode_742cf4c954ac4333,cclex_e04436cb5ef676ae,Purple,להתעסק,affrontare; occuparsi di,exact_lexical_entry,high,"Lehitasek – To busy oneself, to be involved with – להתעסק",draft_unverified
streetwise_match_6860b1658ded049b,streetwise_episode_d1b393046c54d0c9,cclex_0cf2936a5463afc3,Lime,הוא יודע,lui - presente di sapere / conoscere,normalized_hebrew_phrase,medium,...עסק עסק משפחתי עסקים כרגיל שבעה ימי עסקים יום עסקים לופטגעשעפט עסקי אוויר יש לך עסק איתי הוא יודע עם מי יש לו עסק,draft_unverified
streetwise_unmatched_f57cfa3ccea0c7dc,streetwise_episode_326bce74e31bdf88,,,,,unmatched_hebrew_page,low,"The Hebrew word להגיש is a verb with several different meanings. Food, university papers and TV shows — these are all things we can להגיש. Guy explains.",source_only
streetwise_unmatched_b87e9b52807ea8d2,streetwise_episode_21edde1ee9b9c29f,,,,,unmatched_hebrew_page,low,"In Hebrew, מתוק means sweet or sweetie. You might also hear מתוק used passive-aggressively by a person standing in a Tel Avivi line.",source_only
streetwise_match_4ded391085909acf,streetwise_episode_f27c8ce5e5d9016d,cclex_db087b9c21bb3233,Turquoise,קדימה,go venire on,exact_lexical_entry,high,Kadima – Go forward – קדימה,draft_unverified
streetwise_unmatched_04ec1cba49187dec,streetwise_episode_493a110e84ca9966,,,,,unmatched_hebrew_page,low,"The words להזהיר and אזהרה are used to warn someone of something or someone. We have many Hebrew expressions with אזהרה, warning, including the saying, רְאו הוזהרתם.",source_only
streetwise_unmatched_0c2c2947e5a55b0f,streetwise_episode_5b77642adb062a66,,,,,unmatched_hebrew_page,low,"How would you warn a friend who is about to be hit by an electric bike speeding on the sidewalk? We would shout, !זהירות The Hebrew word זהירות is an important word to know.",source_only
streetwise_match_de8026ef371a2222,streetwise_episode_4913ef549b724af7,cclex_010b89562e631050,Red,כסף,soldi / denaro,exact_lexical_entry,high,"How could it be that we still didn't dedicate an entire episode to the Hebrew word כסף, money? Let's correct that wrong. Guy explains the slangy term for someone who is ""loaded"" wi",draft_unverified
streetwise_match_dfd6117c0442cc61,streetwise_episode_4913ef549b724af7,cclex_50d4729aeac1c3ec,Lime,הוא עושה,lui - presente di fare,normalized_hebrew_phrase,medium,כסף כסף העברת כספים להעביר כסף לעשות כסף הוא עושה מזה כסף וואלה אפשר לעשות מזה כסף טחון בכסף לחסוך כסף לקבל כסף ממישהו תקבלו כסף ממקור בלתי...,draft_unverified
streetwise_match_e6f476d93d8a2d22,streetwise_episode_fbb297ce0f978b59,cclex_5a0f6fae66f30337,Blue,סיסמה,password (f.); parola d'ordine,exact_lexical_entry,high,Sisma – Password – סיסמה,draft_unverified
streetwise_match_4eb69b786817523e,streetwise_episode_fbb297ce0f978b59,cclex_04e660d2a8b0d5c8,Lime,סיסמה,password,exact_lexical_entry,high,Sisma – Password – סיסמה,draft_unverified
streetwise_unmatched_4134ccde70bd9db9,streetwise_episode_0532647e696cb828,,,,,unmatched_hebrew_page,low,Nifgashim be-shesh? – Are we meeting at six? – נפגשים בשש,source_only
streetwise_unmatched_d2c4bbfc7215eff4,streetwise_episode_d6fed1612539cc14,,,,,unmatched_hebrew_page,low,ב.ל.ב.ל,source_only
streetwise_match_86977b2b3f54be5c,streetwise_episode_9b544d8be1dcb35b,cclex_edbb4c7506f082e9,Lime,אתם חושבים,voi (m.) - presente di pensare,normalized_hebrew_phrase,medium,...לבלה להיות בבלבלה הוא בבלבלות הלו אחי אתה בבלבלות רציניות אני כולי בבלבלות אתם בבלבלות אם אתם חושבים ככה כל השוק בבלבלה צניחות וירידות,draft_unverified
streetwise_match_67ca0bb5da62c2fe,streetwise_episode_5b55d3b59d108a13,cclex_3ffc22d20ae57dfc,Green,בזמן האחרון,ultimamente / recentemente,exact_lexical_entry,high,Ba-zman ha-acharon – Lately – בזמן האחרון,draft_unverified
streetwise_unmatched_b413b03cfcd0e152,streetwise_episode_fe37369116933cff,,,,,unmatched_hebrew_page,low,"What does this mean in Hebrew: חברים, רגע, אל תתפזרו לי. We use it to say, ""let's get back on track!"" On this episode, Guy talks about all things that can scatter, including people",source_only
streetwise_match_a6df74a2f7ce8362,streetwise_episode_e32a678eeac32877,cclex_bc7bd29eb3a5b0a3,Orange,אחר כך,dopo / in seguito,normalized_hebrew_phrase,medium,...את הילדים לגנים לפזר למסגרות פיזור גבינה פיזור הקומפוסט פיזרת כבר אני בפיזורים אני אתקשר אחר כך פיזור הפרלמנט פיזור הכנסת הם רוצים לפזר את הפרלמנט תשע פיזור בשיער פזור לפזר את השיער ש,draft_unverified
streetwise_match_fc9248ca20a2d7da,streetwise_episode_e32a678eeac32877,cclex_7945ecdfa467191b,Lime,הם רוצים,loro (m.) - presente di volere,normalized_hebrew_phrase,medium,...ור גבינה פיזור הקומפוסט פיזרת כבר אני בפיזורים אני אתקשר אחר כך פיזור הפרלמנט פיזור הכנסת הם רוצים לפזר את הפרלמנט תשע פיזור בשיער פזור לפזר את השיער שיער אסוף פיזור דעת מפוזר הספרים ,draft_unverified
streetwise_match_b2a07d98ed7d199a,streetwise_episode_e32a678eeac32877,cclex_1fc36b9094bd6f81,Indigo,שיער אסוף,capelli raccolti,exact_lexical_entry,high,Se'ar asuf – Hair up – שיער אסוף,draft_unverified
streetwise_match_931cd87a4c51c031,streetwise_episode_649b15e832876ebb,cclex_da22cc7024260971,Purple,לצעוד,camminare; fare un passo,exact_lexical_entry,high,The Hebrew word לצעוד means to march. But it can also mean to walk or to advance. No wonder politicians love this verb!,draft_unverified
streetwise_unmatched_906357066748eeda,streetwise_episode_321b2e2b691e6a30,,,,,unmatched_hebrew_page,low,"Tens of thousands marched in this year's מצעד הגאווה, gay pride parade, in Tel Aviv, which gave us a good excuse to talk about the Hebrew word מצעד and its root צ.ע.ד.",source_only
streetwise_match_08aae08f9f4f4e73,streetwise_episode_82af46c6a5265a69,cclex_2f6c9a7d8c238007,Red,לא ממש,non davvero,normalized_hebrew_phrase,medium,...מפריע למישהו מפריע לך ש אתה מפריע לי לעבוד זה מפריע לי לישון יפריע לך אם אני אעבוד פה לא לא ממש לא יפריע לי בנים יפריע לכם אם החדר שלנו קצת ילדותי אני לא הפרעתי לך אתה אל תפריע לי אל ,draft_unverified
streetwise_match_50f42e730f15f2a8,streetwise_episode_82af46c6a5265a69,cclex_0c9aaed1db5f0b56,Red,ממש לא,assolutamente no,normalized_hebrew_phrase,medium,...ריע למישהו מפריע לך ש אתה מפריע לי לעבוד זה מפריע לי לישון יפריע לך אם אני אעבוד פה לא לא ממש לא יפריע לי בנים יפריע לכם אם החדר שלנו קצת ילדותי אני לא הפרעתי לך אתה אל תפריע לי אל תפ,draft_unverified
streetwise_match_4d2169425434aea1,streetwise_episode_3be5ef6f19581e17,cclex_540298f375effefd,Pink,יש מצב,può essere / è possibile / forse,normalized_hebrew_phrase,medium,...ירים מקפיצים וואו הקפצת אותי הקפיץ לי את הפיוז אתה יודע מה הקפיץ אותי להקפיץ מישהו לאנשהו יש מצב שאת מקפיצה אותי לתחנה אתה יכול להקפיץ לי את הספר התוכנית שתקפיץ לכם את המכירות הסוד שי,draft_unverified
streetwise_match_55c7e55de2a2bae8,streetwise_episode_3be5ef6f19581e17,cclex_de34236689013d20,Blue,להקפיץ,saltare; rimbalzare; oscillare,exact_lexical_entry,high,The Hebrew word להקפיץ means to cause something to jump. But how else can we use it?,draft_unverified
streetwise_match_0d017425d018c282,streetwise_episode_3be5ef6f19581e17,cclex_835d0e65fe5e6216,Lime,אתה יודע,tu (m.) - presente di sapere / conoscere,normalized_hebrew_phrase,medium,...ק על הברכיים להקפיץ את הרגל מוזיקה מקפיצה שירים מקפיצים וואו הקפצת אותי הקפיץ לי את הפיוז אתה יודע מה הקפיץ אותי להקפיץ מישהו לאנשהו יש מצב שאת מקפיצה אותי לתחנה אתה יכול להקפיץ לי את,draft_unverified
streetwise_match_5a48abac33ec27fc,streetwise_episode_284d7d464fb3a298,cclex_36aa99b0f0131c95,Blue,לקפוץ,saltare; balzare,exact_lexical_entry,high,"The Hebrew word לקפוץ means to jump. But its root has many more uses than just that. For instance, there's a common phrase that's used to describe the actions of a person who has n",draft_unverified
streetwise_match_98957d223f48cebb,streetwise_episode_231ad6101a1b0924,cclex_26a1fc5d470207be,Blue,לארח,ospitare; alloggiare,exact_lexical_entry,high,Le'arech – To host – לארח,draft_unverified
streetwise_match_e796139df7154cdc,streetwise_episode_231ad6101a1b0924,cclex_e4ff23581a3ec2d1,Blue,להתארח,essere ospitato; alloggiare,exact_lexical_entry,high,Lehit'arech – To be hosted – להתארח,draft_unverified
streetwise_unmatched_e8a71d3f40a27dda,streetwise_episode_9f54748f65b2225a,,,,,unmatched_hebrew_page,low,"The Hebrew word אסור means forbidden, must not. Its root, אסר, provides us all sorts of ways to say, ""we shouldn't do that."" So let's try to follow the rules because otherwise we m",source_only
streetwise_match_5cc093372eab003d,streetwise_episode_b8aee070b6a575e5,cclex_370c0373a7a42575,Dark Green,מותר,essere permesso,exact_lexical_entry,high,"Israelis google lots of questions with the word מותר. To whom are they turning for answers? Doctors, experts, rabbis and others knowledgeable people. They want to know what's allow",draft_unverified
streetwise_match_ace89aa74c723141,streetwise_episode_0a975ace4f7b4869,cclex_942e69bf4e6d75e1,Dark Green,לתאר את,descrivere,normalized_hebrew_phrase,medium,לתאר לתאר את יפה שקשה לתאר לתאר אין לי מילים לתאר לך לא אין לתאר תתארו לכם עולם יפה אני מתאר מתארת לעצ...,draft_unverified
streetwise_unmatched_8ccf152d8ccf349d,streetwise_episode_d5370be1534d5978,,,,,unmatched_hebrew_page,low,"Nora – Terrible, horrible, awful – נורא",source_only
streetwise_unmatched_4c8b77f2cd29db81,streetwise_episode_42bf1b3b0344e9bf,,,,,unmatched_hebrew_page,low,"I need to make some בירורים, inquiries about someone, לברר a few things about him. This is Guy's second episode dedicated to the root",source_only
streetwise_match_d6aaa1ee76a65e9c,streetwise_episode_9cada8b6d2051ba1,cclex_b0e92e7ea9429ef7,Red,ברור,chiaro,exact_lexical_entry,high,"Barur – Clear, clearly, of course – ברור",draft_unverified
streetwise_match_3ba70e700f250212,streetwise_episode_9cada8b6d2051ba1,cclex_5c2013d5afdcd343,Dark Green,ברור,chiaro,exact_lexical_entry,high,"Barur – Clear, clearly, of course – ברור",draft_unverified
streetwise_unmatched_96c86a56eb0e3855,streetwise_episode_6e7b80e2fa035de4,,,,,unmatched_hebrew_page,low,"to Hebrew? Well, it depends on the context. Guy explains when we can use נעים and when we must opt for a more appropriate Hebrew word.",source_only
streetwise_match_27b5f4683d921f3e,streetwise_episode_ec711a42e35a7aa0,cclex_2054bd4bdbf1da0a,Dark Green,מוצר,prodotto,exact_lexical_entry,high,Mutsar – Product – מוצר,draft_unverified
streetwise_match_308b5a526fcfccfc,streetwise_episode_f5882b06863d1476,cclex_afae7779256e37b6,Dark Green,ליצור,creare,exact_lexical_entry,high,"Litsor – To create, make, produce – ליצור",draft_unverified
streetwise_match_3ea139fc0a8d7a02,streetwise_episode_f5882b06863d1476,cclex_8934a4df4fe1edae,Turquoise,ליצור,creare,exact_lexical_entry,high,"Litsor – To create, make, produce – ליצור",draft_unverified
streetwise_match_bcb4197120a1a5b7,streetwise_episode_f5882b06863d1476,cclex_c502bb6cf453f486,Indigo,יצירה,creazione / opera,exact_lexical_entry,high,"Yetsira – Creation, piece, work – יצירה",draft_unverified
streetwise_match_19dcaac9cfa4ddeb,streetwise_episode_f5882b06863d1476,cclex_b92cd3c2ef48abef,Indigo,יצירתיות,creatività,exact_lexical_entry,high,Creativity – Yetsiratiyoot – יצירתיות,draft_unverified
streetwise_unmatched_4e5e276035a983d1,streetwise_episode_7aca1ae9c100bded,,,,,unmatched_hebrew_page,low,"An Argentinean architect listener of the podcast wrote to say that we had to do an episode about the word לבנות (livnot), which means to build. We don't have it in us to tear down ",source_only
streetwise_unmatched_1ca71dcb4cae9e28,streetwise_episode_4d44172c40a97be5,,,,,unmatched_hebrew_page,low,How do we congratulate a friend who closed on a new house? How about someone who just landed a new job? New partner? Today Guy explains תתחדש.,source_only
streetwise_unmatched_6f78e61605fb734b,streetwise_episode_8642aff042e3427e,,,,,unmatched_hebrew_page,low,"Ani mekorar, mekoreret – I have a cold – אני מקורר, אני מקוררת",source_only
streetwise_match_658a8999e4cc9372,streetwise_episode_558f1b6e5e76aab4,cclex_61e9f8bfae113de4,Red,יום שישי,venerdì,normalized_hebrew_phrase,medium,...תמול סיכמנו שהכל שטויות אבל סיכמנו אז אנחנו מסכמים על שקל אז אנחנו מסכמים שאתה מסיים לפני יום שישי אל תכלאוני בשום כלוב אל תסכמו אותי בוויקיפדיה לסכם שיעור מסכם מסכמת סיכומי שיעור סיכ,draft_unverified
streetwise_match_10661ff6f6ef443d,streetwise_episode_558f1b6e5e76aab4,cclex_ab491df48994e40c,Lime,אני רואה,io (m.) - presente di vedere,normalized_hebrew_phrase,medium,...לכלה סיכום שנתי במוסיקה סכום סכומים אתה צריך לשלם סכום של שקל משחק סכום אפס הסכום המדוייק אני רואה שנכנסו לך כמה סכומים גדולים קצת גדול עליי הסכום הזה זה סכום סכום סוכם אז סוכם ש על כ,draft_unverified
streetwise_match_76c2821b65e77f9d,streetwise_episode_3351ba8b5f14130d,cclex_2f1fa2ab4faddaa5,Lime,אני רוצה,io (m.) - presente di volere,normalized_hebrew_phrase,medium,...לי פה ב בקשה לא צריך לעצור לפניו לעצור עוצרים עצור עצור עצור רגע לא הבנתי תעצרו את העולם אני רוצה לרדת עצרו תעצרו עצרי תעצרי לעצור המשטרה עצרה חשוד מעצר מעצרים עצירה השוטרים עצרו חשוד,draft_unverified
streetwise_match_6b1f6faaebd79ea1,streetwise_episode_3351ba8b5f14130d,cclex_ce52b39fb9e869ac,Dark Green,לעצור,fermarsi; fermare,exact_lexical_entry,high,Laatsor – To stop – לעצור,draft_unverified
streetwise_match_a4c7fe18e445a9ea,streetwise_episode_3351ba8b5f14130d,cclex_02997554ae317260,Dark Green,...לעצור את,arrestare,normalized_hebrew_phrase,medium,...ר המשטרה עצרה חשוד מעצר מעצרים עצירה השוטרים עצרו חשוד החשוד נעצר עצירות עוצר עצור חייבים לעצור את זה,draft_unverified
streetwise_unmatched_9336d31832579fc5,streetwise_episode_0fb6a86224fae393,,,,,unmatched_hebrew_page,low,"In Hebrew, עין הרע means the Evil Eye. There are folks here in Israel who perform ceremonies to get rid of עין הרע. On this episode, Guy explains the word רע (ra), and also discuss",source_only
streetwise_unmatched_ac806918924a2991,streetwise_episode_a13fcf962b54f21a,,,,,unmatched_hebrew_page,low,"The Hebrew word טוב means good. How would we use טוב when speaking to a well-behaving female dog? How about a male dog? The difference, as it turns out, is more than just changing ",source_only
streetwise_match_3f94b2fb2cb37ae5,streetwise_episode_e9eaaae586857408,cclex_d4fe96f4413cf78d,Lime,אישור,approvazione / conferma,exact_lexical_entry,high,"The Hebrew word אישור can mean to ""green light"" a new project. So what does a friend request on social media have to do with it? Guy explains.",draft_unverified
streetwise_match_1e8a7a2b59881b78,streetwise_episode_cd084e46370c16e0,cclex_34e4398f799de88b,Red,כלום,niente,exact_lexical_entry,high,"Does it make sense to dedicate an entire podcast episode to… nothing? Yes, yes it does! The word כלום, which means ""nothing,"" often comes in the form of a double negative. Guy expl",draft_unverified
streetwise_unmatched_94f506863d68a203,streetwise_episode_30353206e4de9e8d,,,,,unmatched_hebrew_page,low,"Every so often, Israeli tax authorities launch a public campaign targeting tax evaders. So how do we say in Hebrew evaders, evade, evasion, and other goodies from root עלמ in the h",source_only
streetwise_match_dae68a7ec4a533ff,streetwise_episode_421ff8c6aee8bf73,cclex_1df9542be12be45c,Blue,נעלם,scomparso; sparito,exact_lexical_entry,high,"The word נעלם means 'disappeared' or 'is missing.' In hitpael, the meaning becomes 'to ignore,' useful when you need to ignore someone, some thing, or more specifically in our case",draft_unverified
streetwise_match_5ab1b5241a33b034,streetwise_episode_421ff8c6aee8bf73,cclex_5e0a07d4a22c57a3,Green,מערכת יחסים,relazione,normalized_hebrew_phrase,medium,...עלם תתעלמי תתעלמו תתעלם ממנו סורי שלחתי בטעות תתעלם תתעלמי תתעלמו נהג אל תתעלם מהולך הרגל מערכת יחסים אלימה ומסוכנת אל תתעלמי אל תתעלמי מהסימנים,draft_unverified
streetwise_match_9494fd7e6ce169e0,streetwise_episode_593fcf2810144793,cclex_1df9542be12be45c,Blue,נעלם,scomparso; sparito,exact_lexical_entry,high,"The Hebrew word נעלם means 'disappeared' or 'is missing,' and in order to use it in different contexts, you'll need to know how to conjugate it. Also, what can science tell us abou",draft_unverified
streetwise_match_dadb881aac6407bb,streetwise_episode_593fcf2810144793,cclex_6b6091c6a1537393,Dark Green,להיעלם,sparire,exact_lexical_entry,high,Le-he-a-lem – To disappear – להיעלם,draft_unverified
streetwise_match_23134ed4897be55b,streetwise_episode_593fcf2810144793,cclex_5d5167f2adfc8167,Turquoise,להיעלם,sparire,exact_lexical_entry,high,Le-he-a-lem – To disappear – להיעלם,draft_unverified
streetwise_match_7f189092690f9bea,streetwise_episode_fb84b7b1a74aff38,cclex_3a25c80dc5c2cde9,Orange,לנסוע,viaggiare,exact_lexical_entry,high,Linso'a – To travel – לנסוע,draft_unverified
streetwise_match_32e5222fc2935502,streetwise_episode_fb84b7b1a74aff38,cclex_f2fcc08c43e79c18,Dark Green,לנסוע,viaggiare,exact_lexical_entry,high,Linso'a – To travel – לנסוע,draft_unverified
streetwise_match_11403f08d3de9424,streetwise_episode_4d050df7b992e21f,cclex_03f4fef97c4e813b,Turquoise,יקום,universe,exact_lexical_entry,high,Yekum – Universe – יקום,draft_unverified
streetwise_match_75a8d5363c1fa2c5,streetwise_episode_4d050df7b992e21f,cclex_7e7dccdba5760de7,Purple,הארה,risveglio (m.); epifania; illuminazione (f.),exact_lexical_entry,high,He-ara – Enlightenment – הארה,draft_unverified
streetwise_match_40e091ef86c99e64,streetwise_episode_4d050df7b992e21f,cclex_912f1d4523082738,Purple,הארה,epifania; illuminazione (f.),exact_lexical_entry,high,He-ara – Enlightenment – הארה,draft_unverified
streetwise_match_c3ea1bec827ced78,streetwise_episode_9c9a8a56df88e61e,cclex_ad89616d564f671a,Lime,לחזור,ripetere / tornare (infinito),exact_lexical_entry,high,Lachzor – To go back – לחזור,draft_unverified
streetwise_match_75c0a49bb2587fe0,streetwise_episode_9c9a8a56df88e61e,cclex_3784a5a909291be2,Dark Green,לחזור,tornare,exact_lexical_entry,high,Lachzor – To go back – לחזור,draft_unverified
streetwise_match_249b0404f59c3a58,streetwise_episode_a9cadb992a746fa7,cclex_88cecff3c8475463,Purple,נגיעה,un pizzico / un goccio,exact_lexical_entry,high,Negi'ah – Touching – נגיעה,draft_unverified
streetwise_match_098acb633ac761bc,streetwise_episode_8162e58625a8fbf6,cclex_f067e6a54972e796,Lime,להצליח,riuscire,exact_lexical_entry,high,Lehatsliach (Hif'il) – To succeed – להצליח,draft_unverified
streetwise_match_ca1df45622b36a9d,streetwise_episode_8162e58625a8fbf6,cclex_5090abc8136abf3d,Dark Green,להצליח,riuscire; avere successo,exact_lexical_entry,high,Lehatsliach (Hif'il) – To succeed – להצליח,draft_unverified
streetwise_match_a4d861ad5a7389c0,streetwise_episode_982fd5df4476c6cd,cclex_42e078075baeb886,Lime,לשנות את,cambiare,normalized_hebrew_phrase,medium,...צליח אמן שתצליחי אמן הלוואי שתצליח להצליח בגדול אלף כבאים לא יצליחו לכבות אותי איך תצליחי לשנות את עצמך אם את רואה שאת לא מצליחה להגיע לא חשוב אתה בטוח שתצליח איך להצליח בריצות ארוכות,draft_unverified
streetwise_match_d803a09fef4a34fa,streetwise_episode_982fd5df4476c6cd,cclex_f067e6a54972e796,Lime,להצליח,riuscire,exact_lexical_entry,high,The Hebrew word להצליח means,draft_unverified
streetwise_match_681f953ddec4f5f9,streetwise_episode_982fd5df4476c6cd,cclex_5090abc8136abf3d,Dark Green,להצליח,riuscire; avere successo,exact_lexical_entry,high,The Hebrew word להצליח means,draft_unverified
streetwise_match_217192cec9128077,streetwise_episode_982fd5df4476c6cd,cclex_c1e467f601f6f40c,Indigo,לשנות את,cambiare,normalized_hebrew_phrase,medium,...צליח אמן שתצליחי אמן הלוואי שתצליח להצליח בגדול אלף כבאים לא יצליחו לכבות אותי איך תצליחי לשנות את עצמך אם את רואה שאת לא מצליחה להגיע לא חשוב אתה בטוח שתצליח איך להצליח בריצות ארוכות,draft_unverified
streetwise_match_312cb285efa3ea76,streetwise_episode_10bfe2d099052dba,cclex_82ad9d0543b88cda,Yellow,מזגן,aria condizionata,exact_lexical_entry,high,"Nothing pairs better with a hot and humid Israeli summer than מזגן, air conditioning. So what should we say to the taxi driver who's got all the windows rolled down? And why did th",draft_unverified
streetwise_match_262e4db17e25e729,streetwise_episode_52ccecf1da1034e0,cclex_8c5b43e0c5976483,Red,עוד לא,non ancora,normalized_hebrew_phrase,medium,...ה הפרי הבשיל האדים הלבין השמין בשל קבלו טיפ קליפת אבוקדו בשל תמיד תהיה מבריקה פרי בשל הוא עוד לא בשל לתפקיד לא הבשילו התנאים מבשלה מבשלת בירה תבשיל,draft_unverified
streetwise_match_936c16df844a1802,streetwise_episode_2c4c1753a091de69,cclex_af53cba0d16a4aa0,Orange,לבשל,cucinare,exact_lexical_entry,high,Levashel – To cook – לבשל,draft_unverified
streetwise_match_340822c172f6ffa4,streetwise_episode_2c4c1753a091de69,cclex_8ea781a91fe736c0,Pink,לבשל,cucinare,exact_lexical_entry,high,Levashel – To cook – לבשל,draft_unverified
streetwise_match_0734df7bf77cd195,streetwise_episode_2c4c1753a091de69,cclex_b5da48246368f7ee,Lime,לבשל,cucinare,exact_lexical_entry,high,Levashel – To cook – לבשל,draft_unverified
streetwise_unmatched_98a3170e403f972c,streetwise_episode_19eda6336ccba6ae,,,,,unmatched_hebrew_page,low,The Hebrew word העברה (,source_only
streetwise_match_eeb18174204aee78,streetwise_episode_9f2d536a47c4892c,cclex_f3a9a3d796e2c203,Red,בוקר טוב,buongiorno,normalized_hebrew_phrase,medium,...זה פשוט סיוט להעביר את הזמן הוא סתם מעביר את כל היום מול המחשב זה רק הרגל ישן שמעביר לי ת בוקר טוב תעביר תעבירי אותי למנהל בבקשה אל תעבירו לי שיחות תעבירו הוא לא העביר אותי היא לא העב,draft_unverified
streetwise_match_2375273ecf3a1ea9,streetwise_episode_b5e912c1e3d6b2f6,cclex_8c5b43e0c5976483,Red,עוד לא,non ancora,normalized_hebrew_phrase,medium,...ים היא עוברת לתל אביב לעבור אצל מישהו תעבור אצלי היום תעברי אצלי בדרך החוצה לעבור על החוק עוד לא עברתי על המיילים שלי לעבור את הרחוב הוא עבר באדום שלמה שרת עובר זה עובר עבר כל גבול עב,draft_unverified
streetwise_match_a49186151008e1d6,streetwise_episode_b5e912c1e3d6b2f6,cclex_126a4885f0fce5d1,Red,נראה לי,secondo me / mi sembra,normalized_hebrew_phrase,medium,ע ב ר היא לא יודעת מה עובר עליי מה עובר עלייך עליך מי יודע מה עבר עליי מה עבר עליך נראה לי עובר עליו משהו הזמן עובר לאט הזמן עובר זמנך עבר הזמן עבר לעבור מאנדרואיד לאייפון תעברו לי...,draft_unverified
streetwise_match_cb08ee39a7a17425,streetwise_episode_b5e912c1e3d6b2f6,cclex_efc4b79c8c6d2e78,Indigo,לעבור על החוק,violare la legge,exact_lexical_entry,high,Laavor al ha-chok – To break the law – לעבור על החוק,draft_unverified
streetwise_match_62e64edafdbf35f3,streetwise_episode_cd86dbf4cfd560a5,cclex_44172ec93915a6f9,Yellow,עבר,passato,exact_lexical_entry,high,Avar – Past tense – עבר,draft_unverified
streetwise_match_e4f9d1f7e7dfa51d,streetwise_episode_93f510d3af543eba,cclex_f73d4b5cff8c4899,Blue,להאשים,accusare; imputare,exact_lexical_entry,high,Leha'ashim – to accuse – להאשים,draft_unverified
streetwise_match_ec90e17a296bc694,streetwise_episode_93f510d3af543eba,cclex_4a52f0db30c2c13e,Blue,אשמה,colpa (f.); senso di colpa,exact_lexical_entry,high,"Ashma – Blame, fault, charge – אשמה",draft_unverified
streetwise_match_2dd45e952097b9ed,streetwise_episode_93f510d3af543eba,cclex_3529e608fa1be6f1,Dark Green,אשמה,colpa; senso di colpa,exact_lexical_entry,high,"Ashma – Blame, fault, charge – אשמה",draft_unverified
streetwise_match_2a59cd049ce4952c,streetwise_episode_52c9c7496bbfaf7b,cclex_83b64c2e4915e78d,Red,עוגה,torta,exact_lexical_entry,high,ooGA – Cake – עוגה,draft_unverified
streetwise_match_20191be4b855ceee,streetwise_episode_f9e478d5f8929de6,cclex_6edbff9db0ebb320,Orange,קודם,prima,exact_lexical_entry,high,Kodem – Before – קודם,draft_unverified
streetwise_match_f2a930cecc513138,streetwise_episode_f9e478d5f8929de6,cclex_db087b9c21bb3233,Turquoise,קדימה,go venire on,exact_lexical_entry,high,"Kadima – Forward, onward – קדימה",draft_unverified
streetwise_match_162fa8f7e188105b,streetwise_episode_8a2cd89cfbec824b,cclex_13ad7d97f9296b8c,Lime,אתה הולך,tu (m.) - presente di andare,normalized_hebrew_phrase,medium,...קדימו תקדימו את התורים שלכם שנקדים הישיבה הפגישה הוקדמה לא אמרו לך הטיסה הוקדמה בעשר דקות אתה הולך לישון מוקדם גילוי מוקדם גילוי מוקדם של סרטן השד יכול להציל חיים במוקדם או במאוחר הקד,draft_unverified
streetwise_match_ff729e535b4f9e59,streetwise_episode_2fe66dfe7d77089d,cclex_2f1fa2ab4faddaa5,Lime,אני רוצה,io (m.) - presente di volere,normalized_hebrew_phrase,medium,...ידום דיגיטלי קידום בגוגל קידום עצמי אתה חייב לקדם אורגנית את האתר שלך לקדם את תהליך השלום אני רוצה לקדם בברכה את תוכן מקודם פוסט מקודם ציוץ מקודם היא קודמה לתפקיד בכיר הוא קודם לתפקיד,draft_unverified
streetwise_match_4bd5833359ed30cc,streetwise_episode_65218f858215cc01,cclex_ab491df48994e40c,Lime,אני רואה,io (m.) - presente di vedere,normalized_hebrew_phrase,medium,תתקדם קדמ קדמ מתקדם יואל מסמן שכדאי להתקדם לעברן תתקדם תתקדם אתה רואה אותי אני רואה אותך נו איך זה מתקדם קורס מתקדם רמת מתחילים רמה בינונית רמת מתקדמים התקדם ל תתקדם לי בואו...,draft_unverified
streetwise_match_b4a8afbf423df54e,streetwise_episode_41a0b64bfd3abd3e,cclex_184d89a34b0c6dbe,Yellow,מנה,dish course portion,exact_lexical_entry,high,"Mana – Portion, dose – מנה",draft_unverified
streetwise_unmatched_8e58f73e93ad9398,streetwise_episode_32e761220d039973,,,,,unmatched_hebrew_page,low,Lits'hok – To laugh – לצחוק,source_only
streetwise_match_ab4a61a43bb35184,streetwise_episode_96d164cee6ac7024,cclex_50d4729aeac1c3ec,Lime,הוא עושה,lui - presente di fare,normalized_hebrew_phrase,medium,...צחוק הגורל הוא היה מנהל בנק ועכשיו הוא בכלא לעשות צחוק מעבודה אתה עושה צחוק מעבודה מה זה הוא עושה צחוק את עושה מעצמך צחוק בצחוק סתם בצחוק די נו בצחוק נשפכנו מצחוק שופך מצחוק מת מצחוק ,draft_unverified
streetwise_match_b170527420df7ed5,streetwise_episode_96d164cee6ac7024,cclex_28733a7d76e1789b,Lime,את עושה,tu (f.) - presente di fare,normalized_hebrew_phrase,medium,...א היה מנהל בנק ועכשיו הוא בכלא לעשות צחוק מעבודה אתה עושה צחוק מעבודה מה זה הוא עושה צחוק את עושה מעצמך צחוק בצחוק סתם בצחוק די נו בצחוק נשפכנו מצחוק שופך מצחוק מת מצחוק נקרע מצחוק צח,draft_unverified
streetwise_unmatched_618cc156760e4203,streetwise_episode_1af15b3e473fdb33,,,,,unmatched_hebrew_page,low,"The Hebrew word שרוף means burnt, and its root takes us on an exciting semantic road trip. Guy covers everything from a burning sensation to diehard football fans, seared vegetable",source_only
streetwise_match_5657d4cb97d7aba6,streetwise_episode_c8333f2b18be9e61,cclex_bec855f13f6c1a8b,Red,קטן,piccolo,exact_lexical_entry,high,Katan – Small – קטן,draft_unverified
streetwise_match_f3de9cd7244a19c5,streetwise_episode_c8333f2b18be9e61,cclex_ef721a885d2aaba6,Purple,בקטנה,niente di grave; non è importante,exact_lexical_entry,high,"Ba-ktana – A bit, small size of something – בקטנה",draft_unverified
streetwise_match_1d5efcdc41250e92,streetwise_episode_8dcdb84e31b02c7b,cclex_e6ff1c93d6675c9d,Blue,לסבול,soffrire; patire,exact_lexical_entry,high,Lisbol – To suffer – לסבול,draft_unverified
streetwise_unmatched_279c66be1f60278c,streetwise_episode_0611c41b119130cb,,,,,unmatched_hebrew_page,low,"Is it okay to save an open parking spot for someone, shooing away other drivers? Well, that's what many Tel-Avivim do. It's called לשמור חניה, and it happens all the time.",source_only
streetwise_unmatched_595af8e8e56eacec,streetwise_episode_36bed2333587d558,,,,,unmatched_hebrew_page,low,"The Hebrew words שומר, משמרת, שמירה, משמר, all come from the same shoresh, שמר. On this episode, Guy continues where he left off in the previous episode with the shoresh שמר and, a",source_only
streetwise_unmatched_5d1e2974f835d3b0,streetwise_episode_d7302ca4f696d366,,,,,unmatched_hebrew_page,low,"The Hebrew word שימור (shimur) is an interesting one. We use שימור to say canned goods, the preservation of historic buildings, and even customer retention. Guy explains.",source_only
streetwise_unmatched_72d91788991cd98e,streetwise_episode_5038cd1f80379b37,,,,,unmatched_hebrew_page,low,"In Hebrew, שירה means singing. It can also be used to mean poetry. It depends on the context. On this episode, Guy reviews the words that stem from the root ש/י/ר and several well-",source_only
streetwise_match_467e22b4927c76e7,streetwise_episode_ce5e4a627bfaa7fd,cclex_a6532b10229f2754,Turquoise,לאמץ את,adottare,normalized_hebrew_phrase,medium,...ה שאני אוהב אותך יש לך אומץ לעשות משהו אין לי אומץ מבחן אומץ אמיץ אמיצה מאמץ אחרון להפסיק לאמץ את הקול אימוץ כלבים לאמץ כלבים בנאדם תתאמץ להתאמץ אל תתאמץ תתאמצי תתאמצו פריסטייל מה שבא,draft_unverified
streetwise_match_f7645f01b072f997,streetwise_episode_ce5e4a627bfaa7fd,cclex_8706223b2c730642,Indigo,לאמץ את...,adottare,normalized_hebrew_phrase,medium,...ה שאני אוהב אותך יש לך אומץ לעשות משהו אין לי אומץ מבחן אומץ אמיץ אמיצה מאמץ אחרון להפסיק לאמץ את הקול אימוץ כלבים לאמץ כלבים בנאדם תתאמץ להתאמץ אל תתאמץ תתאמצי תתאמצו פריסטייל מה שבא,draft_unverified
streetwise_unmatched_6e56c397257f9471,streetwise_episode_8f46b9fd113f0564,,,,,unmatched_hebrew_page,low,"""Tamid ohev, tamid nifga"" – He always loves, he always gets hurt – תמיד אוהב, תמיד נפגע",source_only
streetwise_match_6b811e52cfae2c35,streetwise_episode_f0ea9aa2a2a479a5,cclex_0496e9dc6f47b7d5,Orange,מאה אחוז,cento per cento,normalized_hebrew_phrase,medium,...נפגע נפגע נפגעים יש נפגעים מתחילת השנה הנוכחית נפגעו כ רוכבי אופניים וקורקינטיים חשמליים מאה אחוז מהנפגעים שנפגעו קשה עם חבלת ראש קשה לא חבשו קסדה האם סם האקסטזי יכול לסייע בטיפול בנפ,draft_unverified
streetwise_unmatched_a1a3f1d45b0f118b,streetwise_episode_6d73056571265d66,,,,,unmatched_hebrew_page,low,"On this episode, Guy covers the verb לפגוע (lifgo'a), meaning to hurt, and its usage in everyday Hebrew.",source_only
streetwise_match_759023f0060c9e35,streetwise_episode_72bbe703ac91a497,cclex_6b83275126ad38a4,Red,אחת וחצי,l'una e mezza,normalized_hebrew_phrase,medium,...כון מצויין תודה רבה מחוזק פיצה מחוזקת פיצה משפחתית לבצק החדש הוסיפו עגבניות מיובשות חיזקו אחת וחצי בצוהוריים זו שעה לגיטימית לקפה מחוזק נכון חוזר בתשובה הרכב התחזק הוא התחזק השקל התחז,draft_unverified
streetwise_match_197a7bf22ca891c6,streetwise_episode_eef7b9459d08e4e2,cclex_7afff671901b0c1c,Red,אף אחד לא,nessuno,normalized_hebrew_phrase,medium,...מחזיקה מעצמה הוא מחזיק מעצמו מינימום אלוהים אני לא מחזיק ממנו מי יודע מה להחזיק מישהו קצר אף אחד לא מחזיק אותך פה בכוח מחזיק מפתחות מחזיקי מפתחות איך להכין מחזיקי מפתחות בצורת פירות ה,draft_unverified
streetwise_unmatched_49af8038bb782ac2,streetwise_episode_a1f66e7c7a469b27,,,,,unmatched_hebrew_page,low,"Israelis sometimes use a single word to review a movie or tv series: ""!חזק"" In Hebrew, חזק (pronounced",source_only
streetwise_match_5a665815f4d82bfa,streetwise_episode_048ed0b0ad213320,cclex_8c5b43e0c5976483,Red,עוד לא,non ancora,normalized_hebrew_phrase,medium,...אותי המשטרה סתם מחפשת אותי חפש אותי בראשון המשטרה עורכת חיפושים אחריו אני עדיין בחיפושים עוד לא מצאתי כלום,draft_unverified
streetwise_match_fbf40bcfa4a9e2b3,streetwise_episode_048ed0b0ad213320,cclex_ea360e7b08e69efa,Lime,לחפש,cercare,exact_lexical_entry,high,"Lechapes – To search for, to look for – לחפש",draft_unverified
streetwise_match_0830fdf678084d86,streetwise_episode_20f510a5a7d8459a,cclex_3a25c80dc5c2cde9,Orange,לנסוע,viaggiare,exact_lexical_entry,high,Linso'a – To travel – לנסוע,draft_unverified
streetwise_match_8a93cec36f43a0f8,streetwise_episode_20f510a5a7d8459a,cclex_9b5b1e6bbdc1a006,Blue,לנסות,provare; cercare; tentare,exact_lexical_entry,high,"The Hebrew word לנסות,",draft_unverified
streetwise_match_43fefa8d3ef42378,streetwise_episode_20f510a5a7d8459a,cclex_1d05daf919e6ede9,Lime,לנסות,provare,exact_lexical_entry,high,"The Hebrew word לנסות,",draft_unverified
streetwise_match_8f50d622511660a0,streetwise_episode_20f510a5a7d8459a,cclex_325ac9f804c9cbd5,Dark Green,ניסיון,esperienza,exact_lexical_entry,high,"Nisayon – Experience, attempt, test trial – ניסיון",draft_unverified
streetwise_match_d6eda4adbcfbfe5f,streetwise_episode_20f510a5a7d8459a,cclex_f2fcc08c43e79c18,Dark Green,לנסוע,viaggiare,exact_lexical_entry,high,Linso'a – To travel – לנסוע,draft_unverified
streetwise_match_a8efc2527c583cf5,streetwise_episode_20f510a5a7d8459a,cclex_2834a91c0f52f905,Dark Green,לנסות,provare,exact_lexical_entry,high,"The Hebrew word לנסות,",draft_unverified
streetwise_match_a925c141909fc034,streetwise_episode_20f510a5a7d8459a,cclex_cfa9016448a5d27d,Indigo,ניסיון,esperienza,exact_lexical_entry,high,"Nisayon – Experience, attempt, test trial – ניסיון",draft_unverified
streetwise_match_fc7d77fa9b47c3f0,streetwise_episode_20f510a5a7d8459a,cclex_a658c31a1db42254,Purple,מנוסה,esperto; navigato; con esperienza,exact_lexical_entry,high,"Menuse/menusa – Experienced, seasoned – מנוסה",draft_unverified
streetwise_match_3783321c34577969,streetwise_episode_a01ed9eeec3f2244,cclex_44aca97eca628b4c,Blue,בעד או נגד,a favore o contro; pro e contro,exact_lexical_entry,high,Be'ad o neged – בעד או נגד,draft_unverified
streetwise_match_ad17b0fb89fdb7f6,streetwise_episode_0b064a8ca384d196,cclex_ea4840e2e2c07a17,Blue,בניגוד ל,in contrasto a; a differenza di,exact_lexical_entry,high,Be-nigud le- – As opposed to – בניגוד ל,draft_unverified
streetwise_match_305ff448d7a124d9,streetwise_episode_0b064a8ca384d196,cclex_44aca97eca628b4c,Blue,בעד או נגד,a favore o contro; pro e contro,exact_lexical_entry,high,Be'ad o neged – בעד או נגד,draft_unverified
streetwise_match_2c446ba7f12ea9b9,streetwise_episode_7be9e577c9dac70c,cclex_aaa784ea43340b69,Lime,אני אוהבת,io (f.) - presente di amare,normalized_hebrew_phrase,medium,ק ר א ד ה י פ צ ק ת שיאנית הקריאה הצעירה של תל אביב יפו כיף לי לקרוא ספרי פנטזיה אבל אני אוהבת גם ספרי מדע בדיוני היא קוראת בחלק גדול מהזמן שהיא ערה צריך לקרוא לה כמה פעמים לארוחת ערב...,draft_unverified
streetwise_match_9f3ec5fe840f3c17,streetwise_episode_63fa871c27f1cbaa,cclex_3d79c464c65300ae,Dark Green,ארוחת בוקר,colazione,normalized_hebrew_phrase,medium,נחמה כה זקוקים לנחמה נחמה נחמה מנחם מנחם אוכל מנחם האוכל מספק חוויה חושית נעימה מנחמת ארוחת בוקר מנחמת אבל אני מנחמת את עצמי בקפה במבה הייתה מנחמת אותי עכשיו עשה שלא אתאווה כל כך להיות מ,draft_unverified
streetwise_match_4d42d6f6fae30c15,streetwise_episode_d43991707c57e9af,cclex_157e5bcb1154c059,Blue,אבטלה,disoccupazione (f.); inoccupazione (f.),exact_lexical_entry,high,Avtala – Unemployment – אבטלה,draft_unverified
streetwise_match_8b5f7004bac5d1f9,streetwise_episode_d43991707c57e9af,cclex_2f1fa2ab4faddaa5,Lime,אני רוצה,io (m.) - presente di volere,normalized_hebrew_phrase,medium,...ו כפתור ביטול מדיניות ביטולים דמי ביטול ביטולים לבטל את ההפסקות סליחה אני צריך צריכה לבטל אני רוצה לבטל בכל שנות קיום האירוויזיון מעולם לא בוטלה תחרות האירוע בוטל שניהם בוטלו מבוטל מב,draft_unverified
streetwise_match_b595437080387eb6,streetwise_episode_d43991707c57e9af,cclex_28733a7d76e1789b,Lime,את עושה,tu (f.) - presente di fare,normalized_hebrew_phrase,medium,...תבטלו לי פגישות התבטל לי תור לרופא התבטלו לי כמה תורים לרופא להתבטל הבוקר חשבתי להתבטל מה את עושה מתבטלת בכיף הוא מה זה מתבטל בפני הבוס שלו מובטל הוא קיצץ בדקה שלושה מפעלים ו איש הפכו,draft_unverified
streetwise_match_a17ea4fd7c6ea4c8,streetwise_episode_e08d70dd3b3598db,cclex_5c8f77a174b3a115,Red,יין אדום,vino rosso,exact_lexical_entry,high,Yain adom – Red wine – יין אדום,draft_unverified
streetwise_match_34c6b3ab2be21ea8,streetwise_episode_e08d70dd3b3598db,cclex_3a8ea89afd4fcb63,Red,יין לבן,vino bianco,exact_lexical_entry,high,Yain lavan – White wine – יין לבן,draft_unverified
streetwise_match_f7d01464ac739943,streetwise_episode_e08d70dd3b3598db,cclex_49de537dca2fa171,Orange,מעניין,interessante,exact_lexical_entry,high,Me'anyen – Interesting – מעניין,draft_unverified
streetwise_match_37af31dc0fe8ebec,streetwise_episode_e08d70dd3b3598db,cclex_927ad172b7ad9cdd,Yellow,מלון,hotel / albergo,exact_lexical_entry,high,Malon – Hotel – מלון,draft_unverified
streetwise_match_31f34b0d91969b18,streetwise_episode_e08d70dd3b3598db,cclex_3161d6cace9795a2,Blue,ירח,luna (f.),exact_lexical_entry,high,Yare'ach – Moon – ירח,draft_unverified
streetwise_match_637d3204c87360d3,streetwise_episode_e08d70dd3b3598db,cclex_ff68c48f9028c18d,Lime,הורים,genitori,exact_lexical_entry,high,Horim – Parents – הורים,draft_unverified
streetwise_match_ab0c3f004cc4bb2d,streetwise_episode_e08d70dd3b3598db,cclex_86cce2bb6b4041d8,Lime,לאחר,fare tardi,exact_lexical_entry,high,Le'acher – To be late – לאחר,draft_unverified
streetwise_match_746758e2b0d71b14,streetwise_episode_e08d70dd3b3598db,cclex_0213ba097ec5fc56,Green,ריח,odore,exact_lexical_entry,high,Re'ach – Smell – ריח,draft_unverified
streetwise_unmatched_cd5b98b3f40fcfeb,streetwise_episode_338b1cca29895c21,,,,,unmatched_hebrew_page,low,"When job hunting, the Hebrew word דרושים, wanted, is what you'll find written on job ads. Guy also talks about a slang term that, well, doesn't hold anything back. A real hitter, o",source_only
streetwise_match_26c00fac96d7ffdb,streetwise_episode_e3ca3242dd5c1417,cclex_05b7afb84ca8bf68,Dark Green,להגביל,limitare,exact_lexical_entry,high,Lehagbil – To limit – להגביל,draft_unverified
streetwise_match_9624c9e6ae4ae2a4,streetwise_episode_e3ca3242dd5c1417,cclex_2c3d32336d50ef12,Dark Green,זמן מוגבל,tempo limitato,normalized_hebrew_phrase,medium,...יגביל אותי יגביל אותי יגביל יזמין הכדורסל הגביל אותי מגביל להגביל להגביל מסכים אחת לאיזה זמן מוגבל המבצע מוגבל בזמן מבצע לזמן מוגבל מבצע מוגבל ליחידה אחת ללקוח מהדורה מוגבלת בירה במהד,draft_unverified
streetwise_match_b495becf98280b2c,streetwise_episode_aa8e45c864dbe787,cclex_8bc704dc6b94bc7b,Red,גם אני,anche io,normalized_hebrew_phrase,medium,...תה אומר שמגיע לו למה זה מגיע לי לא הגיע לה שנים לא שמעתי שום דבר ממנה לא שמעתי מרחלי כלום גם אני לא שמעתי כלום ממנה לשמוע משהו ממישהו איפה עוד תמצא אחת כמוני שתבין אותך איפה עוד אמצא ,draft_unverified
streetwise_match_52fc42347be6c9df,streetwise_episode_aa8e45c864dbe787,cclex_8864be10893b5f05,Pink,גם אני לא,neanch'io,normalized_hebrew_phrase,medium,...תה אומר שמגיע לו למה זה מגיע לי לא הגיע לה שנים לא שמעתי שום דבר ממנה לא שמעתי מרחלי כלום גם אני לא שמעתי כלום ממנה לשמוע משהו ממישהו איפה עוד תמצא אחת כמוני שתבין אותך איפה עוד אמצא ,draft_unverified
streetwise_match_cc7738a0e7467715,streetwise_episode_78b2645bc148168d,cclex_3f7cafb7fe565415,Orange,הוא עשה,lui - passato di fare / lui - passato di fare,normalized_hebrew_phrase,medium,...תרגילי סקוואטים ומשקולות לא חייבים לתרגיל הזה משקולות הילד הקטן ל ל ב ב עשה למישהו תרגיל הוא עשה לי מה זה תרגיל היא עשתה לי מה זה תרגיל הם עשו לי מה זה תרגיל תרגיל מלוכלך מסריח הם מתר,draft_unverified
streetwise_match_1305d88e82da477b,streetwise_episode_78b2645bc148168d,cclex_654fdf34ca31c3ab,Orange,היא עשתה,lei - passato di fare / lei - passato di fare,normalized_hebrew_phrase,medium,...ות לא חייבים לתרגיל הזה משקולות הילד הקטן ל ל ב ב עשה למישהו תרגיל הוא עשה לי מה זה תרגיל היא עשתה לי מה זה תרגיל הם עשו לי מה זה תרגיל תרגיל מלוכלך מסריח הם מתרגלים הם מתרגלים חילוץ ,draft_unverified
streetwise_unmatched_14f52d536a6438aa,streetwise_episode_4dfa37cd93692d56,,,,,unmatched_hebrew_page,low,Guf stami – The Impersonal (gramm.) – גוף סתמי,source_only
streetwise_match_9eb9a033c14437ce,streetwise_episode_ca95709f85347165,cclex_892cdc0ecd9c6dc4,Lime,אני עושה,io (m.) - presente di fare,normalized_hebrew_phrase,medium,...פס תמלאי את הטופס צריך למלא את הטופס מדריך למילוי טופס ביטוח לאומי מילוי בזמן שהבצק מתקרר אני עושה את המילוי חציל ממולא חציל ממולא בבשר חצילים ממולאים ממולאים גלבי מלאן מלאן מלאנתלפים,draft_unverified
streetwise_match_210e7047e8ad98de,streetwise_episode_1f79eb6847cd3235,cclex_c722eb639013c291,Lime,אני זוכר,io (m.) - presente di ricordare,normalized_hebrew_phrase,medium,מלא מודה בפה מלא מ ל א מלא מלאה אני זוכר בלילות של ירח מלא אני מקפידה להגיד שאני שמנה אני לא מלאה במקומות הנכונים בחור מלא בחורה מ...,draft_unverified
streetwise_match_d4bea7610dbe4b8c,streetwise_episode_fa74803965b7e045,cclex_82ce9829b68198d0,Yellow,תוכנית,piano / programma,exact_lexical_entry,high,"Tochnit – Program, plan – תוכנית",draft_unverified
streetwise_match_950fb4f92115e4ff,streetwise_episode_fa74803965b7e045,cclex_ed4d7af87a9ea3d5,Dark Green,תוכנה,software,exact_lexical_entry,high,Tochna – Software – תוכנה,draft_unverified
streetwise_match_dff58bebc161830c,streetwise_episode_fa74803965b7e045,cclex_d3dfcbb666b11bd7,Indigo,תוכנה,software,exact_lexical_entry,high,Tochna – Software – תוכנה,draft_unverified
streetwise_unmatched_f38a3f0694671b43,streetwise_episode_a4c744f5d540274c,,,,,unmatched_hebrew_page,low,"The Hebrew word כוח means power, strength, or energy. Other than the frequently used saying, אין לי כוח, there are other words and expressions that we must cover, like ""super power",source_only
streetwise_unmatched_70f2af9806b635c2,streetwise_episode_094bb60edb4e178c,,,,,unmatched_hebrew_page,low,Devek - Glue - דבק,source_only
streetwise_match_a2a6e58be49dcbb3,streetwise_episode_66286d93fffb6263,cclex_98046c5a74045557,Dark Green,תא מדידה,camerino,exact_lexical_entry,high,Ta medida - Fitting room - תא מדידה,draft_unverified
streetwise_unmatched_1fd46dbfca4c9041,streetwise_episode_c2c272017bfd7233,,,,,unmatched_hebrew_page,low,"The Hebrew word בידוד, quarantine, will likely be the word of the year. So it's appropriate that Guy discusses its root, ב.ד.ד, and covers some of the Hebrew words derived from it,",source_only
streetwise_match_c696224091509df0,streetwise_episode_afe0a8cd9b8a29f2,cclex_2f1fa2ab4faddaa5,Lime,אני רוצה,io (m.) - presente di volere,normalized_hebrew_phrase,medium,...גולף לזרום חשמל זורם בכפות ידיך תאמין שהחיים זורמים מים זורמים מים עומדים לנהל שיחה זורמת אני רוצה שתורידו את הפילטרים וככה השיחות שלכם יהיו הרבה יותר זורמות ומעניינות אני זורם נו זרו,draft_unverified
streetwise_match_4a0b3f80490c2fc1,streetwise_episode_afe0a8cd9b8a29f2,cclex_981875c6f75384ef,Lime,לזרום,fluire (infinito),exact_lexical_entry,high,Lizrom - To flow - לזרום,draft_unverified
streetwise_unmatched_7abd8c65aee96564,streetwise_episode_44bb65b341bd0ebb,,,,,unmatched_hebrew_page,low,What's לקנפג (,source_only
streetwise_unmatched_eaeba95b86fef418,streetwise_episode_1eb8bc782e7121a8,,,,,unmatched_hebrew_page,low,Slang usage of the word קרוע (,source_only
streetwise_unmatched_b9333268446cde86,streetwise_episode_ca35b3bb34497cf5,,,,,unmatched_hebrew_page,low,Somebody posted some old footage of me from the '80s on YouTube - מישהו העלה ליוטיוב סרטון ישן שלי משנות השמונים,source_only
streetwise_match_067589d21a2f5407,streetwise_episode_83abf759d8414a7e,cclex_5475bb068e58244a,Orange,חריף,piccante,exact_lexical_entry,high,Harif? - Spicy? - ?חריף,draft_unverified
streetwise_match_6a1346ebaf1157b3,streetwise_episode_83abf759d8414a7e,cclex_ed046f6d00058877,Orange,לשים,mettere,exact_lexical_entry,high,Lasim - To put - לשים,draft_unverified
streetwise_match_531bc0b2d6429480,streetwise_episode_83abf759d8414a7e,cclex_6ec9bb8e5c8a3b3c,Lime,לשים,mettere (infinito),exact_lexical_entry,high,Lasim - To put - לשים,draft_unverified
streetwise_unmatched_13caf9a45a9d3d69,streetwise_episode_8daf6b2dbb59ce20,,,,,unmatched_hebrew_page,low,".היום חגגו שערי הצהובונים, את האש חטפה בעיקר מייגן, מי שנתפסת כמי שהפרידה בין הנסיך למשפחתו",source_only
streetwise_unmatched_6b7710775db73b26,streetwise_episode_3e578822406b3b6a,,,,,unmatched_hebrew_page,low,The Hebrew word הרי (harei) is a tiny elusive word used to emphasize the words that follow it. Listen to the examples Guy prepared to help explain this somewhat fancy word.,source_only
streetwise_match_eb413ccf312a36af,streetwise_episode_222859310aeeeeb2,cclex_527273d485f59dba,Blue,מקרר,frigorifero (m.); frigo (m.),exact_lexical_entry,high,Mekarer - Refrigerator - מקרר,draft_unverified
streetwise_unmatched_018813086e52fb07,streetwise_episode_d3a6c3885226c274,,,,,unmatched_hebrew_page,low,"The Hebrew word סיפור (sipur) means a story. Though in certain situations סיפור could also mean a matter, a thing, or a mess.",source_only
streetwise_unmatched_bbf5777f3a0a4f51,streetwise_episode_160abc7005a38a83,,,,,unmatched_hebrew_page,low,Hachlaka al ha-kerach - Ice skating - החלקה על הקרח,source_only
streetwise_unmatched_deea71378166c268,streetwise_episode_d5cfd0d8cc2a05ec,,,,,unmatched_hebrew_page,low,"The Hebrew word פיצוץ (pitsuts) means explosion but is also used in the same fashion as the English phrase, ""a blast,"" meaning incredible or highly entertaining. And did you know t",source_only
streetwise_unmatched_6e523340f802a7df,streetwise_episode_4c68605b330b9508,,,,,unmatched_hebrew_page,low,"What does an Israeli judo champion mean when she says, האש כבתה לגמרי (""ha-esh kavta legamrei"")? And how do you tell a technician that your laptop keeps dying on you?",source_only
streetwise_match_b8fb938da4ce67fb,streetwise_episode_227f7c5ec4703d8e,cclex_3a969c2d1f861fe6,Purple,...לסלק את,espellere qualcuno; bandire; eliminare,normalized_hebrew_phrase,medium,לסלק לסלק את כל הרגשות המיותרים לסלק מתחים לסלק חתולים סילוק סילוק רעלים מהגוף סילוק עין הרע סילוק יונ...,draft_unverified
streetwise_match_20c0e9decfa36288,streetwise_episode_a93407c85657fcd5,cclex_d2a5bc227d20810f,Lime,אתה רוצה,tu (m.) - presente di volere,normalized_hebrew_phrase,medium,...וחים אפשר לזרז את זה טיפה אני אנסה לזרז את זה תזרז תזרזי תזרזו אותם זירוז לידה הליך מזורז אתה רוצה קורס מזורז שיסביר לך איך לנשק אותי הוא מזדרז למזוג לה סטלה להזדרז אני ממליץ להזדרז ו,draft_unverified
streetwise_match_e2b593a80c9e865a,streetwise_episode_a93407c85657fcd5,cclex_7a7945abbc3ad16f,Dark Green,קסם,magia / sortilegio,exact_lexical_entry,high,Kesem - Magic trick - קסם,draft_unverified
streetwise_match_5be3fefe50b5d4ba,streetwise_episode_d5e579401abe337b,cclex_28733a7d76e1789b,Lime,את עושה,tu (f.) - presente di fare,normalized_hebrew_phrase,medium,...האוטו נגנבה לי המכונית נגנבו לי האופניים נגנבה לך המכונית גנוב רכב גנוב סופגי יא גנובה מה את עושה כאן מה אתה גנוב להגניב להגניב אוכל לקולנוע מגניב להגניב מישהו על משהו הוא הגניב אותי ,draft_unverified
streetwise_match_edd8475653266449,streetwise_episode_d5e579401abe337b,cclex_26fe3ee3bfb93e9f,Dark Green,לפרוץ,irrompere / scassinare,exact_lexical_entry,high,Lifrots - To break in - לפרוץ,draft_unverified
streetwise_match_7b3cd19cec787334,streetwise_episode_9ae1494e9430db9a,cclex_892cdc0ecd9c6dc4,Lime,אני עושה,io (m.) - presente di fare,normalized_hebrew_phrase,medium,...א סיבובים של הראש סיבובים של כף הרגל יצאתי לסיבוב עם הכלב מיקו תעשה סיבוב תעשה תעשי סיבוב אני עושה סיבוב וחוזר וחוזרת איך שגלגל מסתובב לו להסתובב מסתובבת בעולם דלת מסתובבת איפה אתה סת,draft_unverified
streetwise_match_264f1097660cfd45,streetwise_episode_9ae1494e9430db9a,cclex_4f6e9242543c4baa,Indigo,להסתובב,girarsi / andare in giro,exact_lexical_entry,high,"Lehistovev – To turn around, to wander around – להסתובב",draft_unverified
streetwise_match_4a9e3096bc086200,streetwise_episode_9ae1494e9430db9a,cclex_b79d63cb65101cf1,Indigo,סביבה,ambiente / dintorni,exact_lexical_entry,high,"Sviva – Environment, surroundings, milieu – סביבה",draft_unverified
streetwise_match_f226830f53045a79,streetwise_episode_216430083926ba28,cclex_5e0a07d4a22c57a3,Green,מערכת יחסים,relazione,exact_lexical_entry,high,Ma'arechet yechasim - Relationship - מערכת יחסים,draft_unverified
streetwise_match_623b1e9499c6a83b,streetwise_episode_216430083926ba28,cclex_698f5a629667bed7,Dark Green,מערכת,sistema,exact_lexical_entry,high,Ma'arechet - System - מערכת,draft_unverified
streetwise_match_cfc14a3b740c39e3,streetwise_episode_126861afb797364f,cclex_586fe539bd781491,Dark Green,להחליט,decidere,exact_lexical_entry,high,Lehachlit - To decide - להחליט,draft_unverified
streetwise_match_396157cffd34998d,streetwise_episode_126861afb797364f,cclex_ce0bd2668e01ae5d,Indigo,בהחלט,certamente / assolutamente,exact_lexical_entry,high,"Behechlet - Definitely, certainly - בהחלט",draft_unverified
streetwise_match_de7b343d9bf38c42,streetwise_episode_0ca65016a990e914,cclex_22af2bf7efecdcce,Red,באמת,davvero,exact_lexical_entry,high,Be'emet - Really? - באמת,draft_unverified
streetwise_match_3a097ca6482f4ff5,streetwise_episode_0ca65016a990e914,cclex_0c9aaed1db5f0b56,Red,ממש לא,assolutamente no,exact_lexical_entry,high,Mamash lo - Totally not - ממש לא,draft_unverified
streetwise_match_fa5864523bb5dd76,streetwise_episode_0ca65016a990e914,cclex_b80d4d192cecd357,Pink,אין מצב,non può essere / è impossibile / non c'è possibilità,exact_lexical_entry,high,Ein matsav - No way - אין מצב,draft_unverified
streetwise_match_184ca61ba3ab77d4,streetwise_episode_0ca65016a990e914,cclex_2bebe451f97353d7,Lime,להפך,al contrario / opposto,exact_lexical_entry,high,Lehefech - On the contrary - להפך,draft_unverified
streetwise_match_d945b3494d5d0ae4,streetwise_episode_0ca65016a990e914,cclex_b4c4331ead1bad94,Indigo,להפך,al contrario / opposto,exact_lexical_entry,high,Lehefech - On the contrary - להפך,draft_unverified
streetwise_match_38a40a4f1ae96c9c,streetwise_episode_9bc29a1c803abc59,cclex_98f6899a0a94d38b,Purple,תקרית,incidente (m.); episodio (m.),exact_lexical_entry,high,Takrit - Incident - תקרית,draft_unverified
streetwise_match_23dcc434b540883c,streetwise_episode_93f02de965905726,cclex_c3799106fb3cd903,Red,שש וחצי,le sei e mezza,normalized_hebrew_phrase,medium,...שש בנות אדום אדומה אדומים עז עיזים ששת החברים מלחמת ששת הימים שש החברות שש הנשים שש הבנות שש וחצי בבוקר שש בערב ראייה שש שש שנות השישים שנות השלושים שנות השמונים שש מאות ששת אלפים שיש,draft_unverified
streetwise_unmatched_345c81d7c4266734,streetwise_episode_19327acf1e95aea5,,,,,unmatched_hebrew_page,low,"This week, Guy doesn't share his deepest fears but rather explains the Hebrew root פחד and its many words and phrases.",source_only
streetwise_match_1092df13b3ed0b10,streetwise_episode_9af6437f1717392c,cclex_2f1fa2ab4faddaa5,Lime,אני רוצה,io (m.) - presente di volere,normalized_hebrew_phrase,medium,חלפ להחליף אצה אצות האצה יכולה להחליף בשר היא יכולה להחליף חלבון מן החי קניתי את זה פה אני רוצה להחליף את זה אפשר להחליף לי את זה ב בקשה שמתי פתק החלפה החלפות דירה להחלפה החלפת כסף אני..,draft_unverified
streetwise_match_318adb6ae75d9e3c,streetwise_episode_9af6437f1717392c,cclex_b47615527cff00aa,Indigo,להחליף את,cambiare / sostituire qualcosa,normalized_hebrew_phrase,medium,...חליף אצה אצות האצה יכולה להחליף בשר היא יכולה להחליף חלבון מן החי קניתי את זה פה אני רוצה להחליף את זה אפשר להחליף לי את זה ב בקשה שמתי פתק החלפה החלפות דירה להחלפה החלפת כסף אני צריך,draft_unverified
streetwise_unmatched_997eea2dc40ccfc6,streetwise_episode_3d7f209532da5adb,,,,,unmatched_hebrew_page,low,"On this episode, Guy covers this special four letter root אכזב and checks Twitter to see what disappoints Israelis the most.",source_only
streetwise_unmatched_54a4bb654d147d59,streetwise_episode_e81b8e4943cad0f4,,,,,unmatched_hebrew_page,low,Efshar od petrozilia vaksha? - Could I please have more parsley? - ?אפשר עוד פטרוזיליה (ב)בקשה,source_only
streetwise_match_eb5be66106fd6338,streetwise_episode_cbc4035dfdb74ad9,cclex_aa0b532663a40123,Orange,על הספה,sul divano,normalized_hebrew_phrase,medium,...תוח את הדלת לרווחה לרווח ריווח מרווח חדר שינה מרווח סלון מרווח מרווח מרווח בטיחות להתרווח על הספה תתרווח תרגיש בנוח להרוויח כמה אתה מרוויח בחודש כמה אתה חושב אני מרוויח על זה תוותרי ע,draft_unverified
streetwise_match_905e9b378d00c628,streetwise_episode_cbc4035dfdb74ad9,cclex_8eba842cb13b852f,Lime,אתה חושב,tu (m.) - presente di pensare,normalized_hebrew_phrase,medium,...ווח מרווח מרווח בטיחות להתרווח על הספה תתרווח תרגיש בנוח להרוויח כמה אתה מרוויח בחודש כמה אתה חושב אני מרוויח על זה תוותרי על האגו תרוויחי אהבה להרוויח ממשהו תני יחס מכבד וטוב תראי אי,draft_unverified
streetwise_match_05f081ae6f5f9ab0,streetwise_episode_cbc4035dfdb74ad9,cclex_8faa813417a55f74,Indigo,רווחי,redditizio,exact_lexical_entry,high,Profitable - Rivchi - רווחי,draft_unverified
streetwise_match_1605d7915d01fb1c,streetwise_episode_cbc4035dfdb74ad9,cclex_4aa453e149c90176,Indigo,להרוויח,guadagnare / trarre profitto,exact_lexical_entry,high,"Leharviach - To earn, to gain - להרוויח",draft_unverified
streetwise_match_0bfd754175d1bbb9,streetwise_episode_09fe48b6592c6509,cclex_f257014e39813f6a,Red,בטח,probabilmente / di sicuro / dev’essere,exact_lexical_entry,high,Betach - Sure - בטח,draft_unverified
streetwise_match_d67998424323a3d9,streetwise_episode_09fe48b6592c6509,cclex_b0e92e7ea9429ef7,Red,ברור,chiaro,exact_lexical_entry,high,Baroor - Clearly/It's clear - ברור,draft_unverified
streetwise_match_584d082905297e5e,streetwise_episode_09fe48b6592c6509,cclex_20c41e188b1ab8d4,Red,נכון,giusto / corretto,exact_lexical_entry,high,"Nachon - Right, correct - נכון",draft_unverified
streetwise_match_2722e1b76c512311,streetwise_episode_09fe48b6592c6509,cclex_46de513b36010fe6,Lime,בטח,probabilmente / di sicuro / dev’essere,exact_lexical_entry,high,Betach - Sure - בטח,draft_unverified
streetwise_match_f0587b2c2dc1b634,streetwise_episode_09fe48b6592c6509,cclex_ef83cc2702db5525,Dark Green,בול,esattamente,exact_lexical_entry,high,"Bool - Spot on, absolutely - בול",draft_unverified
streetwise_match_76b17359ff5773a3,streetwise_episode_09fe48b6592c6509,cclex_5c2013d5afdcd343,Dark Green,ברור,chiaro,exact_lexical_entry,high,Baroor - Clearly/It's clear - ברור,draft_unverified
streetwise_match_ee33d68530f6aac9,streetwise_episode_0babf77853b20c19,cclex_441b488c43f068f2,Red,סוף סוף,finalmente,exact_lexical_entry,high,"In Hebrew, סוף סוף (sof-sof",draft_unverified
streetwise_match_5aff10aaa98f5282,streetwise_episode_0babf77853b20c19,cclex_2f1fa2ab4faddaa5,Lime,אני רוצה,io (m.) - presente di volere,normalized_hebrew_phrase,medium,...סוף את עונה סוף עונה או סוף סוף הגעת בסוף בסופו של דבר הם הגיעו לניו יורק לסיום לפני סיום אני רוצה להודות לג רי סוף סוף סוף פסוק מבחינתה זה סוף פסוק סופי תחנה סופית תשובה סופית וואו ע,draft_unverified
streetwise_match_c376b864da8727c8,streetwise_episode_0babf77853b20c19,cclex_13ad7d97f9296b8c,Lime,אתה הולך,tu (m.) - presente di andare,normalized_hebrew_phrase,medium,סוף סוף סוף סוף סוף סוף סוף סוף לסיפור סוף עונת התפוזים מחירי סוף העונה מבצעים אתה הולך לסוף עונה יש סוף עונה סוף סוף את עונה סוף עונה או סוף סוף הגעת בסוף בסופו של דבר הם הגיעו...,draft_unverified
streetwise_match_b989debaa0176836,streetwise_episode_463a5157665dfbe8,cclex_f3a9a3d796e2c203,Red,בוקר טוב,buongiorno,exact_lexical_entry,high,Boker tov - Good morning - בוקר טוב,draft_unverified
streetwise_match_2dce30e3087ee2cf,streetwise_episode_463a5157665dfbe8,cclex_951b0027482d7221,Red,ערב טוב,buonasera,exact_lexical_entry,high,Erev tov - Good evening - ערב טוב,draft_unverified
streetwise_match_b85487bcd06d9e46,streetwise_episode_463a5157665dfbe8,cclex_9af6bd7986371dca,Red,לילה טוב,buonanotte,exact_lexical_entry,high,Laila tov - Good night - לילה טוב,draft_unverified
streetwise_match_db12a6e968bd05d1,streetwise_episode_463a5157665dfbe8,cclex_8d0ea44f0fb3dbda,Red,מה קורה,cosa succede? / come va?,exact_lexical_entry,high,Ma kore? - What's happening? - מה קורה?,draft_unverified
streetwise_match_9d307667c59ec359,streetwise_episode_5dca2a18e36180c7,cclex_01964417eefd02ff,Blue,לעזוב,partire; andarsene; lasciare,exact_lexical_entry,high,"La'azov - To leave, to let go - לעזוב",draft_unverified
streetwise_match_ed26cc66fda9d952,streetwise_episode_5dca2a18e36180c7,cclex_f04739df279e8663,Dark Green,לעזוב,lasciare / abbandonare / mollare,exact_lexical_entry,high,"La'azov - To leave, to let go - לעזוב",draft_unverified
streetwise_unmatched_665e11096b058235,streetwise_episode_62f107355ca9d61d,,,,,unmatched_hebrew_page,low,Ir gdola - Big city - עיר גדולה,source_only
streetwise_match_d043b22f209eb888,streetwise_episode_8ceee4a257df7208,cclex_8c5b43e0c5976483,Red,עוד לא,non ancora,normalized_hebrew_phrase,medium,...ס על עצמו היא התאפסה על עצמה תתאפס על עצמך תתאפסי על עצמך ישראל צריכה לקחת את עצמה בידיים עוד לא התאפסתי מאז שחזרתי מחו ל שואף לאפס אתאפס איתפס,draft_unverified
streetwise_unmatched_4145f4b0b73a0eb9,streetwise_episode_fe8c3941254ae4e9,,,,,unmatched_hebrew_page,low,"There is a small yet significant difference between the Hebrew words פוטרתי and התפטרתי which share the common root פ.ט.ר. The former means ""I was fired"" and the latter means ""I qu",source_only
streetwise_match_76a782043b2f1558,streetwise_episode_7c2b1c415b956e55,cclex_98933d89fe3e3736,Red,יום שני,lunedì,normalized_hebrew_phrase,medium,...עצבים המוזיקה הזו עולה לי על העצבים הוא היא עולים לי על העצבים הימים הארוכים העצובים עצוב יום שני עצבני עצבני עצבן אל תהיה עצבן אל תהיה עצבני עצבנות דיכאון לעצבן מי עצבן אותך וואי מיש,draft_unverified
streetwise_match_57d9bfc1f0b8c535,streetwise_episode_7c2b1c415b956e55,cclex_935fb43008f2c80e,Dark Green,לעצבן,dare fastidio / irritare,exact_lexical_entry,high,Le'atsben - To irritate - לעצבן,draft_unverified
streetwise_unmatched_4edfb741455fa34a,streetwise_episode_3a9339666d7a2c6c,,,,,unmatched_hebrew_page,low,"The Hebrew root ת.ל.ה gives us the words לתלות (to hang), תלה (hung), and תלוי (hangs). So why does זה תלוי mean ""it depends""?",source_only
streetwise_match_21f4f608b9bc919c,streetwise_episode_f5239f629c13fcbe,cclex_fbbece9a13b33885,Blue,לשלוט,controllare; dominare,exact_lexical_entry,high,Lishlot - To control - לשלוט,draft_unverified
streetwise_match_a72d0b6ad27e59b0,streetwise_episode_ed43c5ea4c23887f,cclex_13d2a3b26c7f0823,Red,לשתות,bere,exact_lexical_entry,high,Lishtot - To drink - לשתות,draft_unverified
streetwise_match_0a24d5c7f75f4f94,streetwise_episode_ed43c5ea4c23887f,cclex_ccc21241113815d8,Orange,לשתות,bere,exact_lexical_entry,high,Lishtot - To drink - לשתות,draft_unverified
streetwise_match_313d2356beb9abb6,streetwise_episode_ed43c5ea4c23887f,cclex_b0093b0b50509648,Lime,לשתות,bere (infinito),exact_lexical_entry,high,Lishtot - To drink - לשתות,draft_unverified
streetwise_match_bd7b9b7124ff3cbe,streetwise_episode_84babb97e23ad032,cclex_56f686159bb97581,Orange,קודם כל,prima di tutto,normalized_hebrew_phrase,medium,...זה דגמי דגמי נחתו בישראל היא מדגמנת דוגמן דוגמנים דוגמנית דוגמניות לדגמן לפני הדוגמנות יש קודם כל את הזוגיות דוגמנות סלט מדוגם איזה דיגום להדגים הדגמה,draft_unverified
streetwise_match_e7d964f9cf8ddae4,streetwise_episode_84babb97e23ad032,cclex_f4e3cbe76fa38ed5,Purple,להדגים,dimostrare; manifestare,exact_lexical_entry,high,Lehadgim - To demonstrate - להדגים,draft_unverified
streetwise_unmatched_d824d0e3211de7ac,streetwise_episode_2bf5c4cdb966bd82,,,,,unmatched_hebrew_page,low,"How many followers (עוקבים) do you have on Facebook? What about Instoosh? Twitter? And what do high heels (עקבים) have to do with social networks? Well, not much except that they s",source_only
streetwise_unmatched_f06be9a6a3491e6c,streetwise_episode_e37de30c9c6844a7,,,,,unmatched_hebrew_page,low,(ש.ק.ר).,source_only
streetwise_match_0b74122648b7f514,streetwise_episode_4966a67f9a99e69a,cclex_20451616ff10ddce,Indigo,רגש / רגשות,emozione/i,exact_lexical_entry,high,"Regesh, regashot - Emotion, emotions - רגש, רגשות",draft_unverified
streetwise_unmatched_a7a7d7aca55cbd83,streetwise_episode_013b39372074a9a0,,,,,unmatched_hebrew_page,low,"The Hebrew root מ.ש.כ (mashach) pulls together seemingly unrelated matters like gravity, ATMs, and the act of stalling for time.",source_only
streetwise_unmatched_f579dfa402da2851,streetwise_episode_0fffb77e5184a3f3,,,,,unmatched_hebrew_page,low,Shipur dramati - A dramatic improvement - שיפור דרמטי,source_only
streetwise_unmatched_38a744dd8e1338d7,streetwise_episode_e01e9ee4412c59f7,,,,,unmatched_hebrew_page,low,"Shabbat (שבת) in Hebrew means Sabbath. In a religious context, it's the time span between Friday afternoon and Saturday evening. In secular terms, it's Saturday, the day of the wee",source_only
streetwise_match_2a1822991e50c9fb,streetwise_episode_c84e6ffdc9b3666c,cclex_5719de7e2d4dec49,Indigo,פרידה / פרידות,separazione / congedo / rottura,exact_lexical_entry,high,"Preda, predot - Parting, breaking up - פרידה, פרידות",draft_unverified
streetwise_match_6a56be31f0a2ef25,streetwise_episode_e96aa251e6f24850,cclex_6453c662de384cfb,Red,מה קרה,cosa è successo?,normalized_hebrew_phrase,medium,...תך נחתכתי באצבע חתיכה חתיכת שמיים חתיך חתיכה חתיכת זבל חת כת זבל התחתכתי אבל את לא בעניין מה קרה התחתכת,draft_unverified
streetwise_match_086499680f560a5b,streetwise_episode_e96aa251e6f24850,cclex_126a4885f0fce5d1,Red,נראה לי,secondo me / mi sembra,normalized_hebrew_phrase,medium,...חתכים חתך חתכים חיתוך חיתוכי עץ אותו חיתוך דיבור חתכת מוקדם כי היה לך יום קשוח חתכתי משם נראה לי אני חותך חותכת בואי פשוט נחתוך נראה לי שאני חותכת ממנו בשביל מה לחכות אני חותכת ודי לפ,draft_unverified
streetwise_match_859004b06274b1df,streetwise_episode_e96aa251e6f24850,cclex_15014822417b0b4d,Blue,חתיך,uomo bello; bell'uomo,exact_lexical_entry,high,Hatich - Hunk - חתיך,draft_unverified
streetwise_match_64eb0cdb443b4048,streetwise_episode_e96aa251e6f24850,cclex_892cdc0ecd9c6dc4,Lime,אני עושה,io (m.) - presente di fare,normalized_hebrew_phrase,medium,לחתוך ח ת כ לחתוך איך חותכים בצל איך לחתוך בצל בלי דמעות אני חותך לרוחב דק דק דק אני עושה כמה חתכים חתך חתכים חיתוך חיתוכי עץ אותו חיתוך דיבור חתכת מוקדם כי היה לך יום קשוח חתכתי...,draft_unverified
streetwise_match_28ccb8e0cc4459bb,streetwise_episode_e96aa251e6f24850,cclex_db6e25bf64a74e7e,Turquoise,חתיך,handsome,exact_lexical_entry,high,Hatich - Hunk - חתיך,draft_unverified
streetwise_match_857820520c4dbb0f,streetwise_episode_8b68d169bcc5e4f7,cclex_afc13fc5b8867a55,Red,לומד,studia (m. sing.),exact_lexical_entry,high,Lomed - Learning - לומד,draft_unverified
streetwise_match_bf73dee17a0e32f7,streetwise_episode_8b68d169bcc5e4f7,cclex_447dfc3634a4bba7,Lime,ללמוד,studiare (infinito),exact_lexical_entry,high,"Lilmod - To learn, to study - ללמוד",draft_unverified
streetwise_match_a2c246ed6f2742a9,streetwise_episode_2874d26b51f0de3f,cclex_3f7cafb7fe565415,Orange,הוא עשה,lui - passato di fare / lui - passato di fare,normalized_hebrew_phrase,medium,...ני צריכה להתבייש זה לא בושה להיות עצוב בושה הישראלי המכוער האם לאורחים האלה אין טיפת בושה הוא עשה לי בושות אל תעשה תעשי תעשו לי בושות התיישבתי לה במקום איזה בושות תתבייש לך תתביישי לך,draft_unverified
streetwise_match_70ac80673be67366,streetwise_episode_fde95892dfdf2f71,cclex_aaa784ea43340b69,Lime,אני אוהבת,io (f.) - presente di amare,normalized_hebrew_phrase,medium,פשוט פשט למדני את השיר הפשוט זה שיר אהבה פשוט פשוט שיר אהבה ככה אני אוהבת אותך פשוט פשוט באתי באתי פשוט בית פשוט פשוט בית פשוט פשוטה פשוטים פשוטות שיעור מולדת כך ז...,draft_unverified
streetwise_match_5d19283d0aa6c23e,streetwise_episode_ebc80b4853621b58,cclex_6453c662de384cfb,Red,מה קרה,cosa è successo?,exact_lexical_entry,high,Ma kara? - What happened? - מה קרה?,draft_unverified
streetwise_match_9eda745b0e93901b,streetwise_episode_ebc80b4853621b58,cclex_8d0ea44f0fb3dbda,Red,מה קורה,cosa succede? / come va?,normalized_hebrew_phrase,medium,...מלכת השושנים ארבע לפנות בוקר לא נרדמת ארבעה חברים ארבע חברות מסכן נו די להתמסכן לא יודעת מה קורה לי מה קרה אני מאמין ש,draft_unverified
streetwise_match_c55c47c4772f1bb2,streetwise_episode_ebc80b4853621b58,cclex_64f34088a067b7d3,Lime,להפסיק,fermarsi / smettere (infinito),exact_lexical_entry,high,Lehafsik - To stop - להפסיק,draft_unverified
streetwise_match_b82fb21804c3196d,streetwise_episode_d71589a6e88d0054,cclex_486f5942c1d18174,Lime,לתקן,"sistemare / riparare, riparare",exact_lexical_entry,high,"Letaken - To repair, to fix - לתקן",draft_unverified
streetwise_match_871d4be71df03c57,streetwise_episode_d71589a6e88d0054,cclex_802eb7f5581558e4,Dark Green,לתקן את,sistemare / riparare,normalized_hebrew_phrase,medium,...יקונים אם את מרגישה מקולקלת אני התיקון שלך תיקון טעות תיקונים תיקון עולם לתקן אני לא יכול לתקן את העולם צריך לתקן את התנור מי יכול לתקן לי את התריס תוקן התקלה תוקנה תקלת האיתות תוקנה ,draft_unverified
streetwise_match_19c68514fbe90079,streetwise_episode_d71589a6e88d0054,cclex_ef3cc595763fec96,Dark Green,תיקון עולם,riparare il mondo,exact_lexical_entry,high,"Tikkun olam - ""Repair of the world"" - תיקון עולם",draft_unverified
streetwise_match_70e1821cacb0b310,streetwise_episode_3c706d5e18aa4d18,cclex_2f1fa2ab4faddaa5,Lime,אני רוצה,io (m.) - presente di volere,normalized_hebrew_phrase,medium,...ני לא מרוכז אמרת שאני תמיד מרוכז בעצמי ג ל סופר מרוכז תתרכז במשהו תתרכז רצח תתרכזי תתרכזו אני רוצה שהשבוע נתרכז בזה להתמקד מוקד שירות לקוחות מרכזי התחנה המרכזית,draft_unverified
streetwise_match_fdc0b74f97e91409,streetwise_episode_3c706d5e18aa4d18,cclex_a2cb515a5e3291ab,Lime,מרכז,centro,exact_lexical_entry,high,Merakez - He gathers / Coordinator - מרכז,draft_unverified
streetwise_match_c266616c8b646f30,streetwise_episode_3c706d5e18aa4d18,cclex_39519fd3b1cf9d19,Indigo,ריכוז,concentrazione / attenzione,exact_lexical_entry,high,Rikuz - Concentration - ריכוז,draft_unverified
streetwise_unmatched_0dd2755b43577b6b,streetwise_episode_832019fb6bc9f25f,,,,,unmatched_hebrew_page,low,Toda al X - Thanks for X - תודה על משהו,source_only
streetwise_match_23748b304b5db86d,streetwise_episode_29d238f5b67faa36,cclex_126a4885f0fce5d1,Red,נראה לי,secondo me / mi sembra,normalized_hebrew_phrase,medium,...להתכתב התאהבתי בקצינה שלי יש לה יופי תימני היא ואני בתקופת התאהבות ההתאהבות מאוהב מאוהבת נראה לי שאני מאוהבת ביפתח מה יש בו שכולכן מאוהבות בו בבקשה אל תגידי לי שיש לך איזה קראש עליו א,draft_unverified
streetwise_match_b6b7cc31af782357,streetwise_episode_29d238f5b67faa36,cclex_0560b32dfc08297c,Blue,להתאהב,innamorarsi; cadere in amore,exact_lexical_entry,high,Lehit'ahev be-mishehu - To fall in love with someone - להתאהב,draft_unverified
streetwise_match_9780da9c44284bb4,streetwise_episode_29d238f5b67faa36,cclex_e8692c4a79f8000c,Lime,אני אוהב,io - futuro di amare,normalized_hebrew_phrase,medium,אני אוהב שוקולד אוהבת לא אוהבת לא אוהב זכיתי לאהוב לאהוב אני שוב מתאהב להתאהב מתלבש להתכתב התאהבתי...,draft_unverified
streetwise_match_3ac98023c6a08e3e,streetwise_episode_29d238f5b67faa36,cclex_7ebb0d9dc589fcba,Lime,לאהוב,amare (infinito),exact_lexical_entry,high,Le'ehov - To love - לאהוב,draft_unverified
streetwise_match_e860d79a6f906739,streetwise_episode_b72e5714c67dbb9b,cclex_4a20311e7cd19b32,Red,אין בעיה,nessun problema / non c'è problema,normalized_hebrew_phrase,medium,...דך זה לא יפה מצידך ממש לא יפה מצידו מצידה זו חוצפה מצידו מצידי שהפרוייקט זה לא יהיה מצידי אין בעיה מצידי סבבה צד ג בצד של הטובים עבודה צדדית חד צדדי החלטה חד צדדית,draft_unverified
streetwise_match_e0443729ae3827a3,streetwise_episode_b72e5714c67dbb9b,cclex_0c9aaed1db5f0b56,Red,ממש לא,assolutamente no,normalized_hebrew_phrase,medium,...מצד לצד מצד אחד מצד שני לכל מטבע יש שני צדדים לצידך אל תפני לי מקום לצידך זה לא יפה מצידך ממש לא יפה מצידו מצידה זו חוצפה מצידו מצידי שהפרוייקט זה לא יהיה מצידי אין בעיה מצידי סבבה צד,draft_unverified
streetwise_match_c1da949a69943918,streetwise_episode_0893516b95bb6967,cclex_49dd33f33b6fe425,Blue,פינוק,indulgenza (f.); gratificazione (f.),exact_lexical_entry,high,Pinuk - Indulgence - פינוק,draft_unverified
streetwise_match_b6e08f0a439b443b,streetwise_episode_0893516b95bb6967,cclex_59413b1608acc4b8,Turquoise,פינוק,coccola / vizio / indulgenza,exact_lexical_entry,high,Pinuk - Indulgence - פינוק,draft_unverified
streetwise_unmatched_1440257a01acb034,streetwise_episode_a82c901202568a91,,,,,unmatched_hebrew_page,low,Achil - Edible - אכיל,source_only
streetwise_match_2eee4a3f318eedc4,streetwise_episode_1bf2306004ff82b1,cclex_6453c662de384cfb,Red,מה קרה,cosa è successo?,normalized_hebrew_phrase,medium,מסכן חואניטו מסכן ג רי שמעת מה קרה לו אוי מסכן מסכנה מסכנים מסכנות אוי מסכנון מסכנונת שלי אוי מסכנונת שלי להביא לך מרק מסכנצ...,draft_unverified
streetwise_unmatched_8a1c52e852d40bc3,streetwise_episode_a9e42711aed22f73,,,,,unmatched_hebrew_page,low,Nim'as li - I am fed up with something - נמאס לי,source_only
streetwise_match_a2061fb720aabd8d,streetwise_episode_aead2b9dfb53805a,cclex_7f1e4a7a1782a9df,Orange,לחץ,pressione,exact_lexical_entry,high,"Lahats - Pressure, stress - לחץ",draft_unverified
streetwise_match_0773a521df15ac28,streetwise_episode_617a4f57bc9edfb0,cclex_ad89616d564f671a,Lime,לחזור,ripetere / tornare (infinito),exact_lexical_entry,high,"Lahzor - To go back, to return - לחזור",draft_unverified
streetwise_match_5a331b240b9d224e,streetwise_episode_617a4f57bc9edfb0,cclex_3784a5a909291be2,Dark Green,לחזור,tornare,exact_lexical_entry,high,"Lahzor - To go back, to return - לחזור",draft_unverified
streetwise_unmatched_8c8a04e19d4bd27c,streetwise_episode_90b016c72e488e63,,,,,unmatched_hebrew_page,low,Tahanat delek - Gas station - תחנת דלק,source_only
streetwise_unmatched_ef78082e8b2d0337,streetwise_episode_d5ae53da5c6c3493,,,,,unmatched_hebrew_page,low,(חמש). Pssstttt... have a listen to how you too can keep away the evil eye!,source_only
streetwise_match_16eae98af86e18b6,streetwise_episode_bd37e5da78abf6b9,cclex_1e26293a32969d38,Orange,לטוס,volare,exact_lexical_entry,high,Latoos - To fly (planes) - לטוס,draft_unverified
streetwise_match_41d24256f9382e03,streetwise_episode_bd37e5da78abf6b9,cclex_ab8d435d1056a4f4,Purple,לעוף על,essere pazzo di; impazzare per,normalized_hebrew_phrase,medium,...ף לטוס עוף מפה תעוף מפה עוף עופי עופו מפה יאללה עפתי מפה עוף לי מהעיניים הוא עף מקורס טיס לעוף על משהו אני עף על השניצל הזה עף על עצמו הוא מה זה עף על עצמו היא מה זה עפה על עצמה הספר ,draft_unverified
streetwise_unmatched_c6eea1edf46ea5ab,streetwise_episode_03c5befcba2166f3,,,,,unmatched_hebrew_page,low,"Eich (איך), Hebrew for ""how"", is a tiny word used very often in spoken Hebrew and in many different contexts. On this episode, Guy explains these uses through several examples from",source_only
streetwise_match_8b1e4cd82937e663,streetwise_episode_8481636dc9112008,cclex_f7ea09e6cc2f8e30,Red,עסוק,impegnato (m. sing.),exact_lexical_entry,high,You're busy. I'm busy. We're all extremely busy these days. The Hebrew word for busy is עסוק. What would you say to your friend if you might not be able to make it to their party?,draft_unverified
streetwise_match_c9aa906d92969501,streetwise_episode_8481636dc9112008,cclex_3d7826f2c2c4990f,Orange,בלחץ,sotto pressione,exact_lexical_entry,high,Be-lahats - Stressed - בלחץ,draft_unverified
streetwise_unmatched_65030c63f3748f88,streetwise_episode_9929b374773eceaf,,,,,unmatched_hebrew_page,low,"Why do Israelis say, ""hu taka li berez"" (הוא תקע לי ברז), which roughly translates to, ""he jammed a faucet on me""? And how do we say in Hebrew, ""I'm stuck in the middle seat again""",source_only
streetwise_match_d2be67cba861dfaf,streetwise_episode_5714a326be9dcfb5,cclex_d4f354d9193b2f3f,Green,לשמוח,essere felice,exact_lexical_entry,high,Lismoach - To be happy - לשמוח,draft_unverified
streetwise_match_d28cc4813767fb7a,streetwise_episode_5714a326be9dcfb5,cclex_e1e20acaedfdc660,Dark Green,לשמוח,essere felice,exact_lexical_entry,high,Lismoach - To be happy - לשמוח,draft_unverified
streetwise_unmatched_a9bc550138932ba5,streetwise_episode_203e017790b15061,,,,,unmatched_hebrew_page,low,"(נגן אם-פי-3). What's that? Well, without this capability you wouldn't be able to listen to this podcast on the move! Today's episode is all about the root נ.ג.נ, out of which Hebr",source_only
streetwise_match_9f8374576d226e40,streetwise_episode_debf7af2860379d9,cclex_a8d0351757ede7b2,Light Blue,להקשיב,ascoltare / fare attenzione (infinito),exact_lexical_entry,high,Lehakshiv - To listen - להקשיב,draft_unverified
streetwise_match_39e8a181bc015ee6,streetwise_episode_debf7af2860379d9,cclex_e150516248c02dbf,Lime,להקשיב,ascoltare / fare attenzione (infinito),exact_lexical_entry,high,Lehakshiv - To listen - להקשיב,draft_unverified
streetwise_match_7bdaa425c070894f,streetwise_episode_debf7af2860379d9,cclex_b9933a9a314c6e73,Green,חביתה,omelette / frittata,exact_lexical_entry,high,Havita - Omlette - חביתה,draft_unverified
streetwise_match_65e2c0bc3037d9cb,streetwise_episode_debf7af2860379d9,cclex_3d79c464c65300ae,Dark Green,ארוחת בוקר,colazione,normalized_hebrew_phrase,medium,חביתה ארוחת בוקר ישראלית פרסומות אפשר להחליש טיפה אתה יכול להחליש ב בקשה זה מה זה חזק אפשר להחליש להגביר ת...,draft_unverified
streetwise_unmatched_33a8e5ce46916153,streetwise_episode_544a31abf97adc9c,,,,,unmatched_hebrew_page,low,"The Hebrew word for partner or flatmate is שותף, and its root ש.ת.פ is especially relevant when trying to get your social media posts to go viral. On this episode, Guy shares his l",source_only
streetwise_match_a2e802deaf89efc6,streetwise_episode_d7accd8bf8545bdd,cclex_0496e9dc6f47b7d5,Orange,מאה אחוז,cento per cento,normalized_hebrew_phrase,medium,...הרכבה כל חיי מורכבים מאלפי נצחונות מורכב זה מורכב סיפור מורכב בנאדם מורכב שניצלים רכיבים מאה אחוז רכיבים טבעיים רכיבים אלקטרוניים,draft_unverified
streetwise_match_2b42c00a749efe46,streetwise_episode_d7accd8bf8545bdd,cclex_23819ce494e315f4,Dark Green,להרכיב,montare / assemblare,exact_lexical_entry,high,"Leharkiv - Assemble, install, put up - להרכיב",draft_unverified
streetwise_match_3b5445b2bfabc876,streetwise_episode_d7accd8bf8545bdd,cclex_fa82d5f878c2f06d,Dark Green,מורכב,complesso,exact_lexical_entry,high,"Murkav - Complicated, consists of, installed, complex - מורכב",draft_unverified
streetwise_match_99890e8ff6c95a49,streetwise_episode_b75c740bbe97cd32,cclex_c4b39705fe90411c,Orange,מסובך,complicato,exact_lexical_entry,high,Mesubach - Complicated - מסובך,draft_unverified
streetwise_match_5c45971d33ffa58a,streetwise_episode_b75c740bbe97cd32,cclex_598d61847bb13fee,Turquoise,מסובך,complicato,exact_lexical_entry,high,Mesubach - Complicated - מסובך,draft_unverified
streetwise_match_784e8098f32e20e3,streetwise_episode_e33c860c9fb7d5fa,cclex_2f1fa2ab4faddaa5,Lime,אני רוצה,io (m.) - presente di volere,normalized_hebrew_phrase,medium,לשפר משהו אני רוצה לשפר את העברית שלי נהגים מתקינים שיפורים צעירים שמשפרים את ביצוע המכוניות והעיקר שהרכב של...,draft_unverified
streetwise_match_a3e059a3dfd0ce42,streetwise_episode_3a023e5aab85ba6b,cclex_b96b9d987dcf5b8a,Purple,בריונות,bullismo (m.); molestia (f.),exact_lexical_entry,high,Biryonut - Bullying - בריונות,draft_unverified
streetwise_unmatched_edee33391ac450c4,streetwise_episode_a15d9d13c6ea18b7,,,,,unmatched_hebrew_page,low,"Perek, prakim - Episode, chapter - פרק",source_only
streetwise_match_3eee0dfd52d15bf7,streetwise_episode_18e501d7a6ac0f67,cclex_4b1383d6d732b97d,Yellow,שקט,silenzioso / tranquillo,exact_lexical_entry,high,Sheket – Silence – שקט,draft_unverified
streetwise_match_82e76ce4b32569fc,streetwise_episode_18e501d7a6ac0f67,cclex_992ed61c6141c8c5,Lime,לשתוק,tacere (infinito),exact_lexical_entry,high,Lishtok – To be quiet – לשתוק,draft_unverified
streetwise_match_ca9f75fa0c2b2135,streetwise_episode_18e501d7a6ac0f67,cclex_a62c7c92b514ed5c,Indigo,לשתוק,tacere / stare zitto,exact_lexical_entry,high,Lishtok – To be quiet – לשתוק,draft_unverified
streetwise_match_38eb8f14b99039c0,streetwise_episode_2b78fe2351fd2714,cclex_a0574416f7112f8b,Blue,חטיף,spuntino (m.); merenda (f.),exact_lexical_entry,high,Hatif – Snack – חטיף,draft_unverified
streetwise_match_100ea57b9c8c12d7,streetwise_episode_7b897ca7d85933e1,cclex_4e1b10f3b73c9351,Red,חברה,amica (f. sing.),exact_lexical_entry,high,"Hevra - Company, society - חֶברה",draft_unverified
streetwise_match_c7dbbee878e3769d,streetwise_episode_7b897ca7d85933e1,cclex_ab491df48994e40c,Lime,אני רואה,io (m.) - presente di vedere,normalized_hebrew_phrase,medium,...רת חוברת תרגילי חיבור לחבר שתיים ועוד שתיים שווה ארבע חיבור חיבור לחשמל לבדוק את החיבורים אני רואה שאת מחוברת את יכולה לחבר אותי למישהו ב איקס ממש תודה על החיבור חיבור לאינטרנט להתחבר,draft_unverified
streetwise_match_2fc34f9f3c98eada,streetwise_episode_7b897ca7d85933e1,cclex_2ac18a048cba353c,Lime,חברה,società / azienda,exact_lexical_entry,high,"Hevra - Company, society - חֶברה",draft_unverified
streetwise_match_2a5197b5c2c80df1,streetwise_episode_7b897ca7d85933e1,cclex_6f653eb2fd9c42fa,Dark Green,לחבר,collegare / attaccare alla presa,exact_lexical_entry,high,"Lehaber - To add, connect, join - לחבר",draft_unverified
streetwise_match_a50cb9947251700b,streetwise_episode_7b897ca7d85933e1,cclex_a852e58322d8bc37,Indigo,חברה,società / azienda,exact_lexical_entry,high,"Hevra - Company, society - חֶברה",draft_unverified
streetwise_match_a3e092588b452bff,streetwise_episode_35b71f22b4e6fc78,cclex_607cb32ff73c08c1,Red,למה לא,perché no,normalized_hebrew_phrase,medium,...ם צריך למסור את הבקשה היא מוסרת גורה למסור גור לאימוץ למסור כדור כדורגל תמסור תמסרי תמסרו למה לא מסרת מסרת מסרתם מסירה איזה מסירה למסור ד ש אפשר לקבל את שרה היא לא נמצאת למסור לה משהו,draft_unverified
streetwise_match_380b26bb77f79454,streetwise_episode_35b71f22b4e6fc78,cclex_2d98244e75b7eae7,Purple,מסר,messaggio (m.); morale (m.),exact_lexical_entry,high,Meser - Main idea - מֶסֶר,draft_unverified
streetwise_match_88e3c42c2a2e5ff8,streetwise_episode_9076be5f1df43b48,cclex_68faad8a94bbb8cf,Yellow,להדליק,accendere,exact_lexical_entry,high,Lehadlik - To switch on - להדליק,draft_unverified
streetwise_match_11239d5ff2ce3f18,streetwise_episode_9076be5f1df43b48,cclex_087e5c3ff905418c,Lime,להדליק,accendere,exact_lexical_entry,high,Lehadlik - To switch on - להדליק,draft_unverified
streetwise_match_d30484df9b72a35c,streetwise_episode_c299b8a8309956dc,cclex_e488392da1809d8f,Lime,את חושבת,tu (f.) - presente di pensare,normalized_hebrew_phrase,medium,...ופסה בלי לחשוב פעמיים אפשר לחשוב אפשר לחשוב מה כבר עשיתי על מה את ה חושב ת מה אתה חושב מה את חושבת על מה חשבת על מי את חושבת חשבתי להציע לך להישאר חשבתי ללכת למסיבה בסוף לא יצא מה חשב,draft_unverified
streetwise_match_5437551635924882,streetwise_episode_c299b8a8309956dc,cclex_8eba842cb13b852f,Lime,אתה חושב,tu (m.) - presente di pensare,normalized_hebrew_phrase,medium,...חשוב מחוץ לקופסה בלי לחשוב פעמיים אפשר לחשוב אפשר לחשוב מה כבר עשיתי על מה את ה חושב ת מה אתה חושב מה את חושבת על מה חשבת על מי את חושבת חשבתי להציע לך להישאר חשבתי ללכת למסיבה בסוף ל,draft_unverified
streetwise_match_06044af78f162b29,streetwise_episode_c299b8a8309956dc,cclex_14de6ecef83f9bf0,Lime,לחשוב,pensare (infinito),exact_lexical_entry,high,Lahshov – To think – לחשוב,draft_unverified
streetwise_unmatched_33e18b433d4766e8,streetwise_episode_641ae4cc9190790b,,,,,unmatched_hebrew_page,low,Ichpat - care - אכפת,source_only
streetwise_match_53a813e90b004524,streetwise_episode_7347df12d12eeaaf,cclex_2db49ee267df5bf2,Indigo,לנהוג,guidare,exact_lexical_entry,high,Linhog - To drive - לנהוג,draft_unverified
streetwise_match_b410fdfd561b6db4,streetwise_episode_ae8778d4577e3f6b,cclex_b3e25ced92a7f175,Yellow,מה לעשות,che fare?,normalized_hebrew_phrase,medium,...שובר גלים שובר את השוק נשבר לי מ נשבר לי ממנו נשבר לי הזין ממנו די נשבר הזין נשבר לי הלב מה לעשות אם נשבר לי הלב נשבר לי ממתמטיקה נשבר השרב להישבר לא להישבר שביר שברירי לא שבר משבר שב,draft_unverified
streetwise_match_2067bbecfd223f34,streetwise_episode_ae8778d4577e3f6b,cclex_642f868091e681c7,Green,לשבור,rompere,exact_lexical_entry,high,Lishbor - To break - לשבור,draft_unverified
streetwise_match_161f104e9655e429,streetwise_episode_ae8778d4577e3f6b,cclex_303446e08acaf58a,Dark Green,לשבור,rompere,exact_lexical_entry,high,Lishbor - To break - לשבור,draft_unverified
streetwise_match_8dca9931fa6a0419,streetwise_episode_bea4a80304bf2731,cclex_db7e141412068fa1,Orange,בגלל זה,ecco perché / per questo,normalized_hebrew_phrase,medium,...כל אוכלים ת לב לאכול את הלב חייך אכלת אותה לאכול מישהו חי אוכל סרטים אכלתי סרטים כל הלילה בגלל זה זה כמו להאכיל דגים באקווריום הוא האכיל את הילד הוא האכיל אותי סרטים אכיל זה לא אכיל ל,draft_unverified
streetwise_match_e2725a43bf81f42e,streetwise_episode_bea4a80304bf2731,cclex_83fd41dc8d9f0b0d,Orange,אוכל,cibo,exact_lexical_entry,high,New words and expressions: Ochel - Food - אוכל,draft_unverified
streetwise_match_ef3ed322c86d6336,streetwise_episode_ae16574cf58b737f,cclex_8c5b43e0c5976483,Red,עוד לא,non ancora,normalized_hebrew_phrase,medium,...לא איתי אין טעם כמעט אין טעם שאבכה אין טעם לבכות אין טעם תתקשר אליהם עכשיו לא אין טעם הם עוד לא פתחו עכשיו בטעמים תפוז בטעמים חדשים בטעם ממש בטעם חוסר טעם איזה חוסר טעם טעם מטעם פרס מ,draft_unverified
streetwise_match_cb84e60342011d24,streetwise_episode_ae16574cf58b737f,cclex_3f7cafb7fe565415,Orange,הוא עשה,lui - passato di fare / lui - passato di fare,normalized_hebrew_phrase,medium,...ר טעם איזה חוסר טעם טעם מטעם פרס מטעם אמ י אמנות מטעם זה פוסט מטעם א חוש הטעם מטעם מטעמים הוא עשה מזה מטעמים הם עשו מזה מטעמים לטעום אפשר לטעום תטעם תטעמי תטעמו טעם,draft_unverified
streetwise_match_93016a73bf34959a,streetwise_episode_a0cf12ded05bfb3e,cclex_e0ca7fcad4157b50,Red,שנה,anno,exact_lexical_entry,high,Shana - Year - שנה,draft_unverified
streetwise_match_21b5ec8399609ea4,streetwise_episode_a0cf12ded05bfb3e,cclex_90636b264dc522ff,Orange,פעמיים,due volte,exact_lexical_entry,high,Pa'amayim - Twice - פעמיים,draft_unverified
streetwise_match_f40b3b0273b193c9,streetwise_episode_a0cf12ded05bfb3e,cclex_689a39efcaec6544,Orange,חודש,mese,exact_lexical_entry,high,Hodesh - A month - חודש,draft_unverified
streetwise_match_84839da11bdd3dfe,streetwise_episode_a0cf12ded05bfb3e,cclex_f438ab2221b5428e,Orange,שנה,anno,exact_lexical_entry,high,Shana - Year - שנה,draft_unverified
streetwise_unmatched_c4ee5cef9577b008,streetwise_episode_588801fc9bb6fa82,,,,,unmatched_hebrew_page,low,"Halom, halomot - Dream - חלום Halomot be-aspamya - Unrealistic dreams - חלומות באספמיה He-hayit o halamti halom - Did you (f.) exist or was I just dreaming? - ההיית או חלמתי חלום? ",source_only
streetwise_match_96bb3694652cd9e6,streetwise_episode_b29dd916f6b4285a,cclex_70fa63c3d33f0cf2,Lime,אנחנו הולכות,noi (f.) - presente di andare,normalized_hebrew_phrase,medium,מרימים את הידיים גבוה לשמיים להרים תרימו יא חתי אם אנחנו הולכות עכשיו במצעד ויש איזה מישהי ככה יאבשה תגידי לה יאח תי תרימי להרים את מצב הרוח אוחץ תרימי ת...,draft_unverified
streetwise_unmatched_d3a96ce183b0d4dc,streetwise_episode_641ba255f59150f8,,,,,unmatched_hebrew_page,low,"The root חל""ק has so many meanings. It has to do with separation, borders and partitions, so you can imagine how popular it is here in the Middle East. But it has more meanings, fo",source_only
streetwise_unmatched_6b1129346ba273c6,streetwise_episode_fa215fa7ff0a5f19,,,,,unmatched_hebrew_page,low,Hatichat hatsuf - You cheeky bastard - חתיכת חצוף Limhok - to erase - למחוק Titbayesh lecha - Shame on you - תתבייש לך Ata pashut hatsuf - You're just cheeky - אתה פשוט חצוף Na'ara,source_only
streetwise_unmatched_85079164f829cbb9,streetwise_episode_61bfdc70052055fa,,,,,unmatched_hebrew_page,low,"Em - Umm - אֶם Achshav ani margish - Now I feel - עכשיו אני מרגיש Ke'ilu lo yode'a klum - As if I know nothing - כאילו לא יודע כלום Ke'ilu (kilu) - As if - כאילו, כילו Zot omeret (",source_only
streetwise_unmatched_f764e061d3d604bb,streetwise_episode_2bc66063b09a72dc,,,,,unmatched_hebrew_page,low,"New words and expressions: Eh - Um - אֶה Ve… - And - ו… Ve-tagidi - And tell me (f.)… - ותגידי Ve-tagid li - And tell me (m.) - ותגיד Yoter eh kashim - More, um, difficult - יותר, ",source_only
streetwise_unmatched_3379fbd9530cd030,streetwise_episode_d34609d3cb83f71a,,,,,unmatched_hebrew_page,low,Mesha'amem - Boring - משעמם Mesha'mem li - I am bored - משעמם לי Mesha'amem la'allah / me-sha'amem ticho / ma-ze mesha'amem - It's so boring - משעמם לאללה / משעמם טיכו / מה-זה משעמ,source_only
streetwise_match_d1ba37190546bfad,streetwise_episode_a9cbaeeddaff25a4,cclex_126a4885f0fce5d1,Red,נראה לי,secondo me / mi sembra,normalized_hebrew_phrase,medium,...שם איזה מאתיים איש אולי איזה מאתיים ככה היא באמצע כמה קופסאות אתה רוצה תביא ככה תביא ככה נראה לי חמישים שישים נראה לי נראה לי חמישים שישים אני לא יודע אני יודע אני לא יודעת אני יודעת ,draft_unverified
streetwise_match_51389f885a8625c8,streetwise_episode_a9cbaeeddaff25a4,cclex_43a033ee79495119,Lime,אני חושב,io (m.) - presente di pensare,normalized_hebrew_phrase,medium,...לי חמישים שישים נראה לי נראה לי חמישים שישים אני לא יודע אני יודע אני לא יודעת אני יודעת אני חושב חושבת,draft_unverified
streetwise_match_2dab6d340e42e1cf,streetwise_episode_a9cbaeeddaff25a4,cclex_d2a5bc227d20810f,Lime,אתה רוצה,tu (m.) - presente di volere,normalized_hebrew_phrase,medium,...ע כזה תביא איזה שני ק ג היו שם איזה מאתיים איש אולי איזה מאתיים ככה היא באמצע כמה קופסאות אתה רוצה תביא ככה תביא ככה נראה לי חמישים שישים נראה לי נראה לי חמישים שישים אני לא יודע אני ,draft_unverified
streetwise_match_0755e289c294ef82,streetwise_episode_a9cbaeeddaff25a4,cclex_06077d96c83ef921,Lime,אני יודע,io (m.) - presente di sapere / conoscere,normalized_hebrew_phrase,medium,...אתה רוצה תביא ככה תביא ככה נראה לי חמישים שישים נראה לי נראה לי חמישים שישים אני לא יודע אני יודע אני לא יודעת אני יודעת אני חושב חושבת,draft_unverified
streetwise_match_7c108b39becdf37f,streetwise_episode_2f4afd8abd300643,cclex_8d5468b7004100b0,Dark Green,בעל הבית,proprietario; padrone di casa,normalized_hebrew_phrase,medium,...לסביות הומואים טרנס בי זה אישי זה בעלי זה בן הזוג שלי זה הבנזוג שלי ומה אם בעלה יודע בעל בעל הבית בעלי לבעול בעילה בעלו אישתה אפשר לדבר עם הבעלבית בעל הבית השתגע בעל חיים בעלי חיים בע,draft_unverified
streetwise_unmatched_b349102ba57faaab,streetwise_episode_e103a4286a65c4f7,,,,,unmatched_hebrew_page,low,"Shavé, shava, shavim, shavot – Equal – שוֶוה, שוָוה, שווים, שוות",source_only
streetwise_unmatched_a3be78bd905583af,streetwise_episode_1b2898b5301999b8,,,,,unmatched_hebrew_page,low,Tehene me-ha-hayim shelcha – Enjoy your life – תהנה מהחיים שלך,source_only
streetwise_match_522cf6425ecd04ac,streetwise_episode_274dbc8a4516afc2,cclex_c3d9d2b7f187301c,Orange,מאוחר,tardi / in ritardo,exact_lexical_entry,high,Me'uchar! – It's late! – מאוחר!,draft_unverified
streetwise_match_d1b5317d39ef5b2f,streetwise_episode_274dbc8a4516afc2,cclex_ad399c422edd4ee2,Pink,מאוחר,tardi / in ritardo,exact_lexical_entry,high,Me'uchar! – It's late! – מאוחר!,draft_unverified
streetwise_match_6de4875eb816c54a,streetwise_episode_77c2d5decfab490b,cclex_8bc704dc6b94bc7b,Red,גם אני,anche io,normalized_hebrew_phrase,medium,...בארבע בבוקר אתה אשכרה תבוא מחר הוא אשכרה אמר לך את זה הוא אשכרה אמר לך את זה אשכרה אשכרה גם אני,draft_unverified
streetwise_match_e5d103c069635cd7,streetwise_episode_77c2d5decfab490b,cclex_53158dde4dae41a5,Blue,אשכרה,sul serio?!; davvero?!,exact_lexical_entry,high,Doesn't this guy look like Michael Jackson? Ashkara. – Totally. – אשכרה,draft_unverified
streetwise_match_965271bc09bb4c56,streetwise_episode_0ccdea6b42630a74,cclex_8bc704dc6b94bc7b,Red,גם אני,anche io,normalized_hebrew_phrase,medium,...בארבע בבוקר אתה אשכרה תבוא מחר הוא אשכרה אמר לך את זה הוא אשכרה אמר לך את זה אשכרה אשכרה גם אני,draft_unverified
streetwise_match_2db4b20e8e2e6594,streetwise_episode_0ccdea6b42630a74,cclex_53158dde4dae41a5,Blue,אשכרה,sul serio?!; davvero?!,exact_lexical_entry,high,Doesn't this guy look like Michael Jackson? Ashkara. – Totally. – אשכרה,draft_unverified
streetwise_match_f3dde082ad1a15cb,streetwise_episode_28d4ee6b67e0056c,cclex_3a25c80dc5c2cde9,Orange,לנסוע,viaggiare,exact_lexical_entry,high,Linso'a – To travel by a vehicle – לנסוע,draft_unverified
streetwise_match_67b36c6c508a707f,streetwise_episode_28d4ee6b67e0056c,cclex_7abd9b2513224eb5,Light Blue,בואו נדבר,parliamo,normalized_hebrew_phrase,medium,עכשיו החגים אז כולם בנסיעות או שממש חזרו מנסיעה או שהם לקראת נסיעה בואו נדבר על השורש הזה נ ס ע נלמד כמה ביטויים חדשים ונשמע כמה הודעות ממטוסים ורכבות בעברית שנינו נו...,draft_unverified
streetwise_match_824db920875e2c1b,streetwise_episode_28d4ee6b67e0056c,cclex_2f1fa2ab4faddaa5,Lime,אני רוצה,io (m.) - presente di volere,normalized_hebrew_phrase,medium,...נוסעים במכונית הישנה סע סעי סע יש ך ירוק סעי יש לך ירוק סע סע סע זהו סע לי מהעיניים לנסוע אני רוצה ללכת לתערוכה הזו נסיעה יש אנשים שתמיד בנסיעות,draft_unverified
streetwise_match_930a978cd6124996,streetwise_episode_28d4ee6b67e0056c,cclex_f2fcc08c43e79c18,Dark Green,לנסוע,viaggiare,exact_lexical_entry,high,Linso'a – To travel by a vehicle – לנסוע,draft_unverified
streetwise_match_73bb64f16237ff07,streetwise_episode_4167306ea5d08cc4,cclex_3a25c80dc5c2cde9,Orange,לנסוע,viaggiare,exact_lexical_entry,high,Linso'a – To travel by a vehicle – לנסוע,draft_unverified
streetwise_match_628d1cec1c3ed8ce,streetwise_episode_4167306ea5d08cc4,cclex_2f1fa2ab4faddaa5,Lime,אני רוצה,io (m.) - presente di volere,normalized_hebrew_phrase,medium,...נוסעים במכונית הישנה סע סעי סע יש ך ירוק סעי יש לך ירוק סע סע סע זהו סע לי מהעיניים לנסוע אני רוצה ללכת לתערוכה הזו נסיעה יש אנשים שתמיד בנסיעות,draft_unverified
streetwise_match_01ee8f7461b3324f,streetwise_episode_4167306ea5d08cc4,cclex_f2fcc08c43e79c18,Dark Green,לנסוע,viaggiare,exact_lexical_entry,high,Linso'a – To travel by a vehicle – לנסוע,draft_unverified
streetwise_match_a2823ab7c613a79d,streetwise_episode_fc453c0ab77290b2,cclex_352d2f69f9f102ca,Dark Green,מחוק,cancellato,exact_lexical_entry,high,Ani harei mahuk – I am dead tired/drunk/crazy – מחוק,draft_unverified
streetwise_match_00c2b62c0c838233,streetwise_episode_fc453c0ab77290b2,cclex_078ed2708e7a5439,Purple,"מוזר, משונה",strano; insolito; bizzarro,exact_lexical_entry,high,"Muzar, meshune – Strange, weird – מוזר, משונה",draft_unverified
streetwise_match_4bd60adf565e1eb9,streetwise_episode_77f914bff7f7b069,cclex_352d2f69f9f102ca,Dark Green,מחוק,cancellato,exact_lexical_entry,high,Ani harei mahuk – I am dead tired/drunk/crazy – מחוק,draft_unverified
streetwise_match_e343333e3dda5f25,streetwise_episode_77f914bff7f7b069,cclex_078ed2708e7a5439,Purple,"מוזר, משונה",strano; insolito; bizzarro,exact_lexical_entry,high,"Muzar, meshune – Strange, weird – מוזר, משונה",draft_unverified
streetwise_match_5f89cc973d51b258,streetwise_episode_cd2fec55be10aa29,cclex_18a17694c7707ec8,Red,לבוא,venire,exact_lexical_entry,high,Lavo – To come – לבוא,draft_unverified
streetwise_match_d54d5b53d0ceb235,streetwise_episode_cd2fec55be10aa29,cclex_afb0482f3995553c,Red,בואי,venire femm. sing.,exact_lexical_entry,high,Bo'i! (abbreviation of the former) – Let's not get carried away – !בואי,draft_unverified
streetwise_match_d5941c04f75d3a1b,streetwise_episode_cd2fec55be10aa29,cclex_8d0ea44f0fb3dbda,Red,מה קורה,cosa succede? / come va?,normalized_hebrew_phrase,medium,הפועל לבוא הוא פועל חשוב בעברית כולנו הולכים ובאים לאנשהו כל הזמן מה קורה כשמוסיפים לו פועל כמו בוא נגיד ומה קורה כשמישהו פשוט אומר לכם בואי בונוס איך אפשר לענות ל...,draft_unverified
streetwise_match_92c23e7aa904713e,streetwise_episode_cd2fec55be10aa29,cclex_8ef41ba2821f58ce,Orange,לבוא,venire,exact_lexical_entry,high,Lavo – To come – לבוא,draft_unverified
streetwise_match_25e17c1f922e4c36,streetwise_episode_cd2fec55be10aa29,cclex_2be3b4452b52bb4a,Light Blue,בוא בואי בואו,venire o / oppure let s imperativo,exact_lexical_entry,high,"Bo, bo'i, bo'u – Come (imperative, m., f., pl.) – בוא, בואי, בואו",draft_unverified
streetwise_match_f7c0ac15f4a87377,streetwise_episode_cd2fec55be10aa29,cclex_ab491df48994e40c,Lime,אני רואה,io (m.) - presente di vedere,normalized_hebrew_phrase,medium,...לבוא אלייך לבוא מתי לבוא איך לבוא איך לבוא אפשר בג ינס לבוא אני בא הביתה אני בא למלון ומה אני רואה הו הא מי זה בא ראש הממשלה הבא הו הא מי זה בא אונייה עם ארובה,draft_unverified
streetwise_match_c92f841ec76ff11b,streetwise_episode_cd2fec55be10aa29,cclex_bfac51b8fa79d176,Lime,לבוא,venire (infinito),exact_lexical_entry,high,Lavo – To come – לבוא,draft_unverified
streetwise_match_9ac5ac777d1d9442,streetwise_episode_cd2fec55be10aa29,cclex_771c71be148ded06,Dark Green,לבוא,venire,exact_lexical_entry,high,Lavo – To come – לבוא,draft_unverified
streetwise_match_06595e3ed8ae6db1,streetwise_episode_5ed8a26e81fa4df0,cclex_18a17694c7707ec8,Red,לבוא,venire,exact_lexical_entry,high,Lavo – To come – לבוא,draft_unverified
streetwise_match_4c9f63064a34890e,streetwise_episode_5ed8a26e81fa4df0,cclex_afb0482f3995553c,Red,בואי,venire femm. sing.,exact_lexical_entry,high,Bo'i! (abbreviation of the former) – Let's not get carried away – !בואי,draft_unverified
streetwise_match_ec691bd2999a38b0,streetwise_episode_5ed8a26e81fa4df0,cclex_8ef41ba2821f58ce,Orange,לבוא,venire,exact_lexical_entry,high,Lavo – To come – לבוא,draft_unverified
streetwise_match_14cfd93b2ac84f4b,streetwise_episode_5ed8a26e81fa4df0,cclex_2be3b4452b52bb4a,Light Blue,בוא בואי בואו,venire o / oppure let s imperativo,exact_lexical_entry,high,"Bo, bo'i, bo'u – Come (imperative, m., f., pl.) – בוא, בואי, בואו",draft_unverified
streetwise_match_46589d5de78d7ec8,streetwise_episode_5ed8a26e81fa4df0,cclex_ab491df48994e40c,Lime,אני רואה,io (m.) - presente di vedere,normalized_hebrew_phrase,medium,...לבוא אלייך לבוא מתי לבוא איך לבוא איך לבוא אפשר בג ינס לבוא אני בא הביתה אני בא למלון ומה אני רואה הו הא מי זה בא ראש הממשלה הבא הו הא מי זה בא אונייה עם ארובה,draft_unverified
streetwise_match_3dc1309788a4336e,streetwise_episode_5ed8a26e81fa4df0,cclex_bfac51b8fa79d176,Lime,לבוא,venire (infinito),exact_lexical_entry,high,Lavo – To come – לבוא,draft_unverified
streetwise_match_16162b24337b537c,streetwise_episode_5ed8a26e81fa4df0,cclex_771c71be148ded06,Dark Green,לבוא,venire,exact_lexical_entry,high,Lavo – To come – לבוא,draft_unverified
streetwise_match_66510b84660e14e4,streetwise_episode_c09e93ee21696200,cclex_0dac2c497474e1d7,Lime,לפנות,liberare / sgomberare,exact_lexical_entry,high,"Lefanot – To evacuate, to clear – לפנות",draft_unverified
streetwise_match_eeab0a9049dbb2a1,streetwise_episode_c09e93ee21696200,cclex_4d4082165407c680,Lime,אני הולכת,io (f.) - presente di andare,normalized_hebrew_phrase,medium,...היה מה שנקרא פיפי מצחיק בטירוף פיפי כואב לי ה פיפי פיפי ולישון להשתין אני הולך להשתין רגע אני הולכת לעשות פיפי אני מה זה צריך צריכה פיפי אני חייב חייבת להשתין אני צריך ללכת לשירותים ל,draft_unverified
streetwise_match_e58389f1504baa03,streetwise_episode_c09e93ee21696200,cclex_892cdc0ecd9c6dc4,Lime,אני עושה,io (m.) - presente di fare,normalized_hebrew_phrase,medium,...באינטרנט בואו נלמד הפרק לא מתאים למאזינים שיש להם בעיה עם הנושא פיפי שתן בדיקת שתן שנייה אני עושה פיפי ואז נדבר עוד פיפי רגע פיפי שנייה הפסקת פיפי לעצור לפיפי פיפי דחוף יש לי פיפי זה ,draft_unverified
streetwise_match_1d30c105b6587b57,streetwise_episode_c09e93ee21696200,cclex_87fbb2b82ad4f222,Lime,אני הולך,io (m.) - presente di andare,normalized_hebrew_phrase,medium,...דחוף יש לי פיפי זה היה מה שנקרא פיפי מצחיק בטירוף פיפי כואב לי ה פיפי פיפי ולישון להשתין אני הולך להשתין רגע אני הולכת לעשות פיפי אני מה זה צריך צריכה פיפי אני חייב חייבת להשתין אני צ,draft_unverified
streetwise_match_14855eb782b6051e,streetwise_episode_c09e93ee21696200,cclex_a28361bbb20a6333,Purple,לפנות,girare; voltare; trasformare,exact_lexical_entry,high,"Lefanot – To evacuate, to clear – לפנות",draft_unverified
streetwise_match_8a3fc5f73409836f,streetwise_episode_055af5697725a4e5,cclex_0dac2c497474e1d7,Lime,לפנות,liberare / sgomberare,exact_lexical_entry,high,"Lefanot – To evacuate, to clear – לפנות",draft_unverified
streetwise_match_74ec4c604745f845,streetwise_episode_055af5697725a4e5,cclex_4d4082165407c680,Lime,אני הולכת,io (f.) - presente di andare,normalized_hebrew_phrase,medium,...היה מה שנקרא פיפי מצחיק בטירוף פיפי כואב לי ה פיפי פיפי ולישון להשתין אני הולך להשתין רגע אני הולכת לעשות פיפי אני מה זה צריך צריכה פיפי אני חייב חייבת להשתין אני צריך ללכת לשירותים ל,draft_unverified
streetwise_match_7f34e20519b9659c,streetwise_episode_055af5697725a4e5,cclex_892cdc0ecd9c6dc4,Lime,אני עושה,io (m.) - presente di fare,normalized_hebrew_phrase,medium,פיפי שתן בדיקת שתן שנייה אני עושה פיפי ואז נדבר עוד פיפי רגע פיפי שנייה הפסקת פיפי לעצור לפיפי פיפי דחוף יש לי פיפי זה היה...,draft_unverified
streetwise_match_d429f012e384798b,streetwise_episode_055af5697725a4e5,cclex_87fbb2b82ad4f222,Lime,אני הולך,io (m.) - presente di andare,normalized_hebrew_phrase,medium,...דחוף יש לי פיפי זה היה מה שנקרא פיפי מצחיק בטירוף פיפי כואב לי ה פיפי פיפי ולישון להשתין אני הולך להשתין רגע אני הולכת לעשות פיפי אני מה זה צריך צריכה פיפי אני חייב חייבת להשתין אני צ,draft_unverified
streetwise_match_b6b68246360a6fa7,streetwise_episode_055af5697725a4e5,cclex_a28361bbb20a6333,Purple,לפנות,girare; voltare; trasformare,exact_lexical_entry,high,"Lefanot – To evacuate, to clear – לפנות",draft_unverified
streetwise_match_a0b3520ef0d49b36,streetwise_episode_e619860716c9049c,cclex_6377b65b089b0ab3,Orange,סיוט,incubo,exact_lexical_entry,high,Siyut – Nightmare – סיוט,draft_unverified
streetwise_match_aa4adf19cff49493,streetwise_episode_e619860716c9049c,cclex_344e60693b9bab31,Green,להתלונן,lamentarsi,exact_lexical_entry,high,Lehitlonen – To complain – להתלונן,draft_unverified
streetwise_match_ce606d1f5f2b68ec,streetwise_episode_e619860716c9049c,cclex_aaaece8bb49692c5,Dark Green,להתלונן,lamentarsi,exact_lexical_entry,high,Lehitlonen – To complain – להתלונן,draft_unverified
streetwise_match_e36228fb6475dfcd,streetwise_episode_e619860716c9049c,cclex_048f5ad8c2d6fa97,Indigo,סיוט,incubo,exact_lexical_entry,high,Siyut – Nightmare – סיוט,draft_unverified
streetwise_match_15bc8c9eab89c237,streetwise_episode_27af8ccca1f82669,cclex_6377b65b089b0ab3,Orange,סיוט,incubo,exact_lexical_entry,high,Siyut – Nightmare – סיוט,draft_unverified
streetwise_match_ba2cee24cb97617a,streetwise_episode_27af8ccca1f82669,cclex_344e60693b9bab31,Green,להתלונן,lamentarsi,exact_lexical_entry,high,Lehitlonen – To complain – להתלונן,draft_unverified
streetwise_match_50faefe9c006aa6e,streetwise_episode_27af8ccca1f82669,cclex_aaaece8bb49692c5,Dark Green,להתלונן,lamentarsi,exact_lexical_entry,high,Lehitlonen – To complain – להתלונן,draft_unverified
streetwise_match_22787f47def64fd7,streetwise_episode_27af8ccca1f82669,cclex_048f5ad8c2d6fa97,Indigo,סיוט,incubo,exact_lexical_entry,high,Siyut – Nightmare – סיוט,draft_unverified
streetwise_unmatched_86412ea24a08ba59,streetwise_episode_a37803ba03941f7f,,,,,unmatched_hebrew_page,low,Shalom haver – Goodbye friend – שלום חבר,source_only
streetwise_unmatched_f1f0b8ab80f5ab29,streetwise_episode_0b37983a694b68f6,,,,,unmatched_hebrew_page,low,"בישראל הסוציאליסטית של שנות ה-50 ""חבר"" הייתה מילה חשובה. כשהפכנו לקפיטליסטים היא נשארה מאחור. בשנים האחרונות היא חזרה אלינו, והמלצר בבית קפה תל אביבי יקרא לכם ""חברים, השולחן שלכם מ",source_only
streetwise_match_eaaf9d2295630350,streetwise_episode_a51b4e261969c1a1,cclex_876c8f8b2228f1fd,Blue,להמציא,inventare; creare,exact_lexical_entry,high,Lehamtsi – To invent – להמציא,draft_unverified
streetwise_match_f9e3b38493824cbd,streetwise_episode_a51b4e261969c1a1,cclex_87fbb2b82ad4f222,Lime,אני הולך,io (m.) - presente di andare,normalized_hebrew_phrase,medium,אני הולך לשם ולא מוצא מציאה מציאות א גרויסע מציעא הוא לא כזה גרויסע מציעא גם כן גרויסע מציאע שוק ה...,draft_unverified
streetwise_match_7b7b32908086a93b,streetwise_episode_a51b4e261969c1a1,cclex_7a7366ed4c9234c4,Dark Green,מציאות,realtà,exact_lexical_entry,high,Metsi'ut – Reality – מציאוּת,draft_unverified
streetwise_match_2a9a1b0e91fd6fa7,streetwise_episode_a51b4e261969c1a1,cclex_3576b48fceae1dba,Dark Green,המצאה,invenzione,exact_lexical_entry,high,Hamtsa'a – Invention – המצאה,draft_unverified
streetwise_match_290bb6bf2b1921c3,streetwise_episode_a51b4e261969c1a1,cclex_ce344e513f92cf8c,Indigo,מציאות,realtà,exact_lexical_entry,high,Metsi'ut – Reality – מציאוּת,draft_unverified
streetwise_unmatched_0cf5397a2f03cc59,streetwise_episode_f55d73baaee1f587,,,,,unmatched_hebrew_page,low,Nechi Nech – all this time / נצ'י נצ' – כל הזמן הזה,source_only
streetwise_unmatched_2936c604add38f88,streetwise_episode_0078b9acba63b400,,,,,unmatched_hebrew_page,low,"Arba lifnot boker lo nirdemet – 4 am, I cannot sleep – ארבע לפנות בוקר לא נרדמת",source_only
streetwise_match_7d239b6ca3433dd0,streetwise_episode_0608ee54e77ebe36,cclex_98046c5a74045557,Dark Green,תא מדידה,camerino,exact_lexical_entry,high,Ta medida – Fitting room – תא מדידה,draft_unverified
streetwise_match_cb121c22d1205cac,streetwise_episode_0608ee54e77ebe36,cclex_2ae6f9da182e1bdd,Indigo,מידה,taglia / misura,exact_lexical_entry,high,Mida – Size – מידה,draft_unverified
streetwise_match_4e2a932d6a718593,streetwise_episode_46a68de42422e2cd,cclex_b8f17968bb5fe201,Red,חם לי,ho caldo,exact_lexical_entry,high,Ham li – I am hot – חם לי,draft_unverified
streetwise_match_de4aa028276a9614,streetwise_episode_46a68de42422e2cd,cclex_9bb3d4d96b1b4cf7,Orange,חום,brown,exact_lexical_entry,high,"Hom – Heat, fever – חום",draft_unverified
streetwise_match_7b4466c65c67dba3,streetwise_episode_dd04a9b3dc146402,cclex_9b2e3221ea53bfa8,Blue,לבכות,gridare; piangere,exact_lexical_entry,high,Livkot – To cry – לבכות,draft_unverified
streetwise_match_0786f147b9d3353d,streetwise_episode_57168d3ad4f25112,cclex_b3e25ced92a7f175,Yellow,מה לעשות,che fare?,normalized_hebrew_phrase,medium,אל תדאגו לי רק אל תגיד לי אתה אל תגיד לי מה לעשות את אל תגידי לי מה לעשות אל תבכה אל נא תבכי ארגנטינה אל נא תאמר לי שלום אמור רק להתראות לא...,draft_unverified
streetwise_unmatched_7961fb6b5bef7b65,streetwise_episode_ded58b1ec7ff5376,,,,,unmatched_hebrew_page,low,"Nehmad – Nice, lovely – נחמד",source_only
streetwise_match_a7c9114cb6b7e1cd,streetwise_episode_24cf6d05202587c2,cclex_6453c662de384cfb,Red,מה קרה,cosa è successo?,normalized_hebrew_phrase,medium,חמוד חמוד לחמוד אלחמדולילה שיהיו לך מלא ילדים חמודים חמוד תודה מה קרה לך חמודה אל תקראי לי חמודה חמודי בוא הנה אומרים לי שאני חמוד ילד חמוד בכיתה איזה חמוד,draft_unverified
streetwise_match_2d1f098ac58ab7f9,streetwise_episode_3b76ec7204070df9,cclex_607cb32ff73c08c1,Red,למה לא,perché no,normalized_hebrew_phrase,medium,...דפק חשבון למישהו אתה מרגיש את דפיקות הלב דפיקה דפיקות דפוק הדפוק הזה עושה לך טוב יא דפוק למה לא אמרת לי אני מה זה דפוק סיפרת שמילדות את כבר דפוקה אתמול דפקתי שני המבורגרים ולזניה הוא ,draft_unverified
streetwise_match_60ec22a23d7ea5cc,streetwise_episode_674a3f606a3bcf25,cclex_8c5b43e0c5976483,Red,עוד לא,non ancora,normalized_hebrew_phrase,medium,...ה לא תתפוס את מקומה תתפוס לי מקום לידך את יכולה לתפוס לי מקום לידך אל תתפוס אותי במילה מה עוד לא תפסת תפסתי ראש על הבר תפסתי מרחק תפסתי אותך תפסתי אותו על חם תפסתי עצבים תפסתי אומץ זה,draft_unverified
streetwise_unmatched_7191b7719425fe85,streetwise_episode_07349d8451be8c2a,,,,,unmatched_hebrew_page,low,La-kova sheli shalosh pinot – My hat has three corners – לכובע שלי שלוש פינות,source_only
streetwise_unmatched_ed261611515d48ae,streetwise_episode_e0bcf7408b94a80b,,,,,unmatched_hebrew_page,low,Katsar – Short – קצר,source_only
streetwise_match_366abb932a74fb94,streetwise_episode_e556f60b6488bf57,cclex_9385df2a00074527,Dark Green,לחפור,insistere / rompere (colloq.),exact_lexical_entry,high,"Lahpor (lahfor) – To dig, to talk a lot – לחפור",draft_unverified
streetwise_unmatched_924556a0ad25d25b,streetwise_episode_fe7cf18d84304c2f,,,,,unmatched_hebrew_page,low,Intonatsyot – Intonations – אינטונציות,source_only
streetwise_match_d76ad33b1cf1323e,streetwise_episode_bfdad8b7ee106999,cclex_1f6d9af8b8c372e6,Lime,אני יוצא,io (m.) - presente di uscire,normalized_hebrew_phrase,medium,חוץ בחוץ פנים בפנים אתה רוצה לשבת בפנים או בחוץ החוצה פנימה אני יוצא החוצה אני נכנס פנימה התקווה כל עוד בלבב פנימה ואם אצא החוצה המצב רק יחמיר אני יוצא קצת הח...,draft_unverified
streetwise_match_4c8b1995942d44af,streetwise_episode_bfdad8b7ee106999,cclex_d2a5bc227d20810f,Lime,אתה רוצה,tu (m.) - presente di volere,normalized_hebrew_phrase,medium,חוץ בחוץ פנים בפנים אתה רוצה לשבת בפנים או בחוץ החוצה פנימה אני יוצא החוצה אני נכנס פנימה התקווה כל עוד בלבב פנימה ואם...,draft_unverified
streetwise_match_fd2a893f1859b859,streetwise_episode_eddcf0050a6f9a05,cclex_8c5b43e0c5976483,Red,עוד לא,non ancora,normalized_hebrew_phrase,medium,...שאי אפשר לסגור לסגור משהו עם מישהו מה סגרת איתו אנחנו סוגרים איתו על מחר בתשע הכל סגור זה עוד לא סגור סגור זה בכלל עוד לא סגור אולי תגידי מה נסגר החלון נסגר מה נסגר בסוף עם המסיבה מה ,draft_unverified
streetwise_match_ef1bf16a25966c3d,streetwise_episode_eddcf0050a6f9a05,cclex_5e93898ec9717339,Orange,לסגור,chiudere,exact_lexical_entry,high,Lisgor – To close – לסגור,draft_unverified
streetwise_match_e51097988b1a88bf,streetwise_episode_eddcf0050a6f9a05,cclex_2adeb09c7c33a5ee,Orange,סגור,chiuso,exact_lexical_entry,high,Sagur! – Deal! Finalized! – !סגור,draft_unverified
streetwise_match_e55e6daf1cc2e3f6,streetwise_episode_eddcf0050a6f9a05,cclex_c5259b8e9c88979f,Dark Green,סגור,chiuso,exact_lexical_entry,high,Sagur! – Deal! Finalized! – !סגור,draft_unverified
streetwise_match_6921a429bf163ba3,streetwise_episode_cc329d9695883801,cclex_b60fe3f9ae66dceb,Red,סליחה,scusa / mi scusi,exact_lexical_entry,high,Slicha – Sorry / Excuse me – סליחה,draft_unverified
streetwise_match_f5d559fef3e40fef,streetwise_episode_e87b05f6a0cb9ab5,cclex_c4b39705fe90411c,Orange,מסובך,complicato,exact_lexical_entry,high,Mesubach – It's complicated – מסובך,draft_unverified
streetwise_match_d49b1835900bdf4b,streetwise_episode_e87b05f6a0cb9ab5,cclex_2f1fa2ab4faddaa5,Lime,אני רוצה,io (m.) - presente di volere,normalized_hebrew_phrase,medium,...להתלבש להתנשק הם התנשקו התנשקתם התנשקת איתו התנשקת איתה נישקת אותו נישקת אותו לנשק מישהו אני רוצה לישון איתך לנשק אותך לאט לאט איך גורמים לילד לנשק אותי בת דחוף לא נעים לי לנשק אותו ל,draft_unverified
streetwise_match_2b350e2fd590f6a8,streetwise_episode_e87b05f6a0cb9ab5,cclex_598d61847bb13fee,Turquoise,מסובך,complicato,exact_lexical_entry,high,Mesubach – It's complicated – מסובך,draft_unverified
streetwise_unmatched_70e0f29e3bb08c56,streetwise_episode_f426df4056d3c81b,,,,,unmatched_hebrew_page,low,"Let's face it; you don't want to watch that movie your friends are going to see. So how do you say so without a blunt 'no'? The word פחות in Hebrew means ""less"", ""minus"" and a few ",source_only
streetwise_unmatched_fd08fc22d42ad8d6,streetwise_episode_4b4adf448b9a7ebe,,,,,unmatched_hebrew_page,low,Amar – He said – אמר,source_only
streetwise_unmatched_d589feed90199bf6,streetwise_episode_611efcae54fbdebb,,,,,unmatched_hebrew_page,low,"Geshem Geshem Metaftef – Rain, rain pouring down– גשם גשם מטפטף",source_only
streetwise_match_2190134cfad07630,streetwise_episode_5bb33d1500153d75,cclex_126a4885f0fce5d1,Red,נראה לי,secondo me / mi sembra,normalized_hebrew_phrase,medium,...געתי הביתה כמה טוב שבאת הביתה ישראליות בוא הביתה עלה הביתה לך לכי לכו הביתה הוא הלך הביתה נראה לי שהוא הלך הביתה נראה לי הוא הלך הביתה,draft_unverified
streetwise_match_3021b6c1f6d7b5df,streetwise_episode_5bb33d1500153d75,cclex_db087b9c21bb3233,Turquoise,קדימה,go venire on,exact_lexical_entry,high,Kadima – Forward – קדימה,draft_unverified
streetwise_match_8f10e592129fa5fd,streetwise_episode_a2f562d804771bd7,cclex_6453c662de384cfb,Red,מה קרה,cosa è successo?,normalized_hebrew_phrase,medium,...אני עוד עדיין מאמין מאמינה ואתה עוד מאמין לו לא מאמינים נסו בעצמכם לא תאמין תאמיני תאמינו מה קרה יגעת ומצאת תאמין הוא אימן מישהו הוא אומן הוא התאמן,draft_unverified
streetwise_match_6e908a5091e38baa,streetwise_episode_a2f562d804771bd7,cclex_e3f990208aea71d4,Lime,להאמין,credere (infinito),exact_lexical_entry,high,Leha'amin – To believe – להאמין,draft_unverified
streetwise_match_55eb4e911b1b3295,streetwise_episode_5a7fa7f45bedcc96,cclex_2f1fa2ab4faddaa5,Lime,אני רוצה,io (m.) - presente di volere,normalized_hebrew_phrase,medium,...פרסו בקשה נחוץ לי גבר מנומס רוצה קפה לא אפשר לרדת כן בא לך מיץ לא נפגשים בספונטני לא עסוק אני רוצה חביתה אדוני גבירתי רמקולים מנומסים,draft_unverified
streetwise_match_30cc9d54849d7832,streetwise_episode_8443f111dabbf6c9,cclex_9f003fb491273a60,Blue,"חכה, חכי, חכו",aspetta; attendi,exact_lexical_entry,high,"Haké , haki, haku – Wait (imperative, m., f., pl.) – חכה, חכי, חכו",draft_unverified
streetwise_match_f3923d36600c3c8a,streetwise_episode_908b6b9c6bba9084,cclex_52a3110761eb20f3,Lime,לרדת,scendere,exact_lexical_entry,high,Laredet – To go down – לרדת,draft_unverified
streetwise_match_f05037bc6333aa9c,streetwise_episode_c6acad656167e311,cclex_126a4885f0fce5d1,Red,נראה לי,secondo me / mi sembra,normalized_hebrew_phrase,medium,...וגגים לחגוג משהו חוגגים יומולדת למישהו חגיגה חגגנו עד אור הבוקר חגיגה בסנוקר חג חג שמח חג נראה לי מישהו חוגג לי על הכרטיס אני חושב שמישהו חוגג לי על הפלאפון בוא נה אתה חוגג את חוגגת א,draft_unverified
streetwise_match_5e5aa4abb8cb95f7,streetwise_episode_c6acad656167e311,cclex_43a033ee79495119,Lime,אני חושב,io (m.) - presente di pensare,normalized_hebrew_phrase,medium,...למישהו חגיגה חגגנו עד אור הבוקר חגיגה בסנוקר חג חג שמח חג נראה לי מישהו חוגג לי על הכרטיס אני חושב שמישהו חוגג לי על הפלאפון בוא נה אתה חוגג את חוגגת אתם חוגגים חגיגה לעיניים חגיגה בס,draft_unverified
streetwise_match_fc1d67f08032c1db,streetwise_episode_885251f19a39f6b1,cclex_0c9aaed1db5f0b56,Red,ממש לא,assolutamente no,normalized_hebrew_phrase,medium,נעים נעים מזג אוויר נעים נעים מאוד נעים להכיר נעים לי מאוד זה לא נעים לי סליחה ממש לא נעים לי אבל נעימן אני חולם על נעמי נעמה נועם אתה לא יכול לעשות את זה יותר בנועם בנועם נוע...,draft_unverified
streetwise_match_894268f82a6dc207,streetwise_episode_885251f19a39f6b1,cclex_fea7c3cdde42aa98,Orange,מזג אוויר,tempo / meteo,normalized_hebrew_phrase,medium,נעים נעים מזג אוויר נעים נעים מאוד נעים להכיר נעים לי מאוד זה לא נעים לי סליחה ממש לא נעים לי אבל נעימן אני ח...,draft_unverified
streetwise_match_8f3efabd86050bae,streetwise_episode_8eaf48f90791a90f,cclex_b3e25ced92a7f175,Yellow,מה לעשות,che fare?,exact_lexical_entry,high,Ma La'asot – What can you do? – מה לעשות,draft_unverified
streetwise_match_3f6a8a1bea22ed43,streetwise_episode_33fda06bc25bb780,cclex_7ed0f838e6979357,Red,יותר יפה,più bello / più bella,normalized_hebrew_phrase,medium,חברימות אין דברים כאלה אין יותר יפה ממך אין דברים כאלה בעולם טעים שאין דברים כאלה איך את מטריפה מטורף להטריף מישהו חמוד בטירו...,draft_unverified
streetwise_unmatched_433fbc2fde9760d8,streetwise_episode_ae760753ceefe92b,,,,,unmatched_hebrew_page,low,"Tipa, tipot – Drop, drops – טיפה, טיפות",source_only
streetwise_match_fc28f7607fe0c5c6,streetwise_episode_2f17ef938feb6ad1,cclex_49b9dbe634a42af6,Red,איפה,dove?,exact_lexical_entry,high,Ei-fo? - Where (Not) - ?איפה,draft_unverified
streetwise_match_56ae03349df1922c,streetwise_episode_2f17ef938feb6ad1,cclex_5b733624c9c56a4f,Orange,איפה,dove?,exact_lexical_entry,high,Ei-fo? - Where (Not) - ?איפה,draft_unverified
streetwise_match_9fd4a1e0f1ef2b50,streetwise_episode_2f17ef938feb6ad1,cclex_e488392da1809d8f,Lime,את חושבת,tu (f.) - presente di pensare,normalized_hebrew_phrase,medium,...נה איזה מתנה איזה איזה מתנה ואיזה נעליים הם באו בסוף איזה באו ואיזה נעליים מה אתה חושב מה את חושבת דא ברור שלא תנחש תנחשי שלושה ניחושים הצחקת אותי להצחיק אתה צוחק,draft_unverified
streetwise_match_96fcc6a8d36f0322,streetwise_episode_2f17ef938feb6ad1,cclex_8eba842cb13b852f,Lime,אתה חושב,tu (m.) - presente di pensare,normalized_hebrew_phrase,medium,...חיה איזה מתנה איזה מתנה איזה איזה מתנה ואיזה נעליים הם באו בסוף איזה באו ואיזה נעליים מה אתה חושב מה את חושבת דא ברור שלא תנחש תנחשי שלושה ניחושים הצחקת אותי להצחיק אתה צוחק,draft_unverified
streetwise_match_eae14f8f8b74dbe2,streetwise_episode_75a99a4bda113360,cclex_3e55ad3229b41db9,Dark Green,"הנחה, הנחות",sconto; sconti,exact_lexical_entry,high,"Hanacha, hanachot – Discount, discounts – הנחה, הנחות",draft_unverified
streetwise_match_77585708732f19a1,streetwise_episode_75a99a4bda113360,cclex_f082ecf59e850ea1,Dark Green,הנחה,sconto,exact_lexical_entry,high,"While shopping about in Israel, have you ever asked for a discount, הנחה in Hebrew? On this episode, Guy talks about navigating all kinds of shopping interactions, like bargaining",draft_unverified
streetwise_match_9696c9499d9023c9,streetwise_episode_400168341d43dccd,cclex_44cd1733e1f27bd1,Green,איזה קטע,che coincidenza / che cosa incredibile / che interessante!,normalized_hebrew_phrase,medium,איזו מסעדה איזה מסעדה איזה באסה איזה בן אדם איזה פשלה איזה הגזמות איזה היסחפות איזה קטע קטעים איזה כיף לשמוע איזה יופי איזה נפילה איזה פספוס וואו איזה רשמיות איזה חולצה ללבוש זא...,draft_unverified
streetwise_match_3dbd85652fa6f8c1,streetwise_episode_315597a40d65444f,cclex_2bdfd57571dde829,Lime,חיפוש,ricerca,exact_lexical_entry,high,Hipus – Search – חיפוש,draft_unverified
streetwise_match_da909885fe56a029,streetwise_episode_d0ea3a122515da0c,cclex_8d0ea44f0fb3dbda,Red,מה קורה,cosa succede? / come va?,normalized_hebrew_phrase,medium,...ה מעולה היה ממש מצויין פח פח אשפה אני מגיעה לאוטו ואני רואה אוטו פח מה זה הפח הזה איזה פח מה קורה יא פח סבבה לגמרי מורכב האושר מורכב היה מורכב אתה לא מבין את לא מבינה טוב היה טוב טו א,draft_unverified
streetwise_match_c2bc7f6321c1f9bb,streetwise_episode_d0ea3a122515da0c,cclex_20476dd1672f01dc,Dark Green,פח,spazzatura / cestino,exact_lexical_entry,high,6. Pach – Can (garbage can) – פח,draft_unverified
streetwise_match_27b6f30674b9e059,streetwise_episode_d0ea3a122515da0c,cclex_fa82d5f878c2f06d,Dark Green,מורכב,complesso,exact_lexical_entry,high,8. Murkav – Complicated – מורכב,draft_unverified
streetwise_match_9bfec9d5ebf59897,streetwise_episode_127e9ce9f387261e,cclex_3ffc22d20ae57dfc,Green,בזמן האחרון,ultimamente / recentemente,normalized_hebrew_phrase,medium,...איתך מה נהיה איתך איתך איתכם איתכן מה נהיה ממני מה נהיה איתה מה נהיה ממנה הוא נהיה מעצבן בזמן האחרון הוא נהיה בן אדם היא נהייתה אישה פתאום הם נהיו בני אדם מה נהיית לי ליידי הוא נהיה ל,draft_unverified
streetwise_match_d00cd3ce8f73fec1,streetwise_episode_f9fcfc04e4c5fb8d,cclex_0c9aaed1db5f0b56,Red,ממש לא,assolutamente no,normalized_hebrew_phrase,medium,...נה אפשר לראות תעודה מזהה בטח איך קוראים לך איפה אתה גר ומה אתה כותב אני מכין תוכנית לשבוע ממש לא עניינך פשלה פשלות זה לא פשלה שלי פשלה של החברה איזה פשלה אני אלוף בלפשל פישלת בגדול פי,draft_unverified
streetwise_match_5f2ace21e9c89c03,streetwise_episode_f9fcfc04e4c5fb8d,cclex_f257014e39813f6a,Red,בטח,probabilmente / di sicuro / dev’essere,exact_lexical_entry,high,Betach – Sure – בטח,draft_unverified
streetwise_match_3fe7e985a3e8e1f9,streetwise_episode_f9fcfc04e4c5fb8d,cclex_46de513b36010fe6,Lime,בטח,probabilmente / di sicuro / dev’essere,exact_lexical_entry,high,Betach – Sure – בטח,draft_unverified
streetwise_match_834cc84f078b5669,streetwise_episode_b11518df52c264a2,cclex_2adeb09c7c33a5ee,Orange,סגור,chiuso,exact_lexical_entry,high,Sagur – Deal – סגור,draft_unverified
streetwise_match_439335374d98ca67,streetwise_episode_b11518df52c264a2,cclex_c5259b8e9c88979f,Dark Green,סגור,chiuso,exact_lexical_entry,high,Sagur – Deal – סגור,draft_unverified
streetwise_match_c6e3e20a3a2949a1,streetwise_episode_f6a6ba8310271187,cclex_b0e92e7ea9429ef7,Red,ברור,chiaro,exact_lexical_entry,high,Barur – Clear – ברור,draft_unverified
streetwise_match_272eb511e80bc715,streetwise_episode_f6a6ba8310271187,cclex_d39c18549462c4dd,Red,עכשיו,adesso,exact_lexical_entry,high,Achshav – Now – עכשיו,draft_unverified
streetwise_match_6842012d1e9adae4,streetwise_episode_f6a6ba8310271187,cclex_5c2013d5afdcd343,Dark Green,ברור,chiaro,exact_lexical_entry,high,Barur – Clear – ברור,draft_unverified
streetwise_match_e9631a2aaa632d89,streetwise_episode_102f1346f0e7b627,cclex_b3e25ced92a7f175,Yellow,מה לעשות,che fare?,exact_lexical_entry,high,Ma la'asot? – What can you do? – ?מה לעשות,draft_unverified
streetwise_match_882d1f773a3c2270,streetwise_episode_b40c9043e2859c1d,cclex_d41565897feca34d,Purple,"""אין לי טענות""",non avere lamentele; accontentarsi,exact_lexical_entry,high,Ein li te'anot – I don't have any complaints – אין לי טענות,draft_unverified
streetwise_match_6e8cc4d7f4bd5cde,streetwise_episode_b986434daee2575c,cclex_ae6d39b7ba9de4c6,Red,יום שלישי,martedì,exact_lexical_entry,high,Yom shlishi – Tuesday – יום שלישי,draft_unverified
streetwise_match_ca9ab0776a078510,streetwise_episode_b986434daee2575c,cclex_8f96969504e71765,Yellow,שלשום,due giorni fa,exact_lexical_entry,high,Shilshom – The day before yesterday – שלשום,draft_unverified
streetwise_match_cc8333f25e20f028,streetwise_episode_dbe4ff6f94e46326,cclex_8f422e61694f9432,Red,ממש,davvero,exact_lexical_entry,high,"Mamash – Yeah, right; As if – ממש",draft_unverified
streetwise_match_8dbb005657fd0ff1,streetwise_episode_dbe4ff6f94e46326,cclex_1f6d9af8b8c372e6,Lime,אני יוצא,io (m.) - presente di uscire,exact_lexical_entry,high,Ani yotze be-chamesh ba-boker kedey lihyot batuach she-ani agi'a le-yerushalayim lifnei shmone – I'm leaving at 5am to be sure I'll make it to Jerusalem before 8 o'clock – אני יוצא,draft_unverified
streetwise_match_24c7fbe63c7ea235,streetwise_episode_dbe4ff6f94e46326,cclex_8740000eed943d14,Dark Green,מוגזם,esagerato,exact_lexical_entry,high,Mugzam – Exaggerated – מוגזם,draft_unverified
streetwise_match_36748abbd0889a5d,streetwise_episode_ead75ce217d040b8,cclex_7afff671901b0c1c,Red,אף אחד לא,nessuno,normalized_hebrew_phrase,medium,מעולם לא שכחתי אותך אף פעם לא תדעי אף פעם לא הייתי ב אף פעם לא אהבתי כך אף אחת אף אחד לא יודע אף אחד לא מבין עכשיו לא מתגורר בו אף אחד לא יכולתי לעשות עם זה כלום אם אינך לצידי אז...,draft_unverified
streetwise_match_c5d5bd18e43ed3e5,streetwise_episode_9f864075ed03ffef,cclex_8c5b43e0c5976483,Red,עוד לא,non ancora,normalized_hebrew_phrase,medium,...דול אשר לא רק צדיק יצאת יצאת ענק ענק יצאת צדיק יצאת בזול בוא נה יצאת בזול לא יצא לי סליחה עוד לא יצא לי אם יוצא לך רק אם יוצא לך מה יצא לך מזה נו ומה יצא לך בסוף מזה מה יצא בסוף עם מי,draft_unverified
streetwise_match_6b404a0f5fb60a17,streetwise_episode_9f864075ed03ffef,cclex_8ce19063c635751b,Indigo,יצא לי,mi è capitato di / ho avuto l'occasione di,normalized_hebrew_phrase,medium,...אירופי יצאת גדול אשר לא רק צדיק יצאת יצאת ענק ענק יצאת צדיק יצאת בזול בוא נה יצאת בזול לא יצא לי סליחה עוד לא יצא לי אם יוצא לך רק אם יוצא לך מה יצא לך מזה נו ומה יצא לך בסוף מזה מה י,draft_unverified
streetwise_match_3210b46ae3a2b6eb,streetwise_episode_c769c3594640b7f4,cclex_c0af79667371f8ec,Orange,לא משנה,non importa,exact_lexical_entry,high,Lo meshaneh – It doesn't make a difference – לא משנה,draft_unverified
streetwise_match_0b4292358459c1a5,streetwise_episode_c769c3594640b7f4,cclex_d3f364e44b2aa3cd,Blue,לשנות,cambiare (infinito),exact_lexical_entry,high,Leshanot – To change – לשנות,draft_unverified
streetwise_match_dc957b4fe8d9f81c,streetwise_episode_c769c3594640b7f4,cclex_d925496324e85170,Blue,שינוי / שינויים,cambiamento (m.); resto (m.),exact_lexical_entry,high,"Shinooy, shinooyim – Change, changes – שינוי, שינויים",draft_unverified
streetwise_match_56661bdb353daf59,streetwise_episode_c769c3594640b7f4,cclex_85708145c7a6a3fb,Lime,לשנות,cambiare (infinito),exact_lexical_entry,high,Leshanot – To change – לשנות,draft_unverified
streetwise_match_325e617e136098ca,streetwise_episode_c769c3594640b7f4,cclex_5acb411d5dc09891,Indigo,להשתנות,cambiare (oneself),exact_lexical_entry,high,"Lehishtanot – To be changed, to go through a change – להשתנות",draft_unverified
streetwise_unmatched_5a2bfc75f0d9af68,streetwise_episode_b7596d73fbf762a5,,,,,unmatched_hebrew_page,low,Adif – Preferable – עדיף,source_only
streetwise_match_a80eaf437f718dec,streetwise_episode_40be71a47137ea21,cclex_2f6c9a7d8c238007,Red,לא ממש,non davvero,normalized_hebrew_phrase,medium,...הקטע בסרט זה קטע מסוכן לא אהבתי את הקטע לא מבינה ת קטע מכירים את הקטע ש היה ביניהם קטע את לא ממש בקטע הוא בקטע של בנים אני לא חושב שהוא בקטע קטע טוב אני אומר את זה בקטע טוב הוא אמר את,draft_unverified
streetwise_match_2cab49cc30468437,streetwise_episode_40be71a47137ea21,cclex_44cd1733e1f27bd1,Green,איזה קטע,che coincidenza / che cosa incredibile / che interessante!,normalized_hebrew_phrase,medium,...בקטע של בנים אני לא חושב שהוא בקטע קטע טוב אני אומר את זה בקטע טוב הוא אמר את זה בקטע רע איזה קטע קטעים איזה קטע שגם אתה פה קטעים איתך צ מע צ מעי צ מעו קטע קלוט קלטי קלטו ת קטע מה הקט,draft_unverified
streetwise_match_2e9e1dfcb5e21d09,streetwise_episode_40be71a47137ea21,cclex_72df7bb49e0f7ceb,Green,בקטע טוב,in senso buono,normalized_hebrew_phrase,medium,...ה ביניהם קטע את לא ממש בקטע הוא בקטע של בנים אני לא חושב שהוא בקטע קטע טוב אני אומר את זה בקטע טוב הוא אמר את זה בקטע רע איזה קטע קטעים איזה קטע שגם אתה פה קטעים איתך צ מע צ מעי צ מעו,draft_unverified
streetwise_match_db0923863c14809d,streetwise_episode_40be71a47137ea21,cclex_3b2466d376e2b25e,Green,בקטע רע,in senso negativo,normalized_hebrew_phrase,medium,...בקטע הוא בקטע של בנים אני לא חושב שהוא בקטע קטע טוב אני אומר את זה בקטע טוב הוא אמר את זה בקטע רע איזה קטע קטעים איזה קטע שגם אתה פה קטעים איתך צ מע צ מעי צ מעו קטע קלוט קלטי קלטו ת ק,draft_unverified
streetwise_match_55cafb04a43a28c1,streetwise_episode_40be71a47137ea21,cclex_06b21bc054dcb7a8,Green,מה הקטע שלה..?,che le prende?,exact_lexical_entry,high,Ma ha-keta shla? – What's her deal? – ?מה הקטע שלה,draft_unverified
streetwise_unmatched_5ea9e99ae0d8052b,streetwise_episode_4dbae63fca13b648,,,,,unmatched_hebrew_page,low,"Lefargen – To express happiness for someone, to encourage and praise them with full empathy – לפרגן",source_only
streetwise_match_7ac7cae0e64bb159,streetwise_episode_523e5010f9d07435,cclex_87fbb2b82ad4f222,Lime,אני הולך,io (m.) - presente di andare,normalized_hebrew_phrase,medium,שבע שבעה שבע בנות שבעה בנים שבעה אני הולך לשבעה יש לי שבעה של אבא של חבר איפה השבעה לשבת שבעה איפה הם יושבים שבעה שבוע שבועות שבוע...,draft_unverified
streetwise_unmatched_cab0d034a9039e1f,streetwise_episode_11a3fe0ba61bdf64,,,,,unmatched_hebrew_page,low,"Takshiv, takshivi, takshivu – Listen! (imperative) – תקשיב, תקשיבי, תקשיבו",source_only
streetwise_unmatched_7a73830d05b6dbf3,streetwise_episode_f1621c06e8ebf87e,,,,,unmatched_hebrew_page,low,Mazal tov – Congratulations – מזל טוב,source_only
streetwise_match_df199b33fecb6298,streetwise_episode_a3c77cd6e3747938,cclex_4188314d9283db18,Orange,כמה זה עולה,quanto costa?,normalized_hebrew_phrase,medium,כמה זה עולה לנו כמה זה עולה לי בשורה התחתונה כמה זה עלה לך לכם כמה עלתה הארוחה כמה עולה הארוחה כמה עו...,draft_unverified
streetwise_match_5c8ff69ebe372566,streetwise_episode_a3c77cd6e3747938,cclex_55ab813fb66fdfc7,Lime,את לוקחת,tu (f.) - presente di prendere,normalized_hebrew_phrase,medium,...ה לי המסיבה כמה יעלו לי הנעליים כמה עולה שיעור סשן כמה זה שיעור כמה אתה לוקח על שיעור כמה את לוקחת על שיעור כמה אני חייב חייבת כמה אנחנו חייבים לך חיוב החיוב של פברואר הטבה בחיוב הבא ,draft_unverified
streetwise_unmatched_103053e3f8e595b1,streetwise_episode_9ace507b39812edb,,,,,unmatched_hebrew_page,low,Hi lo doma le-af achat acheret - She does not resemble anyone else – היא לא דומה לאף אחת אחרת,source_only
streetwise_unmatched_56b6cb9e4effb2e5,streetwise_episode_e3275ef6cc1eb000,,,,,unmatched_hebrew_page,low,"Heshbon, heshbonot (m.) – Account, bill, arithmetic – חשבון, חשבונות",source_only
streetwise_match_6b9bc708cd7b1078,streetwise_episode_15bfc4ef883cbbdb,cclex_ccef1ecb7c80c31c,Purple,הכללה,generalizzazione (f.); affermazione generica,exact_lexical_entry,high,Hakhlala – Generalization – הכללה,draft_unverified
streetwise_match_f099a1f9bc40ef50,streetwise_episode_f183826f17a8c01e,cclex_2be3b4452b52bb4a,Light Blue,בוא בואי בואו,venire o / oppure let s imperativo,exact_lexical_entry,high,Bo/boi/bo'u nikba le-hamesh – Let's meet at 5 o'clock – בוא/בואי/בואו,draft_unverified
streetwise_match_a309a049fa277566,streetwise_episode_f183826f17a8c01e,cclex_61ad06a835493223,Dark Green,באופן קבוע,regolarmente; in modo stabile,exact_lexical_entry,high,Be-ofen kavu'a – Regularly – באופן קבוע,draft_unverified
streetwise_match_b09ffb3f946ebaef,streetwise_episode_eb96c215d0035507,cclex_4a20311e7cd19b32,Red,אין בעיה,nessun problema / non c'è problema,exact_lexical_entry,high,Ein be'aya – No problem – אין בעיה,draft_unverified
streetwise_match_72b7d676144b2c46,streetwise_episode_eb96c215d0035507,cclex_2adeb09c7c33a5ee,Orange,סגור,chiuso,exact_lexical_entry,high,"Sagur – Sure, You got it – סגור",draft_unverified
streetwise_match_afb35d383b33604b,streetwise_episode_eb96c215d0035507,cclex_cdf86ee88e06c602,Lime,אתם רוצים,voi (m.) - presente di volere,normalized_hebrew_phrase,medium,בפנים או בחוץ לשבת או לקחת תפריט מוכנים להזמין רוצים להזמין אתם יודעים מה אתם רוצים מה לשתות תרצו הכל ביחד מה שיוצא מייד תיכף הסלט בדרך הסלט כבר מגיע עוד רגע סגור זהירות זה...,draft_unverified
streetwise_match_d9f1442994f21103,streetwise_episode_eb96c215d0035507,cclex_b85037400ce01b3f,Lime,אתם יודעים,voi (m.) - presente di sapere / conoscere,normalized_hebrew_phrase,medium,בפנים או בחוץ לשבת או לקחת תפריט מוכנים להזמין רוצים להזמין אתם יודעים מה אתם רוצים מה לשתות תרצו הכל ביחד מה שיוצא מייד תיכף הסלט בדרך הסלט כבר מגיע עוד רגע סג...,draft_unverified
streetwise_match_ef467cf5fd07a908,streetwise_episode_eb96c215d0035507,cclex_c5259b8e9c88979f,Dark Green,סגור,chiuso,exact_lexical_entry,high,"Sagur – Sure, You got it – סגור",draft_unverified
streetwise_match_ac2cc84ef2458d2a,streetwise_episode_9f704a918fd4a153,cclex_2ceed0d7bd968853,Orange,לסיים,finire,exact_lexical_entry,high,Lesayem – To finish – לסיים,draft_unverified
streetwise_match_dee9bb77c4d360ab,streetwise_episode_9f704a918fd4a153,cclex_62c93fb059b706d2,Dark Green,להיגמר,finire / essere finito,exact_lexical_entry,high,Lehigamer – To be finished – להיגמר,draft_unverified
streetwise_match_a4c86df351bfd20a,streetwise_episode_ed4311d10f4f490a,cclex_760bbb136df1ba62,Dark Green,השאר,il resto,exact_lexical_entry,high,Ha-she'ar – The rest – השאר,draft_unverified
streetwise_match_440a55876c287364,streetwise_episode_345309fd2211de62,cclex_911042b6ebd32db1,Lime,אתן רוצות,voi (f.) - presente di volere,normalized_hebrew_phrase,medium,הייתן מה אתן רוצות איך אותו אתן מבלבלות תראו מסכן מה עשיתן לו הייתי רוצה להיות מלך שלך בתי את בוכה או צוחקת...,draft_unverified
streetwise_match_d00d692022b0abc8,streetwise_episode_478561ccd519c195,cclex_849290c4fd7ae532,Purple,להפיל,goccia (f.); caduta (f.),exact_lexical_entry,high,"Lehapil – To knock over, to drop – להפיל",draft_unverified
streetwise_unmatched_c9e5ae2ce959c4f8,streetwise_episode_fd870fe72998b60e,,,,,unmatched_hebrew_page,low,"The root חבב, which gives us the word חביבי, is all about affection. Guy explains what it's got to do with gay Tel Avivi speech and Ashdod in the 80's.",source_only
streetwise_unmatched_6705c6600968fbd1,streetwise_episode_d8ae2bb0f721dee5,,,,,unmatched_hebrew_page,low,"As soon as you get close to the root קרב you realize there's much to learn: From family members, to boxing matches, to intestines. Guy helps to make sense of it all, including how ",source_only
streetwise_match_be109db2449608c3,streetwise_episode_9d95adaf698966f4,cclex_126a4885f0fce5d1,Red,נראה לי,secondo me / mi sembra,normalized_hebrew_phrase,medium,...ההופעה איזה החמצה אסור להחמיץ אל תחמיצו לא לפספס אתה מפספס את הנקודה אני מוותרת על החגיגה נראה לי שאני מוותר כמעט ונפגע לא הפסדת הרבה להפסיד הפסדתם,draft_unverified
streetwise_match_0f574c137fb4f360,streetwise_episode_9d95adaf698966f4,cclex_21a35b0a8b1f0fa9,Blue,אני מתגעגע אליך,mi manchi (m.s.),exact_lexical_entry,high,Ani mit-ga-ah-ge-ah elecha – I miss you (m to m) – אני מתגעגע אליך,draft_unverified
streetwise_match_cc6488356f391a0a,streetwise_episode_a009c5fb0dadfe0a,cclex_c1d56c688698926b,Purple,הכשרה,formazione professionale; addestramento,exact_lexical_entry,high,"Hachshara – ""Kosherizing"" meat; training – הכשרה",draft_unverified
streetwise_unmatched_4a00488dee807c71,streetwise_episode_ee656a96ca410d7d,,,,,unmatched_hebrew_page,low,"In Hebrew, רופא (doctor) means ""healer."" So how do you bless someone to get well soon? And how is the first name Raphael related to all this? In this episode Guy Sharett explains a",source_only
streetwise_match_430f105f3fb69e76,streetwise_episode_f879830b320d72a0,cclex_7afff671901b0c1c,Red,אף אחד לא,nessuno,normalized_hebrew_phrase,medium,...רשמה לקורס יש לינק להרשמה הרשמה כל מי שתירשם מראש תקבל הפתעות מיוחדות להירשם להרשים מרשים אף אחד לא התרשם הוא התרשם אני רק רוצה להתרשם התרשמות ההתרשמות שלי היא ש הם נפגשו באווירה רשמי,draft_unverified
streetwise_match_ab8e8f0ddcd8f03d,streetwise_episode_f879830b320d72a0,cclex_8c5b43e0c5976483,Red,עוד לא,non ancora,normalized_hebrew_phrase,medium,...בר על איך לעשות רושם ראשוני חיובי לעשות רושם טוב לא עושה עליי רושם הוא רק רוצה לעשות רושם עוד לא נרשמתם להירשם נרשמתי ללימודים היא נרשמה לקורס יש לינק להרשמה הרשמה כל מי שתירשם מראש ת,draft_unverified
streetwise_match_2c73318d748c1fa3,streetwise_episode_f879830b320d72a0,cclex_70fa63c3d33f0cf2,Lime,אנחנו הולכות,noi (f.) - presente di andare,normalized_hebrew_phrase,medium,...שימה הוא היה רושם במילונו רישום רשום קבלן רשום דואר רשום מה רשום בטופס הוא רושם רושם היום אנחנו הולכות לדבר על איך לעשות רושם ראשוני חיובי לעשות רושם טוב לא עושה עליי רושם הוא רק רוצה,draft_unverified
streetwise_match_1b186f5b8c216c0c,streetwise_episode_f879830b320d72a0,cclex_80a112caf3841d96,Dark Green,מרשים,impressionante,exact_lexical_entry,high,Marshim – Impressive – מרשים,draft_unverified
streetwise_match_b87aeb74bce7b112,streetwise_episode_f879830b320d72a0,cclex_c29c7706dc7dff85,Dark Green,לרשום,annotare; scrivere,exact_lexical_entry,high,"Lirshom – To note, to write down, to illustrate – לרשום",draft_unverified
streetwise_match_ccf3617fd4a53b1b,streetwise_episode_f879830b320d72a0,cclex_e7400cdfa625071f,Indigo,רשימה,lista / elenco,exact_lexical_entry,high,Reshima – List – רשימה,draft_unverified
streetwise_match_e75da8246d588b90,streetwise_episode_d30da47418329ce6,cclex_4f702ecf09c76508,Lime,לשחק,giocare / suonare,exact_lexical_entry,high,"Lesachek – To play a game, to play with a toy, to play in a movie – לשחק",draft_unverified
streetwise_match_3009b5fc076e9179,streetwise_episode_11d7e068ef51e756,cclex_126a4885f0fce5d1,Red,נראה לי,secondo me / mi sembra,normalized_hebrew_phrase,medium,...היא לא עושה לי עניינים דבר לעניין בחור בחורה לעניין לחיות בקטן זה לא לעניין זה לא לעניין נראה לי שזה די ברור שהיא כן בעניין שלי אתה בעניין בכלל הוא בעניין שלי בנים או של בנות תמיד נמצ,draft_unverified
streetwise_match_d18f026529f677bc,streetwise_episode_6e08ab1fd0c9be50,cclex_0c9aaed1db5f0b56,Red,ממש לא,assolutamente no,normalized_hebrew_phrase,medium,אני לא יודע אני לא יודעת לא יודע סליחה אני ממש לא יודע יודעת כשאת אומרת לא למה את מתכוונת כשאישה אומרת לא היא מתכוונת ללא מאיפה אני יודע ת...,draft_unverified
streetwise_match_91ad960765491d8e,streetwise_episode_6e08ab1fd0c9be50,cclex_06077d96c83ef921,Lime,אני יודע,io (m.) - presente di sapere / conoscere,normalized_hebrew_phrase,medium,...אני ממש לא יודע יודעת כשאת אומרת לא למה את מתכוונת כשאישה אומרת לא היא מתכוונת ללא מאיפה אני יודע ת מאיפה לי לדעת מאיפה אני אדע אני יודע אני אין לי מושג מה עושים יש לך אולי מושג אין ל,draft_unverified
streetwise_match_54204b6d6a45e901,streetwise_episode_04db5e123626dee0,cclex_c0af79667371f8ec,Orange,לא משנה,non importa,normalized_hebrew_phrase,medium,...ה איזה באסה זה ש אני בבאסה כולי בבאסה אני על הפנים מבאס זה מה זה מבאס מבאס ת תחת מבואס זה לא משנה שחברה שלך מבואסת מבואסת מ אני מרוצה מאוד כמובן התבאסתי שלא קיבלתי טלפון התבאסת שלא הת,draft_unverified
streetwise_unmatched_df4508e8f4aac66c,streetwise_episode_8382ec0aa3d8686c,,,,,unmatched_hebrew_page,low,"This week we're celebrating half a million downloads of our podcast, so Guy decided to dedicate this episode to חצי – ""half"" in Hebrew. From telling the time, to sports, to fashion",source_only
streetwise_unmatched_0bc4e6c46efd08b3,streetwise_episode_0260114b8529625d,,,,,unmatched_hebrew_page,low,"The Middle East is a place where people swear ""on the honor of their mom"" without thinking too much. Guy teaches us all the uses of the Hebrew word כבוד – ""honor"" – right from the ",source_only
streetwise_match_39f27ed806b7eab9,streetwise_episode_3ee98eb4a315852c,cclex_f88cb58ed70a7738,Orange,פגישה,incontro / riunione,exact_lexical_entry,high,"Pgisha – Meeting, encounter, rendez-vous, appointment – פגישה",draft_unverified
streetwise_match_ed27536a5f9a91b8,streetwise_episode_03cb287957be2b5c,cclex_0bc3d296dc1a9d55,Blue,תמיכה,supporto (m.); sostegno (m.); appoggio (m.),exact_lexical_entry,high,Tmicha – Support – תמיכה,draft_unverified
streetwise_match_9250c7077e6c9fa5,streetwise_episode_f7a8e7834b452d22,cclex_c0af79667371f8ec,Orange,לא משנה,non importa,normalized_hebrew_phrase,medium,...פרטיים יהודים וערבים שלא רוצים להיות אוייבים ומבינים שאנחנו הולכים לגור כאן ביחד בארץ הזו לא משנה מה יהיה בסוף השבוע היה מסיק זיתים משותף לערבים ויהודים בצפון הארץ היו הפגנות משותפות ,draft_unverified
streetwise_match_ad6e39e8448b58db,streetwise_episode_f595689d8d8fc768,cclex_8d5468b7004100b0,Dark Green,בעל הבית,proprietario; padrone di casa,normalized_hebrew_phrase,medium,...גוע נפש לשגע זה הערב הזה המשגע הוא משגע את כולן אל תשגע אותי הבחורה שלך היא רק שיגעה אותך בעל הבית השתגע השתגעת השתגעת השתגעתם יש טיפות של שיגעון בינינו שגעת קוראים לזה שגעת קוראים לז,draft_unverified
streetwise_match_4c3eae8fc0df34f9,streetwise_episode_6a58169e47d1358e,cclex_95e753ed47a0911e,Yellow,זה הגיוני,ha senso,normalized_hebrew_phrase,medium,...שבארץ אנחנו מחליטים החלטות לקראת השנה החדשה בראש השנה ולא באחד בינואר כמו ברוב העולם בעצם זה הגיוני גם מבחינת מזג האוויר שמתחיל להשתנות הקיץ הופך לסתיו לעומת אחד בינואר שבו החורף פשוט,draft_unverified
streetwise_unmatched_f3bf05074c97e72a,streetwise_episode_e521f7fda6afc833,,,,,unmatched_hebrew_page,low,Toda – Thanks – תודה,source_only
streetwise_match_da1af7188b01c4c9,streetwise_episode_1f76631808b043d3,cclex_c722eb639013c291,Lime,אני זוכר,io (m.) - presente di ricordare,normalized_hebrew_phrase,medium,...ר לו הייתי שני עלים בסתיו הייתי נושרת עליך עכשיו מה אתם הייתם עושים הייתי אוכל פיצה עכשיו אני זוכר בלילות של ירח מלא היית באה אליי היית שולחת יד ועוקרת את הפחד אילו היית כאן איתי היית,draft_unverified
streetwise_unmatched_411fc2b4fbeadfaa,streetwise_episode_e5ea7356837c933f,,,,,unmatched_hebrew_page,low,"An עוזר is an ""assistant,"" but it could also mean ""he's helping"" – a verb in the present tense. How are you supposed to know which one it is? Guy teaches us how to work it out from",source_only
streetwise_match_e0716f1fb8f23f6f,streetwise_episode_4ef4ab5c7ceb5490,cclex_21bf99199c6141cf,Orange,לא כל כך,non così tanto,normalized_hebrew_phrase,medium,...קפצנו גם להגיד שלום לכמה בני משפחה שלי אח של סבא הסבא רבא שלי וזה היה ממש נחמד בשבילי זה לא כל כך מקום של מוות זה סיור שחוגג את החיים של האנשים האלה שהשפיעו כל כך על כל מה שקרה כאן,draft_unverified
streetwise_match_e2e90f42c40dd6e5,streetwise_episode_4ef4ab5c7ceb5490,cclex_eafb28071f939bac,Lime,לעמוד,stare in piedi,exact_lexical_entry,high,La'amod – To stand – לעמוד,draft_unverified
streetwise_match_dd7d35db0906aecb,streetwise_episode_4ef4ab5c7ceb5490,cclex_2f1fa2ab4faddaa5,Lime,אני רוצה,io (m.) - presente di volere,normalized_hebrew_phrase,medium,...מ ד לעמוד הכל עומד במקום הוא עומד הוא עומד ללכת היא עמדה לנסוע לחו ל אבל בסוף היא לא נסעה אני רוצה לדעת איפה אני עומד בעבודה עומד לו הלב שלי לא עומד בזה יותר אני לא עומד בזה אני עומד ,draft_unverified
streetwise_match_a4fa34881e46b8d3,streetwise_episode_4ef4ab5c7ceb5490,cclex_5de8666bba0c37ec,Lime,אני עומד,io (m.) - presente di stare in piedi,normalized_hebrew_phrase,medium,...במקום הוא עומד הוא עומד ללכת היא עמדה לנסוע לחו ל אבל בסוף היא לא נסעה אני רוצה לדעת איפה אני עומד בעבודה עומד לו הלב שלי לא עומד בזה יותר אני לא עומד בזה אני עומד על זה עמידה תפילת ה,draft_unverified
streetwise_match_48775ee9658211c2,streetwise_episode_9a244a596a4a9d37,cclex_6784f73ae6760c17,Dark Green,הפתעה,sorpresa,exact_lexical_entry,high,Haft'aa – Surprise – הפתעה,draft_unverified
streetwise_match_2ea604e1861c684b,streetwise_episode_b68ba4de84a6c87b,cclex_6453c662de384cfb,Red,מה קרה,cosa è successo?,normalized_hebrew_phrase,medium,ק ר ה קרה מה קרה לילד מה קרה מה קרה מה קורה אחי אז מה עוד קורה איתך מה קורה עם מה קרה עם תגידי מה קורה אית...,draft_unverified
streetwise_match_28683624e8715cc9,streetwise_episode_b68ba4de84a6c87b,cclex_8d0ea44f0fb3dbda,Red,מה קורה,cosa succede? / come va?,normalized_hebrew_phrase,medium,ק ר ה קרה מה קרה לילד מה קרה מה קרה מה קורה אחי אז מה עוד קורה איתך מה קורה עם מה קרה עם תגידי מה קורה איתך מה קורה איתך מה לעזאזל קו...,draft_unverified
streetwise_match_a43a263968dda08d,streetwise_episode_b68ba4de84a6c87b,cclex_2f1fa2ab4faddaa5,Lime,אני רוצה,io (m.) - presente di volere,normalized_hebrew_phrase,medium,...ם אני גם ככה מקרה אבוד מקרה קצה מקרה חירום במקרה חירום אתה יכול תמיד להתקשר אליי מקרי רצח אני רוצה לפגוש אותה פתאום במקרה במקרה זה קרה במקרה יש לכם במקרה חלב סויה למקרה שתצטרך אותי הנ,draft_unverified
streetwise_match_c4ba1ba0429c91a3,streetwise_episode_b68ba4de84a6c87b,cclex_502edc9a49a0a3fe,Dark Green,מקרה אבוד,caso disperato,normalized_hebrew_phrase,medium,...איתך זה מה שקרה זה לא קורה לי זה לא יקרה שוב קרה משהו נו וקרה משהו מקרה מקרים אני גם ככה מקרה אבוד מקרה קצה מקרה חירום במקרה חירום אתה יכול תמיד להתקשר אליי מקרי רצח אני רוצה לפגוש או,draft_unverified
streetwise_match_e4567f6a2a17d035,streetwise_episode_b68ba4de84a6c87b,cclex_6a067ddc0269f9ad,Indigo,במקרה,per caso / casualmente,exact_lexical_entry,high,Be-mikreh – Accidentally – במקרה,draft_unverified
streetwise_match_d7abe71a37006a83,streetwise_episode_b68ba4de84a6c87b,cclex_184eecacf6ae60bc,Purple,מקריות,coincidenza (f.); caso (m.),exact_lexical_entry,high,Mikriyoot – Coincidence – מקריות,draft_unverified
streetwise_unmatched_6ca6b8798a021cd9,streetwise_episode_806be0aa79ae80a3,,,,,unmatched_hebrew_page,low,"How many times have you called a company or a bank and had to deal with מענה קולי, an automated answering service?",source_only
streetwise_unmatched_b2971362a83cf9fe,streetwise_episode_a21db1a4b17ae28f,,,,,unmatched_hebrew_page,low,"תאומים are twins, from the root תאמ which is used in Hebrew for anything to do with matching, suiting, fitting, and coordinating. Let's learn how to use this family of words in our",source_only
streetwise_match_b77921f0f27dcf6d,streetwise_episode_52415927babe9630,cclex_d9f2675f4911a129,Blue,לשרת,servire; offrire,exact_lexical_entry,high,Lesharet – To serve – לשרת,draft_unverified
streetwise_match_9a1e98c74b5f1594,streetwise_episode_dca3c4388b642914,cclex_50cd2d6fce29ec25,Lime,אני אוכל,io (m.) - presente di mangiare,normalized_hebrew_phrase,medium,כאשר כש כשבאתי הביתה כשהלב בוכה אמא שלי לראות את האור פגשתי את דני אני אוכל תפוח אני אוכל את התפוח הייתי רוצה להיות מלך שלך אני רוצה קפוצ ינו בבקשה אפשר כיסא אפשר לד...,draft_unverified
streetwise_match_b344f0a6c36e400b,streetwise_episode_dca3c4388b642914,cclex_2f1fa2ab4faddaa5,Lime,אני רוצה,io (m.) - presente di volere,normalized_hebrew_phrase,medium,...א שלי לראות את האור פגשתי את דני אני אוכל תפוח אני אוכל את התפוח הייתי רוצה להיות מלך שלך אני רוצה קפוצ ינו בבקשה אפשר כיסא אפשר לדבר עם אלכס אפשר יותר לאט מאין אתה מאיפה אתה בבית בבי,draft_unverified
streetwise_match_035a7a10229b9059,streetwise_episode_dca3c4388b642914,cclex_87fbb2b82ad4f222,Lime,אני הולך,io (m.) - presente di andare,normalized_hebrew_phrase,medium,...וצה קפוצ ינו בבקשה אפשר כיסא אפשר לדבר עם אלכס אפשר יותר לאט מאין אתה מאיפה אתה בבית בבית אני הולך לבית של חבר אני הולך לבית של אייל כשתגיעי לבית שלו אני נוסע לחופש שבע בנות חמישה חצי,draft_unverified
streetwise_match_c6fc3bd1abed01ba,streetwise_episode_47814a4e7323711a,cclex_e01afab7f2f99c6a,Orange,בטוח,sicuro (agg. masch. sing.),exact_lexical_entry,high,"Batu'ach – Safe, secure – בטוח",draft_unverified
streetwise_match_c0283162cedbb5bc,streetwise_episode_47814a4e7323711a,cclex_5d7bb47c0b961a0a,Green,ביטחון,fiducia / sicurezza,exact_lexical_entry,high,Bitachon – Security – ביטחון,draft_unverified
streetwise_match_99b7a238cee55d53,streetwise_episode_08153715a5b5b871,cclex_818cd0328135e3ec,Orange,נוסע,viaggiare (masch. sing.),exact_lexical_entry,high,Nose'a – Passenger –נוסע,draft_unverified
streetwise_unmatched_26f4f42483f32d76,streetwise_episode_54788f93084fe0ea,,,,,unmatched_hebrew_page,low,The Hebrew word ילד – 'child' – comes from the root 'y.l.d' – י.ל.ד – which has made a huge career for itself in Semitic languages. This is a great example of how one root behaves ,source_only
streetwise_match_5ed74776afb723f5,streetwise_episode_63ecec34cf02c8fc,cclex_49efc7e4b4549c3f,Red,מספיק,abbastanza / sufficiente,exact_lexical_entry,high,"Maspik – Sufficient, just about – מספיק",draft_unverified
streetwise_match_405ffdc524f485f3,streetwise_episode_63ecec34cf02c8fc,cclex_e49be0f2ea4c14b4,Indigo,בלתי נסבל,insopportabile,exact_lexical_entry,high,Bilti nisbal – Unbearable – בלתי נסבל,draft_unverified
streetwise_match_1f1b307f17bc1a5b,streetwise_episode_63ecec34cf02c8fc,cclex_d258386f8f0bd019,Purple,בלתי נסבל,insopportabile; intollerabile,exact_lexical_entry,high,Bilti nisbal – Unbearable – בלתי נסבל,draft_unverified
streetwise_match_e863feb5c731f9c7,streetwise_episode_9845058e1d3200ac,cclex_ccba82005f74d08c,Red,עוד משהו,qualcos'altro?,exact_lexical_entry,high,Od mashehu? – Anything else? – עוד משהו,draft_unverified
streetwise_match_72e5a8a8b1ee136f,streetwise_episode_9845058e1d3200ac,cclex_8c5b43e0c5976483,Red,עוד לא,non ancora,normalized_hebrew_phrase,medium,...בר איתי בעוד יומיים עוד מעט כל עוד כל עוד עולה הבוקר כל עוד הוא מדבר ככה אני לא אדבר איתו עוד לא תמו כל פלאייך עוד לא אכלתי איך אדע ועודני ילד,draft_unverified
streetwise_match_c8c07a78b23fd97c,streetwise_episode_9845058e1d3200ac,cclex_3a8cec3699b1ba49,Orange,עוד מעט,"tra pochissimo, tra un attimo",exact_lexical_entry,high,Od me'at – In a bit – עוד מעט,draft_unverified
streetwise_match_84986f58d8680c04,streetwise_episode_9845058e1d3200ac,cclex_1c6af91f2529a1cd,Orange,עוד פעם,ancora / un'altra volta,normalized_hebrew_phrase,medium,...אפשר עוד חלב מה עוד ביקשת מה עוד בבקשה עוד משהו מה עוד אתה רוצה גם קפה מי עוד בא תגידי לי עוד פעם עוד הפעם אתה עוד תגלה את העולם יש עוד זמן יש עדיין זמן דבר איתי בעוד יומיים עוד מעט כ,draft_unverified
streetwise_match_d034e2181d896d4d,streetwise_episode_9845058e1d3200ac,cclex_d2a5bc227d20810f,Lime,אתה רוצה,tu (m.) - presente di volere,normalized_hebrew_phrase,medium,עוד כן עוד טיפה אפשר עוד חלב מה עוד ביקשת מה עוד בבקשה עוד משהו מה עוד אתה רוצה גם קפה מי עוד בא תגידי לי עוד פעם עוד הפעם אתה עוד תגלה את העולם יש עוד זמן יש עדיין זמן...,draft_unverified
streetwise_match_8538918d84a946e6,streetwise_episode_881fbe70a965ff24,cclex_3eba00dbeee3560c,Lime,אני לומד ת,io (f.) - presente di studiare,normalized_hebrew_phrase,medium,לקפוץ למים אני רוצה לדבר בעברית אני לומד ת עברית אני חייב ת,draft_unverified
streetwise_match_d558ee4434e2898a,streetwise_episode_881fbe70a965ff24,cclex_2f1fa2ab4faddaa5,Lime,אני רוצה,io (m.) - presente di volere,normalized_hebrew_phrase,medium,לקפוץ למים אני רוצה לדבר בעברית אני לומד ת עברית אני חייב ת,draft_unverified
streetwise_match_8c1ca5f9264dbfe3,streetwise_episode_881fbe70a965ff24,cclex_4922dd64bb17d21f,Lime,אני לומד,io (m.) - presente di studiare,normalized_hebrew_phrase,medium,לקפוץ למים אני רוצה לדבר בעברית אני לומד ת עברית אני חייב ת,draft_unverified
streetwise_match_a23d0eb1f938ab93,streetwise_episode_9125d0ea00d183b4,cclex_9d9e1f36f9da45a9,Green,מזמן,molto tempo fa,exact_lexical_entry,high,Mizman – Long ago – מזמן – من زمان,draft_unverified
streetwise_match_011eaeffbaf44570,streetwise_episode_9125d0ea00d183b4,cclex_3ffc22d20ae57dfc,Green,בזמן האחרון,ultimamente / recentemente,exact_lexical_entry,high,Ba-zman ha-acharon – Lately – בזמן האחרון,draft_unverified
streetwise_match_6ca5945b821de205,streetwise_episode_9125d0ea00d183b4,cclex_2d8f22b725cb12c1,Dark Green,להזמין,invitare,exact_lexical_entry,high,"Lehazmin – To invite, book, reserve, order – להזמין",draft_unverified
streetwise_match_b6ddbd5fa6865bc8,streetwise_episode_9125d0ea00d183b4,cclex_b2fca99f961b3e46,Dark Green,מוזמן,invitato (m.),exact_lexical_entry,high,Muzman – Invited/booked/reserved – מוזמן,draft_unverified
streetwise_match_411dfb5f08e8a166,streetwise_episode_9125d0ea00d183b4,cclex_33a657fcff01fe47,Dark Green,מזומן,contanti,exact_lexical_entry,high,Mezuman – Summoned/cash – מזומן,draft_unverified
streetwise_unmatched_b628fe3b419455b6,streetwise_episode_4d5c84bcdd1e975d,,,,,unmatched_hebrew_page,low,"How do we give something to someone in Hebrew? To give is לתת, but in some structures it could mean something else entirely. And what is לתת בראש – 'to give in the head'? Guy expla",source_only
streetwise_match_ccea6877cf5262f7,streetwise_episode_448c6c89d3696c61,cclex_0c9aaed1db5f0b56,Red,ממש לא,assolutamente no,normalized_hebrew_phrase,medium,כדאי כדאי לא כדאי כדאי זה לא כדאי כדאי לכם תגיד כדאי לי לקנות נייד חדש ברור כדאי לך ממש לא כדאי לך בלי שום דבר אשר כדאי למות למענו כדאי לראות את הסרט הזה כדאי להיות נחמד כדאי לכם ל...,draft_unverified
streetwise_match_3323e054d0758f77,streetwise_episode_a12be342c58bcd6a,cclex_a0facc51fbfac6f8,Pink,פתאום,all'improvviso,exact_lexical_entry,high,Pit'om -Suddenly – פתאום,draft_unverified
streetwise_match_9a14bd1377b392af,streetwise_episode_8481f2dee7e99028,cclex_effb51b27d7795c2,Lime,אתה שולח,tu (m.) - presente di mandare,normalized_hebrew_phrase,medium,...ר קיבלתי אימייל קצר ונחמד אימיילים מיילים דואר אלקטרוני דואל לא שולחים מסרון בנהיגה מסרון אתה שולח הודעה לסמס למישהו להסתמס הסתמסנו כמה שעות לשלוח הודעה שלחתי לו הודעה יישום יישומון א,draft_unverified
streetwise_match_70ead332da8dfb4c,streetwise_episode_8c827428bc6d1214,cclex_20c41e188b1ab8d4,Red,נכון,giusto / corretto,exact_lexical_entry,high,Nachon – נכון – right,draft_unverified
streetwise_match_05a6d0a980235d5d,streetwise_episode_8c827428bc6d1214,cclex_6453c662de384cfb,Red,מה קרה,cosa è successo?,normalized_hebrew_phrase,medium,אהה נכון נו נו כבר וואלה אז מה חדש מה עוד ביקשת אז מה עוד אז מה עוד קורה איתך מה קורה עם מה קרה עם מה עם מה עם אלי מה עם טל תגיד מה עם שי מה עם החבר מה עם הטיול תגיד תגידי תגידו חוץ מ ח.,draft_unverified
streetwise_match_466cabf086f9538b,streetwise_episode_8c827428bc6d1214,cclex_8d0ea44f0fb3dbda,Red,מה קורה,cosa succede? / come va?,normalized_hebrew_phrase,medium,אהה נכון נו נו כבר וואלה אז מה חדש מה עוד ביקשת אז מה עוד אז מה עוד קורה איתך מה קורה עם מה קרה עם מה עם מה עם אלי מה עם טל תגיד מה עם שי מה עם החבר מה עם הטיול תגיד תגידי תגי...,draft_unverified
streetwise_match_31cf40d73b2eac77,streetwise_episode_8c827428bc6d1214,cclex_3c9ab1f9c1b4cbf8,Light Blue,תגיד תגידי,dire / raccontare me maschile / uomo femminile / donna,normalized_hebrew_phrase,medium,...ה איתך מה קורה עם מה קרה עם מה עם מה עם אלי מה עם טל תגיד מה עם שי מה עם החבר מה עם הטיול תגיד תגידי תגידו חוץ מ חוץ מזה מה חוץ תגידי מה חוץ מזה אז ככה לא יודע לא יודעת תכל ס אין חדש ,draft_unverified
streetwise_match_f51005ce9f3aed48,streetwise_episode_8c827428bc6d1214,cclex_e3f990208aea71d4,Lime,להאמין,credere (infinito),exact_lexical_entry,high,Leha'amin – להאמין – to believe,draft_unverified
streetwise_match_9789b1131ce107b6,streetwise_episode_aa07de3b40030dc4,cclex_b3ca6509d495fcf6,Blue,ללחוץ ידיים,stringere la mano; dare la mano,exact_lexical_entry,high,lilchots yadayim – To shake hands – ללחוץ ידיים,draft_unverified
streetwise_match_d79890852e753848,streetwise_episode_956612a111d92fc9,cclex_d28fb3830d4a17b7,Lime,הוא רוצה,lui - presente di volere,normalized_hebrew_phrase,medium,...ת נגד בעד אבל בהצבעה מצביע מצביעה סובב אותו על האצבע הקטנה שלו בעשר אצבעות נותנים לו אצבע הוא רוצה את כל היד איצבוע אצבעון,draft_unverified
streetwise_match_592618ffa0f5350d,streetwise_episode_956612a111d92fc9,cclex_2f1fa2ab4faddaa5,Lime,אני רוצה,io (m.) - presente di volere,normalized_hebrew_phrase,medium,...כות השפעה הצבעה למישהו למי עבור מי אתה מצביע הצבעה בבחירות הצבעה על ההחלטה להצביע על משהו אני רוצה להצביע על הגורמים החשובים הצבעה חשאית נגד בעד אבל בהצבעה מצביע מצביעה סובב אותו על ה,draft_unverified
streetwise_unmatched_cb31cfb0ed7e7d8c,streetwise_episode_117a09844cd0c1b1,,,,,unmatched_hebrew_page,low,"Peleg, plagim – Brook, stream – פלג, פלגים",source_only
streetwise_match_2951f0be43ae2cc4,streetwise_episode_417c817d29642de8,cclex_bc7bd29eb3a5b0a3,Orange,אחר כך,dopo / in seguito,exact_lexical_entry,high,Acahar kach –אָחָר כָּךְ,draft_unverified
streetwise_match_c9424d5ac18ef426,streetwise_episode_417c817d29642de8,cclex_fea7c3cdde42aa98,Orange,מזג אוויר,tempo / meteo,exact_lexical_entry,high,Mezeg avir – מֶזֶג אָוִויר,draft_unverified
streetwise_match_3782e8e8298a126d,streetwise_episode_417c817d29642de8,cclex_53bef6032300bf88,Green,חלק,pezzo / parte,exact_lexical_entry,high,Chelek – חֶלֶק,draft_unverified
streetwise_match_67d86b12b9ad0130,streetwise_episode_c660255c12aac2d7,cclex_c722eb639013c291,Lime,אני זוכר,io (m.) - presente di ricordare,normalized_hebrew_phrase,medium,זיכרון לזכור להיזכר הוא זכר אני זוכר אותה הוא אכל הוא כתב הוא הלך הוא זוכר משהו מישהו זכור לי אם תזכרי אותי סיוון תזכור תזכור...,draft_unverified
streetwise_match_122643dd7b2a915c,streetwise_episode_c660255c12aac2d7,cclex_54e0674fb92672fd,Lime,לזכור,ricordare (infinito),exact_lexical_entry,high,Lizkor et – To remember – לזכור,draft_unverified
streetwise_match_34707820b88af34b,streetwise_episode_f14daed43c23041a,cclex_5242ec4668032103,Red,לדבר,parlare (infinito),exact_lexical_entry,high,Ledaber – To speak – לדבר,draft_unverified
streetwise_match_d9ce1b1d8a16dfe4,streetwise_episode_f14daed43c23041a,cclex_86abc8284e0ad31d,Orange,הוא דיבר,lui - passato di parlare,normalized_hebrew_phrase,medium,...הדמעות תגיד תגידי תגידו לי אמור אמרי אמרו סליחה אתה יכול להגיד לי איפה האורז רק אל תגיד ש הוא דיבר רומנית כשהוא היה קטן הוא דיבר עם אייל אתמול הוא אמר מי אמר לך דבר דבר אפשר לדבר עם ב,draft_unverified
streetwise_match_d14da5abdc5707f9,streetwise_episode_f14daed43c23041a,cclex_934b2bac83a67449,Pink,לדבר,parlare (infinito),exact_lexical_entry,high,Ledaber – To speak – לדבר,draft_unverified
streetwise_match_05d027a522eb903a,streetwise_episode_f14daed43c23041a,cclex_3c9ab1f9c1b4cbf8,Light Blue,תגיד תגידי,dire / raccontare me maschile / uomo femminile / donna,normalized_hebrew_phrase,medium,...י לדבר איתך על הכל אני מדבר עם הוא אמר אז מה רצינו להגיד בעצם תגיד לי איך לעצור את הדמעות תגיד תגידי תגידו לי אמור אמרי אמרו סליחה אתה יכול להגיד לי איפה האורז רק אל תגיד ש הוא דיבר ר,draft_unverified
streetwise_match_fb2e451b9b05aa4e,streetwise_episode_f14daed43c23041a,cclex_243ecd6009ec073f,Lime,לדבר,parlare (infinito),exact_lexical_entry,high,Ledaber – To speak – לדבר,draft_unverified
streetwise_match_03b5836260f68b01,streetwise_episode_f14daed43c23041a,cclex_02997554ae317260,Dark Green,...לעצור את,arrestare,normalized_hebrew_phrase,medium,לדבר מדבר רציתי לדבר איתך על הכל אני מדבר עם הוא אמר אז מה רצינו להגיד בעצם תגיד לי איך לעצור את הדמעות תגיד תגידי תגידו לי אמור אמרי אמרו סליחה אתה יכול להגיד לי איפה האורז רק אל תגיד ש,draft_unverified
streetwise_match_68b57fd2c433ac65,streetwise_episode_af968ae40d8dc30b,cclex_540298f375effefd,Pink,יש מצב,può essere / è possibile / forse,normalized_hebrew_phrase,medium,מצב מצבים מה המצב יש מצב אין מצב יש מצב ל יש מצב לעוד כיסא יש מצב לסוכר ובינינו עכשיו אין מצב אין מצב ל אין מצב ל...,draft_unverified
streetwise_match_5f1ac043c1a3e03e,streetwise_episode_af968ae40d8dc30b,cclex_b80d4d192cecd357,Pink,אין מצב,non può essere / è impossibile / non c'è possibilità,normalized_hebrew_phrase,medium,מצב מצבים מה המצב יש מצב אין מצב יש מצב ל יש מצב לעוד כיסא יש מצב לסוכר ובינינו עכשיו אין מצב אין מצב ל אין מצב ל יש מצב ש...,draft_unverified
streetwise_match_4e09280c18e9629d,streetwise_episode_b72d7d85c52d0555,cclex_b8df1a2ccf34fa66,Orange,בעצם,anzi / in realtà (per cambiare idea),exact_lexical_entry,high,Be'etsem – Actually – בעצם,draft_unverified
streetwise_match_d231dd06263dfda1,streetwise_episode_77f11d57165b9685,cclex_06077d96c83ef921,Lime,אני יודע,io (m.) - presente di sapere / conoscere,normalized_hebrew_phrase,medium,...לחץ כל מה שצריך לדעת על אתה צריך אהבה חדשה מי צריך אותך בכלל קפה טורקי בדיוק מה שאתה צריך אני יודע מה אתם צריכים מי צריך את זה מה אתה צריך בחיים תמיד צריך מזל לא צריך לא רוצה לא צריך ,draft_unverified
streetwise_match_3ab2cb37b3b44e0e,streetwise_episode_eb9d17db9bbf9dfd,cclex_5421d7904d785ba7,Lime,להתגעגע,perdere / mancare,exact_lexical_entry,high,Lehitga'age'ah – To miss someone/something – להתגעגע,draft_unverified
streetwise_unmatched_0f086761f0864795,streetwise_episode_f1fc48076aff1c73,,,,,unmatched_hebrew_page,low,"Bchirot – Elections, choices – בחירות",source_only
streetwise_match_5deb6e2122f3ca6c,streetwise_episode_5206db69394d6464,cclex_8eba842cb13b852f,Lime,אתה חושב,tu (m.) - presente di pensare,normalized_hebrew_phrase,medium,פראייר להיות פראייר אתה חושב שאני פראייר יצאת פראייר קחי לך איזה פראייר שליש מחיילי המילואים אנחנו פראיירים פראיירית א...,draft_unverified
streetwise_match_7a544bd93effe407,streetwise_episode_02f35074211fa0d4,cclex_0213ba097ec5fc56,Green,ריח,odore,exact_lexical_entry,high,Re’ach – רֵיחַ,draft_unverified
streetwise_match_0f6a0c22e22a9ef6,streetwise_episode_d7a01a12f09948ad,cclex_892cdc0ecd9c6dc4,Lime,אני עושה,io (m.) - presente di fare,normalized_hebrew_phrase,medium,דאג אל תדאג אל תדאגי אל תדאגו אל תדאג אל תדאגי לי אמא אל תדאגו לי אבא אני עושה חיים אין לך מה לדאוג מישהו דואג לי שם למעלה מי דואג לבירות דאגה אל דאגה זה סקר מדאיג להדא...,draft_unverified
streetwise_match_8410f9ccd62ebda3,streetwise_episode_bc36b7824d62a834,cclex_b92425f0aade2007,Light Blue,כאילו,like fake,exact_lexical_entry,high,"The Hebrew word כאילו is one of the words you'll hear most on the streets of Tel Aviv. It means 'as if,' but lots of Israelis use it in the same way we use 'kinda,' or 'like' in En",draft_unverified
streetwise_match_a4153108f20c0f3e,streetwise_episode_1d66ac660d0ff69c,cclex_22af2bf7efecdcce,Red,באמת,davvero,exact_lexical_entry,high,Be-emet – Really? / really – באמת,draft_unverified
streetwise_match_12493803038482c9,streetwise_episode_1d66ac660d0ff69c,cclex_bc7bd29eb3a5b0a3,Orange,אחר כך,dopo / in seguito,normalized_hebrew_phrase,medium,...ת תרגישי טוב עם עצמך מה החיים האלה בלי לאהוב באמת ומקרוב באמת באמת תודה רבה נו באמת ומייד אחר כך בזמן אמת מכונת אמת אמת או חובה גבר אמיתי אמיתי אחי לאמת לאמת פרטים אימות לאימות,draft_unverified
streetwise_match_33a2e867769368f0,streetwise_episode_16bcf2df14024679,cclex_2f6c9a7d8c238007,Red,לא ממש,non davvero,normalized_hebrew_phrase,medium,...ולד דווקא בבוקר אני דווקא בסדר למה לקחת דווקא אותך לתפקיד דווקא שחור מכל הצבעים הוא דווקא לא ממש רצה דווקא לא היה כזה נורא דווקא יש לי חלב היום,draft_unverified
streetwise_match_239ca2de7c6dd89b,streetwise_episode_16bcf2df14024679,cclex_e313a12ba7442343,Blue,לאו דווקא,non necessariamente; non specificamente,exact_lexical_entry,high,Lav davka – Not necessarily – לאו דווקא,draft_unverified
streetwise_match_7db9b16f490a90f0,streetwise_episode_16bcf2df14024679,cclex_6f2107bacaa67359,Lime,לאו דווקא,non necessariamente,exact_lexical_entry,high,Lav davka – Not necessarily – לאו דווקא,draft_unverified
streetwise_match_589908f413645d5e,streetwise_episode_16bcf2df14024679,cclex_50cd2d6fce29ec25,Lime,אני אוכל,io (m.) - presente di mangiare,normalized_hebrew_phrase,medium,...קא איתך למה עכשיו דווקא כשטוב לי את כל כך משונה להרגיז להכעיס לעשות דווקא לאו דווקא דווקא אני אוכל שוקולד בבוקר אני דווקא אוכל שוקולד בבוקר אני אוכל דווקא שוקולד בבוקר אני אוכל שוקולד,draft_unverified
streetwise_match_cc8091d65d3e6c6e,streetwise_episode_16bcf2df14024679,cclex_e09683599909fd35,Indigo,לאו דווקא,non necessariamente,exact_lexical_entry,high,Lav davka – Not necessarily – לאו דווקא,draft_unverified
streetwise_match_ce7e9049f1e6f626,streetwise_episode_4aa617b952212c10,cclex_18e1666ab59ed622,Yellow,"סופ""ש",fine settimana / weekend,exact_lexical_entry,high,"Sofash (Sof shavoo'a) – Weekend – סופ""ש",draft_unverified
streetwise_unmatched_f7c5b09bab4dbb5f,streetwise_episode_8a4eb6055df3f372,,,,,unmatched_hebrew_page,low,"The Hebrew word חיים, life, is so widely used that we just had to give it its own episode.",source_only
streetwise_unmatched_5bcfcedeae36f5fb,streetwise_episode_a2af22596979a98d,,,,,unmatched_hebrew_page,low,"The Hebrew word מת means dying and the word למות means to die. Today, Guy teaches us to use these words to mean 'cool' and 'happy.'",source_only
streetwise_match_81b077e059303673,streetwise_episode_561719c696a699f0,cclex_48c6ecacc5afccf0,Red,בא לי שוקולד,mi viene voglia di cioccolato,exact_lexical_entry,high,Ba li shokolad – I feel like chocolate – בא לי שוקולד,draft_unverified
streetwise_match_93c18155d8feb003,streetwise_episode_561719c696a699f0,cclex_b3e25ced92a7f175,Yellow,מה לעשות,che fare?,normalized_hebrew_phrase,medium,...ן להם להן לכם להם יש לי חדר משלי יש לי כלב אין לי כלב מה יש לכם היום מה יש לך היום אין לך מה לעשות בחיים בא לי שוקולד בא לי שתיקח אותי בא לי ללכת בא לי טוב השוקולד הזה אתה לא בא לי טו,draft_unverified
streetwise_match_be30b2b7d70f8b4d,streetwise_episode_a5e4d08d46b27e8a,cclex_b0c3f1b5dde0ecbd,Red,לא נכון,sbagliato / non corretto,normalized_hebrew_phrase,medium,...אתה שם סתם שני אנשים סתם רציתי לומר לך שוב סתם בא לי סתם משהו קטן את סתם בלונדינית סתם זה לא נכון אנחנו לא במזרח התיכון סתאאאאם סתם יצאתי מהבית עכשיו הכל נראה נורא סתמי מכולם קיבלתי ת,draft_unverified
streetwise_match_0c860d39c0c550e5,streetwise_episode_f9ed949341db1b4f,cclex_8bc704dc6b94bc7b,Red,גם אני,anche io,normalized_hebrew_phrase,medium,...ה נכון שאת כאן מצטער על המילים הלא נכונות המילים הנכונות כן נכון לא נכון כן נכון כן הלכתי גם אני רוצה לחיות נכון אם הבנתי נכון שלא תבינו אותי לא נכון עכשיו זה מרגיש נכון הוא מרגיש אהב,draft_unverified
streetwise_match_de7204fce13dd96d,streetwise_episode_f9ed949341db1b4f,cclex_20c41e188b1ab8d4,Red,נכון,giusto / corretto,exact_lexical_entry,high,"Nachon – Right, correct, true – נכון",draft_unverified
streetwise_match_792c8062a80ea27f,streetwise_episode_f9ed949341db1b4f,cclex_b0c3f1b5dde0ecbd,Red,לא נכון,sbagliato / non corretto,normalized_hebrew_phrase,medium,...ון נכון ש נכון נכון את יפה נכון שאת כאן מצטער על המילים הלא נכונות המילים הנכונות כן נכון לא נכון כן נכון כן הלכתי גם אני רוצה לחיות נכון אם הבנתי נכון שלא תבינו אותי לא נכון עכשיו זה,draft_unverified
streetwise_match_cb1c395c2835ee2e,streetwise_episode_f9ed949341db1b4f,cclex_2f1fa2ab4faddaa5,Lime,אני רוצה,io (m.) - presente di volere,normalized_hebrew_phrase,medium,...כון שאת כאן מצטער על המילים הלא נכונות המילים הנכונות כן נכון לא נכון כן נכון כן הלכתי גם אני רוצה לחיות נכון אם הבנתי נכון שלא תבינו אותי לא נכון עכשיו זה מרגיש נכון הוא מרגיש אהבה ה,draft_unverified
streetwise_unmatched_a1f1e65ada390b71,streetwise_episode_27eb9896091d2a8b,,,,,unmatched_hebrew_page,low,"Lehitraot – See you, until we see each other – להתראות",source_only
streetwise_match_d4b3585e9e79f845,streetwise_episode_da48df3a2b83b053,cclex_bf6fcb8ea7acd704,Red,מה,che cosa / cosa,exact_lexical_entry,high,Maaa? – ?מַה,draft_unverified
streetwise_match_8c08575842132c5d,streetwise_episode_da48df3a2b83b053,cclex_8d0ea44f0fb3dbda,Red,מה קורה,cosa succede? / come va?,normalized_hebrew_phrase,medium,מה העניינים עניין בסדר אז מה קורה הכל טוב כן אחי אז מה נשמע אז מה מה מה חדש אין חדש אין כל חדש תחת השמש מה חדש אין חדש יש ח...,draft_unverified
streetwise_match_0902706c6c029eb6,streetwise_episode_8981d86beaa5b4c4,cclex_5946f3b11341d69f,Light Blue,תחזרי אליי,rispondimi / ricontattami,exact_lexical_entry,high,Tachzor/Tachzeri elai – Get back to me – תחזרי אליי,draft_unverified
streetwise_match_fc86f6eab169f2b0,streetwise_episode_8981d86beaa5b4c4,cclex_3ebc90d2b9e0169e,Green,להתעורר,svegliarsi,exact_lexical_entry,high,Lehit'orer – To wake up – להתעורר,draft_unverified
streetwise_match_0d89aa14895ef780,streetwise_episode_8981d86beaa5b4c4,cclex_2db170421a729487,Dark Green,יחס,relazione,exact_lexical_entry,high,"Yachas – Treatment, attitude, attention – יחס",draft_unverified
streetwise_match_e9964ddbff51533c,streetwise_episode_5e30f19e2119cc09,cclex_951b0027482d7221,Red,ערב טוב,buonasera,exact_lexical_entry,high,Erev tov – Good evening – ערב טוב,draft_unverified
streetwise_match_11de8095d0c3391a,streetwise_episode_5e30f19e2119cc09,cclex_9af6bd7986371dca,Red,לילה טוב,buonanotte,exact_lexical_entry,high,Laila tov – Good night – לילה טוב,draft_unverified
streetwise_match_832756800dc3284e,streetwise_episode_fa749e999ff01b36,cclex_9c86ce5699baa413,Red,יפה,bello (m. sing.),exact_lexical_entry,high,"Yafé, yafa – Beautiful – יפה",draft_unverified
streetwise_unmatched_c67c25676d63ebcf,streetwise_episode_5bbc74cad7321709,,,,,unmatched_hebrew_page,low,"The word זַיִן, which is also how we say the 7th letter of the Hebrew alphabet, is defined as the male reproductive organ. It is a word we hear a lot in Hebrew because it is in man",source_only
streetwise_match_82402871f1d942f8,streetwise_episode_8411989f54672ee3,cclex_b5dd361bd97382d8,Indigo,פסקה,paragrafo,exact_lexical_entry,high,Piska – Paragraph – פסקה,draft_unverified
streetwise_unmatched_1cc50e8689f3c78a,streetwise_episode_4096ca500153620d,,,,,unmatched_hebrew_page,low,"Shalom – Peace, hello, goodbye – שלום",source_only
streetwise_unmatched_8206b0ef20e6caad,streetwise_episode_6eaa2eeb729a5cd9,,,,,unmatched_hebrew_page,low,"Az'aka – Alarm, siren – אזעקה",source_only
streetwise_match_e190b8be531584eb,streetwise_episode_46120cd63cac23fc,cclex_2f1fa2ab4faddaa5,Lime,אני רוצה,io (m.) - presente di volere,normalized_hebrew_phrase,medium,...נות אני חייב ללכת כמה אני חייב חייבת לך נראה נדבר מהלב אז נדבר דבר איתי נהיה בקשר ספונטני אני רוצה לפגוש אותך ספונטני אני ספונטני אנחנו עוד נראה את הימים האחרים צוחקים את האביב האהבות,draft_unverified
streetwise_match_40a05c9eacac1781,streetwise_episode_c9987eaee3c40043,cclex_d0a7a53761027d45,Red,ללכת,andare (infinito),exact_lexical_entry,high,Lalechet – To go – ללכת,draft_unverified
streetwise_match_92862dc01449ea99,streetwise_episode_c9987eaee3c40043,cclex_4d4082165407c680,Lime,אני הולכת,io (f.) - presente di andare,exact_lexical_entry,high,Ani holecht – I am going/leaving – אני הולכת,draft_unverified
streetwise_match_756dd1ef84d7e74a,streetwise_episode_c9987eaee3c40043,cclex_24931989b2b3ed57,Lime,ללכת,andare (infinito),exact_lexical_entry,high,Lalechet – To go – ללכת,draft_unverified
streetwise_match_cf3b10ef61fa1e03,streetwise_episode_c9987eaee3c40043,cclex_19c47aa20370558f,Lime,אנחנו הולכים,noi (m.) - presente di andare,exact_lexical_entry,high,Anachnu holchim – We're leaving – אנחנו הולכים,draft_unverified
streetwise_match_2ee8cafe6c256cef,streetwise_episode_c9987eaee3c40043,cclex_87fbb2b82ad4f222,Lime,אני הולך,io (m.) - presente di andare,normalized_hebrew_phrase,medium,הלכ הולך הולכת ללכת אני הולך לדבר איתו אני הולכת אני הולכת לירושלים אני נוסעת לירושלים אנחנו הולכים איך הולך מה הולך ג...,draft_unverified
streetwise_match_7defd0fb363b994c,streetwise_episode_808683846e74a31c,cclex_aa0b532663a40123,Orange,על הספה,sul divano,normalized_hebrew_phrase,medium,...ק זרוק מילה זרוק לו איזה מילה זרוק דפוק וזרוק בפריס ובלונדון נזרק ככה נזרקתי בעולם להיזרק על הספה זריקה זריקת אדרנלין מזרקה זרקור,draft_unverified
streetwise_unmatched_621a36634be65cba,streetwise_episode_ca4e1654c8574d0a,,,,,unmatched_hebrew_page,low,Yalla – יָאללָה,source_only
streetwise_match_ab483a9458767bf5,streetwise_episode_56001752b29140e1,cclex_02997554ae317260,Dark Green,...לעצור את,arrestare,normalized_hebrew_phrase,medium,לא עוצר באדום תגיד לי איך לעצור את הדמעות לעצור לעבוד לעזור אתה יכול לעצור פה בבקשה תעצור לי פה ב בקשה היזהר יש עצור בכניסה...,draft_unverified
streetwise_match_c384ab24b285e93e,streetwise_episode_f989d0ffae2ae17a,cclex_a014e016e00f4a03,Red,גדול,grande,exact_lexical_entry,high,Gadol – גָּדוֹל,draft_unverified
streetwise_match_c13fcdd9d8b4593d,streetwise_episode_f989d0ffae2ae17a,cclex_d2a5bc227d20810f,Lime,אתה רוצה,tu (m.) - presente di volere,normalized_hebrew_phrase,medium,...ניים גדולות יש אנשים שבונים מגדלים לגדול גדלתי בשנה לגדל ילדים לגדל שפם זקן להגדיל להקטין אתה רוצה להגדיל הגדלה הגדלת שדיים,draft_unverified
streetwise_match_dd9dfca18c46bab2,streetwise_episode_2d91c5bb34798b59,cclex_19c8a355598c39d8,Orange,להתקשר,telefonare / chiamare,exact_lexical_entry,high,Lehitkasher – To call someone on the phone or online – להתקשר,draft_unverified
streetwise_match_c3071e510e392b85,streetwise_episode_2d91c5bb34798b59,cclex_b2c67c7cd9cae2c0,Blue,לקשור,legare; annodata; legare un nodo,exact_lexical_entry,high,"Likshor – To tie, to make a knot – לקשור",draft_unverified
streetwise_match_e57e766524e40480,streetwise_episode_58b58e65be9acd73,cclex_9466cf00638b55fd,Indigo,ראשי / ראשית,principale,normalized_hebrew_phrase,medium,...זה דבר שמציל חיים ראש קטן זה דבר שמסכן חיים לסכן להגדיל ראש להקטין ראש ראש השנה ראשי רחוב ראשי ראשית בראשית בראשית ברא אלוהים את השמיים ואת הארץ ראשון ראשוני ראש הממשלה ראשת הממשלה רא,draft_unverified
streetwise_unmatched_74cfb4418379700d,streetwise_episode_c7e51a871beed0a2,,,,,unmatched_hebrew_page,low,"Coffee culture is everywhere in Israel. How do you ask for a cappuccino to go, the Tel-Avivi way? And what's הפוך דל? Here's your short Hebrew language manual for all you coffeehol",source_only
streetwise_match_4b5003e956bddbec,streetwise_episode_183e53425225d917,cclex_6453c662de384cfb,Red,מה קרה,cosa è successo?,normalized_hebrew_phrase,medium,למה מה קרה זה קורה מה קורה לא נורא קורה שאלתי מה קרה הכל יכול לקרות לקרות לקנות לראות לעשות למה מה ק...,draft_unverified
streetwise_match_beaef57198a8f483,streetwise_episode_183e53425225d917,cclex_8d0ea44f0fb3dbda,Red,מה קורה,cosa succede? / come va?,exact_lexical_entry,high,Ma koreh? – How are you? – מה קורה,draft_unverified
streetwise_match_1d0054427415ab11,streetwise_episode_f1797e8429db0716,cclex_aa0b532663a40123,Orange,על הספה,sul divano,normalized_hebrew_phrase,medium,לפעמים אני עייף עייפות אני עייף מעבודה אני עייף מהחיים עייף מת אני שפוך כתב כתוב נשפכתי על הספה החלון נפתח החלון פתוח אני מעוך טילים למעוך נמעכתי קצת על הספה קמתי הפוך הבוקר קמתי הפוכה..,draft_unverified
streetwise_match_5deab77970f0dba9,streetwise_episode_f1797e8429db0716,cclex_bf501e463b862215,Green,עייפות,stanchezza,exact_lexical_entry,high,Ayefoot – Tiredness – עייפות,draft_unverified
streetwise_unmatched_dc98c7b2e572165c,streetwise_episode_2136b97efdfea45e,,,,,unmatched_hebrew_page,low,Elohim – God – אלוהים,source_only
streetwise_unmatched_244931b39cabad2c,streetwise_episode_6dc10fb8a28323cd,,,,,unmatched_hebrew_page,low,The Hebrew word עין means eye. How do we say it in plural? What is עין הרע? And how do we say 'The apple of my eye' in Hebrew?,source_only
streetwise_unmatched_47f0104415786278,streetwise_episode_404690722dfd3df6,,,,,unmatched_hebrew_page,low,Words and expressions we talk about: תַּכְלִית tachlitתַּכְלִיתִי tachlitiרַב תַּכְלִיתִי rav tachlitiתַּכְלִיתִיּוּת tachlitiyutתַּכְלִית שַבָּת טָלִית בַּתַּכְלֵס ba-tachles,source_only
streetwise_unmatched_bc985c147f23bfdd,streetwise_episode_303c8942b76cc8e2,,,,,unmatched_hebrew_page,low,"Let's talk about trains in Hebrew. What's the root of רכבת, and how is it related to horse riding? Also, what do we call the Jerusalem Light rail in Hebrew and in Arabic?",source_only
streetwise_unmatched_90024131c5444aaa,streetwise_episode_d69c386be48733a3,,,,,unmatched_hebrew_page,low,"What's חפיף, which language did we get it from, and how do you use it in Hebrew slang? Oh, and there's a verb, too, לחפף.",source_only
streetwise_unmatched_2e3b6176d4ed54bd,streetwise_episode_9d31fff7ead27ca3,,,,,unmatched_hebrew_page,low,"Shitat matsliach – ""The maybe successful technique"" – שיטת מצליח",source_only
streetwise_match_54bad2e045ce6605,streetwise_episode_6e21489b065c307b,cclex_b60fe3f9ae66dceb,Red,סליחה,scusa / mi scusi,exact_lexical_entry,high,Slicha – Forgiveness – סליחה,draft_unverified
streetwise_match_ed9be94e6867ef61,streetwise_episode_6e21489b065c307b,cclex_0a35822f569bf2a8,Dark Green,שטויות,sciocchezze / assurdità,exact_lexical_entry,high,Shtuyot – Nonsense – שטויות,draft_unverified
streetwise_match_14797d9cdb0bba56,streetwise_episode_f6afc8196dd50792,cclex_12bb3d395fce8583,Dark Green,לתרגם,tradurre,exact_lexical_entry,high,Letargem – To translate – לתרגם,draft_unverified
streetwise_match_53615eadcb78ea9e,streetwise_episode_5fab8fd02900e136,cclex_540298f375effefd,Pink,יש מצב,può essere / è possibile / forse,normalized_hebrew_phrase,medium,...קשה אתה יכול לדבר איתה אתה יכול לדבר איתה תוכל תוכלי תוכלו להגיע מחר בערב תוכלי לבוא בעשר יש מצב שתיתן לי ת אוטו ש ך אתה בא למסיבה מחר יש מצב יש מצב שתזמין איזה פיצה בא לך לעשות את זה,draft_unverified
streetwise_unmatched_c01418489c69ea24,streetwise_episode_b0ada77f1b817deb,,,,,unmatched_hebrew_page,low,Tafur aleyha – She's made to measure for me – תפור עליה,source_only
streetwise_match_7e4b72f751cd2103,streetwise_episode_6d51c2a2af132261,cclex_0c9aaed1db5f0b56,Red,ממש לא,assolutamente no,normalized_hebrew_phrase,medium,...דר מה קורה מה נשמע בסדר תסגרי את זה איתה בסדר ב ס דר תגיד לי אתה בסדר הוא לא בסדר אתה ממש ממש לא בסדר הוא רוצה להיות בסדר עם כולם בסדריות בסדר גמור,draft_unverified
streetwise_match_3a2e7d7291176af6,streetwise_episode_6d51c2a2af132261,cclex_8d0ea44f0fb3dbda,Red,מה קורה,cosa succede? / come va?,normalized_hebrew_phrase,medium,...סדר סדר פסח לסדר סידור סידורים הקלפים מסודרים בסדר הנכון היה בסדר יהיה בסדר אצלי הכל בסדר מה קורה מה נשמע בסדר תסגרי את זה איתה בסדר ב ס דר תגיד לי אתה בסדר הוא לא בסדר אתה ממש ממש לא,draft_unverified
streetwise_match_e9ef1cca5d6cb265,streetwise_episode_6d51c2a2af132261,cclex_d28fb3830d4a17b7,Lime,הוא רוצה,lui - presente di volere,normalized_hebrew_phrase,medium,...ה נשמע בסדר תסגרי את זה איתה בסדר ב ס דר תגיד לי אתה בסדר הוא לא בסדר אתה ממש ממש לא בסדר הוא רוצה להיות בסדר עם כולם בסדריות בסדר גמור,draft_unverified
streetwise_match_3192b3cfc1c43f13,streetwise_episode_2f9a4d3433cbc5b2,cclex_1dcf569119f205cf,Red,בוא,venire masch. sing.,exact_lexical_entry,high,Bo – Come – בוא,draft_unverified
streetwise_match_3133271bf62ce6ae,streetwise_episode_3170a7083e9db6b4,cclex_807d3c37e6e90e4c,Orange,מתוק,dolce,exact_lexical_entry,high,Matok – Sweet – מתוק,draft_unverified
streetwise_unmatched_50c3b3c6075bf3ea,streetwise_episode_e6222ef1eb56b23d,,,,,unmatched_hebrew_page,low,Le'at le'at – Slowly – לאט-לאט,source_only
streetwise_match_07d4c18601ef7676,streetwise_episode_a3f6b06de9236b0a,cclex_d2740e630ea38651,Lime,את רוצה,tu (f.) - presente di volere,normalized_hebrew_phrase,medium,...עייף על מה אתה ממליץ עת השתחררתי הרופאים המליצו לי ביקור חודשי בנמל התעופה ממליץ המלצה אם את רוצה זו רק המלצה לסרט קולנוע שמיימי יש לך המלצות על מסעדה בלונדון על מה אתה ממליץ מה אתה מ,draft_unverified
streetwise_match_0ccb954dd3e0ff55,streetwise_episode_a3f6b06de9236b0a,cclex_9f9ddf208401751b,Dark Green,"?""על מה אתה ממליץ""",che cosa consigli?,exact_lexical_entry,high,Al ma ata mamlits? – What do you recommend – ?על מה אתה ממליץ,draft_unverified
streetwise_match_4f791fc2625e043f,streetwise_episode_a3f6b06de9236b0a,cclex_4c2317676e74b3c4,Dark Green,המלצה,raccomandazione / consiglio,exact_lexical_entry,high,Hamlatsa – Recommendation – המלצה,draft_unverified
streetwise_match_ab6eef39e641b6a1,streetwise_episode_37edfa27ea8628da,cclex_a014e016e00f4a03,Red,גדול,grande,exact_lexical_entry,high,"Gadol – Big, awesome – גדול",draft_unverified
streetwise_match_127f24ebd07b33a9,streetwise_episode_37edfa27ea8628da,cclex_0121a8296772d353,Red,מעולה,eccellente / ottimo,exact_lexical_entry,high,Me'ule – Excellent – מעולה,draft_unverified
streetwise_match_1f61fbb37ebb7381,streetwise_episode_37edfa27ea8628da,cclex_dfb36efc00a0b5f4,Orange,קשה,difficile,exact_lexical_entry,high,"Kashe – Hard, difficult – קשה",draft_unverified
streetwise_match_832b1038eadf163a,streetwise_episode_37edfa27ea8628da,cclex_7f1e4a7a1782a9df,Orange,לחץ,pressione,exact_lexical_entry,high,"Lahats – Stress, pressure – לחץ",draft_unverified
streetwise_match_012e69a087ffb894,streetwise_episode_90584cb0aa2ff33a,cclex_8c5b43e0c5976483,Red,עוד לא,non ancora,normalized_hebrew_phrase,medium,זזים זזנו נזוז יאללה אני עולה לאוטובוס אתה תעלה לאוטובוס אתה עוד לא עולה זזים נזוז כבר באים זזנו היינו פה הלכנו הולכים אהבתי עשרים שניות הייתם שם אז אני פותח...,draft_unverified
streetwise_match_edcf121709c3d6ba,streetwise_episode_90584cb0aa2ff33a,cclex_ab491df48994e40c,Lime,אני רואה,io (m.) - presente di vedere,normalized_hebrew_phrase,medium,...וז כבר באים זזנו היינו פה הלכנו הולכים אהבתי עשרים שניות הייתם שם אז אני פותח את הדלת ומה אני רואה אני רץ,draft_unverified
streetwise_match_4dc65caaa814b726,streetwise_episode_90584cb0aa2ff33a,cclex_e2f7ad4bca73b011,Lime,אני עולה,io (m.) - presente di salire / costare,normalized_hebrew_phrase,medium,זזים זזנו נזוז יאללה אני עולה לאוטובוס אתה תעלה לאוטובוס אתה עוד לא עולה זזים נזוז כבר באים זזנו היינו פה הלכנו הולכים...,draft_unverified
streetwise_match_f2e016c0655191aa,streetwise_episode_2bab3f944de58371,cclex_d2f3f8b0f1716264,Dark Green,בעלים,proprietario/i,exact_lexical_entry,high,Be'alim – Owner/owners – בעלים,draft_unverified
streetwise_unmatched_ad94aea111473977,streetwise_episode_2aaa11fd7b250db2,,,,,unmatched_hebrew_page,low,Hel'at ha-min ha-enoshi – Scum of the human race – חלאת המין האנושי,source_only
streetwise_unmatched_854b3e4a3da8e2c7,streetwise_episode_722a510f1955396f,,,,,unmatched_hebrew_page,low,"The word שואה, holocaust, used to be a sacred word. Not anymore. Like many loaded words, we used and reused it. Now you can hear people using",source_only
streetwise_unmatched_51e6bb415d1d3f95,streetwise_episode_df454e386f5e2855,,,,,unmatched_hebrew_page,low,Zayin – Dick – זין,source_only
streetwise_unmatched_e025e3eb99c81934,streetwise_episode_9a26fcba4ba27d62,,,,,unmatched_hebrew_page,low,"Kombina, kombinot – Connections, shady business – קומבינה",source_only
streetwise_unmatched_b3f3f45a4068fb3c,streetwise_episode_57a5de9861d013c7,,,,,unmatched_hebrew_page,low,"In Hebrew, צוהריים means noon, and אחר הצוהריים means afternoon. But the actual afternoon hours, the ones we Israelis think of as afternoon, may be completely different than your o",source_only
streetwise_match_f39c69826b3c28eb,streetwise_episode_c9b7ddf770eb452b,cclex_4d4082165407c680,Lime,אני הולכת,io (f.) - presente di andare,normalized_hebrew_phrase,medium,היוש גיוש גליתוש איילוש חביתוש חבית בת מצווש קשתוש אם אתה מתגרשים אני הולכת עם אבוש אבא וש אבוש מקסים מקסימוש מדהים מדהימוש אינסטוש ערבוש,draft_unverified
streetwise_match_a4cf4251acc5f090,streetwise_episode_47379cc0825584a4,cclex_2f1fa2ab4faddaa5,Lime,אני רוצה,io (m.) - presente di volere,normalized_hebrew_phrase,medium,בבקשה אני רוצה קפוצ ינו הייתי רוצה קפוצ ינו אבל טוב אה בשקט במהירות בבקשה שלום נו בקשה שקט בבקשה להיכנס...,draft_unverified
streetwise_unmatched_723cc70bd65381e4,streetwise_episode_bc80a6fdd21e2c46,,,,,unmatched_hebrew_page,low,"Mishpacha, mishpachot – Family, families – משפחה, משפחות",source_only
streetwise_unmatched_2575e5a11a7050c8,streetwise_episode_7a5c81cc87b01b63,,,,,unmatched_hebrew_page,low,"""Ma ata omer?"" – What do you say? – מה אתה אומר",source_only
streetwise_unmatched_5e9366bf48444e62,streetwise_episode_eb4e3afabb447cfd,,,,,unmatched_hebrew_page,low,"The word סחבק comes from Arabic and means ""your friend."" So what's its meaning when used in Hebrew? And what's סחבקייה? Oh, and there's even a verb, להסתחבק. Guy explains.",source_only
streetwise_unmatched_5d07af0d0e2916d7,streetwise_episode_4c4bdfeedf270629,,,,,unmatched_hebrew_page,low,Maslul – Route – מסלול,source_only
streetwise_unmatched_ff758a12987ec549,streetwise_episode_6f1a65e121a4f586,,,,,unmatched_hebrew_page,low,"The word כבר, meaning ""already,"" has so many functions in modern Hebrew that we decided to dedicate an entire episode to it.",source_only
streetwise_unmatched_b7720f62fb96031f,streetwise_episode_0e7cdd35bb3719c5,,,,,unmatched_hebrew_page,low,Ima Polanyia - Polish Mother - אמא פולנייה,source_only
streetwise_match_0133804a13867811,streetwise_episode_f7e96a500e867d48,cclex_2d25111a1afe0eab,Light Blue,נדבר,noi futuro parlare,exact_lexical_entry,high,Nedaber - We'll talk - נדבר,draft_unverified
streetwise_match_d8b548d799bded37,streetwise_episode_0baf4d7871d356e9,cclex_d8c2e71dc2d78dd7,Red,חבר,amico (m. sing.),exact_lexical_entry,high,Haver – friend – חבר,draft_unverified
streetwise_match_80926a134dc83099,streetwise_episode_0baf4d7871d356e9,cclex_8d0ea44f0fb3dbda,Red,מה קורה,cosa succede? / come va?,normalized_hebrew_phrase,medium,אחי אח שלי גבר בנאדם חבר אחי מה קורה מה נשמע בנאדם חברים השולחן שלכם מוכן חבר אתה חסר חבר ה אני עם החבר ה שלי הערב חשבו אז החב...,draft_unverified
streetwise_match_287d56e03941991c,streetwise_episode_0baf4d7871d356e9,cclex_3c9ab1f9c1b4cbf8,Light Blue,תגיד תגידי,dire / raccontare me maschile / uomo femminile / donna,exact_lexical_entry,high,"Tagid, tagidi – Tell, say (imp.) – תגיד, תגידי",draft_unverified
